delta.rank,pval,level,nseqs,term,name,p.adj
0,3.99E-20,2,1671,GO:0002252,immune effector process,3.66E-16
0,5.65E-19,2,1283,GO:0002263;GO:0002274;GO:0002275;GO:0002366;GO:0002283;GO:0042119;GO:0036230;GO:0002443;GO:0002444;GO:0002446;GO:0043299;GO:0043312,cell activation involved in immune response,2.60E-15
0,6.49E-18,4,1609,GO:0006887;GO:0045055,exocytosis,1.99E-14
0,4.56E-17,2,2480,GO:0006955,immune response,8.38E-14
0,4.30E-17,4,2516,GO:0032940;GO:0046903;GO:0140352,secretion,8.38E-14
0,3.78E-15,2,1952,GO:0001775;GO:0045321,cell activation,5.79E-12
0,1.41E-13,4,1514,GO:0006897;GO:0098657,import into cell,1.85E-10
0,3.09E-11,2,571,GO:0034976,response to endoplasmic reticulum stress,3.55E-08
0,9.57E-11,4,532,GO:0006909,phagocytosis,9.77E-08
0,1.94E-10,2,1275,GO:0009617,response to bacterium,1.78E-07
0,3.58E-10,2,945,GO:0000280;GO:0048285,organelle fission,2.99E-07
0,1.11E-09,2,2436,GO:0009607;GO:0051707;GO:0043207,response to biotic stimulus,8.47E-07
0,2.04E-09,2,1605,GO:0050776,regulation of immune response,1.44E-06
0,3.40E-09,2,2759,GO:0010243;GO:1901698,response to nitrogen compound,2.08E-06
0,3.31E-09,2,1946,GO:1903047;GO:0000278,mitotic cell cycle,2.08E-06
0,5.16E-09,2,736,GO:0010498;GO:0043161,proteasomal protein catabolic process,2.96E-06
0,6.78E-09,3,364,GO:0002685,regulation of leukocyte migration,3.46E-06
0,6.51E-09,2,2002,GO:0034097;GO:0071345,response to cytokine,3.46E-06
0,8.90E-09,2,1290,GO:0030163;GO:0051603;GO:0044257;GO:0006511;GO:0019941;GO:0043632,protein catabolic process,4.09E-06
0,1.93E-08,2,621,GO:0007059;GO:0098813,chromosome segregation,8.42E-06
0,2.10E-08,2,2574,GO:0022402,cell cycle process,8.75E-06
0,2.85E-08,3,1022,GO:0019221,cytokine-mediated signaling pathway,1.14E-05
0,3.47E-08,2,361,GO:0071216;GO:0071219;GO:0071222,cellular response to biotic stimulus,1.33E-05
0,3.74E-08,3,710,GO:0002237;GO:0032496,response to molecule of bacterial origin,1.37E-05
0,5.12E-08,2,256,GO:0030968;GO:0034620,cellular response to unfolded protein,1.81E-05
0,5.60E-08,2,356,GO:0030865;GO:0030866,cortical cytoskeleton organization,1.90E-05
0,1.18E-07,4,354,GO:0000070;GO:0000819,sister chromatid segregation,3.88E-05
0,1.38E-07,2,1929,GO:1901565,organonitrogen compound catabolic process,4.38E-05
0,1.99E-07,2,55,GO:0031663,lipopolysaccharide-mediated signaling pathway,6.08E-05
0,2.35E-07,5,404,GO:2000377,regulation of reactive oxygen species metabolic process,6.95E-05
0,2.62E-07,8,77,GO:0031145,anaphase-promoting complex-dependent catabolic process,7.52E-05
0,4.48E-07,4,2783,GO:0015031;GO:0015833;GO:0045184;GO:0042886,establishment of protein localization,0.000122481
0,4.67E-07,6,103,GO:0071622;GO:0090022;GO:1902622,regulation of granulocyte chemotaxis,0.000122481
0,6.21E-07,3,46,GO:0051895;GO:0150118;GO:1903392,negative regulation of focal adhesion assembly,0.000158447
0,6.91E-07,2,139,GO:0090224;GO:0060236,regulation of spindle organization,0.000171432
0,7.34E-07,3,365,GO:0006986;GO:0035966;GO:0035967,response to topologically incorrect protein,0.000172796
0,7.33E-07,2,323,GO:0051983;GO:0033045,regulation of chromosome segregation,0.000172796
0,8.18E-07,2,1692,GO:0002684,positive regulation of immune system process,0.000187834
0,9.44E-07,3,433,GO:0140014,mitotic nuclear division,0.000211579
0,9.91E-07,2,1059,GO:0050778,positive regulation of immune response,0.000216815
0,1.41E-06,3,70,GO:0055094;GO:0071402;GO:0071404,cellular response to lipoprotein particle stimulus,0.000300206
0,1.65E-06,4,463,GO:0061640;GO:0000910,cytokinesis,0.000344172
0,1.75E-06,2,1389,GO:0031347,regulation of defense response,0.000357247
0,2.00E-06,2,367,GO:0006888,endoplasmic reticulum to Golgi vesicle-mediated transport,0.000400077
0,2.19E-06,2,2187,GO:0006952,defense response,0.000427732
0,2.56E-06,4,12,GO:0010992,ubiquitin recycling,0.000461929
0,2.56E-06,2,12,GO:0051257,meiotic spindle midzone assembly,0.000461929
0,2.43E-06,2,2380,GO:1901701,cellular response to oxygen-containing compound,0.000461929
0,2.47E-06,2,51,GO:2000641,regulation of early endosome to late endosome transport,0.000461929
0,2.71E-06,2,1926,GO:0061024,membrane organization,0.000478308
0,2.99E-06,2,1135,GO:0044283,small molecule biosynthetic process,0.000518804
0,3.42E-06,3,27,GO:0051255,spindle midzone assembly,0.000582136
0,4.49E-06,2,1809,GO:0006082;GO:0019752;GO:0043436,organic acid metabolic process,0.000750083
0,4.63E-06,3,172,GO:0002431;GO:0002433;GO:0038094;GO:0038096,immune response-regulating cell surface receptor signaling pathway involved in phagocytosis,0.000751044
0,4.74E-06,2,2582,GO:0032880,regulation of protein localization,0.000751044
0,4.67E-06,4,761,GO:0048193,Golgi vesicle transport,0.000751044
0,5.71E-06,2,77,GO:0072512;GO:0033572,trivalent inorganic cation transport,0.000889113
0,6.31E-06,2,2483,GO:0014070,response to organic cyclic compound,0.000965228
0,6.51E-06,2,175,GO:0033206,meiotic cytokinesis,0.000980213
0,6.84E-06,2,1597,GO:0007568,aging,0.00101305
0,8.42E-06,2,2549,GO:0009725,response to hormone,0.001227561
0,9.11E-06,2,2169,GO:0006508,proteolysis,0.001307103
0,9.54E-06,3,208,GO:0033047,regulation of mitotic sister chromatid segregation,0.001320971
0,9.64E-06,2,643,GO:0050727,regulation of inflammatory response,0.001320971
0,1.02E-05,4,656,GO:0044772;GO:0044770,cell cycle phase transition,0.001373536
0,1.13E-05,2,670,GO:1903046;GO:0140013;GO:0051321,meiotic cell cycle,0.001498838
0,1.40E-05,2,1606,GO:0032870,cellular response to hormone stimulus,0.001811771
0,1.40E-05,6,25,GO:1904668,positive regulation of ubiquitin protein ligase activity,0.001811771
0,1.42E-05,6,31,GO:1905523;GO:0010759,positive regulation of macrophage migration,0.001813209
0,1.47E-05,2,406,GO:0006457,protein folding,0.001853546
0,1.65E-05,2,83,GO:0018196;GO:0018279,peptidyl-asparagine modification,0.002043984
0,1.70E-05,3,618,GO:0046394;GO:0016053,carboxylic acid biosynthetic process,0.002076015
0,1.72E-05,2,52,GO:1904666,regulation of ubiquitin protein ligase activity,0.002078129
0,1.79E-05,3,353,GO:0007030,Golgi organization,0.002131416
0,1.88E-05,5,267,GO:0002687,positive regulation of leukocyte migration,0.002212726
0,2.02E-05,3,68,GO:0071624;GO:0090023;GO:1902624,positive regulation of neutrophil migration,0.002351062
0,2.15E-05,2,1045,GO:0010256,endomembrane system organization,0.002468146
0,2.28E-05,2,120,GO:0032963,collagen metabolic process,0.002585812
0,2.34E-05,3,1009,GO:0051222;GO:1904951,positive regulation of establishment of protein localization,0.002624899
0,2.42E-05,2,1557,GO:0098542,defense response to other organism,0.002674252
0,2.60E-05,6,1546,GO:0051493,regulation of cytoskeleton organization,0.002837546
0,2.67E-05,2,911,GO:0071496,cellular response to external stimulus,0.002889888
0,2.95E-05,3,16,GO:0033860;GO:0033864,regulation of NAD(P)H oxidase activity,0.003078834
0,2.93E-05,2,653,GO:0043687,post-translational protein modification,0.003078834
0,2.90E-05,2,40,GO:0051305,chromosome movement towards spindle pole,0.003078834
0,3.25E-05,2,704,GO:0001819,positive regulation of cytokine production,0.003355552
0,3.35E-05,2,79,GO:0051452;GO:0045851,pH reduction,0.003419945
0,3.41E-05,2,171,GO:0071675,regulation of mononuclear cell migration,0.003441983
0,3.91E-05,5,503,GO:0007051,spindle organization,0.003908225
0,4.02E-05,3,539,GO:0045089;GO:0002833,positive regulation of response to biotic stimulus,0.00396586
0,4.14E-05,2,193,GO:0002495;GO:0002504;GO:0019886,antigen processing and presentation of peptide antigen via MHC class II,0.00404742
0,4.44E-05,2,949,GO:0045088;GO:0002831,regulation of response to biotic stimulus,0.004261871
0,4.46E-05,6,601,GO:0051783;GO:0007088,regulation of nuclear division,0.004261871
0,4.50E-05,2,49,GO:0060143;GO:1901741,positive regulation of syncytium formation by plasma membrane fusion,0.004261871
0,4.55E-05,2,861,GO:0051056,regulation of small GTPase mediated signal transduction,0.004267966
0,4.91E-05,2,57,GO:0000022;GO:0051231,spindle elongation,0.004559493
0,5.15E-05,4,269,GO:0071260,cellular response to mechanical stimulus,0.004734773
0,5.27E-05,2,302,GO:0000281,mitotic cytokinesis,0.004790755
0,5.42E-05,4,29,GO:0010885,regulation of cholesterol storage,0.004833758
0,5.37E-05,2,715,GO:0031349,positive regulation of defense response,0.004833758
0,5.66E-05,3,741,GO:0002253;GO:0002757;GO:0002764,activation of immune response,0.004996626
0,5.71E-05,2,91,GO:0007112,male meiosis cytokinesis,0.004996626
0,5.89E-05,4,1294,GO:0043434;GO:1901652,response to peptide,0.005077678
0,5.92E-05,4,1600,GO:0060627,regulation of vesicle-mediated transport,0.005077678
0,6.28E-05,3,608,GO:0034599;GO:0062197,cellular response to chemical stress,0.005342609
0,6.41E-05,4,119,GO:0060142;GO:1901739,regulation of syncytium formation by plasma membrane fusion,0.005404137
0,6.54E-05,2,1166,GO:0071396,cellular response to lipid,0.005457809
0,6.68E-05,4,501,GO:0002790;GO:0009306;GO:0035592;GO:0071692,peptide secretion,0.005524643
0,7.25E-05,4,1156,GO:0001817,regulation of cytokine production,0.005895798
0,7.21E-05,5,59,GO:0009065,glutamine family amino acid catabolic process,0.005895798
0,7.54E-05,2,296,GO:0007349,cellularization,0.005943824
0,7.57E-05,2,169,GO:0030433;GO:0036503,ERAD pathway,0.005943824
0,7.45E-05,3,263,GO:0030838,positive regulation of actin filament polymerization,0.005943824
0,7.64E-05,3,102,GO:0036498,IRE1-mediated unfolded protein response,0.005943824
0,7.45E-05,2,263,GO:0051225,spindle assembly,0.005943824
0,7.85E-05,5,37,GO:0007091;GO:0044784,metaphase/anaphase transition of cell cycle,0.005993681
0,7.90E-05,3,5,GO:0010963,regulation of L-arginine import,0.005993681
0,7.85E-05,2,37,GO:0070102,interleukin-6-mediated signaling pathway,0.005993681
0,8.06E-05,5,140,GO:0006826,iron ion transport,0.006033817
0,8.08E-05,5,1081,GO:0032386,regulation of intracellular transport,0.006033817
0,8.30E-05,2,1965,GO:0009057;GO:0044265,macromolecule catabolic process,0.006150771
0,8.67E-05,2,60,GO:0002691,regulation of cellular extravasation,0.006369849
0,9.35E-05,6,223,GO:0007140,male meiotic nuclear division,0.006765276
0,9.34E-05,6,77,GO:0035722;GO:0070671;GO:0071349,response to interleukin-12,0.006765276
0,9.63E-05,2,1590,GO:0071417;GO:1901699,cellular response to nitrogen compound,0.006907187
0,0.000100933,2,742,GO:0002697,regulation of immune effector process,0.006933895
0,0.000101159,2,172,GO:0006487,protein N-linked glycosylation,0.006933895
0,9.98E-05,4,1890,GO:0006915;GO:0012501;GO:0008219,cell death,0.006933895
0,9.94E-05,2,1035,GO:0006979,response to oxidative stress,0.006933895
0,9.75E-05,5,356,GO:0070555;GO:0071347,response to interleukin-1,0.006933895
0,0.000101159,2,172,GO:2000106,regulation of leukocyte apoptotic process,0.006933895
0,0.000110112,3,225,GO:0032680;GO:1903555,regulation of tumor necrosis factor superfamily cytokine production,0.007491683
0,0.000110959,5,463,GO:0006898,receptor-mediated endocytosis,0.007493836
0,0.000115624,2,1610,GO:0031667;GO:0009991,response to extracellular stimulus,0.007680061
0,0.000117898,2,70,GO:0032653;GO:0032733,regulation of interleukin-10 production,0.007680061
0,0.000115593,5,572,GO:0033500;GO:0042593,carbohydrate homeostasis,0.007680061
0,0.00011767,4,1828,GO:0051223;GO:0070201;GO:0090087,regulation of peptide transport,0.007680061
0,0.000117269,3,885,GO:0071375;GO:1901653,cellular response to peptide,0.007680061
0,0.000123894,3,164,GO:0032506,cytokinetic process,0.008013848
0,0.000130696,4,526,GO:0032869,cellular response to insulin stimulus,0.008336395
0,0.000129908,2,14,GO:2000643,positive regulation of early endosome to late endosome transport,0.008336395
0,0.000151139,4,1008,GO:0010038,response to metal ion,0.009531258
0,0.000153579,5,578,GO:0032388,positive regulation of intracellular transport,0.009531258
0,0.000151572,4,156,GO:0050000;GO:0051303,chromosome localization,0.009531258
0,0.000152585,4,2686,GO:0051050,positive regulation of transport,0.009531258
0,0.000155526,2,1285,GO:0071407,cellular response to organic cyclic compound,0.009587262
0,0.000159296,3,20,GO:0010041,response to iron(III) ion,0.009689597
0,0.000159296,2,20,GO:0051256,mitotic spindle midzone assembly,0.009689597
0,0.000166366,2,1394,GO:0007169,transmembrane receptor protein tyrosine kinase signaling pathway,0.010053116
0,0.000169247,2,365,GO:0050866,negative regulation of cell activation,0.010160371
0,0.000173601,4,64,GO:0033048,negative regulation of mitotic sister chromatid segregation,0.010354041
0,0.000176536,3,48,GO:0035336;GO:0035338,long-chain fatty-acyl-CoA metabolic process,0.010461187
0,0.000180458,2,128,GO:0032945;GO:0070664;GO:0042130;GO:0050672,negative regulation of leukocyte proliferation,0.010566704
0,0.000180618,5,168,GO:0034502,protein localization to chromosome,0.010566704
0,0.000187823,3,221,GO:0030168,platelet activation,0.010918689
0,0.000198273,3,391,GO:0002699,positive regulation of immune effector process,0.011277686
0,0.000197756,3,474,GO:0006914;GO:0061919,autophagy,0.011277686
0,0.000195415,2,82,GO:0016572,histone phosphorylation,0.011277686
0,0.00019891,2,299,GO:0050764;GO:0050766,regulation of phagocytosis,0.011277686
0,0.000203769,3,10,GO:0010499,proteasomal ubiquitin-independent protein catabolic process,0.011343145
0,0.000203145,2,27,GO:0097178,ruffle assembly,0.011343145
0,0.000203145,3,27,GO:2001171,positive regulation of ATP biosynthetic process,0.011343145
0,0.000207357,3,244,GO:0000041,transition metal ion transport,0.01140464
0,0.000207335,4,2168,GO:0009894;GO:0031329,regulation of catabolic process,0.01140464
0,0.000223338,4,92,GO:0032720;GO:1903556,negative regulation of tumor necrosis factor superfamily cytokine production,0.012210447
0,0.000225796,2,21,GO:0002692,negative regulation of cellular extravasation,0.012271812
0,0.000242493,2,121,GO:0051353,positive regulation of oxidoreductase activity,0.01310177
0,0.000252167,2,214,GO:0002688;GO:0002690,regulation of leukocyte chemotaxis,0.013388149
0,0.000249748,2,141,GO:0007291,sperm individualization,0.013388149
0,0.000251405,2,2400,GO:0044070,regulation of anion transport,0.013388149
0,0.000254591,2,269,GO:0010883,regulation of lipid storage,0.013439195
0,0.000270806,2,792,GO:0009612,response to mechanical stimulus,0.01405284
0,0.000268553,4,28,GO:0033129,positive regulation of histone phosphorylation,0.01405284
0,0.000269722,2,35,GO:0043519,regulation of myosin II filament organization,0.01405284
0,0.000276191,2,103,GO:0044837,actomyosin contractile ring organization,0.014251779
0,0.000278227,2,2489,GO:0043066;GO:0043069;GO:0060548,negative regulation of cell death,0.014276597
0,0.000292551,3,163,GO:0010965;GO:1905818;GO:0030071;GO:1902099,regulation of chromosome separation,0.01484575
0,0.000291258,2,975,GO:0045087,innate immune response,0.01484575
0,0.000301606,6,59,GO:2000249,regulation of actin cytoskeleton reorganization,0.015221159
0,0.00030394,4,43,GO:0007094;GO:0045841;GO:0071173;GO:0071174;GO:1902100;GO:2000816;GO:0031577;GO:1905819,negative regulation of chromosome separation,0.015255116
0,0.000306668,2,283,GO:0034614,cellular response to reactive oxygen species,0.015308405
0,0.000310591,2,606,GO:0044706;GO:0007565,multi-multicellular organism process,0.015420419
0,0.000316394,2,261,GO:0002478;GO:0019884;GO:0048002,antigen processing and presentation of peptide antigen,0.015624061
0,0.000326264,2,95,GO:2000107,negative regulation of leukocyte apoptotic process,0.016025306
0,0.00032905,2,1097,GO:0051301,cell division,0.016076193
0,0.000335876,2,86,GO:0045920,negative regulation of exocytosis,0.016322871
0,0.000339099,2,497,GO:0000302,response to reactive oxygen species,0.016392755
0,0.000350209,2,29,GO:0045476,nurse cell apoptotic process,0.016841202
0,0.00035389,2,11,GO:0032615,interleukin-12 production,0.016841871
0,0.00035389,2,11,GO:2000389;GO:2000391,regulation of neutrophil extravasation,0.016841871
0,0.000371017,3,44,GO:0071801;GO:0071803,regulation of podosome assembly,0.017565941
0,0.000400042,5,310,GO:0034341;GO:0071346,response to interferon-gamma,0.01884301
0,0.000409338,2,625,GO:0031334,positive regulation of protein-containing complex assembly,0.01918248
0,0.000416673,3,2213,GO:0033993,response to lipid,0.019427107
0,0.000425185,2,23,GO:0016321,female meiosis chromosome segregation,0.019723879
0,0.000429516,4,502,GO:0008064;GO:0030832;GO:0030833,regulation of actin filament length,0.019824642
0,0.000438823,4,70,GO:0007259;GO:0097696,receptor signaling pathway via JAK-STAT,0.020052692
0,0.000437036,3,589,GO:0046578,regulation of Ras protein signal transduction,0.020052692
0,0.000443687,2,53,GO:0008608,attachment of spindle microtubules to kinetochore,0.020075213
0,0.000443687,6,53,GO:0010758;GO:1905521,regulation of macrophage migration,0.020075213
0,0.000449975,-1,45,GO:0010869,obsolete regulation of receptor biosynthetic process,0.020259911
0,0.0004565,3,244,GO:0051701,biological process involved in interaction with host,0.020453409
0,0.000460182,2,233,GO:0070613;GO:1903317,regulation of protein maturation,0.020518325
0,0.000469325,2,383,GO:1903364,positive regulation of cellular protein catabolic process,0.020824871
0,0.000473208,3,267,GO:0002576,platelet degranulation,0.020896244
0,0.000479738,2,313,GO:0019882,antigen processing and presentation,0.021083233
0,0.000491516,2,89,GO:0006984,ER-nucleus signaling pathway,0.021298123
0,0.000491584,2,860,GO:0030100,regulation of endocytosis,0.021298123
0,0.000487318,2,62,GO:1903306,negative regulation of regulated secretory pathway,0.021298123
0,0.000500615,2,118,GO:0070228,regulation of lymphocyte apoptotic process,0.021587534
0,0.000506179,5,71,GO:0043330,response to exogenous dsRNA,0.021687182
0,0.000507648,3,822,GO:0071214;GO:0104004,cellular response to environmental stimulus,0.021687182
0,0.000521215,2,2576,GO:0007281;GO:0007292;GO:0048477,germ cell development,0.021993107
0,0.000521992,2,433,GO:0009615,response to virus,0.021993107
0,0.000517839,2,568,GO:0045732,positive regulation of protein catabolic process,0.021993107
0,0.00052539,4,54,GO:0030194;GO:0050820;GO:1900048,positive regulation of coagulation,0.022035205
0,0.000537943,2,170,GO:0019674,NAD metabolic process,0.02245911
0,0.00054239,5,46,GO:0033127,regulation of histone phosphorylation,0.022542303
0,0.000550634,2,258,GO:0038093,Fc receptor signaling pathway,0.022781843
0,0.000555206,3,119,GO:0097006,regulation of plasma lipoprotein particle levels,0.022868008
0,0.000583586,4,659,GO:0006954,inflammatory response,0.023005309
0,0.000576078,2,81,GO:0010574;GO:0010575,regulation of vascular endothelial growth factor production,0.023005309
0,0.000567826,2,236,GO:0032465,regulation of cytokinesis,0.023005309
0,0.000574753,3,12,GO:0035298;GO:1902766,skeletal muscle satellite cell migration,0.023005309
0,0.000582079,2,72,GO:0035337;GO:0046949,fatty-acyl-CoA metabolic process,0.023005309
0,0.000574753,3,12,GO:0035964;GO:0048200;GO:0048205,Golgi transport vesicle coating,0.023005309
0,0.000562545,3,160,GO:0070301,cellular response to hydrogen peroxide,0.023005309
0,0.00057917,2,423,GO:0072330,monocarboxylic acid biosynthetic process,0.023005309
0,0.000574753,2,12,GO:0072741;GO:1905345,protein localization to cell division site,0.023005309
0,0.000574753,2,12,GO:2000774,positive regulation of cellular senescence,0.023005309
0,0.000594299,2,305,GO:0000086;GO:0044839,cell cycle G2/M phase transition,0.023228229
0,0.000594299,4,305,GO:0042542,response to hydrogen peroxide,0.023228229
0,0.000600658,4,182,GO:0046916,cellular transition metal ion homeostasis,0.023377312
0,0.00061641,2,204,GO:0045132,meiotic chromosome segregation,0.023889156
0,0.000652768,2,272,GO:0002822;GO:0002819,regulation of adaptive immune response,0.024635723
0,0.000650273,2,183,GO:0006901;GO:0048194;GO:0048199;GO:0048207;GO:0048208;GO:0090114,Golgi vesicle budding,0.024635723
0,0.000649705,2,1146,GO:0008610,lipid biosynthetic process,0.024635723
0,0.000649969,3,47,GO:0032928;GO:0032930,regulation of superoxide anion generation,0.024635723
0,0.000649969,8,47,GO:0034314,Arp2/3 complex-mediated actin nucleation,0.024635723
0,0.000649969,4,47,GO:0035459,vesicle cargo loading,0.024635723
0,0.000671882,2,1830,GO:0030029;GO:0030036,actin filament-based process,0.025188721
0,0.000703419,4,184,GO:0010830,regulation of myotube differentiation,0.02626382
0,0.000712317,3,2351,GO:0032101,regulation of response to external stimulus,0.026488403
0,0.000726731,-1,56,GO:0044126;GO:0044130;GO:0044144;GO:0044146,obsolete regulation of growth of symbiont in host,0.026915433
0,0.000743301,2,477,GO:0014074;GO:0046683,response to purine-containing compound,0.027254916
0,0.0007448,3,25,GO:0035404;GO:0043987,histone-serine phosphorylation,0.027254916
0,0.0007448,2,25,GO:0046898,response to cycloheximide,0.027254916
0,0.000765107,4,321,GO:0002218;GO:0002758,activation of innate immune response,0.027667349
0,0.000761077,4,65,GO:0031529,ruffle organization,0.027667349
0,0.000762936,3,74,GO:2000300,regulation of synaptic vesicle exocytosis,0.027667349
0,0.000770929,-1,441,GO:0009108;GO:0051188,obsolete cofactor biosynthetic process,0.027768568
0,0.000774557,3,48,GO:0032887;GO:0032888,regulation of spindle elongation,0.027790243
0,0.000789701,2,143,GO:0071479,cellular response to ionizing radiation,0.028223363
0,0.000816442,2,430,GO:0045766;GO:1904018,positive regulation of vasculature development,0.029065967
0,0.000863082,2,265,GO:0007052,mitotic spindle organization,0.030607768
0,0.000884921,3,13,GO:0035983;GO:0035984,cellular response to trichostatin A,0.031261539
0,0.00089178,2,581,GO:0042742,defense response to bacterium,0.03138313
0,0.000945369,4,8,GO:0000741;GO:0007344,karyogamy,0.031959172
0,0.000920265,2,1091,GO:0001666;GO:0036293;GO:0070482,response to oxygen levels,0.031959172
0,0.000945369,4,8,GO:0002248;GO:0097709,connective tissue replacement involved in inflammatory response wound healing,0.031959172
0,0.000945369,2,8,GO:0002522,leukocyte migration involved in immune response,0.031959172
0,0.000918133,8,49,GO:0007035,vacuolar acidification,0.031959172
0,0.000945369,2,8,GO:0030726,male germline ring canal formation,0.031959172
0,0.000918133,4,49,GO:0034508,centromere complex assembly,0.031959172
0,0.000945369,5,8,GO:0070601,centromeric sister chromatid cohesion,0.031959172
0,0.000945774,2,85,GO:0071827;GO:0071825,protein-lipid complex subunit organization,0.031959172
0,0.000945369,2,8,GO:1904170,regulation of bleb assembly,0.031959172
0,0.000946423,2,177,GO:2001243,negative regulation of intrinsic apoptotic signaling pathway,0.031959172
0,0.000954249,2,1527,GO:0033365,protein localization to organelle,0.032105403
0,0.000975342,5,711,GO:0032868,response to insulin,0.032695305
0,0.000981089,2,2680,GO:0051336,regulation of hydrolase activity,0.032768381
0,0.001002808,3,686,GO:0031668;GO:0031669,cellular response to extracellular stimulus,0.033372439
0,0.001023465,2,350,GO:0071236,cellular response to antibiotic,0.033936908
0,0.001067642,3,662,GO:0002793;GO:0050714,positive regulation of peptide secretion,0.035148007
0,0.001064366,6,86,GO:1903649,regulation of cytoplasmic transport,0.035148007
0,0.001083257,3,701,GO:0007264;GO:0007265,small GTPase mediated signal transduction,0.035408236
0,0.001082815,2,50,GO:0032954,regulation of cytokinetic process,0.035408236
0,0.001113317,7,34,GO:0060396,growth hormone receptor signaling pathway,0.036261757
0,0.001129115,4,885,GO:0002683,negative regulation of immune system process,0.036646375
0,0.001145673,2,59,GO:0065005,protein-lipid complex assembly,0.037052848
0,0.001192815,2,191,GO:0002221;GO:0002224,pattern recognition receptor signaling pathway,0.038442131
0,0.001212807,2,259,GO:0008088,axo-dendritic transport,0.038949775
0,0.001229518,2,27,GO:0043622,cortical microtubule organization,0.039348852
0,0.001246266,2,107,GO:0030728,ovulation,0.039608828
0,0.001246266,2,107,GO:0051310;GO:0007080,metaphase plate congression,0.039608828
0,0.001255899,6,1566,GO:0030162,regulation of proteolysis,0.039653923
0,0.001256319,2,214,GO:0030330;GO:0042770,signal transduction in response to DNA damage,0.039653923
0,0.00130496,2,1762,GO:0010035,response to inorganic substance,0.040768912
0,0.001304373,2,14,GO:0032466,negative regulation of cytokinesis,0.040768912
0,0.001363271,7,35,GO:0010875,positive regulation of cholesterol efflux,0.042446252
0,0.001368204,3,1186,GO:0032103,positive regulation of response to external stimulus,0.042455935
0,0.001472109,4,345,GO:1901655,cellular response to ketone,0.045373565
0,0.001469748,4,1366,GO:1902903;GO:0032956;GO:0032970,regulation of actin filament-based process,0.045373565
0,0.001497448,2,89,GO:0001953,negative regulation of cell-matrix adhesion,0.045846877
0,0.001497145,2,70,GO:0019054;GO:0044068,modulation by symbiont of host cellular process,0.045846877
0,0.001509973,2,815,GO:0010506,regulation of autophagy,0.046076757
0,0.001540666,3,310,GO:0002695;GO:0051250,negative regulation of leukocyte activation,0.04670303
0,0.001549839,3,28,GO:0007084;GO:0101024,mitotic nuclear membrane organization,0.046826562
0,0.001593149,2,21,GO:0010032,meiotic chromosome condensation,0.047509976
0,0.001593149,3,21,GO:0016344,meiotic chromosome movement towards spindle pole,0.047509976
0,0.001587916,4,162,GO:0019359;GO:0019363;GO:0072525,pyridine-containing compound biosynthetic process,0.047509976
0,0.001593149,2,21,GO:2000811,negative regulation of anoikis,0.047509976
0,0.001615615,4,9,GO:0003365;GO:0003371;GO:0003379;GO:0003380;GO:0048383,establishment of cell polarity involved in ameboidal cell migration,0.047562256
0,0.001600299,2,252,GO:0006903,vesicle targeting,0.047562256
0,0.001615615,2,9,GO:1905340,regulation of protein localization to kinetochore,0.047562256
0,0.001615615,2,9,GO:1905446;GO:1905448,regulation of mitochondrial ATP synthesis coupled electron transport,0.047562256
0,0.001647468,4,141,GO:0032007,negative regulation of TOR signaling,0.048345024
0,0.00166864,3,546,GO:0016197,endosomal transport,0.048810376
0,0.001698697,2,71,GO:0000912;GO:0000915,assembly of actomyosin apparatus involved in cytokinesis,0.049263636
0,0.001705052,3,230,GO:0006900,vesicle budding from membrane,0.049263636
0,0.001698697,2,71,GO:0007277,pole cell development,0.049263636
0,0.001705589,3,360,GO:1903076;GO:1904375,regulation of protein localization to cell periphery,0.049263636
0,0.001749615,2,1006,GO:0002694;GO:0050865;GO:0051249,regulation of cell activation,0.049752996
0,0.001744348,2,1428,GO:0009636,response to toxic substance,0.049752996
0,0.001745714,2,62,GO:0030574,collagen catabolic process,0.049752996
0,0.001745714,2,62,GO:0070229,negative regulation of lymphocyte apoptotic process,0.049752996
0,0.001736487,2,265,GO:0072331,signal transduction by p53 class mediator,0.049752996
0,0.001854157,5,15,GO:0002246;GO:0090594,inflammatory response to wounding,0.051607371
0,0.001832665,2,1932,GO:0007017;GO:0000226,microtubule-based process,0.051607371
0,0.001854157,7,15,GO:0010727,negative regulation of hydrogen peroxide metabolic process,0.051607371
0,0.001854157,5,15,GO:0010886,positive regulation of cholesterol storage,0.051607371
0,0.001854157,2,15,GO:0033622,integrin activation,0.051607371
0,0.001854157,2,15,GO:0051238,sequestering of metal ion,0.051607371
0,0.001835988,2,1238,GO:1901137,carbohydrate derivative biosynthetic process,0.051607371
0,0.00193154,4,29,GO:0007100,mitotic centrosome separation,0.052958791
0,0.00193154,2,29,GO:0035723;GO:0070672;GO:0071350,response to interleukin-15,0.052958791
0,0.001922021,2,72,GO:0071168,protein localization to chromatin,0.052958791
0,0.001925209,5,1377,GO:1903827,regulation of cellular protein localization,0.052958791
0,0.00193154,3,29,GO:1905048,regulation of metallopeptidase activity,0.052958791
0,0.001976203,2,279,GO:0002700,regulation of production of molecular mediator of immune response,0.053551093
0,0.001999785,5,54,GO:0002828,regulation of type 2 immune response,0.053551093
0,0.001995821,4,37,GO:0030725;GO:0043063,intercellular bridge organization,0.053551093
0,0.001999785,6,54,GO:0031468,nuclear envelope reassembly,0.053551093
0,0.001995821,2,37,GO:0034143,regulation of toll-like receptor 4 signaling pathway,0.053551093
0,0.001994701,2,291,GO:0042129,regulation of T cell proliferation,0.053551093
0,0.001999785,2,54,GO:0060992,response to fungicide,0.053551093
0,0.001995821,2,37,GO:1904776,regulation of protein localization to cell cortex,0.053551093
0,0.00202497,4,82,GO:0034340;GO:0060337;GO:0071357,response to type I interferon,0.054067867
0,0.002073218,3,22,GO:0006465,signal peptide processing,0.055036145
0,0.002073218,2,22,GO:0060397,growth hormone receptor signaling pathway via JAK-STAT,0.055036145
0,0.002154442,3,973,GO:0006417;GO:0034248,regulation of cellular amide metabolic process,0.057027513
0,0.002168838,2,73,GO:0018208,peptidyl-proline modification,0.057079589
0,0.002168838,9,73,GO:0070232,regulation of T cell apoptotic process,0.057079589
0,0.002224728,3,1028,GO:0050878,regulation of body fluid levels,0.058051484
0,0.002223343,2,293,GO:0051489,regulation of filopodium assembly,0.058051484
0,0.002224642,3,113,GO:1901607,alpha-amino acid biosynthetic process,0.058051484
0,0.002263298,3,83,GO:0010831,positive regulation of myotube differentiation,0.058890628
0,0.00228165,3,366,GO:0032273,positive regulation of protein polymerization,0.059200446
0,0.002294566,6,93,GO:2000401;GO:2000404,regulation of lymphocyte migration,0.059367867
0,0.002315986,2,167,GO:0030261,chromosome condensation,0.05958635
0,0.002315986,5,167,GO:1902600,proton transmembrane transport,0.05958635
0,0.002394613,4,581,GO:0030258,lipid modification,0.060590958
0,0.002388451,7,38,GO:0030970;GO:0032527;GO:1903513,protein exit from endoplasmic reticulum,0.060590958
0,0.002388451,4,38,GO:0031055;GO:0034080;GO:0061641,chromatin remodeling at centromere,0.060590958
0,0.002364303,3,5,GO:0032187;GO:0036214,contractile ring localization,0.060590958
0,0.002382142,4,30,GO:0070106;GO:0070757,interleukin-27-mediated signaling pathway,0.060590958
0,0.002388451,2,38,GO:0089718,amino acid import across plasma membrane,0.060590958
0,0.002423219,3,135,GO:0006998,nuclear envelope organization,0.061104868
0,0.002437634,3,114,GO:0032481,positive regulation of type I interferon production,0.061104868
0,0.002441534,3,1072,GO:0046677,response to antibiotic,0.061104868
0,0.00243367,2,190,GO:2001251,negative regulation of chromosome organization,0.061104868
0,0.002485931,4,518,GO:0008360,regulation of cell shape,0.061842002
0,0.002485931,2,518,GO:0043902,positive regulation of multi-organism process,0.061842002
0,0.002491186,7,168,GO:1902743;GO:0010591,regulation of lamellipodium organization,0.061842002
0,0.002540828,3,94,GO:0033046;GO:0051985,negative regulation of chromosome segregation,0.062904322
0,0.002556846,2,10,GO:0031566;GO:0036212,actomyosin contractile ring maintenance,0.062961467
0,0.002556846,4,10,GO:0032487,regulation of Rap protein signal transduction,0.062961467
0,0.002565811,5,912,GO:0042176,regulation of protein catabolic process,0.06301329
0,0.002605793,3,47,GO:0000413,protein peptidyl-prolyl isomerization,0.06348597
0,0.002605023,4,2620,GO:0048878,chemical homeostasis,0.06348597
0,0.002605793,5,47,GO:0051782,negative regulation of cell division,0.06348597
0,0.002618506,2,406,GO:0055088,lipid homeostasis,0.063626928
0,0.002654876,6,23,GO:0061355,Wnt protein secretion,0.064002729
0,0.002654876,4,23,GO:2000302,positive regulation of synaptic vesicle exocytosis,0.064002729
0,0.002654876,3,23,GO:2000668,regulation of dendritic cell apoptotic process,0.064002729
0,0.002667298,4,115,GO:0007159,leukocyte cell-cell adhesion,0.064133849
0,0.002750578,2,901,GO:0032787,monocarboxylic acid metabolic process,0.065963591
0,0.002839074,2,39,GO:1900150,regulation of defense response to fungus,0.067908584
0,0.002852608,2,1146,GO:0051047;GO:1903532,positive regulation of secretion,0.068055074
0,0.002909496,2,31,GO:0097284,hepatocyte apoptotic process,0.069232434
0,0.002924768,3,421,GO:0009267,cellular response to starvation,0.069237097
0,0.002920912,2,66,GO:0090322,regulation of superoxide metabolic process,0.069237097
0,0.002979518,2,587,GO:0051235,maintenance of location,0.070351859
0,0.003028386,2,48,GO:0007279,pole cell formation,0.070947286
0,0.003033152,2,57,GO:0046463;GO:0046460;GO:0019432,acylglycerol biosynthetic process,0.070947286
0,0.003037395,2,182,GO:0046686,response to cadmium ion,0.070947286
0,0.003043357,2,275,GO:0097306,cellular response to alcohol,0.070947286
0,0.003037395,2,182,GO:0098930,axonal transport,0.070947286
0,0.003119884,3,86,GO:0009629,response to gravity,0.072547182
0,0.003128941,4,473,GO:0006839,mitochondrial transport,0.072574056
0,0.003142017,4,336,GO:0016236,macroautophagy,0.072693775
0,0.003153194,3,537,GO:0007596;GO:0007599;GO:0050817,hemostasis,0.072769065
0,0.003174509,2,194,GO:0051445,regulation of meiotic cell cycle,0.073034344
0,0.003180592,3,117,GO:0090307,mitotic spindle assembly,0.073034344
0,0.003241443,2,1904,GO:0043270;GO:1903793,positive regulation of ion transport,0.074246022
0,0.003274825,2,681,GO:0042594,response to starvation,0.074821961
0,0.00328288,2,128,GO:0046631;GO:0046632,alpha-beta T cell activation,0.074821961
0,0.003296849,6,67,GO:0009262;GO:0009394;GO:0019692,deoxyribonucleotide metabolic process,0.074954361
0,0.003307823,2,172,GO:0007143,female meiotic nuclear division,0.074996822
0,0.003315047,2,107,GO:0009435,NAD biosynthetic process,0.074996822
0,0.003350722,2,24,GO:0006642,triglyceride mobilization,0.07561765
0,0.003428134,2,77,GO:0002686,negative regulation of leukocyte migration,0.076517013
0,0.003432227,7,17,GO:0003373;GO:0003374,dynamin family protein polymerization involved in mitochondrial fission,0.076517013
0,0.003432227,2,17,GO:0032613,interleukin-10 production,0.076517013
0,0.003430695,2,1597,GO:1902532,negative regulation of intracellular signal transduction,0.076517013
0,0.003432227,2,17,GO:1905050,positive regulation of metallopeptidase activity,0.076517013
0,0.00350746,-1,923,GO:0051186,obsolete cofactor metabolic process,0.078004891
0,0.003521736,3,32,GO:0019471,4-hydroxyproline metabolic process,0.0781332
0,0.003557245,3,937,GO:2001233,regulation of apoptotic signaling pathway,0.078730824
0,0.003609072,2,140,GO:0006672,ceramide metabolic process,0.079109436
0,0.003607936,2,2080,GO:0051046;GO:1903530,regulation of secretion,0.079109436
0,0.003610909,2,196,GO:0051341,regulation of oxidoreductase activity,0.079109436
0,0.003617416,2,151,GO:0060135,maternal process involved in female pregnancy,0.079109436
0,0.003589612,2,219,GO:2000379,positive regulation of reactive oxygen species metabolic process,0.079109436
0,0.003665058,2,2597,GO:0032269;GO:0051248,negative regulation of protein metabolic process,0.079960944
0,0.003825264,2,88,GO:0007062,sister chromatid cohesion,0.082091239
0,0.003815677,3,11,GO:0034144,negative regulation of toll-like receptor 4 signaling pathway,0.082091239
0,0.003825264,3,88,GO:0035307,positive regulation of protein dephosphorylation,0.082091239
0,0.003815677,2,11,GO:0035754,B cell chemotaxis,0.082091239
0,0.003772752,2,119,GO:0051438,regulation of ubiquitin-protein transferase activity,0.082091239
0,0.003815677,8,11,GO:0090383,phagosome acidification,0.082091239
0,0.003815677,2,11,GO:0097359,UDP-glucosylation,0.082091239
0,0.003859082,2,130,GO:0006094;GO:0019319;GO:0046364,monosaccharide biosynthetic process,0.082623942
0,0.003936837,5,41,GO:0007077,mitotic nuclear envelope disassembly,0.082935421
0,0.003892636,2,152,GO:0008652,cellular amino acid biosynthetic process,0.082935421
0,0.003918944,2,530,GO:0016579;GO:0070646,protein modification by small protein removal,0.082935421
0,0.003936837,3,41,GO:0034377,plasma lipoprotein particle assembly,0.082935421
0,0.003931303,2,59,GO:0036003,positive regulation of transcription from RNA polymerase II promoter in response to stress,0.082935421
0,0.003936837,4,41,GO:0040002,collagen and cuticulin-based cuticle development,0.082935421
0,0.003936837,4,41,GO:0070233,negative regulation of T cell apoptotic process,0.082935421
0,0.004034496,3,50,GO:0010874,regulation of cholesterol efflux,0.084749833
0,0.004050645,2,714,GO:0044282,small molecule catabolic process,0.084749833
0,0.004042421,4,221,GO:0050868;GO:1903038,negative regulation of leukocyte cell-cell adhesion,0.084749833
0,0.004074819,6,794,GO:0052548;GO:0052547,regulation of peptidase activity,0.085061839
0,0.004173645,3,25,GO:0006537,glutamate biosynthetic process,0.086604014
0,0.004176982,2,131,GO:0006879,cellular iron ion homeostasis,0.086604014
0,0.004165629,2,1733,GO:0010564,regulation of cell cycle process,0.086604014
0,0.004204252,2,210,GO:0030952;GO:0030951,establishment or maintenance of cytoskeleton polarity,0.086973093
0,0.004227233,3,33,GO:0010745,negative regulation of macrophage derived foam cell differentiation,0.087056358
0,0.004223443,3,89,GO:0072676,lymphocyte migration,0.087056358
0,0.004285064,2,318,GO:0007033,vacuole organization,0.088049918
0,0.004452944,2,60,GO:0006517,protein deglycosylation,0.089971032
0,0.004504921,3,18,GO:0006591,ornithine metabolic process,0.089971032
0,0.004504921,-1,18,GO:0010870,obsolete positive regulation of receptor biosynthetic process,0.089971032
0,0.004515694,3,100,GO:0010955;GO:1903318,negative regulation of protein maturation,0.089971032
0,0.004515694,3,100,GO:0032729,positive regulation of interferon-gamma production,0.089971032
0,0.00450379,7,6,GO:0033624;GO:0032690,negative regulation of integrin activation,0.089971032
0,0.004452944,4,60,GO:0034067,protein localization to Golgi apparatus,0.089971032
0,0.00450379,4,6,GO:0035193,larval central nervous system remodeling,0.089971032
0,0.004504921,5,18,GO:0038114;GO:0098756;GO:0098757,response to interleukin-21,0.089971032
0,0.00450379,2,6,GO:0043988,histone H3-S28 phosphorylation,0.089971032
0,0.004504921,7,18,GO:0046007,negative regulation of activated T cell proliferation,0.089971032
0,0.004415806,4,770,GO:1901654,response to ketone,0.089971032
0,0.00450379,3,6,GO:1902822;GO:1903335,regulation of vacuolar transport,0.089971032
0,0.00450379,2,6,GO:1903394,protein localization to kinetochore involved in kinetochore assembly,0.089971032
0,0.004619984,2,483,GO:0001818,negative regulation of cytokine production,0.091366421
0,0.004635466,2,200,GO:0006633,fatty acid biosynthetic process,0.091366421
0,0.004632566,6,177,GO:0007040;GO:0080171,lytic vacuole organization,0.091366421
0,0.004626703,7,51,GO:1900739;GO:1900740,positive regulation of protein insertion into mitochondrial membrane involved in apoptotic signaling pathway,0.091366421
0,0.004595699,2,42,GO:1902175,regulation of oxidative stress-induced intrinsic apoptotic signaling pathway,0.091366421
0,0.004654381,5,90,GO:0070741;GO:0071354,response to interleukin-6,0.091542807
0,0.004711273,3,1810,GO:0051656;GO:0051640,organelle localization,0.092463776
0,0.004782427,2,2210,GO:0044255;GO:0006629,lipid metabolic process,0.093660119
0,0.004828141,3,122,GO:0045839;GO:0051784,negative regulation of nuclear division,0.094354202
0,0.004876966,2,827,GO:1903829,positive regulation of cellular protein localization,0.09510602
0,0.005034545,2,34,GO:0043032,positive regulation of macrophage activation,0.09797096
0,0.005068236,2,2156,GO:0008284,positive regulation of cell population proliferation,0.098418076
0,0.005136712,2,26,GO:0034138,toll-like receptor 3 signaling pathway,0.098911327
0,0.00511764,2,695,GO:0044403,biological process involved in symbiotic interaction,0.098911327
0,0.005136712,2,26,GO:0045730,respiratory burst,0.098911327
0,0.005136712,2,26,GO:1905666,regulation of protein localization to endosome,0.098911327
0,0.005288107,2,410,GO:0016241,regulation of macroautophagy,0.101401383
0,0.00528434,2,52,GO:1904747,positive regulation of apoptotic process involved in development,0.101401383
0,0.005335949,2,43,GO:0009084,glutamine family amino acid biosynthetic process,0.101471415
0,0.005335949,2,43,GO:0032647;GO:0032727,regulation of interferon-alpha production,0.101471415
0,0.005328772,3,335,GO:0060326,cell chemotaxis,0.101471415
0,0.005420045,-1,323,GO:0006733;GO:0019362;GO:0072524;GO:0046496,obsolete oxidoreduction coenzyme metabolic process,0.102317508
0,0.00543614,2,12,GO:0006741,NADP biosynthetic process,0.102317508
0,0.005431934,5,262,GO:0008286,insulin receptor signaling pathway,0.102317508
0,0.00543614,2,12,GO:0031991,regulation of actomyosin contractile ring contraction,0.102317508
0,0.00543614,2,12,GO:0051208,sequestering of calcium ion,0.102317508
0,0.005468203,2,348,GO:0051153,regulation of striated muscle cell differentiation,0.102710523
0,0.005541694,2,157,GO:0014911,positive regulation of smooth muscle cell migration,0.103878492
0,0.005622133,2,92,GO:0051984,positive regulation of chromosome segregation,0.105171679
0,0.005658674,6,62,GO:0043457,regulation of cellular respiration,0.105640075
0,0.005709327,4,1133,GO:0002791;GO:0050708,regulation of peptide secretion,0.106369511
0,0.005788608,2,169,GO:0007029,endoplasmic reticulum organization,0.106688376
0,0.005796135,3,19,GO:0007079,mitotic chromosome movement towards spindle pole,0.106688376
0,0.005796135,2,19,GO:0007488,histoblast morphogenesis,0.106688376
0,0.005796135,2,19,GO:0010312,detoxification of zinc ion,0.106688376
0,0.005796135,5,19,GO:0070486,leukocyte aggregation,0.106688376
0,0.005890069,2,103,GO:0034198;GO:1990928,response to amino acid starvation,0.108200566
0,0.005952363,2,35,GO:2001240,negative regulation of extrinsic apoptotic signaling pathway in absence of ligand,0.109126657
0,0.006000524,2,555,GO:0006520,cellular amino acid metabolic process,0.109758999
0,0.006037695,2,2541,GO:0030334;GO:2000145;GO:0051270,regulation of cellular component movement,0.109758999
0,0.006041038,2,147,GO:0032456,endocytic recycling,0.109758999
0,0.006046604,4,114,GO:0048708,astrocyte differentiation,0.109758999
0,0.006018191,2,264,GO:0055076,transition metal ion homeostasis,0.109758999
0,0.006068739,-1,621,GO:0006732,obsolete coenzyme metabolic process,0.109943525
0,0.006095792,3,363,GO:0097193,intrinsic apoptotic signaling pathway,0.110216244
0,0.006113967,2,971,GO:0097305,response to alcohol,0.110327679
0,0.006132823,3,301,GO:0051591,response to cAMP,0.110450934
0,0.006178606,5,1164,GO:0043254,regulation of protein-containing complex assembly,0.111057715
0,0.006257157,2,1570,GO:0010638,positive regulation of organelle organization,0.112249978
0,0.006369403,2,182,GO:0002702,positive regulation of production of molecular mediator of immune response,0.11404087
0,0.006441374,2,73,GO:0034105,positive regulation of tissue remodeling,0.115105095
0,0.006566505,4,137,GO:0008637,apoptotic mitochondrial changes,0.117113292
0,0.006644394,5,1098,GO:0009896;GO:0031331,positive regulation of catabolic process,0.118272791
0,0.006682635,2,218,GO:1903725,regulation of phospholipid metabolic process,0.118723403
0,0.006814478,2,54,GO:0010743,regulation of macrophage derived foam cell differentiation,0.120136239
0,0.006779763,2,160,GO:0032649,regulation of interferon-gamma production,0.120136239
0,0.006814478,2,54,GO:0042332,gravitaxis,0.120136239
0,0.006814478,2,54,GO:0071378,cellular response to growth hormone stimulus,0.120136239
0,0.006866738,2,1476,GO:0009611;GO:0042060,response to wounding,0.120825641
0,0.006979342,2,105,GO:0006734,NADH metabolic process,0.122393622
0,0.006989182,5,599,GO:0009165;GO:1901293,nucleoside phosphate biosynthetic process,0.122393622
0,0.006995825,6,759,GO:0110053,regulation of actin filament organization,0.122393622
0,0.007086316,4,231,GO:0071158;GO:0071156,regulation of cell cycle arrest,0.123741083
0,0.007166587,4,292,GO:0043666;GO:0035304,regulation of protein dephosphorylation,0.124905318
0,0.007458904,2,13,GO:0002467,germinal center formation,0.126306295
0,0.007535748,2,28,GO:0002507,tolerance induction,0.126306295
0,0.007415143,3,208,GO:0002708;GO:0002824;GO:0002821,positive regulation of adaptive immune response,0.126306295
0,0.007535748,7,28,GO:0007144,female meiosis I,0.126306295
0,0.007508192,2,7,GO:0009597,detection of virus,0.126306295
0,0.007535748,5,28,GO:0032486,Rap protein signal transduction,0.126306295
0,0.007458904,2,13,GO:0034134,toll-like receptor 2 signaling pathway,0.126306295
0,0.007508192,3,7,GO:0035977;GO:1904382,protein deglycosylation involved in glycoprotein catabolic process,0.126306295
0,0.007327354,2,20,GO:0036500,ATF6-mediated unfolded protein response,0.126306295
0,0.007508192,3,7,GO:0043418,homocysteine catabolic process,0.126306295
0,0.007508192,2,7,GO:0048144,fibroblast proliferation,0.126306295
0,0.007327354,2,20,GO:0060136,embryonic process involved in female pregnancy,0.126306295
0,0.007327354,3,20,GO:0070933,histone H4 deacetylation,0.126306295
0,0.007535748,2,28,GO:0071712,ER-associated misfolded protein catabolic process,0.126306295
0,0.007508192,3,7,GO:0072574;GO:0072575,epithelial cell proliferation involved in liver morphogenesis,0.126306295
0,0.007535748,3,28,GO:0090110,COPII-coated vesicle cargo loading,0.126306295
0,0.007508192,2,7,GO:0097411,hypoxia-inducible factor-1alpha signaling pathway,0.126306295
0,0.007458904,6,13,GO:1903903,regulation of establishment of T cell polarity,0.126306295
0,0.007458904,2,13,GO:1904647,response to rotenone,0.126306295
0,0.007327354,5,20,GO:2000489,regulation of hepatic stellate cell activation,0.126306295
0,0.007508192,9,7,GO:2000669,negative regulation of dendritic cell apoptotic process,0.126306295
0,0.007651227,2,1779,GO:0006886,intracellular protein transport,0.128008231
0,0.007845666,3,420,GO:0000075;GO:0007093,cell cycle checkpoint,0.131022621
0,0.007927732,3,65,GO:0006953,acute-phase response,0.131200398
0,0.007927732,3,65,GO:0051443,positive regulation of ubiquitin-protein transferase activity,0.131200398
0,0.007900697,3,656,GO:0051495;GO:1902905,positive regulation of cytoskeleton organization,0.131200398
0,0.007896049,2,75,GO:0071276,cellular response to cadmium ion,0.131200398
0,0.007927732,2,65,GO:1900027,regulation of ruffle assembly,0.131200398
0,0.008107453,2,46,GO:0070935,3'-UTR-mediated mRNA stabilization,0.133933371
0,0.008154646,3,37,GO:0045955,negative regulation of calcium ion-dependent exocytosis,0.134471132
0,0.008223285,5,107,GO:0033866;GO:0034030;GO:0034033;GO:0071616;GO:0035384,ribonucleoside bisphosphate biosynthetic process,0.135359979
0,0.008239715,2,129,GO:0030837,negative regulation of actin filament polymerization,0.135387807
0,0.008429436,2,86,GO:0010039,response to iron ion,0.138172063
0,0.008452075,7,175,GO:0043618;GO:0043620,regulation of DNA-templated transcription in response to stress,0.138172063
0,0.008454295,3,1150,GO:0090407,organophosphate biosynthetic process,0.138172063
0,0.008488078,2,152,GO:0060446,branching involved in open tracheal system development,0.138477793
0,0.00854262,2,500,GO:0002768;GO:0002429,immune response-regulating cell surface receptor signaling pathway,0.138628915
0,0.008516055,3,2665,GO:0040008,regulation of growth,0.138628915
0,0.00854262,2,500,GO:1905475,regulation of protein localization to membrane,0.138628915
0,0.008643101,6,619,GO:0032271,regulation of protein polymerization,0.140012147
0,0.008674825,2,397,GO:1901605,alpha-amino acid metabolic process,0.140278634
0,0.00870202,2,686,GO:0051260,protein homooligomerization,0.140471099
0,0.008742673,2,540,GO:0006066,alcohol metabolic process,0.140879745
0,0.008815988,4,514,GO:0050900,leukocyte migration,0.141812348
0,0.00893183,3,119,GO:0046685,response to arsenic-containing substance,0.143424581
0,0.008979607,3,176,GO:0034121;GO:0062207,regulation of pattern recognition receptor signaling pathway,0.143940116
0,0.009119294,2,21,GO:0046642,negative regulation of alpha-beta T cell proliferation,0.145670804
0,0.009119294,3,21,GO:2000392,regulation of lamellipodium morphogenesis,0.145670804
0,0.009408076,3,1948,GO:0007167,enzyme linked receptor protein signaling pathway,0.150022875
0,0.00945669,3,38,GO:0002825;GO:0002827,regulation of T-helper 1 type immune response,0.150276286
0,0.00945669,4,38,GO:0048711,positive regulation of astrocyte differentiation,0.150276286
0,0.009481367,3,261,GO:0002250;GO:0002460,adaptive immune response,0.150408219
0,0.00953337,2,177,GO:0090303,positive regulation of wound healing,0.150972416
0,0.009656871,2,311,GO:0046626;GO:1900076,regulation of cellular response to insulin stimulus,0.152664986
0,0.009682399,2,237,GO:0009166;GO:1901292,nucleoside phosphate catabolic process,0.152805565
0,0.009718363,5,57,GO:0002724,regulation of T cell cytokine production,0.152847892
0,0.009718363,5,57,GO:0010569,regulation of double-strand break repair via homologous recombination,0.152847892
0,0.009920716,3,14,GO:0010641,positive regulation of platelet-derived growth factor receptor signaling pathway,0.153544475
0,0.009920716,2,14,GO:0010887,negative regulation of cholesterol storage,0.153544475
0,0.009929822,2,166,GO:0030193;GO:0050818;GO:1900046,regulation of coagulation,0.153544475
0,0.009920716,2,14,GO:0031642,negative regulation of myelination,0.153544475
0,0.009920716,2,14,GO:0042247,establishment of planar polarity of follicular epithelium,0.153544475
0,0.009920716,3,14,GO:0044501;GO:0051343;GO:0052470;GO:0052525;GO:0075205;GO:0075206,modulation of signal transduction in other organism,0.153544475
0,0.009845046,2,478,GO:0051147,regulation of muscle cell differentiation,0.153544475
0,0.009920716,2,14,GO:0061737,leukotriene signaling pathway,0.153544475
0,0.009920716,4,14,GO:0110028;GO:1902846,positive regulation of mitotic spindle organization,0.153544475
0,0.009862027,6,610,GO:0120032;GO:0060491,regulation of cell projection assembly,0.153544475
0,0.009946621,2,262,GO:0007006,mitochondrial membrane organization,0.153545742
0,0.010058392,2,1680,GO:0007346,regulation of mitotic cell cycle,0.155010624
0,0.01011427,2,178,GO:0046427;GO:1904894,positive regulation of receptor signaling pathway via STAT,0.155610666
0,0.010230134,3,190,GO:0046627;GO:1900077,negative regulation of cellular response to insulin stimulus,0.157130069
0,0.010275698,2,2532,GO:0060341,regulation of cellular localization,0.157566416
0,0.010365747,4,376,GO:0010466;GO:0010951,negative regulation of peptidase activity,0.158418279
0,0.010365747,2,376,GO:0062013,positive regulation of small molecule metabolic process,0.158418279
0,0.010410981,3,110,GO:0019048;GO:0044003,modulation by symbiont of host process,0.158845284
0,0.010477521,5,48,GO:0000916;GO:0036213,actomyosin contractile ring contraction,0.159331173
0,0.010477521,2,48,GO:0007110;GO:0007111,meiosis I cytokinesis,0.159331173
0,0.010559439,2,639,GO:0001763;GO:0048754;GO:0061138,morphogenesis of a branching structure,0.159963026
0,0.010571318,3,351,GO:0002703,regulation of leukocyte mediated immunity,0.159963026
0,0.010544533,2,415,GO:0006109,regulation of carbohydrate metabolic process,0.159963026
0,0.010651609,3,30,GO:0030719,P granule organization,0.160912882
0,0.010778901,5,939,GO:0019216,regulation of lipid metabolic process,0.162568479
0,0.010862229,2,203,GO:0002920,regulation of humoral immune response,0.162842898
0,0.010868013,2,58,GO:0006336;GO:0034724,DNA replication-independent nucleosome organization,0.162842898
0,0.010849265,6,390,GO:0032944;GO:0070663;GO:0050670,regulation of leukocyte proliferation,0.162842898
0,0.010868013,7,58,GO:2000209,regulation of anoikis,0.162842898
0,0.010904293,2,39,GO:0071763,nuclear membrane organization,0.162855171
0,0.010904293,3,39,GO:0120252,hydrocarbon metabolic process,0.162855171
0,0.010968143,3,442,GO:0043903;GO:0050792,regulation of biological process involved in symbiotic interaction,0.163327596
0,0.010971489,4,156,GO:0045646,regulation of erythrocyte differentiation,0.163327596
0,0.010991208,2,314,GO:0051651;GO:0032507,maintenance of location in cell,0.163356377
0,0.011101404,3,252,GO:0048661,positive regulation of smooth muscle cell proliferation,0.164727613
0,0.011191669,6,22,GO:0035635,entry of bacterium into host cell,0.165000768
0,0.011191669,5,22,GO:0060312,regulation of blood vessel remodeling,0.165000768
0,0.011191669,2,22,GO:0090343,positive regulation of cell aging,0.165000768
0,0.011191669,3,22,GO:0090727,positive regulation of brood size,0.165000768
0,0.011445885,3,8,GO:0001998,angiotensin-mediated vasoconstriction involved in regulation of systemic arterial blood pressure,0.165809234
0,0.011445885,4,8,GO:0006624,vacuolar protein processing,0.165809234
0,0.011445885,5,8,GO:0006880;GO:0097577,intracellular sequestering of iron ion,0.165809234
0,0.011439008,2,2656,GO:0016310;GO:0006468,phosphorylation,0.165809234
0,0.011445885,2,8,GO:0044314,protein K27-linked ubiquitination,0.165809234
0,0.011445885,2,8,GO:0044691,tooth eruption,0.165809234
0,0.011463132,6,204,GO:0051289,protein homotetramerization,0.165809234
0,0.011445885,2,8,GO:0051309,female meiosis chromosome separation,0.165809234
0,0.011442685,3,192,GO:0051491,positive regulation of filopodium assembly,0.165809234
0,0.011355198,2,145,GO:0071674,mononuclear cell migration,0.165809234
0,0.011445885,3,8,GO:1901329,regulation of odontoblast differentiation,0.165809234
0,0.011445885,4,8,GO:1904995;GO:1903237,negative regulation of leukocyte adhesion to vascular endothelial cell,0.165809234
0,0.011524406,2,928,GO:0010259;GO:0008340,multicellular organism aging,0.166433439
0,0.01155953,3,79,GO:0061983,meiosis II cell cycle process,0.166538636
0,0.011567953,3,696,GO:0090068,positive regulation of cell cycle process,0.166538636
0,0.011751365,2,457,GO:0071103;GO:0006323,DNA conformation change,0.168914374
0,0.011838365,4,49,GO:0045780;GO:0046852,positive regulation of bone resorption,0.169899037
0,0.011942335,2,510,GO:0017157,regulation of exocytosis,0.170731984
0,0.011970756,3,69,GO:1902235,regulation of endoplasmic reticulum stress-induced intrinsic apoptotic signaling pathway,0.170731984
0,0.011964415,2,90,GO:1903747,regulation of establishment of protein localization to mitochondrion,0.170731984
0,0.011917393,4,354,GO:2001242,regulation of intrinsic apoptotic signaling pathway,0.170731984
0,0.012014306,2,630,GO:1903050;GO:1903362,regulation of cellular protein catabolic process,0.171087441
0,0.012105771,2,112,GO:0007294;GO:0030716;GO:0030706,oocyte fate determination,0.17212307
0,0.012368537,2,631,GO:0097190,apoptotic signaling pathway,0.175587343
0,0.012506024,2,40,GO:0006541,glutamine metabolic process,0.176229673
0,0.012506024,3,40,GO:0050435,amyloid-beta metabolic process,0.176229673
0,0.012509717,2,31,GO:0097242,amyloid-beta clearance,0.176229673
0,0.012509717,7,31,GO:0097340;GO:0097341,zymogen inhibition,0.176229673
0,0.012509717,2,31,GO:1904380,endoplasmic reticulum mannose trimming,0.176229673
0,0.012567245,4,699,GO:0032886;GO:0070507,regulation of microtubule-based process,0.176768976
0,0.01258743,2,459,GO:0009746;GO:0034284;GO:0009749,response to monosaccharide,0.176782184
0,0.012640427,3,330,GO:0046434,organophosphate catabolic process,0.177073677
0,0.012646743,2,420,GO:1903708,positive regulation of hemopoiesis,0.177073677
0,0.01285401,2,15,GO:0038155,interleukin-23-mediated signaling pathway,0.178344536
0,0.01285401,5,15,GO:0045313,rhabdomere membrane biogenesis,0.178344536
0,0.01285401,2,15,GO:0045346,regulation of MHC class II biosynthetic process,0.178344536
0,0.01285401,2,15,GO:0098725,symmetric cell division,0.178344536
0,0.01285401,2,15,GO:1903376,regulation of oxidative stress-induced neuron intrinsic apoptotic signaling pathway,0.178344536
0,0.01285401,4,15,GO:1903863,P granule assembly,0.178344536
0,0.012937838,2,673,GO:0007015,actin filament organization,0.179236869
0,0.01302341,2,460,GO:0006164;GO:0072522;GO:0009152;GO:0009260;GO:0046390,ribose phosphate biosynthetic process,0.179967645
0,0.013029775,5,113,GO:0032482,Rab protein signal transduction,0.179967645
0,0.013188855,2,70,GO:0043030,regulation of macrophage activation,0.181891337
0,0.013324816,2,50,GO:0090151;GO:0051204,establishment of protein localization to mitochondrial membrane,0.183490913
0,0.013458264,2,183,GO:0055072,iron ion homeostasis,0.184922386
0,0.013469034,5,60,GO:0070670;GO:0071353,response to interleukin-4,0.184922386
0,0.013563,2,23,GO:0009263,deoxyribonucleotide biosynthetic process,0.18510573
0,0.013563,6,23,GO:0033623,regulation of integrin activation,0.18510573
0,0.013563,8,23,GO:0051490,negative regulation of filopodium assembly,0.18510573
0,0.013563,2,23,GO:0060137,maternal process involved in parturition,0.18510573
0,0.013737356,3,148,GO:0034605,cellular response to heat,0.186929805
0,0.013737356,3,148,GO:0043550;GO:0043551,regulation of lipid kinase activity,0.186929805
0,0.013818387,2,81,GO:0002704,negative regulation of leukocyte mediated immunity,0.187476937
0,0.013818387,2,81,GO:0035902,response to immobilization stress,0.187476937
0,0.013901647,3,528,GO:0006631,fatty acid metabolic process,0.188328362
0,0.014007419,3,114,GO:0038083,peptidyl-tyrosine autophosphorylation,0.189481803
0,0.014138257,5,208,GO:0043277,apoptotic cell clearance,0.190970426
0,0.014194324,5,1062,GO:0043405;GO:0043406;GO:0071902,positive regulation of protein serine/threonine kinase activity,0.191446209
0,0.014270268,2,41,GO:0000920,septum digestion after cytokinesis,0.191927686
0,0.014271814,2,636,GO:0009994;GO:0048599,oocyte differentiation,0.191927686
0,0.014376658,3,270,GO:0007034;GO:0007041,vacuolar transport,0.193054974
0,0.014497606,2,71,GO:0051205,protein insertion into membrane,0.194394911
0,0.014583866,4,32,GO:0006825,copper ion transport,0.194416269
0,0.014583866,3,32,GO:0038111;GO:0098760;GO:0098761,cellular response to interleukin-7,0.194416269
0,0.014527278,3,233,GO:0050729,positive regulation of inflammatory response,0.194416269
0,0.014583866,2,32,GO:1902805,positive regulation of synaptic vesicle transport,0.194416269
0,0.014690145,2,126,GO:0030810;GO:0045981;GO:1900373;GO:1900544;GO:1903580,positive regulation of nucleotide metabolic process,0.195266255
0,0.014690145,2,126,GO:0035306,positive regulation of dephosphorylation,0.195266255
0,0.01493006,3,61,GO:0009299,mRNA transcription,0.197769594
0,0.01494307,5,51,GO:0032376;GO:0032373,positive regulation of sterol transport,0.197769594
0,0.01494307,2,51,GO:0050765,negative regulation of phagocytosis,0.197769594
0,0.015040636,2,115,GO:0030593;GO:0071621;GO:1990266,granulocyte chemotaxis,0.198204073
0,0.015040636,2,115,GO:0055090;GO:0070328,acylglycerol homeostasis,0.198204073
0,0.015114668,4,386,GO:0090316,positive regulation of intracellular protein transport,0.198787545
0,0.015128198,2,309,GO:1903959,regulation of anion transmembrane transport,0.198787545
0,0.015159313,2,1603,GO:0080135,regulation of cellular response to stress,0.198911843
0,0.015188738,2,138,GO:0032760;GO:1903557,positive regulation of tumor necrosis factor production,0.199013635
0,0.015297622,2,322,GO:0051262,protein tetramerization,0.19987007
0,0.015288926,2,93,GO:0070498,interleukin-1-mediated signaling pathway,0.19987007
0,0.015573442,2,2678,GO:1901566,organonitrogen compound biosynthetic process,0.203184751
0,0.015610525,2,748,GO:0007018,microtubule-based movement,0.203379672
0,0.015650012,2,413,GO:0031348,negative regulation of defense response,0.203605321
0,0.015673306,2,387,GO:0097237,cellular response to toxic substance,0.203619963
0,0.016286663,3,16,GO:0002295;GO:0043373;GO:0072540,T-helper cell lineage commitment,0.20473566
0,0.016361021,6,9,GO:0002788;GO:0002804;GO:0002810;GO:0006967,regulation of antifungal peptide production,0.20473566
0,0.016286663,2,16,GO:0003420,regulation of growth plate cartilage chondrocyte proliferation,0.20473566
0,0.016250442,2,24,GO:0006538,glutamate catabolic process,0.20473566
0,0.016361021,2,9,GO:0006543,glutamine catabolic process,0.20473566
0,0.016205182,2,42,GO:0007135,meiosis II,0.20473566
0,0.016361021,2,9,GO:0010728;GO:0010730,regulation of hydrogen peroxide biosynthetic process,0.20473566
0,0.016361021,2,9,GO:0019050;GO:0033668;GO:0052041;GO:0060154,negative regulation by symbiont of host apoptotic process,0.20473566
0,0.015970753,2,613,GO:0033157,regulation of intracellular protein transport,0.20473566
0,0.015842256,3,174,GO:0034103,regulation of tissue remodeling,0.20473566
0,0.016361021,4,9,GO:0034433;GO:0034434;GO:0034435,cholesterol esterification,0.20473566
0,0.015900838,2,72,GO:0035066;GO:2000758,positive regulation of peptidyl-lysine acetylation,0.20473566
0,0.016201608,2,362,GO:0045185,maintenance of protein location,0.20473566
0,0.016361021,4,9,GO:0045347,negative regulation of MHC class II biosynthetic process,0.20473566
0,0.016361021,3,9,GO:0060369,positive regulation of Fc receptor mediated stimulatory signaling pathway,0.20473566
0,0.016286663,3,16,GO:0061865,polarized secretion of basement membrane proteins in epithelium,0.20473566
0,0.016361021,2,9,GO:0071593,lymphocyte aggregation,0.20473566
0,0.016286663,6,16,GO:0090241;GO:2000619,negative regulation of histone H4 acetylation,0.20473566
0,0.016361021,3,9,GO:0098713;GO:1903801,leucine import across plasma membrane,0.20473566
0,0.016361021,5,9,GO:0120009,intermembrane lipid transfer,0.20473566
0,0.016361021,4,9,GO:1902845,negative regulation of mitotic spindle elongation,0.20473566
0,0.015900838,2,72,GO:1904707,positive regulation of vascular associated smooth muscle cell proliferation,0.20473566
0,0.016286663,2,16,GO:1990255,subsynaptic reticulum organization,0.20473566
0,0.016250442,5,24,GO:1990440,positive regulation of transcription from RNA polymerase II promoter in response to endoplasmic reticulum stress,0.20473566
0,0.016361021,3,9,GO:2000402,negative regulation of lymphocyte migration,0.20473566
0,0.016361021,4,9,GO:2000554;GO:2000556,positive regulation of T-helper 1 cell cytokine production,0.20473566
0,0.01623746,2,375,GO:2001020,regulation of response to DNA damage stimulus,0.20473566
0,0.016504446,4,62,GO:0042759,long-chain fatty acid biosynthetic process,0.205969208
0,0.016504446,6,62,GO:1903651,positive regulation of cytoplasmic transport,0.205969208
0,0.016699203,2,52,GO:0046856,phosphatidylinositol dephosphorylation,0.207834928
0,0.016699203,6,52,GO:1900426,positive regulation of defense response to bacterium,0.207834928
0,0.016742343,4,175,GO:1905953,negative regulation of lipid localization,0.208089875
0,0.01688534,5,33,GO:0035634,response to stilbenoid,0.209583578
0,0.016974752,6,468,GO:2001234,negative regulation of apoptotic signaling pathway,0.210409033
0,0.017083009,2,312,GO:0034404,nucleobase-containing small molecule biosynthetic process,0.211465555
0,0.017182195,2,249,GO:0043154;GO:2000117,negative regulation of cysteine-type endopeptidase activity,0.212407078
0,0.017281527,4,117,GO:0002286,T cell activation involved in immune response,0.213152075
0,0.017288873,2,429,GO:0006486;GO:0043413;GO:0070085,glycosylation,0.213152075
0,0.017463363,2,835,GO:0016050,vesicle organization,0.214999704
0,0.01748555,2,200,GO:0051017;GO:0061572,actin filament bundle organization,0.214999704
0,0.017540341,3,2423,GO:1902533,positive regulation of intracellular signal transduction,0.215385067
0,0.017778102,2,443,GO:0001889;GO:0061008,hepaticobiliary system development,0.218013174
0,0.017811422,2,84,GO:0010888,negative regulation of lipid storage,0.218130549
0,0.01786534,2,95,GO:1904748,regulation of apoptotic process involved in development,0.218499527
0,0.017909832,5,326,GO:0010675;GO:0010906,regulation of cellular carbohydrate metabolic process,0.218752409
0,0.018153322,3,213,GO:0006885;GO:0030641;GO:0051453,regulation of pH,0.221431956
0,0.018196864,2,63,GO:0097028,dendritic cell differentiation,0.221668694
0,0.018309636,2,141,GO:0032651;GO:0032652,regulation of interleukin-1 production,0.222267825
0,0.018318644,2,43,GO:0035815,positive regulation of renal sodium excretion,0.222267825
0,0.018318644,4,43,GO:1904754,positive regulation of vascular associated smooth muscle cell migration,0.222267825
0,0.018365602,5,238,GO:0046580;GO:0051058,negative regulation of small GTPase mediated signal transduction,0.222543603
0,0.018518223,3,484,GO:1902850,microtubule cytoskeleton organization involved in mitosis,0.224097335
0,0.018599145,3,53,GO:0051304,chromosome separation,0.224485078
0,0.018599145,5,53,GO:0070527,platelet aggregation,0.224485078
0,0.018661654,6,177,GO:0032873;GO:0070303;GO:0046329,negative regulation of stress-activated protein kinase signaling cascade,0.224943958
0,0.01888015,5,619,GO:0007162,negative regulation of cell adhesion,0.227279392
0,0.01890559,2,565,GO:0046777,protein autophosphorylation,0.227287758
0,0.01907512,2,130,GO:0042753;GO:0045938,positive regulation of circadian rhythm,0.229026119
0,0.019269641,2,25,GO:0001542,ovulation from ovarian follicle,0.229561155
0,0.019269641,3,25,GO:0002887;GO:0043301,negative regulation of myeloid leukocyte mediated immunity,0.229561155
0,0.019269641,2,25,GO:0009219,pyrimidine deoxyribonucleotide metabolic process,0.229561155
0,0.019157118,3,552,GO:0045637,regulation of myeloid cell differentiation,0.229561155
0,0.019269411,5,96,GO:0060416,response to growth hormone,0.229561155
0,0.019269641,2,25,GO:1904350;GO:1905165,regulation of protein catabolic process in the vacuole,0.229561155
0,0.019424796,3,34,GO:0018216;GO:0035246,peptidyl-arginine methylation,0.2305126
0,0.019424796,6,34,GO:1903054,negative regulation of extracellular matrix organization,0.2305126
0,0.019424796,4,34,GO:2000251,positive regulation of actin cytoskeleton reorganization,0.2305126
0,0.020011889,2,64,GO:0019896,axonal transport of mitochondrion,0.235351093
0,0.019989113,2,215,GO:0032479,regulation of type I interferon production,0.235351093
0,0.020011889,2,64,GO:0034110,regulation of homotypic cell-cell adhesion,0.235351093
0,0.020011889,2,64,GO:0042310,vasoconstriction,0.235351093
0,0.019989113,4,215,GO:0050830,defense response to Gram-positive bacterium,0.235351093
0,0.020011889,2,64,GO:0051299,centrosome separation,0.235351093
0,0.019875271,4,420,GO:0071478,cellular response to radiation,0.235351093
0,0.020241874,4,17,GO:0001955,blood vessel maturation,0.236541488
0,0.020241874,2,17,GO:0060368,regulation of Fc receptor mediated stimulatory signaling pathway,0.236541488
0,0.020241874,4,17,GO:0060770,negative regulation of epithelial cell proliferation involved in prostate gland development,0.236541488
0,0.020241874,3,17,GO:0070358,actin polymerization-dependent cell motility,0.236541488
0,0.020241874,2,17,GO:0072538;GO:0072539,T-helper 17 type immune response,0.236541488
0,0.020648652,2,54,GO:0002225;GO:0002760,positive regulation of antimicrobial humoral response,0.240682574
0,0.020648652,3,54,GO:0090330;GO:0034111;GO:0090331,regulation of platelet aggregation,0.240682574
0,0.020715054,4,75,GO:0090342,regulation of cell aging,0.241150534
0,0.020754164,3,97,GO:0006111,regulation of gluconeogenesis,0.241299991
0,0.020940268,3,2158,GO:1901135,carbohydrate derivative metabolic process,0.243155957
0,0.021210276,2,719,GO:0045765;GO:1901342,regulation of vasculature development,0.245980288
0,0.021624961,7,192,GO:0010822,positive regulation of mitochondrion organization,0.25015777
0,0.021609912,2,132,GO:1902803,regulation of synaptic vesicle transport,0.25015777
0,0.021689609,2,344,GO:0010821,regulation of mitochondrion organization,0.250590008
0,0.021854666,3,180,GO:1903391;GO:0051893;GO:0090109;GO:0150116,regulation of adherens junction organization,0.252179786
0,0.021953986,4,65,GO:0070584,mitochondrion morphogenesis,0.252690929
0,0.021953986,3,65,GO:0090169,regulation of spindle assembly,0.252690929
0,0.022277096,3,10,GO:0001922,B-1 B cell homeostasis,0.253864917
0,0.022225738,2,397,GO:0022408,negative regulation of cell-cell adhesion,0.253864917
0,0.022277096,3,10,GO:0033299,secretion of lysosomal enzymes,0.253864917
0,0.022277096,2,10,GO:0035519,protein K29-linked ubiquitination,0.253864917
0,0.022277096,2,10,GO:0044878,mitotic cytokinesis checkpoint,0.253864917
0,0.022277096,6,10,GO:0060990,lipid tube assembly involved in organelle fission,0.253864917
0,0.022277096,3,10,GO:0090365;GO:0090367,regulation of mRNA modification,0.253864917
0,0.022277096,3,10,GO:1903121;GO:1903984,regulation of TRAIL-activated apoptotic signaling pathway,0.253864917
0,0.022334854,5,306,GO:0000082;GO:0044843,cell cycle G1/S phase transition,0.254207724
0,0.022375128,2,205,GO:1900182,positive regulation of protein localization to nucleus,0.254350928
0,0.022540068,4,1411,GO:0001558,regulation of cell growth,0.255718351
0,0.022634624,2,26,GO:0032494,response to peptidoglycan,0.255718351
0,0.02260458,2,87,GO:0032655,regulation of interleukin-12 production,0.255718351
0,0.022634624,4,26,GO:0086036,regulation of cardiac muscle cell membrane potential,0.255718351
0,0.022634624,5,26,GO:2000644,regulation of receptor catabolic process,0.255718351
0,0.02285328,2,55,GO:0071243,cellular response to arsenic-containing substance,0.257871472
0,0.022968737,3,133,GO:0070849;GO:0071364,response to epidermal growth factor,0.258856252
0,0.023007058,2,181,GO:2001237,negative regulation of extrinsic apoptotic signaling pathway,0.258970375
0,0.023111077,2,45,GO:0032462,regulation of protein homooligomerization,0.25918833
0,0.023111077,2,45,GO:0032656;GO:0032674,regulation of interleukin-13 production,0.25918833
0,0.023111077,3,45,GO:0097501,stress response to metal ion,0.25918833
0,0.023365796,2,1185,GO:0051259,protein complex oligomerization,0.261725413
0,0.023728164,4,519,GO:0071241;GO:0071248,cellular response to inorganic substance,0.265460636
0,0.023991155,2,122,GO:0000212,meiotic spindle organization,0.267425679
0,0.023975835,3,99,GO:0034405,response to fluid shear stress,0.267425679
0,0.023991155,2,122,GO:0044409;GO:0052126,movement in host environment,0.267425679
0,0.024090852,2,219,GO:0007127,meiosis I,0.268211483
0,0.024340323,4,574,GO:0009743,response to carbohydrate,0.270660858
0,0.024394172,3,88,GO:1901985,positive regulation of protein acetylation,0.270931645
0,0.024464851,2,77,GO:0006007;GO:0006735;GO:0061615;GO:0061620;GO:0061621;GO:0061718,glucose catabolic process,0.271388477
0,0.024766832,2,1951,GO:0010942;GO:0043065;GO:0043068,positive regulation of cell death,0.27341749
0,0.024738146,3,18,GO:0016336,establishment or maintenance of polarity of larval imaginal disc epithelium,0.27341749
0,0.024738146,2,18,GO:0036109,alpha-linolenic acid metabolic process,0.27341749
0,0.024738146,2,18,GO:0042726;GO:0006771,flavin-containing compound metabolic process,0.27341749
0,0.024926447,2,111,GO:0040020,regulation of meiotic nuclear division,0.274849239
0,0.025046334,2,309,GO:0006575,cellular modified amino acid metabolic process,0.275840019
0,0.025256743,4,36,GO:0006516,glycoprotein catabolic process,0.277160313
0,0.025256743,4,36,GO:0043649,dicarboxylic acid catabolic process,0.277160313
0,0.025256743,5,36,GO:1903729,regulation of plasma membrane organization,0.277160313
0,0.025628084,3,1020,GO:0006644;GO:0006650;GO:0046486,glycerolipid metabolic process,0.280564906
0,0.025618307,2,271,GO:0048771,tissue remodeling,0.280564906
0,0.025676122,2,713,GO:0009100;GO:0009101,glycoprotein metabolic process,0.280707745
0,0.025702255,2,576,GO:0045807,positive regulation of endocytosis,0.280707745
0,0.025804035,3,46,GO:0071318,cellular response to ATP,0.281150728
0,0.025777047,5,208,GO:1903426,regulation of reactive oxygen species biosynthetic process,0.281150728
0,0.025933306,2,297,GO:0001816,cytokine production,0.282224421
0,0.02628454,4,89,GO:0034123;GO:0062208,positive regulation of pattern recognition receptor signaling pathway,0.28481829
0,0.026234856,5,509,GO:0036294;GO:0071453;GO:0071456,cellular response to oxygen levels,0.28481829
0,0.026357708,2,27,GO:0043651,linoleic acid metabolic process,0.28481829
0,0.026236583,2,67,GO:0046164,alcohol catabolic process,0.28481829
0,0.026357708,3,27,GO:0090231;GO:0090266;GO:1903504,regulation of spindle checkpoint,0.28481829
0,0.026357708,6,27,GO:1903862,positive regulation of oxidative phosphorylation,0.28481829
0,0.026428917,2,389,GO:0005996;GO:0019318,monosaccharide metabolic process,0.285252182
0,0.026512387,2,78,GO:0045010,actin nucleation,0.285817228
0,0.02660997,3,112,GO:0009064,glutamine family amino acid metabolic process,0.286197396
0,0.02660997,2,112,GO:0022617,extracellular matrix disassembly,0.286197396
0,0.027157628,2,124,GO:2000378,negative regulation of reactive oxygen species metabolic process,0.291745979
0,0.027569426,2,222,GO:0002698,negative regulation of immune effector process,0.295478616
0,0.027569426,3,222,GO:1901568,fatty acid derivative metabolic process,0.295478616
0,0.027748971,2,57,GO:0000266,mitochondrial fission,0.296021254
0,0.027654885,2,457,GO:0009408,response to heat,0.296021254
0,0.027748971,2,57,GO:0043090,amino acid import,0.296021254
0,0.027748971,4,57,GO:1902230,negative regulation of intrinsic apoptotic signaling pathway in response to DNA damage,0.296021254
0,0.028085335,8,185,GO:0045582;GO:0045621,positive regulation of lymphocyte differentiation,0.299261955
0,0.028375396,4,113,GO:0008089,anterograde axonal transport,0.302002327
0,0.028566826,2,37,GO:0002726,positive regulation of T cell cytokine production,0.302986486
0,0.028566826,3,37,GO:0045579,positive regulation of B cell differentiation,0.302986486
0,0.028566826,3,37,GO:0051307,meiotic chromosome separation,0.302986486
0,0.028703442,2,47,GO:0032673;GO:0032753,regulation of interleukin-4 production,0.304084327
0,0.029033444,3,149,GO:0002718,regulation of cytokine production involved in immune response,0.304430387
0,0.029200127,2,11,GO:0006564,L-serine biosynthetic process,0.304430387
0,0.029200127,2,11,GO:0010873,positive regulation of cholesterol esterification,0.304430387
0,0.029200127,2,11,GO:0014036,neural crest cell fate specification,0.304430387
0,0.028809911,6,223,GO:0014910,regulation of smooth muscle cell migration,0.304430387
0,0.029200127,5,11,GO:0032637,interleukin-8 production,0.304430387
0,0.029033444,3,149,GO:0035065;GO:2000756,regulation of peptidyl-lysine acetylation,0.304430387
0,0.029200127,5,11,GO:0046495;GO:0070637,nicotinamide riboside metabolic process,0.304430387
0,0.029200127,3,11,GO:0051987,positive regulation of attachment of spindle microtubules to kinetochore,0.304430387
0,0.029200127,2,11,GO:0085020,protein K6-linked ubiquitination,0.304430387
0,0.029200127,3,11,GO:1901075,negative regulation of engulfment of apoptotic cell,0.304430387
0,0.028919541,2,339,GO:1905477,positive regulation of protein localization to membrane,0.304430387
0,0.029200127,5,11,GO:1990668,vesicle fusion with endoplasmic reticulum-Golgi intermediate compartment (ERGIC) membrane,0.304430387
0,0.029200127,4,11,GO:2000354;GO:2000386,regulation of ovarian follicle development,0.304430387
0,0.029419346,4,858,GO:0032147,activation of protein kinase activity,0.306368128
0,0.029477333,2,186,GO:0046634,regulation of alpha-beta T cell activation,0.306624349
0,0.029789349,5,19,GO:0010757,negative regulation of plasminogen activation,0.306743461
0,0.029789349,6,19,GO:0015677,copper ion import,0.306743461
0,0.029559407,3,211,GO:0030595,leukocyte chemotaxis,0.306743461
0,0.029590287,4,249,GO:0031100,animal organ regeneration,0.306743461
0,0.029789349,6,19,GO:0034379,very-low-density lipoprotein particle assembly,0.306743461
0,0.029789349,4,19,GO:0045625;GO:0045627,regulation of T-helper 1 cell differentiation,0.306743461
0,0.029789349,2,19,GO:0097210;GO:0097211,response to gonadotropin-releasing hormone,0.306743461
0,0.029789349,3,19,GO:1902965;GO:1902966;GO:1905668,regulation of protein localization to early endosome,0.306743461
0,0.029789349,4,19,GO:1990001,inhibition of cysteine-type endopeptidase activity involved in apoptotic process,0.306743461
0,0.030092214,4,224,GO:0072384,organelle transport along microtubule,0.309515106
0,0.030449924,4,58,GO:0006536,glutamate metabolic process,0.311104067
0,0.030449438,3,28,GO:0032463,negative regulation of protein homooligomerization,0.311104067
0,0.030449438,2,28,GO:0032660;GO:0032700,regulation of interleukin-17 production,0.311104067
0,0.030449438,3,28,GO:0050667,homocysteine metabolic process,0.311104067
0,0.030449438,2,28,GO:0051608;GO:0001821,histamine transport,0.311104067
0,0.030378712,4,91,GO:2000779,regulation of double-strand break repair,0.311104067
0,0.030635242,2,902,GO:0045926,negative regulation of growth,0.312649667
0,0.030742279,3,138,GO:0045176,apical protein localization,0.31339382
0,0.030969287,2,80,GO:0009069,serine family amino acid metabolic process,0.314604405
0,0.030969287,2,80,GO:1901030;GO:1903749,positive regulation of establishment of protein localization to mitochondrion,0.314604405
0,0.030998039,2,341,GO:1903305,regulation of regulated secretory pathway,0.314604405
0,0.031077478,2,69,GO:0008206;GO:0006699,bile acid metabolic process,0.315062508
0,0.031433561,2,529,GO:1905952,regulation of lipid localization,0.31832112
0,0.031815184,4,48,GO:0009949,polarity specification of anterior/posterior axis,0.321476862
0,0.031815184,2,48,GO:0018195,peptidyl-arginine modification,0.321476862
0,0.03197478,2,163,GO:0031670,cellular response to nutrient,0.322380187
0,0.03197478,4,163,GO:0043331,response to dsRNA,0.322380187
0,0.032149977,6,38,GO:0002693,positive regulation of cellular extravasation,0.323791157
0,0.032469901,2,127,GO:0002526,acute inflammatory response,0.326297636
0,0.032469901,2,127,GO:0071398,cellular response to fatty acid,0.326297636
0,0.033071175,3,176,GO:0046902;GO:0090559,regulation of membrane permeability,0.331976764
0,0.033325737,2,59,GO:0010971;GO:1902751,positive regulation of cell cycle G2/M phase transition,0.332681325
0,0.033325737,5,59,GO:0030212,hyaluronan metabolic process,0.332681325
0,0.033384906,2,81,GO:0032374;GO:0032371,regulation of cholesterol transport,0.332681325
0,0.033325737,2,59,GO:0032735,positive regulation of interleukin-12 production,0.332681325
0,0.033394903,6,641,GO:0045930,negative regulation of mitotic cell cycle,0.332681325
0,0.033384906,2,81,GO:0046636,negative regulation of alpha-beta T cell activation,0.332681325
0,0.033384906,2,81,GO:0072595,maintenance of protein localization in organelle,0.332681325
0,0.0334477,2,991,GO:0045787,positive regulation of cell cycle,0.33284629
0,0.034918547,5,29,GO:0000098,sulfur amino acid catabolic process,0.333109594
0,0.035867372,8,5,GO:0002397;GO:0002502,peptide antigen assembly with MHC class I protein complex,0.333109594
0,0.035867372,6,5,GO:0002541,activation of plasma proteins involved in acute inflammatory response,0.333109594
0,0.034531078,2,240,GO:0002706,regulation of lymphocyte mediated immunity,0.333109594
0,0.034182996,2,116,GO:0002709,regulation of T cell mediated immunity,0.333109594
0,0.035867372,2,5,GO:0002924,negative regulation of humoral immune response mediated by circulating immunoglobulin,0.333109594
0,0.035655298,3,228,GO:0006638;GO:0006639;GO:0006641,neutral lipid metabolic process,0.333109594
0,0.036012828,4,39,GO:0006646;GO:0046337,phosphatidylethanolamine metabolic process,0.333109594
0,0.034918547,2,29,GO:0006882,cellular zinc ion homeostasis,0.333109594
0,0.034918547,2,29,GO:0007318,pole plasm protein localization,0.333109594
0,0.035867372,2,5,GO:0008228,opsonization,0.333109594
0,0.035144654,2,49,GO:0008631;GO:0036473,cell death in response to oxidative stress,0.333109594
0,0.034070041,2,357,GO:0010212,response to ionizing radiation,0.333109594
0,0.033614291,3,104,GO:0010592;GO:1902745,positive regulation of lamellipodium organization,0.333109594
0,0.035867372,7,5,GO:0010732;GO:0010734,regulation of protein glutathionylation,0.333109594
0,0.035831954,2,105,GO:0014003,oligodendrocyte development,0.333109594
0,0.033546928,3,655,GO:0016311,dephosphorylation,0.333109594
0,0.035954093,2,534,GO:0018105;GO:0018209,peptidyl-serine modification,0.333109594
0,0.035867372,4,5,GO:0019563,glycerol catabolic process,0.333109594
0,0.034918547,4,29,GO:0030214,hyaluronan catabolic process,0.333109594
0,0.035867372,4,5,GO:0032185,septin cytoskeleton organization,0.333109594
0,0.034918547,2,29,GO:0032211,negative regulation of telomere maintenance via telomerase,0.333109594
0,0.033716783,3,70,GO:0032594,protein transport within lipid bilayer,0.333109594
0,0.035831954,2,105,GO:0032663,regulation of interleukin-2 production,0.333109594
0,0.035404847,4,20,GO:0032693,negative regulation of interleukin-10 production,0.333109594
0,0.035867372,2,5,GO:0036510,trimming of terminal mannose on C branch,0.333109594
0,0.036012828,4,39,GO:0042789,mRNA transcription by RNA polymerase II,0.333109594
0,0.034908446,2,93,GO:0043500;GO:0014888,muscle adaptation,0.333109594
0,0.035867372,3,5,GO:0043629;GO:0043630,ncRNA polyadenylation,0.333109594
0,0.035867372,5,5,GO:0044324,regulation of transcription involved in anterior/posterior axis specification,0.333109594
0,0.034918547,5,29,GO:0045477,regulation of nurse cell apoptotic process,0.333109594
0,0.034918547,2,29,GO:0046519;GO:0006670,sphingoid metabolic process,0.333109594
0,0.036012828,2,39,GO:0046602,regulation of mitotic centrosome separation,0.333109594
0,0.034908446,3,93,GO:0046839,phospholipid dephosphorylation,0.333109594
0,0.035867372,2,5,GO:0050689,negative regulation of defense response to virus by host,0.333109594
0,0.034896438,3,266,GO:0050728,negative regulation of inflammatory response,0.333109594
0,0.034918547,2,29,GO:0051383,kinetochore organization,0.333109594
0,0.0353739,2,1539,GO:0055114,oxidation-reduction process,0.333109594
0,0.035867372,2,5,GO:0060574,intestinal epithelial cell maturation,0.333109594
0,0.034397588,2,128,GO:0061077,chaperone-mediated protein folding,0.333109594
0,0.035144654,5,49,GO:0071379;GO:0071380,cellular response to prostaglandin stimulus,0.333109594
0,0.035867372,2,5,GO:0071722,detoxification of arsenic-containing substance,0.333109594
0,0.035379383,2,1222,GO:0071900,regulation of protein serine/threonine kinase activity,0.333109594
0,0.035867372,3,5,GO:0072757,cellular response to camptothecin,0.333109594
0,0.035867372,3,5,GO:0086100,endothelin receptor signaling pathway,0.333109594
0,0.035404847,4,20,GO:0090186;GO:0090188,regulation of pancreatic juice secretion,0.333109594
0,0.035867372,2,5,GO:0097017,renal protein absorption,0.333109594
0,0.036012828,2,39,GO:0098877;GO:0098969;GO:1903540;GO:0099632,protein transport within plasma membrane,0.333109594
0,0.034908446,2,93,GO:0120033,negative regulation of plasma membrane bounded cell projection assembly,0.333109594
0,0.035867372,6,5,GO:1900161;GO:1900163;GO:0110113,regulation of phospholipid scramblase activity,0.333109594
0,0.033716783,6,70,GO:1901099,negative regulation of signal transduction in absence of ligand,0.333109594
0,0.034338085,2,140,GO:1902041,regulation of extrinsic apoptotic signaling pathway via death domain receptors,0.333109594
0,0.035867372,2,5,GO:1902581;GO:1902583,multi-organism cellular localization,0.333109594
0,0.03592925,2,82,GO:1903077;GO:1904376;GO:1905476,negative regulation of protein localization to membrane,0.333109594
0,0.035867372,2,5,GO:1903233,regulation of calcium ion-dependent exocytosis of neurotransmitter,0.333109594
0,0.036012828,2,39,GO:1903361,protein localization to basolateral plasma membrane,0.333109594
0,0.035867372,2,5,GO:1903613,regulation of protein tyrosine phosphatase activity,0.333109594
0,0.035867372,3,5,GO:1903964,monounsaturated fatty acid metabolic process,0.333109594
0,0.035867372,2,5,GO:1904009,cellular response to monosodium glutamate,0.333109594
0,0.035867372,2,5,GO:1904204,regulation of skeletal muscle hypertrophy,0.333109594
0,0.035867372,5,5,GO:1904351;GO:1905166,negative regulation of lysosomal protein catabolic process,0.333109594
0,0.036012828,2,39,GO:1904424,regulation of GTP binding,0.333109594
0,0.035867372,2,5,GO:1904643,response to curcumin,0.333109594
0,0.035867372,5,5,GO:1905217,response to astaxanthin,0.333109594
0,0.035867372,3,5,GO:2000120,positive regulation of sodium-dependent phosphate transport,0.333109594
0,0.035404847,3,20,GO:2000586,regulation of platelet-derived growth factor receptor-beta signaling pathway,0.333109594
0,0.035867372,4,5,GO:2001027,negative regulation of endothelial cell chemotaxis,0.333109594
0,0.036392124,6,178,GO:0006977;GO:0072431;GO:1902400;GO:1902402;GO:0072422;GO:0072401;GO:0072395;GO:1902403;GO:0072413;GO:0031571;GO:0044783;GO:0044819,mitotic G1/S transition checkpoint,0.335267459
0,0.036380614,2,60,GO:0034122,negative regulation of toll-like receptor signaling pathway,0.335267459
0,0.036380614,6,60,GO:0051081;GO:0030397,membrane disassembly,0.335267459
0,0.036392124,5,178,GO:0055021;GO:0060420,regulation of heart growth,0.335267459
0,0.036506663,6,71,GO:0002287;GO:0002292;GO:0002293;GO:0002294;GO:0042093,T cell differentiation involved in immune response,0.335313701
0,0.036506663,2,71,GO:0030449,regulation of complement activation,0.335313701
0,0.036506663,2,71,GO:0042149,cellular response to glucose starvation,0.335313701
0,0.037121457,5,12,GO:0002069,columnar/cuboidal epithelial cell maturation,0.336253038
0,0.037121457,2,12,GO:0007147,female meiosis II,0.336253038
0,0.037121457,3,12,GO:0019470,4-hydroxyproline catabolic process,0.336253038
0,0.037121457,3,12,GO:0022614,membrane to membrane docking,0.336253038
0,0.037121457,2,12,GO:0032667,regulation of interleukin-23 production,0.336253038
0,0.037121457,5,12,GO:0039526;GO:0052150,modulation by symbiont of host apoptotic process,0.336253038
0,0.037121457,4,12,GO:0051306,mitotic sister chromatid separation,0.336253038
0,0.037121457,3,12,GO:0060161,positive regulation of dopamine receptor signaling pathway,0.336253038
0,0.037121457,2,12,GO:0070235,regulation of activation-induced cell death of T cells,0.336253038
0,0.037121457,2,12,GO:0070934,CRD-mediated mRNA stabilization,0.336253038
0,0.037121457,2,12,GO:0071283,cellular response to iron(III) ion,0.336253038
0,0.037121457,2,12,GO:0071409,cellular response to cycloheximide,0.336253038
0,0.037121457,2,12,GO:0097466,ubiquitin-dependent glycoprotein ERAD pathway,0.336253038
0,0.037121457,7,12,GO:1904508,regulation of protein localization to basolateral plasma membrane,0.336253038
0,0.037417987,5,307,GO:0001959;GO:0060759,regulation of response to cytokine stimulus,0.338605134
0,0.0374767,2,563,GO:0043281;GO:2000116,regulation of cysteine-type endopeptidase activity,0.338802643
0,0.037572315,6,360,GO:0000187,activation of MAPK activity,0.338999722
0,0.03768654,3,1240,GO:0043900,regulation of multi-organism process,0.339696631
0,0.038141266,2,179,GO:0032570,response to progesterone,0.34345836
0,0.038296979,3,619,GO:0045861,negative regulation of proteolysis,0.344522774
0,0.038499813,2,118,GO:0006165;GO:0046939,nucleotide phosphorylation,0.345332794
0,0.038498217,4,130,GO:0060333,interferon-gamma-mediated signaling pathway,0.345332794
0,0.038498217,3,130,GO:0097530,granulocyte migration,0.345332794
0,0.038605092,2,83,GO:0046513,ceramide biosynthetic process,0.345939292
0,0.038696721,4,50,GO:0042996;GO:0042998,regulation of Golgi to plasma membrane protein transport,0.346422398
0,0.038748235,2,308,GO:0050777,negative regulation of immune response,0.346545804
0,0.039450352,3,72,GO:0006749,glutathione metabolic process,0.35145634
0,0.039450352,3,72,GO:0007202,activation of phospholipase C activity,0.35145634
0,0.039450352,2,72,GO:0030588;GO:0030589,pseudocleavage,0.35145634
0,0.039450352,3,72,GO:0033006;GO:0043304,regulation of mast cell degranulation,0.35145634
0,0.039771934,2,30,GO:0010737,protein kinase A signaling,0.351593088
0,0.039618434,4,61,GO:0032728,positive regulation of interferon-beta production,0.351593088
0,0.039771934,4,30,GO:0061614,pri-miRNA transcription by RNA polymerase II,0.351593088
0,0.039771934,6,30,GO:0070932,histone H3 deacetylation,0.351593088
0,0.039618434,5,61,GO:0090306,spindle assembly involved in meiosis,0.351593088
0,0.039771934,4,30,GO:0090527,actin filament reorganization,0.351593088
0,0.039771934,2,30,GO:1902415;GO:1905214,regulation of RNA binding,0.351593088
0,0.039771934,2,30,GO:1904801,positive regulation of neuron remodeling,0.351593088
0,0.039893534,2,95,GO:0002720,positive regulation of cytokine production involved in immune response,0.352328948
0,0.040161088,4,40,GO:0002902,regulation of B cell apoptotic process,0.352657354
0,0.040161088,4,40,GO:0007377,germ-band extension,0.352657354
0,0.040161088,2,40,GO:0043650,dicarboxylic acid biosynthetic process,0.352657354
0,0.040161088,2,40,GO:0046174,polyol catabolic process,0.352657354
0,0.040161088,2,40,GO:1901673,regulation of mitotic spindle assembly,0.352657354
0,0.040161088,-1,40,GO:2001273,obsolete regulation of glucose import in response to insulin stimulus,0.352657354
0,0.040285932,2,2103,GO:0019637,organophosphate metabolic process,0.353415745
0,0.04038617,2,944,GO:1903706,regulation of hemopoiesis,0.353957035
0,0.040574215,2,107,GO:0030834,regulation of actin filament depolymerization,0.355266123
0,0.040705826,3,193,GO:0060191,regulation of lipase activity,0.356079061
0,0.040892331,2,168,GO:0006690;GO:0033559,icosanoid metabolic process,0.357370183
0,0.041589683,2,21,GO:0032329;GO:0015825,serine transport,0.361059775
0,0.041415048,6,84,GO:0032459,regulation of protein oligomerization,0.361059775
0,0.041589683,2,21,GO:0034162,toll-like receptor 9 signaling pathway,0.361059775
0,0.041589683,4,21,GO:0034380,high-density lipoprotein particle assembly,0.361059775
0,0.041589683,5,21,GO:0048210,Golgi vesicle fusion to target membrane,0.361059775
0,0.04141841,2,512,GO:0051302,regulation of cell division,0.361059775
0,0.041589683,4,21,GO:0093002;GO:1901244;GO:1902097,obsolete positive regulation of transcription from RNA polymerase II promoter involved in defense response to fungus,0.361059775
0,0.041963315,2,284,GO:0016051,carbohydrate biosynthetic process,0.363959438
0,0.042562538,2,96,GO:0001569,branching involved in blood vessel morphogenesis,0.366045795
0,0.042475711,2,51,GO:0001773;GO:0043011,myeloid dendritic cell activation,0.366045795
0,0.042550854,5,73,GO:0010543,regulation of platelet activation,0.366045795
0,0.042475711,2,51,GO:0044320;GO:0044321,response to leptin,0.366045795
0,0.042550854,2,73,GO:0046596;GO:0052372,modulation by symbiont of entry into host,0.366045795
0,0.042475711,5,51,GO:1901201,regulation of extracellular matrix assembly,0.366045795
0,0.042475711,3,51,GO:2000108,positive regulation of leukocyte apoptotic process,0.366045795
0,0.042283501,2,918,GO:2000241,regulation of reproductive process,0.366045795
0,0.043057331,7,207,GO:0008543,fibroblast growth factor receptor signaling pathway,0.369954706
0,0.043189268,2,120,GO:0045806,negative regulation of endocytosis,0.370395358
0,0.043189268,2,120,GO:1900424,regulation of defense response to bacterium,0.370395358
0,0.043266259,2,905,GO:0035690,cellular response to drug,0.370709504
0,0.043307671,4,500,GO:0030278,regulation of ossification,0.370718507
0,0.043348929,3,1596,GO:0030155,regulation of cell adhesion,0.370726174
0,0.043482018,5,285,GO:1903900,regulation of viral life cycle,0.371518454
0,0.043825444,3,157,GO:0031623,receptor internalization,0.373757388
0,0.043825444,2,157,GO:2001021,negative regulation of response to DNA damage stimulus,0.373757388
0,0.044357589,2,1149,GO:0010608,posttranscriptional regulation of gene expression,0.37692967
0,0.044361565,2,85,GO:0032509;GO:0071985,multivesicular body sorting pathway,0.37692967
0,0.044361565,3,85,GO:0033198,response to ATP,0.37692967
0,0.044361565,2,85,GO:0048134,germ-line cyst formation,0.37692967
0,0.044599514,5,41,GO:0014042,positive regulation of neuron maturation,0.377206756
0,0.044599514,2,41,GO:0034616,response to laminar fluid shear stress,0.377206756
0,0.044599514,2,41,GO:0035076;GO:0071390,cellular response to ecdysone,0.377206756
0,0.044599514,3,41,GO:0036295,cellular response to increased oxygen levels,0.377206756
0,0.044599514,3,41,GO:1902236,negative regulation of endoplasmic reticulum stress-induced intrinsic apoptotic signaling pathway,0.377206756
0,0.045014669,4,31,GO:0001973;GO:0035588,G protein-coupled purinergic receptor signaling pathway,0.378973173
0,0.045014669,2,31,GO:0043653,mitochondrial fragmentation involved in apoptotic process,0.378973173
0,0.045014669,2,31,GO:0060159,regulation of dopamine receptor signaling pathway,0.378973173
0,0.045014669,3,31,GO:1900425,negative regulation of defense response to bacterium,0.378973173
0,0.045014669,6,31,GO:1904355,positive regulation of telomere capping,0.378973173
0,0.045074476,2,529,GO:0007623,circadian rhythm,0.379129181
0,0.045254484,3,273,GO:0007173;GO:0038127,ERBB signaling pathway,0.380295003
0,0.045351981,3,97,GO:0098586,cellular response to virus,0.380765946
0,0.045752458,4,183,GO:0001676,long-chain fatty acid metabolic process,0.380806978
0,0.046020223,3,13,GO:0002604;GO:0002606,regulation of dendritic cell antigen processing and presentation,0.380806978
0,0.046020223,2,13,GO:0007284,spermatogonial cell division,0.380806978
0,0.045998946,3,434,GO:0016054;GO:0046395,organic acid catabolic process,0.380806978
0,0.046020223,3,13,GO:0019530;GO:0019694,taurine metabolic process,0.380806978
0,0.046020223,3,13,GO:0032740,positive regulation of interleukin-17 production,0.380806978
0,0.046020223,5,13,GO:0045040,protein insertion into mitochondrial outer membrane,0.380806978
0,0.046020223,2,13,GO:0046070,dGTP metabolic process,0.380806978
0,0.046020223,4,13,GO:0046449;GO:0072338,cellular lactam metabolic process,0.380806978
0,0.045752458,2,183,GO:0051155,positive regulation of striated muscle cell differentiation,0.380806978
0,0.046020223,6,13,GO:0051382,kinetochore assembly,0.380806978
0,0.045752458,2,183,GO:0051590,positive regulation of neurotransmitter transport,0.380806978
0,0.046020223,3,13,GO:0060696,regulation of phospholipid catabolic process,0.380806978
0,0.045955464,2,353,GO:0061041,regulation of wound healing,0.380806978
0,0.046020223,2,13,GO:1901097,negative regulation of autophagosome maturation,0.380806978
0,0.046020223,3,13,GO:1905098,negative regulation of guanyl-nucleotide exchange factor activity,0.380806978
0,0.046287782,3,627,GO:0050863;GO:1903037,regulation of T cell activation,0.382676221
0,0.046477273,2,544,GO:0008654;GO:0046474;GO:0045017,phospholipid biosynthetic process,0.383274958
0,0.04648539,2,52,GO:2000352,negative regulation of endothelial cell apoptotic process,0.383274958
0,0.047176832,3,235,GO:0010827;GO:0046324,regulation of glucose transmembrane transport,0.388627089
0,0.047446917,2,86,GO:0061028,establishment of endothelial barrier,0.39015213
0,0.047446917,2,86,GO:2000647,negative regulation of stem cell proliferation,0.39015213
0,0.047722952,6,134,GO:0045600,positive regulation of fat cell differentiation,0.39207094
0,0.048236949,3,159,GO:0010828;GO:1903961;GO:0046326,positive regulation of anion transmembrane transport,0.395059579
0,0.048344798,2,22,GO:0042178,xenobiotic catabolic process,0.395059579
0,0.048344798,6,22,GO:1901857,positive regulation of cellular respiration,0.395059579
0,0.048344798,2,22,GO:2000042,negative regulation of double-strand break repair via homologous recombination,0.395059579
0,0.048344798,3,22,GO:2001204,regulation of osteoclast development,0.395059579
0,0.048547134,2,699,GO:0007584,response to nutrient,0.39636038
0,0.048993738,4,382,GO:0006606;GO:0017038;GO:0051170,protein import,0.399651404
0,0.04921941,2,172,GO:0002449,lymphocyte mediated immunity,0.40018229
0,0.049233096,4,75,GO:0042098,T cell proliferation,0.40018229
0,0.04921941,2,172,GO:1904035,regulation of epithelial cell apoptotic process,0.40018229
0,0.049233096,3,75,GO:1905898,positive regulation of response to endoplasmic reticulum stress,0.40018229
0,0.049331903,3,42,GO:0072325;GO:0072327,vulval cell fate commitment,0.400630882
0,0.049590005,3,1445,GO:0032535,regulation of cellular component size,0.402371195
0,0.051549163,2,6,GO:0002019,regulation of renal output by angiotensin,0.402618253
0,0.051549163,2,6,GO:0002513,tolerance induction to self antigen,0.402618253
0,0.051549163,2,6,GO:0006667;GO:0046511,sphinganine metabolic process,0.402618253
0,0.05055599,4,160,GO:0008630,intrinsic apoptotic signaling pathway in response to DNA damage,0.402618253
0,0.051549163,2,6,GO:0010573,vascular endothelial growth factor production,0.402618253
0,0.051549163,3,6,GO:0010751,negative regulation of nitric oxide mediated signal transduction,0.402618253
0,0.050673194,3,87,GO:0010762,regulation of fibroblast migration,0.402618253
0,0.051549163,2,6,GO:0014038,regulation of Schwann cell differentiation,0.402618253
0,0.051549163,2,6,GO:0014805,smooth muscle adaptation,0.402618253
0,0.051549163,7,6,GO:0015755,fructose transmembrane transport,0.402618253
0,0.051549163,4,6,GO:0015827,tryptophan transport,0.402618253
0,0.051549163,5,6,GO:0019676;GO:0019740;GO:0006542,ammonia assimilation cycle,0.402618253
0,0.051549163,2,6,GO:0022615,protein to membrane docking,0.402618253
0,0.051549163,3,6,GO:0023035,CD40 signaling pathway,0.402618253
0,0.051549163,3,6,GO:0030954,astral microtubule nucleation,0.402618253
0,0.050650003,3,32,GO:0034975,protein folding in endoplasmic reticulum,0.402618253
0,0.051549163,5,6,GO:0035621,ER to Golgi ceramide transport,0.402618253
0,0.051549163,4,6,GO:0038113;GO:0071355,interleukin-9-mediated signaling pathway,0.402618253
0,0.051549163,3,6,GO:0045064,T-helper 2 cell differentiation,0.402618253
0,0.050650003,3,32,GO:0045624,positive regulation of T-helper cell differentiation,0.402618253
0,0.050305563,2,856,GO:0045862,positive regulation of proteolysis,0.402618253
0,0.051549163,2,6,GO:0046370,fructose biosynthetic process,0.402618253
0,0.051299796,5,99,GO:0048008,platelet-derived growth factor receptor signaling pathway,0.402618253
0,0.050686215,3,1229,GO:0051051,negative regulation of transport,0.402618253
0,0.051549163,2,6,GO:0051097,negative regulation of helicase activity,0.402618253
0,0.051549163,2,6,GO:0051541,elastin metabolic process,0.402618253
0,0.05046307,4,64,GO:0055022;GO:0061117,negative regulation of cardiac muscle tissue growth,0.402618253
0,0.051549163,4,6,GO:0061433,cellular response to caloric restriction,0.402618253
0,0.051549163,2,6,GO:0070427,nucleotide-binding oligomerization domain containing 1 signaling pathway,0.402618253
0,0.051549163,5,6,GO:0071650,negative regulation of chemokine (C-C motif) ligand 5 production,0.402618253
0,0.051299796,2,99,GO:0072499,photoreceptor cell axon guidance,0.402618253
0,0.051549163,2,6,GO:0080058,protein deglutathionylation,0.402618253
0,0.051549163,3,6,GO:0090521,glomerular visceral epithelial cell migration,0.402618253
0,0.051549163,2,6,GO:1902728,positive regulation of growth factor dependent skeletal muscle satellite cell proliferation,0.402618253
0,0.049962928,2,289,GO:1903036,positive regulation of response to wounding,0.402618253
0,0.051549163,3,6,GO:1903179;GO:1903181,regulation of dopamine biosynthetic process,0.402618253
0,0.051549163,6,6,GO:1903378,positive regulation of oxidative stress-induced neuron intrinsic apoptotic signaling pathway,0.402618253
0,0.051549163,2,6,GO:1904046,negative regulation of vascular endothelial growth factor production,0.402618253
0,0.051549163,4,6,GO:1904638,response to resveratrol,0.402618253
0,0.051549163,7,6,GO:1904920;GO:1904922,regulation of MAPK cascade involved in axon regeneration,0.402618253
0,0.051549163,2,6,GO:1904978,regulation of endosome organization,0.402618253
0,0.051549163,6,6,GO:1905342,positive regulation of protein localization to kinetochore,0.402618253
0,0.051549163,2,6,GO:1990359,stress response to zinc ion,0.402618253
0,0.052132535,2,186,GO:0032272,negative regulation of protein polymerization,0.406828663
0,0.052568158,2,199,GO:0032024,positive regulation of insulin secretion,0.409879908
0,0.052905526,2,225,GO:0010324;GO:0099024,membrane invagination,0.410766911
0,0.052819603,3,76,GO:0010893;GO:0045940,positive regulation of steroid metabolic process,0.410766911
0,0.05283762,5,887,GO:0022407,regulation of cell-cell adhesion,0.410766911
0,0.052905526,4,225,GO:0070542,response to fatty acid,0.410766911
0,0.052869211,2,136,GO:1901074;GO:2000425,regulation of apoptotic cell clearance,0.410766911
0,0.052951907,2,161,GO:0006090,pyruvate metabolic process,0.410779786
0,0.053196828,3,508,GO:0016032,viral process,0.412331528
0,0.053482972,3,385,GO:0034250;GO:0045727,positive regulation of cellular amide metabolic process,0.414199911
0,0.053736654,2,124,GO:1902742,apoptotic process involved in development,0.41581396
0,0.054029648,5,704,GO:0007424,open tracheal system development,0.417729222
0,0.054335336,2,149,GO:0007569,cell aging,0.418530192
0,0.05436108,2,43,GO:0030953,astral microtubule organization,0.418530192
0,0.05436108,5,43,GO:0046339,diacylglycerol metabolic process,0.418530192
0,0.05436108,2,43,GO:1900037,regulation of cellular response to hypoxia,0.418530192
0,0.05436108,4,43,GO:1902043,positive regulation of extrinsic apoptotic signaling pathway via death domain receptors,0.418530192
0,0.054464345,2,65,GO:0048137,spermatocyte division,0.418623435
0,0.054464345,3,65,GO:0051447,negative regulation of meiotic cell cycle,0.418623435
0,0.055865543,2,14,GO:0002679,respiratory burst involved in defense response,0.420939302
0,0.055667281,2,23,GO:0002834;GO:0002836;GO:0002837;GO:0002839,regulation of response to tumor cell,0.420939302
0,0.055865543,3,14,GO:0006106;GO:0019551,fumarate metabolic process,0.420939302
0,0.055865543,3,14,GO:0006686,sphingomyelin biosynthetic process,0.420939302
0,0.055208993,4,54,GO:0006829;GO:0071577,zinc ion transport,0.420939302
0,0.055865543,3,14,GO:0007374,posterior midgut invagination,0.420939302
0,0.054966609,2,226,GO:0009620;GO:0050832,response to fungus,0.420939302
0,0.055487348,2,1584,GO:0030335;GO:2000147;GO:0040017;GO:0051272,positive regulation of locomotion,0.420939302
0,0.055263875,6,292,GO:0032006,regulation of TOR signaling,0.420939302
0,0.055667281,5,23,GO:0032025,response to cobalt ion,0.420939302
0,0.055667281,2,23,GO:0032510,endosome to lysosome transport via multivesicular body sorting pathway,0.420939302
0,0.055865543,4,14,GO:0033210,leptin-mediated signaling pathway,0.420939302
0,0.055865543,3,14,GO:0033353,S-adenosylmethionine cycle,0.420939302
0,0.055865543,2,14,GO:0035434,copper ion transmembrane transport,0.420939302
0,0.055865543,5,14,GO:0039536,negative regulation of RIG-I signaling pathway,0.420939302
0,0.055865543,2,14,GO:0043615,astrocyte cell migration,0.420939302
0,0.055667281,6,23,GO:0046439,L-cysteine metabolic process,0.420939302
0,0.055865543,3,14,GO:0048052,R1/R6 cell differentiation,0.420939302
0,0.055208993,2,54,GO:0048247,lymphocyte chemotaxis,0.420939302
0,0.055865543,3,14,GO:0048659,smooth muscle cell proliferation,0.420939302
0,0.055208993,4,54,GO:0060973,cell migration involved in heart development,0.420939302
0,0.055667281,2,23,GO:0071896,protein localization to adherens junction,0.420939302
0,0.055667281,3,23,GO:1900125,regulation of hyaluronan biosynthetic process,0.420939302
0,0.055865543,2,14,GO:1902177,positive regulation of oxidative stress-induced intrinsic apoptotic signaling pathway,0.420939302
0,0.056202986,2,175,GO:0048524,positive regulation of viral process,0.423134772
0,0.056679407,2,33,GO:0002544,chronic inflammatory response,0.425232334
0,0.056625096,2,125,GO:0002886;GO:0043300,regulation of myeloid leukocyte mediated immunity,0.425232334
0,0.056625096,2,125,GO:0008103;GO:0016325,oocyte microtubule cytoskeleton organization,0.425232334
0,0.056713077,4,777,GO:0051346,negative regulation of hydrolase activity,0.425232334
0,0.056572437,2,77,GO:1904019,epithelial cell apoptotic process,0.425232334
0,0.056838215,2,1615,GO:0070647,protein modification by small protein conjugation or removal,0.425823005
0,0.056967523,2,150,GO:0072527,pyrimidine-containing compound metabolic process,0.426443924
0,0.057015141,2,201,GO:0035335,peptidyl-tyrosine dephosphorylation,0.426452823
0,0.05755594,3,89,GO:2001244,positive regulation of intrinsic apoptotic signaling pathway,0.430147526
0,0.057750803,7,101,GO:0007131;GO:0140527;GO:0035825,homologous recombination,0.43090262
0,0.057750803,3,101,GO:2000351,regulation of endothelial cell apoptotic process,0.43090262
0,0.057978128,3,163,GO:0031122,cytoplasmic microtubule organization,0.431897083
0,0.058249498,2,484,GO:0071383,cellular response to steroid hormone stimulus,0.433566968
0,0.058318232,4,307,GO:0014031;GO:0014032;GO:0048864;GO:0014033,stem cell development,0.433727095
0,0.058384426,4,138,GO:0000018,regulation of DNA recombination,0.433868082
0,0.058662532,3,66,GO:0014067,negative regulation of phosphatidylinositol 3-kinase signaling,0.433929854
0,0.058662532,3,66,GO:0032743,positive regulation of interleukin-2 production,0.433929854
0,0.058676198,4,176,GO:0042102,positive regulation of T cell proliferation,0.433929854
0,0.058662532,2,66,GO:0046697,decidualization,0.433929854
0,0.058662532,2,66,GO:1903010,regulation of bone development,0.433929854
0,0.058908864,3,2015,GO:0019725,cellular homeostasis,0.435300013
0,0.059014276,2,241,GO:0030148;GO:0046467,membrane lipid biosynthetic process,0.435728396
0,0.059401283,3,321,GO:1900006,positive regulation of dendrite development,0.438233562
0,0.059616625,2,126,GO:0001956,positive regulation of neurotransmitter secretion,0.438243452
0,0.059688901,4,44,GO:0003299;GO:0014887;GO:0014898,muscle hypertrophy in response to stress,0.438243452
0,0.059688901,3,44,GO:0007370,ventral furrow formation,0.438243452
0,0.059688901,3,44,GO:0032288,myelin assembly,0.438243452
0,0.059616625,3,126,GO:0034446,substrate adhesion-dependent cell spreading,0.438243452
0,0.059688901,2,44,GO:0045454,cell redox homeostasis,0.438243452
0,0.059873845,2,1225,GO:0045786,negative regulation of cell cycle,0.439250212
0,0.059927534,3,55,GO:0009635,response to herbicide,0.439293218
0,0.060493313,4,78,GO:0002711,positive regulation of T cell mediated immunity,0.442733932
0,0.060493313,2,78,GO:0008645;GO:0015749,monosaccharide transmembrane transport,0.442733932
0,0.060610186,3,164,GO:0016322,neuron remodeling,0.443236115
0,0.061215622,2,90,GO:1901028,regulation of mitochondrial outer membrane permeabilization involved in apoptotic signaling pathway,0.447307471
0,0.061283043,2,139,GO:0002040,sprouting angiogenesis,0.447444154
0,0.061678696,4,216,GO:0001938,positive regulation of endothelial cell proliferation,0.449618114
0,0.061678696,2,216,GO:0016052,carbohydrate catabolic process,0.449618114
0,0.062736211,4,968,GO:0048545,response to steroid hormone,0.45696439
0,0.062810105,3,1637,GO:0043086,negative regulation of catalytic activity,0.457140106
0,0.063102615,3,34,GO:0002829,negative regulation of type 2 immune response,0.457456607
0,0.063102615,2,34,GO:0030502,negative regulation of bone mineralization,0.457456607
0,0.063102615,3,34,GO:0046597,negative regulation of viral entry into host cell,0.457456607
0,0.063102615,4,34,GO:0051004,regulation of lipoprotein lipase activity,0.457456607
0,0.063102615,2,34,GO:0055015,ventricular cardiac muscle cell development,0.457456607
0,0.063550649,2,24,GO:0002363,alpha-beta T cell lineage commitment,0.457813894
0,0.063550649,2,24,GO:0002830;GO:0032754,positive regulation of type 2 immune response,0.457813894
0,0.063550649,2,24,GO:0030241,skeletal muscle myosin thick filament assembly,0.457813894
0,0.063550649,4,24,GO:0032736,positive regulation of interleukin-13 production,0.457813894
0,0.063550649,3,24,GO:0035988,chondrocyte proliferation,0.457813894
0,0.063550649,2,24,GO:0036499;GO:0140467,PERK-mediated unfolded protein response,0.457813894
0,0.063550649,2,24,GO:0046598;GO:0075294,positive regulation of viral entry into host cell,0.457813894
0,0.063550649,3,24,GO:0060670,branching involved in labyrinthine layer morphogenesis,0.457813894
0,0.063823355,5,460,GO:0006470,protein dephosphorylation,0.459216531
0,0.063845347,2,178,GO:1901983,regulation of protein acetylation,0.459216531
0,0.064583665,2,79,GO:0097352,autophagosome maturation,0.464163508
0,0.064716482,2,103,GO:0002931,response to ischemia,0.464754406
0,0.064936071,2,351,GO:0010389;GO:1902749,regulation of cell cycle G2/M phase transition,0.465967038
0,0.065022648,3,91,GO:0001893,maternal placenta development,0.466224063
0,0.065316259,2,45,GO:0072678,T cell migration,0.467235077
0,0.065316259,2,45,GO:0090201,negative regulation of release of cytochrome c from mitochondria,0.467235077
0,0.065316259,3,45,GO:1990834,response to odorant,0.467235077
0,0.065383375,3,153,GO:0051642;GO:0061842,microtubule organizing center localization,0.467351204
0,0.066618426,5,15,GO:0002034;GO:0003072,renal control of peripheral vascular resistance involved in regulation of systemic arterial blood pressure,0.467809716
0,0.069165552,2,7,GO:0002238,response to molecule of fungal origin,0.467809716
0,0.069165552,3,7,GO:0002396;GO:0002501,MHC protein complex assembly,0.467809716
0,0.069165552,2,7,GO:0002543,activation of blood coagulation via clotting cascade,0.467809716
0,0.066475693,5,218,GO:0002832,negative regulation of response to biotic stimulus,0.467809716
0,0.0676558,2,68,GO:0006418;GO:0043039;GO:0043038,amino acid activation,0.467809716
0,0.0676558,2,68,GO:0006515;GO:0051788;GO:0071218,protein quality control for misfolded or incompletely synthesized proteins,0.467809716
0,0.066618426,2,15,GO:0006527,arginine catabolic process,0.467809716
0,0.069165552,2,7,GO:0006562,proline catabolic process,0.467809716
0,0.066682705,6,205,GO:0006637;GO:0033875;GO:0034032;GO:0035383;GO:0033865,ribonucleoside bisphosphate metabolic process,0.467809716
0,0.067554548,4,366,GO:0006665;GO:0006643,membrane lipid metabolic process,0.467809716
0,0.065804713,2,657,GO:0006790,sulfur compound metabolic process,0.467809716
0,0.067321982,2,116,GO:0008154,actin polymerization or depolymerization,0.467809716
0,0.066618426,2,15,GO:0009838,abscission,0.467809716
0,0.066618426,2,15,GO:0010657;GO:0010658;GO:0010659,muscle cell apoptotic process,0.467809716
0,0.068364499,6,154,GO:0010812,negative regulation of cell-substrate adhesion,0.467809716
0,0.066618426,5,15,GO:0010872,regulation of cholesterol esterification,0.467809716
0,0.069165552,3,7,GO:0015679,plasma membrane copper ion transport,0.467809716
0,0.068978111,2,92,GO:0015804,neutral amino acid transport,0.467809716
0,0.069165552,4,7,GO:0016259,selenocysteine metabolic process,0.467809716
0,0.069165552,6,7,GO:0018057,peptidyl-lysine oxidation,0.467809716
0,0.069165552,3,7,GO:0018343,protein farnesylation,0.467809716
0,0.066618426,2,15,GO:0018401,peptidyl-proline hydroxylation to 4-hydroxy-L-proline,0.467809716
0,0.067321982,2,116,GO:0019320;GO:0046365,monosaccharide catabolic process,0.467809716
0,0.069165552,2,7,GO:0019405,alditol catabolic process,0.467809716
0,0.069165552,2,7,GO:0019483,beta-alanine biosynthetic process,0.467809716
0,0.069165552,2,7,GO:0021502,neural fold elevation formation,0.467809716
0,0.069165552,3,7,GO:0021649;GO:1904835,dorsal root ganglion morphogenesis,0.467809716
0,0.069165552,6,7,GO:0021896;GO:0021897,forebrain astrocyte differentiation,0.467809716
0,0.069165552,2,7,GO:0031247,actin rod assembly,0.467809716
0,0.069165552,3,7,GO:0031291,Ran protein signal transduction,0.467809716
0,0.068978111,4,92,GO:0031641,regulation of myelination,0.467809716
0,0.069165552,4,7,GO:0032119,sequestering of zinc ion,0.467809716
0,0.066618426,2,15,GO:0032489,regulation of Cdc42 protein signal transduction,0.467809716
0,0.066618426,2,15,GO:0032606,type I interferon production,0.467809716
0,0.068978111,4,92,GO:0032722,positive regulation of chemokine production,0.467809716
0,0.066618426,2,15,GO:0032877,positive regulation of DNA endoreduplication,0.467809716
0,0.069165552,5,7,GO:0032914,positive regulation of transforming growth factor beta1 production,0.467809716
0,0.069165552,2,7,GO:0034127,regulation of MyD88-independent toll-like receptor signaling pathway,0.467809716
0,0.069165552,2,7,GO:0034239,regulation of macrophage fusion,0.467809716
0,0.068978111,2,92,GO:0034643;GO:0051654;GO:0047497,establishment of mitochondrion localization,0.467809716
0,0.069165552,5,7,GO:0034970;GO:0034971,histone H3-R17 methylation,0.467809716
0,0.068967584,4,219,GO:0035023,regulation of Rho protein signal transduction,0.467809716
0,0.069165552,7,7,GO:0035711,T-helper 1 cell activation,0.467809716
0,0.069165552,3,7,GO:0035778;GO:0039014,pronephric nephron tubule epithelial cell differentiation,0.467809716
0,0.066618426,7,15,GO:0042989,sequestering of actin monomers,0.467809716
0,0.066618426,2,15,GO:0043084,penile erection,0.467809716
0,0.069165552,2,7,GO:0043314;GO:0060313,negative regulation of neutrophil degranulation,0.467809716
0,0.069165552,4,7,GO:0043456;GO:1902031,regulation of NADP metabolic process,0.467809716
0,0.066618426,6,15,GO:0043633;GO:0043634;GO:0071029;GO:0071046,polyadenylation-dependent RNA catabolic process,0.467809716
0,0.066618426,2,15,GO:0045850,positive regulation of nurse cell apoptotic process,0.467809716
0,0.066824992,2,448,GO:0051224;GO:1904950,negative regulation of establishment of protein localization,0.467809716
0,0.068844643,5,80,GO:0051446,positive regulation of meiotic cell cycle,0.467809716
0,0.068844643,3,80,GO:0051482,positive regulation of cytosolic calcium ion concentration involved in phospholipase C-activating G protein-coupled signaling pathway,0.467809716
0,0.069165552,4,7,GO:0070120,ciliary neurotrophic factor-mediated signaling pathway,0.467809716
0,0.069165552,8,7,GO:0070236,negative regulation of activation-induced cell death of T cells,0.467809716
0,0.066618426,4,15,GO:0070365,hepatocyte differentiation,0.467809716
0,0.069165552,3,7,GO:0070859;GO:1904253,positive regulation of bile acid biosynthetic process,0.467809716
0,0.069165552,2,7,GO:0072334,UDP-galactose transmembrane transport,0.467809716
0,0.069165552,5,7,GO:0072584,caveolin-mediated endocytosis,0.467809716
0,0.069165552,2,7,GO:0090107,regulation of high-density lipoprotein particle assembly,0.467809716
0,0.069165552,7,7,GO:0090170,regulation of Golgi inheritance,0.467809716
0,0.069165552,2,7,GO:0097681,double-strand break repair via alternative nonhomologous end joining,0.467809716
0,0.069165552,2,7,GO:1900060,negative regulation of ceramide biosynthetic process,0.467809716
0,0.066618426,2,15,GO:1901563,response to camptothecin,0.467809716
0,0.069165552,4,7,GO:1902174,positive regulation of keratinocyte apoptotic process,0.467809716
0,0.069165552,2,7,GO:1902527,positive regulation of protein monoubiquitination,0.467809716
0,0.0676558,2,68,GO:1904037,positive regulation of epithelial cell apoptotic process,0.467809716
0,0.066618426,4,15,GO:1904415;GO:1904417,regulation of xenophagy,0.467809716
0,0.066618426,2,15,GO:1904778,positive regulation of protein localization to cell cortex,0.467809716
0,0.069165552,4,7,GO:1905933,regulation of cell fate determination,0.467809716
0,0.069165552,2,7,GO:1990414,replication-born double-strand break repair via sister chromatid exchange,0.467809716
0,0.069219872,3,129,GO:0051385,response to mineralocorticoid,0.467832616
0,0.06931354,5,589,GO:1903531;GO:0051048,negative regulation of secretion,0.468121227
0,0.069917685,5,35,GO:0006011,UDP-glucose metabolic process,0.470471749
0,0.069917685,2,35,GO:0010310,regulation of hydrogen peroxide metabolic process,0.470471749
0,0.069917685,2,35,GO:0043555,regulation of translation in response to stress,0.470471749
0,0.069917685,4,35,GO:0071107;GO:0071374,response to parathyroid hormone,0.470471749
0,0.069917685,3,35,GO:0090153;GO:1905038;GO:2000303,regulation of sphingolipid biosynthetic process,0.470471749
0,0.07008517,2,57,GO:0010640,regulation of platelet-derived growth factor receptor signaling pathway,0.471253505
0,0.070360089,5,246,GO:0031532,actin cytoskeleton reorganization,0.472755973
0,0.0705538,2,142,GO:0000045;GO:1905037,autophagosome organization,0.473711001
0,0.070849056,3,492,GO:0042110,T cell activation,0.474778382
0,0.070849056,4,492,GO:0043409,negative regulation of MAPK cascade,0.474778382
0,0.070867846,2,117,GO:1904705,regulation of vascular associated smooth muscle cell proliferation,0.474778382
0,0.071243092,3,46,GO:0003084,positive regulation of systemic arterial blood pressure,0.47659709
0,0.071243092,2,46,GO:0070168;GO:0110150,negative regulation of biomineral tissue development,0.47659709
0,0.071434748,2,155,GO:0098739,import across plasma membrane,0.47753141
0,0.071985127,2,25,GO:0006268,DNA unwinding involved in DNA replication,0.478425031
0,0.071985127,4,25,GO:0042595,behavioral response to starvation,0.478425031
0,0.071985127,5,25,GO:0046498,S-adenosylhomocysteine metabolic process,0.478425031
0,0.071985127,2,25,GO:0051988,regulation of attachment of spindle microtubules to kinetochore,0.478425031
0,0.071949376,2,168,GO:0070373,negative regulation of ERK1 and ERK2 cascade,0.478425031
0,0.071985127,2,25,GO:0071360,cellular response to exogenous dsRNA,0.478425031
0,0.071985127,2,25,GO:1904667,negative regulation of ubiquitin protein ligase activity,0.478425031
0,0.071985127,2,25,GO:1905097,regulation of guanyl-nucleotide exchange factor activity,0.478425031
0,0.072205832,3,105,GO:0002784;GO:0002759,regulation of antimicrobial humoral response,0.479544881
0,0.072428102,2,479,GO:0043901,negative regulation of multi-organism process,0.480491274
0,0.072452957,2,69,GO:1902895,positive regulation of pri-miRNA transcription by RNA polymerase II,0.480491274
0,0.073301317,4,424,GO:0030522,intracellular receptor signaling pathway,0.484851424
0,0.07327711,2,81,GO:0038034;GO:0097192,signal transduction in absence of ligand,0.484851424
0,0.073312252,2,328,GO:0044272,sulfur compound biosynthetic process,0.484851424
0,0.073321571,2,1752,GO:0051345,positive regulation of hydrolase activity,0.484851424
0,0.073688685,2,2004,GO:0008283,cell population proliferation,0.486928469
0,0.073838232,2,143,GO:0007406;GO:2000178,negative regulation of neural precursor cell proliferation,0.487565896
0,0.074628914,2,208,GO:0043648,dicarboxylic acid metabolic process,0.49207938
0,0.074594737,2,156,GO:0072655;GO:0070585,protein localization to mitochondrion,0.49207938
0,0.074990199,2,169,GO:0045669,positive regulation of osteoblast differentiation,0.494106874
0,0.075525302,2,58,GO:0001935,endothelial cell proliferation,0.495854109
0,0.075525302,2,58,GO:0007205,protein kinase C-activating G protein-coupled receptor signaling pathway,0.495854109
0,0.075525302,2,58,GO:0034381;GO:0034383,plasma lipoprotein particle clearance,0.495854109
0,0.075525302,3,58,GO:0046640,regulation of alpha-beta T cell proliferation,0.495854109
0,0.075525302,3,58,GO:0072529,pyrimidine-containing compound catabolic process,0.495854109
0,0.076148992,3,106,GO:0032467,positive regulation of cytokinesis,0.499235186
0,0.076148992,2,106,GO:0097421,liver regeneration,0.499235186
0,0.076972163,2,608,GO:0001525,angiogenesis,0.501447467
0,0.078233448,2,16,GO:0002115,store-operated calcium entry,0.501447467
0,0.077468407,2,47,GO:0002532,production of molecular mediator involved in inflammatory response,0.501447467
0,0.078233448,4,16,GO:0006563,L-serine metabolic process,0.501447467
0,0.078233448,5,16,GO:0006723;GO:0120251,cuticle hydrocarbon biosynthetic process,0.501447467
0,0.078233448,3,16,GO:0007057,spindle assembly involved in female meiosis I,0.501447467
0,0.077471,2,1403,GO:0009117;GO:0006753;GO:0055086,nucleobase-containing small molecule metabolic process,0.501447467
0,0.078233448,4,16,GO:0009951,polarity specification of dorsal/ventral axis,0.501447467
0,0.077451174,2,70,GO:0010954;GO:1903319,positive regulation of protein maturation,0.501447467
0,0.076822544,2,222,GO:0019751,polyol metabolic process,0.501447467
0,0.078233448,3,16,GO:0030590,first cell cycle pseudocleavage,0.501447467
0,0.078233448,3,16,GO:0030913,paranodal junction assembly,0.501447467
0,0.077412808,2,209,GO:0032675,regulation of interleukin-6 production,0.501447467
0,0.07733765,4,94,GO:0034109,homotypic cell-cell adhesion,0.501447467
0,0.077121063,3,36,GO:0034755,iron ion transmembrane transport,0.501447467
0,0.078233448,3,16,GO:0035627,ceramide transport,0.501447467
0,0.077121063,2,36,GO:0036098,male germ-line stem cell population maintenance,0.501447467
0,0.077451174,2,70,GO:0036119;GO:0036120,response to platelet-derived growth factor,0.501447467
0,0.076822544,7,222,GO:0042059;GO:1901185,negative regulation of ERBB signaling pathway,0.501447467
0,0.076918791,2,1815,GO:0043408,regulation of MAPK cascade,0.501447467
0,0.077121063,2,36,GO:0046011,regulation of oskar mRNA translation,0.501447467
0,0.077468407,2,47,GO:0051000,positive regulation of nitric-oxide synthase activity,0.501447467
0,0.077840856,3,249,GO:0051149,positive regulation of muscle cell differentiation,0.501447467
0,0.078114542,3,170,GO:0060350,endochondral bone morphogenesis,0.501447467
0,0.078233448,7,16,GO:0060623,regulation of chromosome condensation,0.501447467
0,0.078233448,5,16,GO:0060762,regulation of branching involved in mammary gland duct morphogenesis,0.501447467
0,0.078233448,2,16,GO:0070391;GO:0071223,response to lipoteichoic acid,0.501447467
0,0.07788164,2,82,GO:1902229,regulation of intrinsic apoptotic signaling pathway in response to DNA damage,0.501447467
0,0.076822544,2,222,GO:1903078;GO:1904377,positive regulation of protein localization to cell periphery,0.501447467
0,0.078233448,6,16,GO:1903236,regulation of leukocyte tethering or rolling,0.501447467
0,0.078233448,2,16,GO:1990791,dorsal root ganglion development,0.501447467
0,0.077451174,2,70,GO:2001025,positive regulation of response to drug,0.501447467
0,0.078315519,2,119,GO:1903902,positive regulation of viral life cycle,0.501623459
0,0.078776235,2,413,GO:0017148;GO:0034249,negative regulation of cellular amide metabolic process,0.504222802
0,0.079441999,3,455,GO:0048762,mesenchymal cell differentiation,0.508130055
0,0.080117447,2,1026,GO:0048469;GO:0071695,anatomical structure maturation,0.512093771
0,0.080229167,4,824,GO:0062012,regulation of small molecule metabolic process,0.512451251
0,0.080448985,4,250,GO:0019058,viral life cycle,0.513498213
0,0.080957946,4,26,GO:0003144;GO:0003315;GO:0003319;GO:0007505;GO:0007561;GO:1901202,heart rudiment formation,0.5146012
0,0.080813869,5,197,GO:0006754;GO:0009206;GO:0009145;GO:0009201;GO:0009142,nucleoside triphosphate biosynthetic process,0.5146012
0,0.080957946,5,26,GO:0034145,positive regulation of toll-like receptor 4 signaling pathway,0.5146012
0,0.08083043,3,1509,GO:0045860;GO:0033674;GO:0051347,positive regulation of transferase activity,0.5146012
0,0.080957946,2,26,GO:0060768,regulation of epithelial cell proliferation involved in prostate gland development,0.5146012
0,0.080957946,3,26,GO:0070255;GO:0070257,regulation of mucus secretion,0.5146012
0,0.081116994,2,1216,GO:0021700,developmental maturation,0.514753089
0,0.081206013,3,59,GO:0040038,polar body extrusion after meiotic divisions,0.514753089
0,0.081206013,6,59,GO:0045453,bone resorption,0.514753089
0,0.081206013,2,59,GO:1900745,positive regulation of p38MAPK cascade,0.514753089
0,0.081696771,5,1554,GO:0044089,positive regulation of cellular component biogenesis,0.517506786
0,0.082218436,3,120,GO:0032755,positive regulation of interleukin-6 production,0.52045233
0,0.082379346,3,224,GO:0051258,protein polymerization,0.521111772
0,0.082650476,3,71,GO:0060148;GO:2000637,positive regulation of posttranscriptional gene silencing,0.522107721
0,0.082650476,2,71,GO:1903427,negative regulation of reactive oxygen species biosynthetic process,0.522107721
0,0.082881808,3,346,GO:0016485,protein processing,0.523209217
0,0.083990296,5,48,GO:0000303;GO:0000305,response to oxygen radical,0.529115824
0,0.083990296,5,48,GO:0010544,negative regulation of platelet activation,0.529115824
0,0.083990296,3,48,GO:0045836,positive regulation of meiotic nuclear division,0.529115824
0,0.084707662,4,37,GO:0008050,female courtship behavior,0.530722974
0,0.084365029,2,292,GO:0014066,regulation of phosphatidylinositol 3-kinase signaling,0.530722974
0,0.084707662,4,37,GO:0032703,negative regulation of interleukin-2 production,0.530722974
0,0.084707662,2,37,GO:0034315,regulation of Arp2/3 complex-mediated actin nucleation,0.530722974
0,0.084707662,7,37,GO:0042574,retinal metabolic process,0.530722974
0,0.084435047,2,108,GO:0045648,positive regulation of erythrocyte differentiation,0.530722974
0,0.084531049,3,333,GO:0061982,meiosis I cell cycle process,0.530722974
0,0.084707662,3,37,GO:0097734;GO:0140112;GO:1990182,extracellular vesicle biogenesis,0.530722974
0,0.085092245,2,885,GO:0033044,regulation of chromosome organization,0.532769103
0,0.085324343,2,458,GO:0010921;GO:0035303,regulation of dephosphorylation,0.53385837
0,0.086175506,2,212,GO:0009063;GO:1901606,cellular amino acid catabolic process,0.538450357
0,0.0861725,5,375,GO:0048660,regulation of smooth muscle cell proliferation,0.538450357
0,0.088405441,6,8,GO:0002349;GO:0002441;GO:0002553,histamine secretion by mast cell,0.539537524
0,0.087126348,3,60,GO:0002707,negative regulation of lymphocyte mediated immunity,0.539537524
0,0.088405441,2,8,GO:0002765;GO:0002767;GO:0002769,immune response-inhibiting signal transduction,0.539537524
0,0.088141934,2,160,GO:0006446,regulation of translational initiation,0.539537524
0,0.088405441,5,8,GO:0007039,protein catabolic process in the vacuole,0.539537524
0,0.088405441,2,8,GO:0009186;GO:0009189,deoxyribonucleoside diphosphate metabolic process,0.539537524
0,0.088405441,5,8,GO:0009445;GO:0009446;GO:0033387,putrescine metabolic process,0.539537524
0,0.088405441,3,8,GO:0018931;GO:0090420;GO:0018933;GO:0018979;GO:0042196;GO:0042197,naphthalene-containing compound metabolic process,0.539537524
0,0.088405441,2,8,GO:0032470;GO:1903515,calcium ion transport from cytosol to endoplasmic reticulum,0.539537524
0,0.088405441,3,8,GO:0033687,osteoblast proliferation,0.539537524
0,0.088405441,2,8,GO:0035271,ring gland development,0.539537524
0,0.088405441,2,8,GO:0043320,natural killer cell degranulation,0.539537524
0,0.088405441,2,8,GO:0045919,positive regulation of cytolysis,0.539537524
0,0.088405441,2,8,GO:0046166,glyceraldehyde-3-phosphate biosynthetic process,0.539537524
0,0.088405441,8,8,GO:0048388,endosomal lumen acidification,0.539537524
0,0.088405441,4,8,GO:0061058;GO:0061060,negative regulation of peptidoglycan recognition protein signaling pathway,0.539537524
0,0.088029226,2,643,GO:0070372,regulation of ERK1 and ERK2 cascade,0.539537524
0,0.088405441,3,8,GO:0070829,heterochromatin maintenance,0.539537524
0,0.088405441,2,8,GO:0071279,cellular response to cobalt ion,0.539537524
0,0.088405441,6,8,GO:0071386,cellular response to corticosterone stimulus,0.539537524
0,0.088405441,2,8,GO:0071569;GO:1990564,protein ufmylation,0.539537524
0,0.08690643,2,334,GO:0090174;GO:0048284;GO:0006906,organelle fusion,0.539537524
0,0.088405441,6,8,GO:0090364,regulation of proteasome assembly,0.539537524
0,0.088405441,4,8,GO:0110112,regulation of lipid transporter activity,0.539537524
0,0.088405441,3,8,GO:1902544,regulation of DNA N-glycosylase activity,0.539537524
0,0.088405441,4,8,GO:1903377,negative regulation of oxidative stress-induced neuron intrinsic apoptotic signaling pathway,0.539537524
0,0.088405441,2,8,GO:1904179,positive regulation of adipose tissue development,0.539537524
0,0.088405441,5,8,GO:1904305;GO:1904348,negative regulation of gastro-intestinal system smooth muscle contraction,0.539537524
0,0.088405441,2,8,GO:1904464,regulation of matrix metallopeptidase secretion,0.539537524
0,0.088405441,2,8,GO:1904685,positive regulation of metalloendopeptidase activity,0.539537524
0,0.087126348,2,60,GO:1904752,regulation of vascular associated smooth muscle cell migration,0.539537524
0,0.088405441,6,8,GO:1905424;GO:1905426,regulation of Wnt-mediated midbrain dopaminergic neuron differentiation,0.539537524
0,0.088405441,3,8,GO:1990785,response to water-immersion restraint stress,0.539537524
0,0.088405441,2,8,GO:2000118,regulation of sodium-dependent phosphate transport,0.539537524
0,0.088405441,2,8,GO:2000417,negative regulation of eosinophil migration,0.539537524
0,0.090805967,2,49,GO:0000185,activation of MAPKKK activity,0.539622116
0,0.090901121,2,187,GO:0002285,lymphocyte activation involved in immune response,0.539622116
0,0.090660214,2,17,GO:0006116,NADH oxidation,0.539622116
0,0.090660214,2,17,GO:0006208;GO:0006212;GO:0019860,pyrimidine nucleobase catabolic process,0.539622116
0,0.09045364,2,27,GO:0006595;GO:0006596,polyamine metabolic process,0.539622116
0,0.089568955,5,744,GO:0009895;GO:0031330,negative regulation of catabolic process,0.539622116
0,0.09045364,5,27,GO:0010044,response to aluminum ion,0.539622116
0,0.090805967,2,49,GO:0010560;GO:1903020,positive regulation of glycoprotein metabolic process,0.539622116
0,0.090660214,4,17,GO:0010742;GO:0090077,foam cell differentiation,0.539622116
0,0.090660214,2,17,GO:0015803;GO:0015820,branched-chain amino acid transport,0.539622116
0,0.091005207,2,97,GO:0016064;GO:0019724,B cell mediated immunity,0.539622116
0,0.090660214,2,17,GO:0032623,interleukin-2 production,0.539622116
0,0.090660214,2,17,GO:0032908,regulation of transforming growth factor beta1 production,0.539622116
0,0.091005207,5,97,GO:0033003,regulation of mast cell activation,0.539622116
0,0.090660214,3,17,GO:0033007;GO:0043305,negative regulation of mast cell activation involved in immune response,0.539622116
0,0.089331266,3,432,GO:0034504,protein localization to nucleus,0.539622116
0,0.090660214,4,17,GO:0035581,sequestering of extracellular ligand from receptor,0.539622116
0,0.090805967,2,49,GO:0035864,response to potassium ion,0.539622116
0,0.091063068,2,2381,GO:0044092,negative regulation of molecular function,0.539622116
0,0.08989453,2,349,GO:0044262,cellular carbohydrate metabolic process,0.539622116
0,0.091005207,2,97,GO:0045687,positive regulation of glial cell differentiation,0.539622116
0,0.090805967,3,49,GO:0045722,positive regulation of gluconeogenesis,0.539622116
0,0.088767446,5,390,GO:0045834,positive regulation of lipid metabolic process,0.539622116
0,0.090660214,4,17,GO:0051095,regulation of helicase activity,0.539622116
0,0.090272515,2,1992,GO:0051129,negative regulation of cellular component organization,0.539622116
0,0.090660214,2,17,GO:0052040;GO:0044532,modulation by symbiont of host programmed cell death,0.539622116
0,0.090660214,3,17,GO:0070234,positive regulation of T cell apoptotic process,0.539622116
0,0.090805967,3,49,GO:0071688,striated muscle myosin thick filament assembly,0.539622116
0,0.090660214,2,17,GO:0071689,muscle thin filament assembly,0.539622116
0,0.09045364,7,27,GO:0090026,positive regulation of monocyte chemotaxis,0.539622116
0,0.09045364,2,27,GO:0090148,membrane fission,0.539622116
0,0.09045364,5,27,GO:0090385,phagosome-lysosome fusion,0.539622116
0,0.088849243,3,989,GO:1901615,organic hydroxy compound metabolic process,0.539622116
0,0.090805967,5,49,GO:1902170;GO:0071732,cellular response to reactive nitrogen species,0.539622116
0,0.090660214,4,17,GO:1902407;GO:1903475,assembly of actomyosin apparatus involved in mitotic cytokinesis,0.539622116
0,0.090660214,2,17,GO:1903715,regulation of aerobic respiration,0.539622116
0,0.090660214,4,17,GO:1904340,positive regulation of dopaminergic neuron differentiation,0.539622116
0,0.090660214,3,17,GO:1904352;GO:1905167,positive regulation of protein catabolic process in the vacuole,0.539622116
0,0.090660214,3,17,GO:2000196,positive regulation of female gonad development,0.539622116
0,0.090805967,4,49,GO:2000257,regulation of protein activation cascade,0.539622116
0,0.090660214,3,17,GO:2000371;GO:2000373,regulation of DNA topoisomerase (ATP-hydrolyzing) activity,0.539622116
0,0.090660214,6,17,GO:2000812,regulation of barbed-end actin filament capping,0.539622116
0,0.090384193,2,122,GO:2001169,regulation of ATP biosynthetic process,0.539622116
0,0.090660214,4,17,GO:2001170,negative regulation of ATP biosynthetic process,0.539622116
0,0.09132145,3,135,GO:0008333,endosome to lysosome transport,0.540455876
0,0.09132145,2,135,GO:0055081,anion homeostasis,0.540455876
0,0.091455108,-1,174,GO:0051193,obsolete regulation of cofactor metabolic process,0.540898367
0,0.092670948,4,38,GO:0006534,cysteine metabolic process,0.546672516
0,0.092728991,2,85,GO:0017085,response to insecticide,0.546672516
0,0.092670948,2,38,GO:0060378,regulation of brood size,0.546672516
0,0.092670948,2,38,GO:1990845,adaptive thermogenesis,0.546672516
0,0.093255799,3,110,GO:0006096;GO:0006757;GO:0046031;GO:0042866,ADP metabolic process,0.548540793
0,0.093284782,2,61,GO:0035090;GO:0045199,maintenance of apical/basal cell polarity,0.548540793
0,0.093255799,3,110,GO:1900026,positive regulation of substrate adhesion-dependent cell spreading,0.548540793
0,0.093650447,5,73,GO:0006220,pyrimidine nucleotide metabolic process,0.549635374
0,0.093650447,3,73,GO:0007567,parturition,0.549635374
0,0.093621323,2,462,GO:0051604,protein maturation,0.549635374
0,0.09429937,3,188,GO:0045843;GO:0048635;GO:1901862,negative regulation of muscle organ development,0.553090497
0,0.094647334,2,123,GO:1903727,positive regulation of phospholipid metabolic process,0.55477713
0,0.095385508,3,136,GO:0051148,negative regulation of muscle cell differentiation,0.558747379
0,0.095862186,2,98,GO:1901616,organic hydroxy compound catabolic process,0.561181756
0,0.096739253,7,202,GO:0042632;GO:0055092,cholesterol homeostasis,0.565955437
0,0.096853193,3,338,GO:0006997,nucleus organization,0.566261345
0,0.097866691,3,111,GO:0006626,protein targeting to mitochondrion,0.570272441
0,0.097911774,4,50,GO:0010763,positive regulation of fibroblast migration,0.570272441
0,0.097911774,7,50,GO:0042572,retinol metabolic process,0.570272441
0,0.097911774,-1,50,GO:0051195,obsolete negative regulation of cofactor metabolic process,0.570272441
0,0.097911774,2,50,GO:0051769;GO:0051770,regulation of nitric-oxide synthase biosynthetic process,0.570272441
0,0.097911774,2,50,GO:0099637,neurotransmitter receptor transport,0.570272441
0,0.098385744,6,981,GO:0010639,negative regulation of organelle organization,0.57266987
0,0.09851727,2,270,GO:0043112,receptor metabolic process,0.573072276
0,0.09863512,3,176,GO:0005977;GO:0006073;GO:0006112;GO:0044042,energy reserve metabolic process,0.573394671
0,0.098828736,5,216,GO:0043255,regulation of carbohydrate biosynthetic process,0.574156826
0,0.099449177,2,74,GO:0002474,antigen processing and presentation of peptide antigen via MHC class I,0.577272181
0,0.099679225,2,62,GO:0006739,NADP metabolic process,0.577272181
0,0.099679225,2,62,GO:0014002,astrocyte development,0.577272181
0,0.099528956,2,284,GO:0055067;GO:0030004,monovalent inorganic cation homeostasis,0.577272181
0,0.099679225,3,62,GO:0060330;GO:0060334,regulation of response to interferon-gamma,0.577272181
0,0.10045434,3,28,GO:0001580;GO:0050912,detection of chemical stimulus involved in sensory perception of taste,0.579096618
0,0.10045434,2,28,GO:0002279;GO:0002448;GO:0043303,mast cell mediated immunity,0.579096618
0,0.100502802,2,607,GO:0002696;GO:0050867;GO:0051251,positive regulation of cell activation,0.579096618
0,0.10045434,5,28,GO:0009070,serine family amino acid biosynthetic process,0.579096618
0,0.10045434,4,28,GO:0019400;GO:0006071,alditol metabolic process,0.579096618
0,0.100869196,3,99,GO:0032210;GO:1904356,regulation of telomere maintenance via telomere lengthening,0.579096618
0,0.101003025,5,39,GO:0032495,response to muramyl dipeptide,0.579096618
0,0.10045434,2,28,GO:0035247;GO:0034969,histone arginine methylation,0.579096618
0,0.101003025,2,39,GO:0035810,positive regulation of urine volume,0.579096618
0,0.101003025,3,39,GO:0051639,actin filament network formation,0.579096618
0,0.101003025,4,39,GO:0051709,regulation of killing of cells of other organism,0.579096618
0,0.101003025,6,39,GO:0060044,negative regulation of cardiac muscle cell proliferation,0.579096618
0,0.10045434,2,28,GO:1901660;GO:0070839,divalent metal ion export,0.579096618
0,0.10045434,2,28,GO:1902237,positive regulation of endoplasmic reticulum stress-induced intrinsic apoptotic signaling pathway,0.579096618
0,0.100869196,3,99,GO:1902893,regulation of pri-miRNA transcription by RNA polymerase II,0.579096618
0,0.101003025,2,39,GO:1904059,regulation of locomotor rhythm,0.579096618
0,0.103844628,2,18,GO:0000183,rDNA heterochromatin assembly,0.585880163
0,0.103844628,5,18,GO:0002091,negative regulation of receptor internalization,0.585880163
0,0.103678415,4,151,GO:0002673,regulation of acute inflammatory response,0.585880163
0,0.10348499,2,87,GO:0002922,positive regulation of humoral immune response,0.585880163
0,0.103222876,3,299,GO:0007050,cell cycle arrest,0.585880163
0,0.103844628,6,18,GO:0009143,nucleoside triphosphate catabolic process,0.585880163
0,0.103263021,3,1410,GO:0010817,regulation of hormone levels,0.585880163
0,0.102910845,2,424,GO:0010950;GO:0010952,positive regulation of peptidase activity,0.585880163
0,0.103844628,2,18,GO:0022417,protein maturation by protein folding,0.585880163
0,0.103844628,2,18,GO:0030037,actin filament reorganization involved in cell cycle,0.585880163
0,0.103844628,4,18,GO:0032696;GO:0032714,negative regulation of interleukin-13 production,0.585880163
0,0.103844628,4,18,GO:0038110,interleukin-2-mediated signaling pathway,0.585880163
0,0.103844628,2,18,GO:0042984;GO:0042985,regulation of amyloid precursor protein biosynthetic process,0.585880163
0,0.103844628,2,18,GO:0043031,negative regulation of macrophage activation,0.585880163
0,0.103844628,4,18,GO:0045628,regulation of T-helper 2 cell differentiation,0.585880163
0,0.103844628,2,18,GO:0045906,negative regulation of vasoconstriction,0.585880163
0,0.103844628,2,18,GO:0048601,oocyte morphogenesis,0.585880163
0,0.10362855,2,204,GO:0050864,regulation of B cell activation,0.585880163
0,0.103844628,3,18,GO:0060988,lipid tube assembly,0.585880163
0,0.10261092,3,112,GO:0071711,basement membrane organization,0.585880163
0,0.10362855,3,204,GO:0097191,extrinsic apoptotic signaling pathway,0.585880163
0,0.10348499,-1,87,GO:0097756,obsolete negative regulation of blood vessel diameter,0.585880163
0,0.103844628,2,18,GO:1902950,regulation of dendritic spine maintenance,0.585880163
0,0.103844628,5,18,GO:1904251;GO:0070857,regulation of bile acid metabolic process,0.585880163
0,0.103844628,4,18,GO:1904502;GO:1904504,regulation of lipophagy,0.585880163
0,0.104492319,8,272,GO:0051092,positive regulation of NF-kappaB transcription factor activity,0.58917247
0,0.105303249,2,51,GO:0000188,inactivation of MAPK activity,0.591316194
0,0.105303249,5,51,GO:0007064,mitotic sister chromatid cohesion,0.591316194
0,0.105332695,2,245,GO:0009124;GO:0009127;GO:0009156;GO:0009168,nucleoside monophosphate biosynthetic process,0.591316194
0,0.105303249,2,51,GO:0014866,skeletal myofibril assembly,0.591316194
0,0.105387546,2,286,GO:0035821;GO:0051817,modulation of process of other organism,0.591316194
0,0.105303249,2,51,GO:0055069,zinc ion homeostasis,0.591316194
0,0.105303249,2,51,GO:0071850,mitotic cell cycle arrest,0.591316194
0,0.105281805,3,369,GO:0097164,ammonium ion metabolic process,0.591316194
0,0.106025592,2,100,GO:2001239,regulation of extrinsic apoptotic signaling pathway in absence of ligand,0.594533007
0,0.108989561,4,9,GO:0000012,single strand break repair,0.59515801
0,0.108989561,3,9,GO:0000255,allantoin metabolic process,0.59515801
0,0.108989561,4,9,GO:0001660,fever generation,0.59515801
0,0.108989561,2,9,GO:0002265,astrocyte activation involved in immune response,0.59515801
0,0.109117702,5,88,GO:0003383,apical constriction,0.59515801
0,0.108989561,4,9,GO:0005988;GO:0005989,lactose biosynthetic process,0.59515801
0,0.108231646,4,139,GO:0006110;GO:0030811;GO:0051196,obsolete regulation of coenzyme metabolic process,0.59515801
0,0.108989561,7,9,GO:0006148;GO:0006149;GO:0046094;GO:0006161;GO:0042453;GO:0006738;GO:0070638;GO:0008617;GO:0046115,guanosine metabolic process,0.59515801
0,0.106307044,2,63,GO:0006206,pyrimidine nucleobase metabolic process,0.59515801
0,0.10748802,3,113,GO:0006929,substrate-dependent cell migration,0.59515801
0,0.107184835,2,205,GO:0007028;GO:0007315,cytoplasm organization,0.59515801
0,0.109117702,3,88,GO:0010559;GO:1903018,regulation of glycoprotein metabolic process,0.59515801
0,0.109051731,5,219,GO:0010595,positive regulation of endothelial cell migration,0.59515801
0,0.108989561,2,9,GO:0019322,pentose biosynthetic process,0.59515801
0,0.108989561,2,9,GO:0032055,negative regulation of translation in response to stress,0.59515801
0,0.107677429,2,740,GO:0032102,negative regulation of response to external stimulus,0.59515801
0,0.108231646,2,139,GO:0032642,regulation of chemokine production,0.59515801
0,0.108989561,4,9,GO:0033132;GO:1903300,negative regulation of glucokinase activity,0.59515801
0,0.108989561,3,9,GO:0034136,negative regulation of toll-like receptor 2 signaling pathway,0.59515801
0,0.108989561,2,9,GO:0035054,embryonic heart tube anterior/posterior pattern specification,0.59515801
0,0.108989561,4,9,GO:0035589,G protein-coupled purinergic nucleotide receptor signaling pathway,0.59515801
0,0.108989561,2,9,GO:0043686,co-translational protein modification,0.59515801
0,0.108989561,2,9,GO:0044208,'de novo' AMP biosynthetic process,0.59515801
0,0.10815673,2,126,GO:0045124;GO:0046850,regulation of bone remodeling,0.59515801
0,0.108989561,5,9,GO:0046368,GDP-L-fucose metabolic process,0.59515801
0,0.107903587,3,412,GO:0050921,positive regulation of chemotaxis,0.59515801
0,0.108989561,2,9,GO:0050941,negative regulation of pigment cell differentiation,0.59515801
0,0.108989561,4,9,GO:0051664,nuclear pore localization,0.59515801
0,0.108989561,2,9,GO:0060528,secretory columnal luminar epithelial cell differentiation involved in prostate glandular acinus development,0.59515801
0,0.108989561,3,9,GO:0061043,regulation of vascular wound healing,0.59515801
0,0.108989561,9,9,GO:0061740,protein targeting to lysosome involved in chaperone-mediated autophagy,0.59515801
0,0.108989561,2,9,GO:0070487,monocyte aggregation,0.59515801
0,0.108989561,4,9,GO:0071104,response to interleukin-9,0.59515801
0,0.108989561,3,9,GO:0071640;GO:0071642,regulation of macrophage inflammatory protein 1 alpha production,0.59515801
0,0.108989561,3,9,GO:0071694;GO:0035583,maintenance of protein location in extracellular region,0.59515801
0,0.108989561,2,9,GO:0072672,neutrophil extravasation,0.59515801
0,0.108989561,4,9,GO:0090155;GO:0090156,negative regulation of sphingolipid biosynthetic process,0.59515801
0,0.108989561,2,9,GO:0090230;GO:0090234,regulation of centromere complex assembly,0.59515801
0,0.10748802,4,113,GO:0097066,response to thyroid hormone,0.59515801
0,0.108989561,3,9,GO:0106074,aminoacyl-tRNA metabolism involved in translational fidelity,0.59515801
0,0.109117702,4,88,GO:1901797,negative regulation of signal transduction by p53 class mediator,0.59515801
0,0.108989561,2,9,GO:1904008,response to monosodium glutamate,0.59515801
0,0.108989561,2,9,GO:1904146,positive regulation of meiotic cell cycle process involved in oocyte maturation,0.59515801
0,0.109117702,3,88,GO:2001238,positive regulation of extrinsic apoptotic signaling pathway,0.59515801
0,0.10969473,3,40,GO:0032461,positive regulation of protein oligomerization,0.597241313
0,0.10969473,3,40,GO:0034311;GO:0034312,diol metabolic process,0.597241313
0,0.10969473,6,40,GO:1904357,negative regulation of telomere maintenance via telomere lengthening,0.597241313
0,0.110019133,4,441,GO:0032355,response to estradiol,0.598652688
0,0.110940067,3,29,GO:0000050;GO:0019627;GO:0071941,nitrogen cycle metabolic process,0.599755452
0,0.110940067,7,29,GO:0007175,negative regulation of epidermal growth factor-activated receptor activity,0.599755452
0,0.110940067,2,29,GO:0007438,oenocyte development,0.599755452
0,0.110940067,3,29,GO:0009264;GO:0046386,deoxyribonucleotide catabolic process,0.599755452
0,0.110940067,2,29,GO:0016335,morphogenesis of larval imaginal disc epithelium,0.599755452
0,0.110468838,3,569,GO:0030099,myeloid cell differentiation,0.599755452
0,0.110940067,2,29,GO:0034142,toll-like receptor 4 signaling pathway,0.599755452
0,0.110940067,2,29,GO:0048842,positive regulation of axon extension involved in axon guidance,0.599755452
0,0.110940067,2,29,GO:0061476,response to anticoagulant,0.599755452
0,0.110940067,3,29,GO:0070417,cellular response to cold,0.599755452
0,0.110940067,4,29,GO:0086069,bundle of His cell to Purkinje myocyte communication,0.599755452
0,0.111330514,7,101,GO:0055026,negative regulation of cardiac muscle tissue development,0.601158597
0,0.111330514,2,101,GO:1900078,positive regulation of cellular response to insulin stimulus,0.601158597
0,0.111923358,4,247,GO:1903578;GO:0006140;GO:1900542,regulation of nucleotide metabolic process,0.604004728
0,0.112134788,5,153,GO:0060999,positive regulation of dendritic spine development,0.604790385
0,0.112730948,2,140,GO:0042509;GO:0042531,regulation of tyrosine phosphorylation of STAT protein,0.607560597
0,0.11278071,3,1122,GO:0043087;GO:0043547,regulation of GTPase activity,0.607560597
0,0.112898757,3,127,GO:0016198;GO:0016199,axon choice point recognition,0.607840024
0,0.112975143,2,52,GO:0051457,maintenance of protein location in nucleus,0.607848667
0,0.113165076,2,64,GO:0071634,regulation of transforming growth factor beta production,0.607848667
0,0.113165076,2,64,GO:1903671,negative regulation of sprouting angiogenesis,0.607848667
0,0.113433303,2,801,GO:0006091,generation of precursor metabolites and energy,0.608933307
0,0.11354927,2,1255,GO:0043410,positive regulation of MAPK cascade,0.609199794
0,0.115003038,2,860,GO:0030198;GO:0043062,extracellular structure organization,0.615932103
0,0.1149184,2,89,GO:1900744,regulation of p38MAPK cascade,0.615932103
0,0.115005286,2,443,GO:2001252,positive regulation of chromosome organization,0.615932103
0,0.116216683,3,221,GO:0010507,negative regulation of autophagy,0.621694954
0,0.116183408,5,486,GO:0030308,negative regulation of cell growth,0.621694954
0,0.117617919,2,235,GO:0001837,epithelial to mesenchymal transition,0.622694046
0,0.117729993,3,19,GO:0002084;GO:0098734,macromolecule depalmitoylation,0.622694046
0,0.117729993,3,19,GO:0006244;GO:0009223,pyrimidine nucleotide catabolic process,0.622694046
0,0.117729993,4,19,GO:0007008,outer mitochondrial membrane organization,0.622694046
0,0.117729993,2,19,GO:0007053,spindle assembly involved in male meiosis,0.622694046
0,0.116521976,2,1479,GO:0007283;GO:0048232,male gamete generation,0.622694046
0,0.116782887,2,102,GO:0009225,nucleotide-sugar metabolic process,0.622694046
0,0.117729993,2,19,GO:0014858,positive regulation of skeletal muscle cell proliferation,0.622694046
0,0.117729993,4,19,GO:0039532,negative regulation of viral-induced cytoplasmic pattern recognition receptor signaling pathway,0.622694046
0,0.117729993,6,19,GO:0042940,D-amino acid transport,0.622694046
0,0.117729993,4,19,GO:0043313;GO:1902563,regulation of neutrophil activation,0.622694046
0,0.116727568,2,1331,GO:0043603,cellular amide metabolic process,0.622694046
0,0.117729993,2,19,GO:0043619,regulation of transcription from RNA polymerase II promoter in response to oxidative stress,0.622694046
0,0.117338232,2,141,GO:0045069,regulation of viral genome replication,0.622694046
0,0.117551698,2,444,GO:0046620,regulation of organ growth,0.622694046
0,0.117729993,4,19,GO:0048280,vesicle fusion with Golgi apparatus,0.622694046
0,0.117759342,2,128,GO:0050871,positive regulation of B cell activation,0.622694046
0,0.117729993,5,19,GO:0060155,platelet dense granule organization,0.622694046
0,0.117638111,3,115,GO:0065002;GO:0071806,protein transmembrane transport,0.622694046
0,0.117638111,2,115,GO:1903431,positive regulation of cell maturation,0.622694046
0,0.118020588,3,77,GO:0000096,sulfur amino acid metabolic process,0.623357736
0,0.118020588,3,77,GO:0032770,positive regulation of monooxygenase activity,0.623357736
0,0.118735732,2,41,GO:0032460,negative regulation of protein oligomerization,0.626054937
0,0.118735732,2,41,GO:0035095,behavioral response to nicotine,0.626054937
0,0.118735732,3,41,GO:0090025,regulation of monocyte chemotaxis,0.626054937
0,0.118908851,4,346,GO:0097327,response to antineoplastic agent,0.626608029
0,0.119686974,3,263,GO:0046834;GO:0046854,lipid phosphorylation,0.630346819
0,0.120249647,2,65,GO:0051220,cytoplasmic sequestering of protein,0.632947281
0,0.120921466,4,53,GO:0006491,N-glycan processing,0.634649163
0,0.120921466,2,53,GO:0030520,intracellular estrogen receptor signaling pathway,0.634649163
0,0.120885375,2,90,GO:0032648,regulation of interferon-beta production,0.634649163
0,0.120921466,2,53,GO:0045117,azole transmembrane transport,0.634649163
0,0.120921466,4,53,GO:0051016;GO:0051693,actin filament capping,0.634649163
0,0.120987554,6,155,GO:1900024,regulation of substrate adhesion-dependent cell spreading,0.634649163
0,0.12188901,5,30,GO:0003318;GO:0003313;GO:0003314,cell migration to the midline involved in heart development,0.635747051
0,0.12188901,3,30,GO:0015871,choline transport,0.635747051
0,0.12188901,3,30,GO:0032964,collagen biosynthetic process,0.635747051
0,0.12188901,2,30,GO:0035046,pronuclear migration,0.635747051
0,0.12188901,2,30,GO:0040016,embryonic cleavage,0.635747051
0,0.12188901,2,30,GO:0045144,meiotic sister chromatid segregation,0.635747051
0,0.12188901,7,30,GO:0045647,negative regulation of erythrocyte differentiation,0.635747051
0,0.12188901,2,30,GO:0045899,positive regulation of RNA polymerase II transcription preinitiation complex assembly,0.635747051
0,0.12188901,5,30,GO:0048012,hepatocyte growth factor receptor signaling pathway,0.635747051
0,0.12188901,3,30,GO:0070989,oxidative demethylation,0.635747051
0,0.122052942,2,142,GO:0042074,cell migration involved in gastrulation,0.635879906
0,0.122052942,4,142,GO:1903053,regulation of extracellular matrix organization,0.635879906
0,0.122251676,2,733,GO:0046649,lymphocyte activation,0.636193564
0,0.122219643,2,182,GO:0097529,myeloid leukocyte migration,0.636193564
0,0.122737749,4,129,GO:0006334,nucleosome assembly,0.638361398
0,0.122898753,2,952,GO:0007005,mitochondrion organization,0.638837041
0,0.123987049,4,169,GO:0010517;GO:0010518;GO:0060193,regulation of phospholipase activity,0.644117173
0,0.124054794,5,1902,GO:0018193,peptidyl-amino acid modification,0.644117173
0,0.124631788,3,836,GO:0009266,response to temperature stimulus,0.646382254
0,0.124595134,4,78,GO:0032480,negative regulation of type I interferon production,0.646382254
0,0.124729649,2,518,GO:0035148,tube formation,0.64652473
0,0.124880752,3,237,GO:0010623,programmed cell death involved in cell development,0.646942869
0,0.125852906,4,251,GO:0006006,glucose metabolic process,0.65161158
0,0.126047293,2,793,GO:0022411,cellular component disassembly,0.652250361
0,0.126737671,3,1949,GO:0090066,regulation of anatomical structure size,0.655453553
0,0.126874413,2,143,GO:0046621,negative regulation of organ growth,0.655791494
0,0.12701665,5,91,GO:0045792,negative regulation of cell size,0.65615744
0,0.128114628,3,42,GO:0009067,aspartate family amino acid biosynthetic process,0.657811508
0,0.127556593,2,66,GO:0019068,virion assembly,0.657811508
0,0.128124637,2,104,GO:0034308,primary alcohol metabolic process,0.657811508
0,0.127556593,4,66,GO:0036297,interstrand cross-link repair,0.657811508
0,0.127833108,2,130,GO:0042307;GO:1904591,positive regulation of protein import,0.657811508
0,0.127480687,6,462,GO:0046488,phosphatidylinositol metabolic process,0.657811508
0,0.128114628,3,42,GO:0048268,clathrin coat assembly,0.657811508
0,0.128114628,3,42,GO:0051156,glucose 6-phosphate metabolic process,0.657811508
0,0.128114628,2,42,GO:0090386,phagosome maturation involved in apoptotic cell clearance,0.657811508
0,0.127927067,2,349,GO:0120034,positive regulation of plasma membrane bounded cell projection assembly,0.657811508
0,0.128114628,2,42,GO:2001135,regulation of endocytic recycling,0.657811508
0,0.130088614,3,1727,GO:0002520;GO:0030097;GO:0048534,immune system development,0.659803526
0,0.129135525,4,54,GO:0002805,regulation of antimicrobial peptide biosynthetic process,0.659803526
0,0.130667677,2,10,GO:0006041,glucosamine metabolic process,0.659803526
0,0.130667677,4,10,GO:0006189,'de novo' IMP biosynthetic process,0.659803526
0,0.130667677,3,10,GO:0006549,isoleucine metabolic process,0.659803526
0,0.130667677,2,10,GO:0007529,establishment of synaptic specificity at neuromuscular junction,0.659803526
0,0.130667677,5,10,GO:0016108;GO:0016116,tetraterpenoid metabolic process,0.659803526
0,0.130667677,6,10,GO:0032364,oxygen homeostasis,0.659803526
0,0.130667677,2,10,GO:0033211,adiponectin-activated signaling pathway,0.659803526
0,0.130667677,2,10,GO:0034378,chylomicron assembly,0.659803526
0,0.130667677,2,10,GO:0036155,acylglycerol acyl-chain remodeling,0.659803526
0,0.130667677,3,10,GO:0039528,cytoplasmic pattern recognition receptor signaling pathway in response to virus,0.659803526
0,0.130667677,3,10,GO:0042997,negative regulation of Golgi to plasma membrane protein transport,0.659803526
0,0.130667677,3,10,GO:0045629,negative regulation of T-helper 2 cell differentiation,0.659803526
0,0.130667677,2,10,GO:0046946;GO:0046947,hydroxylysine metabolic process,0.659803526
0,0.130667677,2,10,GO:0070104;GO:1902232;GO:1902205;GO:1902206;GO:1902215;GO:1902233,negative regulation of interleukin-6-mediated signaling pathway,0.659803526
0,0.130667677,5,10,GO:0071878;GO:0140192;GO:0140199,negative regulation of adenylate cyclase-activating adrenergic receptor signaling pathway,0.659803526
0,0.130667677,4,10,GO:0075044;GO:0075071,modulation by symbiont of host autophagy,0.659803526
0,0.130667677,3,10,GO:0086017;GO:0086047,membrane depolarization during Purkinje myocyte cell action potential,0.659803526
0,0.130667677,2,10,GO:0086028;GO:0086043;GO:0086048,bundle of His cell to Purkinje myocyte signaling,0.659803526
0,0.130667677,2,10,GO:0106001,intestinal hexose absorption,0.659803526
0,0.130667677,3,10,GO:1900126,negative regulation of hyaluronan biosynthetic process,0.659803526
0,0.130667677,2,10,GO:1901355;GO:0072752,response to rapamycin,0.659803526
0,0.130667677,2,10,GO:1902525,regulation of protein monoubiquitination,0.659803526
0,0.130667677,7,10,GO:1902724,positive regulation of skeletal muscle satellite cell proliferation,0.659803526
0,0.130667677,6,10,GO:1904026,regulation of collagen fibril organization,0.659803526
0,0.130667677,3,10,GO:1904475;GO:2001106,regulation of Rho guanyl-nucleotide exchange factor activity,0.659803526
0,0.130667677,2,10,GO:1904578;GO:1904579,response to thapsigargin,0.659803526
0,0.131023545,2,350,GO:2001236,regulation of extrinsic apoptotic signaling pathway,0.661236958
0,0.132257959,3,20,GO:0003376;GO:0090520,sphingosine-1-phosphate receptor signaling pathway,0.661649976
0,0.132257959,3,20,GO:0007312,oocyte nucleus migration involved in oocyte dorsal/ventral axis specification,0.661649976
0,0.132257959,-1,20,GO:0007468,obsolete regulation of rhodopsin gene expression,0.661649976
0,0.132257959,4,20,GO:0010587,miRNA catabolic process,0.661649976
0,0.132257959,2,20,GO:0030252,growth hormone secretion,0.661649976
0,0.13135699,2,79,GO:0042181,ketone biosynthetic process,0.661649976
0,0.132257959,5,20,GO:0046813,receptor-mediated virion attachment to host cell,0.661649976
0,0.132257959,2,20,GO:0048251,elastic fiber assembly,0.661649976
0,0.132257959,2,20,GO:0051014,actin filament severing,0.661649976
0,0.132257959,2,20,GO:0060020,Bergmann glial cell differentiation,0.661649976
0,0.132257959,3,20,GO:0071649,regulation of chemokine (C-C motif) ligand 5 production,0.661649976
0,0.132257959,3,20,GO:0072526,pyridine-containing compound catabolic process,0.661649976
0,0.132257959,2,20,GO:0072710;GO:0072711,response to hydroxyurea,0.661649976
0,0.13135699,2,79,GO:0090398,cellular senescence,0.661649976
0,0.132257959,4,20,GO:0090400,stress-induced premature senescence,0.661649976
0,0.131381744,2,225,GO:0098693,regulation of synaptic vesicle cycle,0.661649976
0,0.133277801,2,31,GO:0002281,macrophage activation involved in immune response,0.662224022
0,0.133277801,3,31,GO:0014829,vascular associated smooth muscle contraction,0.662224022
0,0.133309985,5,92,GO:0031294;GO:0031295,T cell costimulation,0.662224022
0,0.133044416,2,131,GO:0032768;GO:0050999,regulation of monooxygenase activity,0.662224022
0,0.133277801,3,31,GO:0034059,response to anoxia,0.662224022
0,0.133277801,2,31,GO:0039019,pronephric nephron development,0.662224022
0,0.133277801,2,31,GO:0051386,regulation of neurotrophin TRK receptor signaling pathway,0.662224022
0,0.133277801,4,31,GO:0051917;GO:0051918,regulation of fibrinolysis,0.662224022
0,0.133277801,3,31,GO:0055089,fatty acid homeostasis,0.662224022
0,0.133277801,2,31,GO:0070230,positive regulation of lymphocyte apoptotic process,0.662224022
0,0.133277801,8,31,GO:0090239,regulation of histone H4 acetylation,0.662224022
0,0.132575005,4,407,GO:1901988;GO:1901991,negative regulation of cell cycle phase transition,0.662224022
0,0.133277801,2,31,GO:1902410,mitotic cytokinetic process,0.662224022
0,0.133407809,2,943,GO:0045785,positive regulation of cell adhesion,0.662351742
0,0.133838405,2,118,GO:1903901,negative regulation of viral life cycle,0.664130604
0,0.134010826,5,105,GO:0001703;GO:0010004,gastrulation with mouth forming first,0.664268452
0,0.134010826,2,105,GO:0032369,negative regulation of lipid transport,0.664268452
0,0.134514029,2,309,GO:2001235,positive regulation of apoptotic signaling pathway,0.666403103
0,0.135001494,3,158,GO:0008354,germ cell migration,0.668457532
0,0.135152319,2,185,GO:0046662,regulation of oviposition,0.668843779
0,0.135255773,2,652,GO:0032872;GO:0070302;GO:0046328,regulation of stress-activated protein kinase signaling cascade,0.668995302
0,0.136834426,5,145,GO:0001885,endothelial cell development,0.676439293
0,0.136950778,7,254,GO:0032946;GO:0070665;GO:0050671,positive regulation of leukocyte proliferation,0.676650293
0,0.137609973,3,55,GO:0006103,2-oxoglutarate metabolic process,0.677696973
0,0.137819042,5,43,GO:0014029,neural crest formation,0.677696973
0,0.137609973,2,55,GO:0033301;GO:0035186,cell cycle comprising mitosis without cytokinesis,0.677696973
0,0.137609973,2,55,GO:0035461,vitamin transmembrane transport,0.677696973
0,0.137819042,4,43,GO:0045947,negative regulation of translational initiation,0.677696973
0,0.137819042,3,43,GO:0046134,pyrimidine nucleoside biosynthetic process,0.677696973
0,0.137819042,2,43,GO:0061900,glial cell activation,0.677696973
0,0.137831602,2,324,GO:1901136,carbohydrate derivative catabolic process,0.677696973
0,0.137900451,3,296,GO:1902107,positive regulation of leukocyte differentiation,0.677696973
0,0.138370539,3,132,GO:0043489;GO:1902369;GO:0048255;GO:1902373,negative regulation of RNA catabolic process,0.679643528
0,0.139493514,4,119,GO:0072332,intrinsic apoptotic signaling pathway by p53 class mediator,0.684793117
0,0.140038101,2,106,GO:0050909,sensory perception of taste,0.686732492
0,0.13999665,2,438,GO:0061025,membrane fusion,0.686732492
0,0.141445087,5,297,GO:0043467,regulation of generation of precursor metabolites and energy,0.693262072
0,0.142806297,3,992,GO:0001101,response to acid chemical,0.698727606
0,0.142864501,2,845,GO:0005975,carbohydrate metabolic process,0.698727606
0,0.14281863,2,68,GO:0032400;GO:0051875;GO:0032401;GO:0051905;GO:0032402;GO:0051904,pigment granule localization,0.698727606
0,0.14281863,2,68,GO:0065001,specification of axis polarity,0.698727606
0,0.143075112,2,482,GO:0051896,regulation of protein kinase B signaling,0.69938526
0,0.143810216,2,133,GO:0006081,cellular aldehyde metabolic process,0.702464988
0,0.145081773,2,32,GO:0007056,spindle assembly involved in female meiosis,0.702464988
0,0.145081773,3,32,GO:0008063,Toll signaling pathway,0.702464988
0,0.145081773,5,32,GO:0009120,deoxyribonucleoside metabolic process,0.702464988
0,0.145081773,5,32,GO:0010458,exit from mitosis,0.702464988
0,0.145081773,8,32,GO:0010958;GO:1903789,regulation of amino acid transmembrane transport,0.702464988
0,0.145081773,3,32,GO:0018410,C-terminal protein amino acid modification,0.702464988
0,0.144291949,6,340,GO:0031333,negative regulation of protein-containing complex assembly,0.702464988
0,0.145081773,4,32,GO:0046040,IMP metabolic process,0.702464988
0,0.145081773,2,32,GO:0046689,response to mercury ion,0.702464988
0,0.145081773,2,32,GO:0048382,mesendoderm development,0.702464988
0,0.145081773,4,32,GO:0051152,positive regulation of smooth muscle cell differentiation,0.702464988
0,0.145081773,6,32,GO:0061723,glycophagy,0.702464988
0,0.145081773,2,32,GO:0071281,cellular response to iron ion,0.702464988
0,0.145081773,5,32,GO:0150105,protein localization to cell-cell junction,0.702464988
0,0.145081773,2,32,GO:1901339,regulation of store-operated calcium channel activity,0.702464988
0,0.144641671,4,326,GO:1901800;GO:1903052,positive regulation of proteolysis involved in cellular protein catabolic process,0.702464988
0,0.145081773,2,32,GO:2000269,regulation of fibroblast apoptotic process,0.702464988
0,0.145273567,4,120,GO:0031648,protein destabilization,0.703023032
0,0.147369339,5,21,GO:0002228;GO:0042267,natural killer cell mediated cytotoxicity,0.703527742
0,0.147369339,2,21,GO:0002577,regulation of antigen processing and presentation,0.703527742
0,0.147369339,2,21,GO:0003330,regulation of extracellular matrix constituent secretion,0.703527742
0,0.145890337,2,1097,GO:0006518;GO:0043604,amide biosynthetic process,0.703527742
0,0.147369339,4,21,GO:0007319,negative regulation of oskar mRNA translation,0.703527742
0,0.147369339,2,21,GO:0010911;GO:0010912,regulation of isomerase activity,0.703527742
0,0.147369339,2,21,GO:0014820;GO:0014824,tonic smooth muscle contraction,0.703527742
0,0.147369339,3,21,GO:0031442,positive regulation of mRNA 3'-end processing,0.703527742
0,0.146336851,5,56,GO:0034453,microtubule anchoring,0.703527742
0,0.147369339,4,21,GO:0034769,basement membrane disassembly,0.703527742
0,0.146336851,2,56,GO:0035024,negative regulation of Rho protein signal transduction,0.703527742
0,0.147369339,4,21,GO:0042921,glucocorticoid receptor signaling pathway,0.703527742
0,0.147369339,2,21,GO:0045542;GO:0090205;GO:0106120,positive regulation of cholesterol metabolic process,0.703527742
0,0.147369339,2,21,GO:0048733,sebaceous gland development,0.703527742
0,0.147369339,2,21,GO:0051177,meiotic sister chromatid cohesion,0.703527742
0,0.146809917,3,215,GO:0051785;GO:0045840,positive regulation of nuclear division,0.703527742
0,0.146336851,3,56,GO:0055012,ventricular cardiac muscle cell differentiation,0.703527742
0,0.147369339,4,21,GO:0060729,intestinal epithelial structure maintenance,0.703527742
0,0.146336851,2,56,GO:0061050,regulation of cell growth involved in cardiac muscle cell development,0.703527742
0,0.147369339,5,21,GO:0071468,cellular response to acidic pH,0.703527742
0,0.147369339,3,21,GO:0072576,liver morphogenesis,0.703527742
0,0.147369339,5,21,GO:1902416;GO:1905216,positive regulation of RNA binding,0.703527742
0,0.146336851,2,56,GO:1904262,negative regulation of TORC1 signaling,0.703527742
0,0.147369339,2,21,GO:1990000,amyloid fibril formation,0.703527742
0,0.147369339,3,21,GO:2000508;GO:2000510,regulation of dendritic cell chemotaxis,0.703527742
0,0.147369339,2,21,GO:2000551,regulation of T-helper 2 cell cytokine production,0.703527742
0,0.147835727,3,44,GO:0050687,negative regulation of defense response to virus,0.704655502
0,0.147835727,2,44,GO:0051084,'de novo' posttranslational protein folding,0.704655502
0,0.147835727,3,44,GO:0051444,negative regulation of ubiquitin-protein transferase activity,0.704655502
0,0.148230884,3,243,GO:0043401;GO:0030518,steroid hormone mediated signaling pathway,0.705806466
0,0.148230884,4,243,GO:1903510,mucopolysaccharide metabolic process,0.705806466
0,0.148875217,4,441,GO:0040014,regulation of multicellular organism growth,0.708507184
0,0.149880084,2,161,GO:0061515,myeloid cell development,0.712920025
0,0.150172562,2,202,GO:0009132;GO:0009135;GO:0009179;GO:0009185,nucleoside diphosphate metabolic process,0.713941503
0,0.153216021,7,11,GO:0000056,ribosomal small subunit export from nucleus,0.713997543
0,0.153216021,5,11,GO:0000730;GO:0090735;GO:0042148,DNA recombinase assembly,0.713997543
0,0.153216021,6,11,GO:0002713;GO:0002890,negative regulation of immunoglobulin mediated immune response,0.713997543
0,0.153216021,3,11,GO:0003422,growth plate cartilage morphogenesis,0.713997543
0,0.153216021,3,11,GO:0007260,tyrosine phosphorylation of STAT protein,0.713997543
0,0.153216021,5,11,GO:0007342,fusion of sperm to egg plasma membrane involved in single fertilization,0.713997543
0,0.152507365,4,108,GO:0008643;GO:0034219,carbohydrate transport,0.713997543
0,0.153216021,6,11,GO:0009138;GO:0009193;GO:0046048,pyrimidine nucleoside diphosphate metabolic process,0.713997543
0,0.153216021,3,11,GO:0009221,pyrimidine deoxyribonucleotide biosynthetic process,0.713997543
0,0.153216021,2,11,GO:0010815,bradykinin catabolic process,0.713997543
0,0.153216021,2,11,GO:0010877,lipid transport involved in lipid storage,0.713997543
0,0.153216021,2,11,GO:0015937,coenzyme A biosynthetic process,0.713997543
0,0.153216021,6,11,GO:0019076;GO:0035891;GO:0035890;GO:0052192,exit from host cell,0.713997543
0,0.150763142,6,69,GO:0030835,negative regulation of actin filament depolymerization,0.713997543
0,0.153216021,5,11,GO:0034163;GO:0034165,positive regulation of toll-like receptor 9 signaling pathway,0.713997543
0,0.153216021,2,11,GO:0034201,response to oleic acid,0.713997543
0,0.153216021,5,11,GO:0034242,negative regulation of syncytium formation by plasma membrane fusion,0.713997543
0,0.153216021,3,11,GO:0042810;GO:0042811,pheromone metabolic process,0.713997543
0,0.15188193,3,230,GO:0044773;GO:0044774,mitotic DNA integrity checkpoint,0.713997543
0,0.150763142,5,69,GO:0045577,regulation of B cell differentiation,0.713997543
0,0.152069091,2,314,GO:0045667,regulation of osteoblast differentiation,0.713997543
0,0.153216021,2,11,GO:0046104,thymidine metabolic process,0.713997543
0,0.153216021,2,11,GO:0046124;GO:0046122,purine deoxyribonucleoside metabolic process,0.713997543
0,0.152507365,5,108,GO:0046688,response to copper ion,0.713997543
0,0.151171843,2,216,GO:0046889,positive regulation of lipid biosynthetic process,0.713997543
0,0.153216021,6,11,GO:0048550,negative regulation of pinocytosis,0.713997543
0,0.153216021,5,11,GO:0051006;GO:0061365,positive regulation of triglyceride lipase activity,0.713997543
0,0.153216021,6,11,GO:0051105;GO:0051106,regulation of DNA ligation,0.713997543
0,0.153216021,3,11,GO:0051387,negative regulation of neurotrophin TRK receptor signaling pathway,0.713997543
0,0.153216021,2,11,GO:0061552,ganglion morphogenesis,0.713997543
0,0.153216021,2,11,GO:0097070,ductus arteriosus closure,0.713997543
0,0.153216021,2,11,GO:1902564,negative regulation of neutrophil activation,0.713997543
0,0.153216021,4,11,GO:1903297;GO:1903298,negative regulation of hypoxia-induced intrinsic apoptotic signaling pathway,0.713997543
0,0.153216021,3,11,GO:1903593;GO:1903595,positive regulation of histamine secretion by mast cell,0.713997543
0,0.153216021,2,11,GO:1903898;GO:1903912,negative regulation of PERK-mediated unfolded protein response,0.713997543
0,0.153216021,2,11,GO:1904177,regulation of adipose tissue development,0.713997543
0,0.153216021,4,11,GO:1905832,positive regulation of spindle assembly,0.713997543
0,0.153216021,5,11,GO:1990637;GO:1990646,response to prolactin,0.713997543
0,0.153216021,5,11,GO:2000416,regulation of eosinophil migration,0.713997543
0,0.155307637,2,57,GO:0001782,B cell homeostasis,0.720454873
0,0.155307637,2,57,GO:0006607,NLS-bearing protein import into nucleus,0.720454873
0,0.155027488,5,162,GO:0007229,integrin-mediated signaling pathway,0.720454873
0,0.155027488,2,162,GO:0015696,ammonium transport,0.720454873
0,0.155307637,3,57,GO:0032689,negative regulation of interferon-gamma production,0.720454873
0,0.155024558,2,135,GO:0032922,circadian regulation of gene expression,0.720454873
0,0.155307637,2,57,GO:0035561,regulation of chromatin binding,0.720454873
0,0.155307637,2,57,GO:0046006,regulation of activated T cell proliferation,0.720454873
0,0.155307637,3,57,GO:2000757;GO:1901984,negative regulation of protein acetylation,0.720454873
0,0.157275202,3,33,GO:0002070,epithelial cell maturation,0.72774445
0,0.157275202,2,33,GO:0030277,maintenance of gastrointestinal epithelium,0.72774445
0,0.157275202,2,33,GO:0035865,cellular response to potassium ion,0.72774445
0,0.157275202,7,33,GO:0051127,positive regulation of actin nucleation,0.72774445
0,0.157275202,2,33,GO:1903209,positive regulation of oxidative stress-induced cell death,0.72774445
0,0.15815066,3,45,GO:0001845,phagolysosome assembly,0.728492385
0,0.15815066,3,45,GO:0005981;GO:0043471,regulation of cellular carbohydrate catabolic process,0.728492385
0,0.157994254,2,149,GO:0006476;GO:0035601;GO:0098732;GO:0016575,macromolecule deacylation,0.728492385
0,0.15815066,3,45,GO:0006851,mitochondrial calcium ion transmembrane transport,0.728492385
0,0.15815066,2,45,GO:0014733,regulation of skeletal muscle adaptation,0.728492385
0,0.15815066,4,45,GO:0042994,cytoplasmic sequestering of transcription factor,0.728492385
0,0.15815066,4,45,GO:0045175,basal protein localization,0.728492385
0,0.15815066,2,45,GO:0046323;GO:1904659,glucose transmembrane transport,0.728492385
0,0.158100719,2,401,GO:0050870;GO:1903039,positive regulation of leukocyte cell-cell adhesion,0.728492385
0,0.158944619,2,109,GO:0010884,positive regulation of lipid storage,0.72958837
0,0.158944619,2,109,GO:0016476,regulation of embryonic cell shape,0.72958837
0,0.158908916,5,70,GO:0030041,actin filament polymerization,0.72958837
0,0.158908916,3,70,GO:0042116,macrophage activation,0.72958837
0,0.158908916,2,70,GO:0061462,protein localization to lysosome,0.72958837
0,0.158908916,2,70,GO:0090382,phagosome maturation,0.72958837
0,0.158944619,2,109,GO:1900274;GO:0010863,regulation of phospholipase C activity,0.72958837
0,0.160205749,2,83,GO:0034694;GO:0034695,response to prostaglandin,0.734923872
0,0.160267013,6,163,GO:0061178,regulation of insulin secretion involved in cellular response to glucose stimulus,0.734923872
0,0.160359991,2,288,GO:0045598,regulation of fat cell differentiation,0.734983292
0,0.163004793,4,22,GO:0002315,marginal zone B cell differentiation,0.740088492
0,0.163004793,4,22,GO:0006697;GO:0008205;GO:0045456;GO:0045455,ecdysteroid metabolic process,0.740088492
0,0.163004793,2,22,GO:0007301,female germline ring canal formation,0.740088492
0,0.163004793,2,22,GO:0017000,antibiotic biosynthetic process,0.740088492
0,0.163004793,2,22,GO:0033083;GO:0033084,regulation of immature T cell proliferation,0.740088492
0,0.163004793,3,22,GO:0042541,hemoglobin biosynthetic process,0.740088492
0,0.161978815,2,177,GO:0045685,regulation of glial cell differentiation,0.740088492
0,0.163004793,6,22,GO:0045988,negative regulation of striated muscle contraction,0.740088492
0,0.163004793,2,22,GO:0046113,nucleobase catabolic process,0.740088492
0,0.161735532,2,345,GO:0051592,response to calcium ion,0.740088492
0,0.163004793,5,22,GO:0060331;GO:0060336,negative regulation of interferon-gamma-mediated signaling pathway,0.740088492
0,0.163004793,2,22,GO:0070199,establishment of protein localization to chromosome,0.740088492
0,0.163004793,2,22,GO:0070863,positive regulation of protein exit from endoplasmic reticulum,0.740088492
0,0.163004793,2,22,GO:0090219,negative regulation of lipid kinase activity,0.740088492
0,0.163004793,2,22,GO:1900122,positive regulation of receptor binding,0.740088492
0,0.162504632,2,331,GO:1903828,negative regulation of cellular protein localization,0.740088492
0,0.161978815,2,177,GO:1905897,regulation of response to endoplasmic reticulum stress,0.740088492
0,0.163004793,4,22,GO:1990868;GO:1990869,response to chemokine,0.740088492
0,0.163233698,3,191,GO:0050775,positive regulation of dendrite morphogenesis,0.740761619
0,0.163808932,6,303,GO:0001936,regulation of endothelial cell proliferation,0.743004958
0,0.164318555,2,289,GO:0090277,positive regulation of peptide hormone secretion,0.74494863
0,0.164513291,3,58,GO:0062033,positive regulation of mitotic sister chromatid segregation,0.745095947
0,0.164513291,2,58,GO:0070979,protein K11-linked ubiquitination,0.745095947
0,0.164985057,2,233,GO:0001892,embryonic placenta development,0.746864341
0,0.166218706,2,332,GO:0002792;GO:0050709,negative regulation of peptide secretion,0.752078234
0,0.167249683,3,71,GO:0032418,lysosome localization,0.754883703
0,0.167115857,2,178,GO:0042737,drug catabolic process,0.754883703
0,0.16711187,3,97,GO:0060351,cartilage development involved in endochondral bone morphogenesis,0.754883703
0,0.167249683,2,71,GO:0061418,regulation of transcription from RNA polymerase II promoter in response to hypoxia,0.754883703
0,0.166973474,2,375,GO:1900180,regulation of protein localization to nucleus,0.754883703
0,0.167847645,3,84,GO:0033146,regulation of intracellular estrogen receptor signaling pathway,0.756838794
0,0.167847645,4,84,GO:0035020,regulation of Rac protein signal transduction,0.756838794
0,0.168192511,2,192,GO:1902692,regulation of neuroblast proliferation,0.758021694
0,0.168330126,2,290,GO:0044344;GO:0071774,response to fibroblast growth factor,0.758269842
0,0.168749144,2,46,GO:0034104,negative regulation of tissue remodeling,0.758669061
0,0.168749144,3,46,GO:0034389,lipid droplet organization,0.758669061
0,0.168749144,3,46,GO:0044766;GO:1902579,multi-organism transport,0.758669061
0,0.168749144,2,46,GO:0071498,cellular response to fluid shear stress,0.758669061
0,0.169342985,3,390,GO:0007308;GO:0007309,oocyte construction,0.760966399
0,0.169831547,4,34,GO:0016114,terpenoid biosynthetic process,0.761299542
0,0.169831547,2,34,GO:0036010,protein localization to endosome,0.761299542
0,0.169831547,3,34,GO:0055062;GO:0072506;GO:0072505,trivalent inorganic anion homeostasis,0.761299542
0,0.169831547,2,34,GO:0061864;GO:0070278,extracellular matrix constituent secretion,0.761299542
0,0.169831547,7,34,GO:1904994;GO:1904996,regulation of leukocyte adhesion to vascular endothelial cell,0.761299542
0,0.170158855,2,666,GO:0010948,negative regulation of cell cycle process,0.762392326
0,0.170241335,5,813,GO:0072594,establishment of protein localization to organelle,0.762392326
0,0.17085185,3,1844,GO:0022604,regulation of cell morphogenesis,0.76475353
0,0.171017469,2,165,GO:0098876,vesicle-mediated transport to the plasma membrane,0.765121992
0,0.172211205,5,111,GO:0040026,positive regulation of vulval development,0.769338483
0,0.172211205,2,111,GO:0060043,regulation of cardiac muscle cell proliferation,0.769338483
0,0.172211205,2,111,GO:0072665,protein localization to vacuole,0.769338483
0,0.172472881,1,947,GO:0051098,regulation of binding,0.770132917
0,0.176434934,2,12,GO:0001980,regulation of systemic arterial blood pressure by ischemic conditions,0.770883611
0,0.173944304,2,59,GO:0002675,positive regulation of acute inflammatory response,0.770883611
0,0.176434934,2,12,GO:0006449,regulation of translational termination,0.770883611
0,0.176434934,2,12,GO:0006598;GO:0046208,polyamine catabolic process,0.770883611
0,0.173944304,4,59,GO:0007220,Notch receptor processing,0.770883611
0,0.176434934,2,12,GO:0007555,regulation of ecdysteroid secretion,0.770883611
0,0.176434934,3,12,GO:0009698;GO:0009804;GO:0046226;GO:0046271,phenylpropanoid metabolic process,0.770883611
0,0.176434934,2,12,GO:0010749,regulation of nitric oxide mediated signal transduction,0.770883611
0,0.176434934,2,12,GO:0019482,beta-alanine metabolic process,0.770883611
0,0.175778826,5,72,GO:0031581,hemidesmosome assembly,0.770883611
0,0.176434934,2,12,GO:0033091;GO:0033092,positive regulation of immature T cell proliferation,0.770883611
0,0.176434934,2,12,GO:0036490,regulation of translation in response to endoplasmic reticulum stress,0.770883611
0,0.173944304,2,59,GO:0040015,negative regulation of multicellular organism growth,0.770883611
0,0.173944304,4,59,GO:0040027,negative regulation of vulval development,0.770883611
0,0.173944304,4,59,GO:0040035,hermaphrodite genitalia development,0.770883611
0,0.176434934,4,12,GO:0045039,protein insertion into mitochondrial inner membrane,0.770883611
0,0.173944304,3,59,GO:0045622,regulation of T-helper cell differentiation,0.770883611
0,0.176434934,2,12,GO:0046629,gamma-delta T cell activation,0.770883611
0,0.176434934,5,12,GO:0048696,regulation of collateral sprouting in absence of injury,0.770883611
0,0.176434934,3,12,GO:0051045,negative regulation of membrane protein ectodomain proteolysis,0.770883611
0,0.175652181,2,85,GO:0051154,negative regulation of striated muscle cell differentiation,0.770883611
0,0.175652181,2,85,GO:0051412,response to corticosterone,0.770883611
0,0.174028841,5,221,GO:0051607;GO:0140546,defense response to virus,0.770883611
0,0.176434934,2,12,GO:0051771,negative regulation of nitric-oxide synthase biosynthetic process,0.770883611
0,0.176434934,4,12,GO:0051791,medium-chain fatty acid metabolic process,0.770883611
0,0.176501713,2,349,GO:0051897,positive regulation of protein kinase B signaling,0.770883611
0,0.174045416,2,235,GO:0055024,regulation of cardiac muscle tissue development,0.770883611
0,0.176434934,3,12,GO:0060268,negative regulation of respiratory burst,0.770883611
0,0.176434934,2,12,GO:0060718,chorionic trophoblast cell differentiation,0.770883611
0,0.176434934,2,12,GO:0061091,regulation of phospholipid translocation,0.770883611
0,0.173944304,2,59,GO:0061912,selective autophagy,0.770883611
0,0.176434934,2,12,GO:0070837,dehydroascorbic acid transport,0.770883611
0,0.173944304,3,59,GO:0071731,response to nitric oxide,0.770883611
0,0.176434934,5,12,GO:0072385,minus-end-directed organelle transport along microtubule,0.770883611
0,0.174316894,2,98,GO:0072583,clathrin-dependent endocytosis,0.770883611
0,0.176434934,2,12,GO:0072656,maintenance of protein location in mitochondrion,0.770883611
0,0.176434934,2,12,GO:0072674;GO:0072675,multinuclear osteoclast differentiation,0.770883611
0,0.174908747,1,152,GO:0098754;GO:0098869;GO:1990748,detoxification,0.770883611
0,0.176434934,2,12,GO:1901164,negative regulation of trophoblast cell migration,0.770883611
0,0.176434934,2,12,GO:1901995;GO:1902104;GO:1905134,positive regulation of meiotic cell cycle phase transition,0.770883611
0,0.176434934,3,12,GO:1902172,regulation of keratinocyte apoptotic process,0.770883611
0,0.176434934,4,12,GO:1902262,apoptotic process involved in blood vessel morphogenesis,0.770883611
0,0.174316894,8,98,GO:1904036,negative regulation of epithelial cell apoptotic process,0.770883611
0,0.176434934,2,12,GO:1904684;GO:1905049,negative regulation of metallopeptidase activity,0.770883611
0,0.176434934,-1,12,GO:2000325,obsolete regulation of nuclear receptor coactivator activity,0.770883611
0,0.179105419,2,23,GO:0000712,resolution of meiotic recombination intermediates,0.771642671
0,0.179105419,10,23,GO:0002903,negative regulation of B cell apoptotic process,0.771642671
0,0.179105419,3,23,GO:0006002,fructose 6-phosphate metabolic process,0.771642671
0,0.178340512,4,194,GO:0007589,body fluid secretion,0.771642671
0,0.177438777,2,450,GO:0008202,steroid metabolic process,0.771642671
0,0.178670988,2,236,GO:0017158,regulation of calcium ion-dependent exocytosis,0.771642671
0,0.179615899,5,47,GO:0018126,protein hydroxylation,0.771642671
0,0.179105419,2,23,GO:0033004,negative regulation of mast cell activation,0.771642671
0,0.179105419,4,23,GO:0034135,regulation of toll-like receptor 2 signaling pathway,0.771642671
0,0.179105419,3,23,GO:0044342,type B pancreatic cell proliferation,0.771642671
0,0.179105419,4,23,GO:0045819,positive regulation of glycogen catabolic process,0.771642671
0,0.179105419,2,23,GO:0046184,aldehyde biosynthetic process,0.771642671
0,0.179615899,4,47,GO:0048011,neurotrophin TRK receptor signaling pathway,0.771642671
0,0.179105419,2,23,GO:0048143,astrocyte activation,0.771642671
0,0.179105419,3,23,GO:0048337;GO:1905772;GO:1905904,positive regulation of mesodermal cell fate specification,0.771642671
0,0.179105419,3,23,GO:0051012,microtubule sliding,0.771642671
0,0.17852531,3,407,GO:0051100,negative regulation of binding,0.771642671
0,0.179105419,2,23,GO:0060056,mammary gland involution,0.771642671
0,0.179615899,4,47,GO:0060644,mammary gland epithelial cell differentiation,0.771642671
0,0.179105419,2,23,GO:0061307;GO:0061308,cardiac neural crest cell differentiation involved in heart development,0.771642671
0,0.179105419,6,23,GO:0071287,cellular response to manganese ion,0.771642671
0,0.179615899,2,47,GO:0071684,organism emergence from protective structure,0.771642671
0,0.179105419,2,23,GO:0075522,IRES-dependent viral translational initiation,0.771642671
0,0.179105419,3,23,GO:0090154;GO:2000304,positive regulation of sphingolipid biosynthetic process,0.771642671
0,0.179105419,2,23,GO:0090251,protein localization involved in establishment of planar polarity,0.771642671
0,0.179615899,7,47,GO:0090280,positive regulation of calcium ion import,0.771642671
0,0.179105419,2,23,GO:0097062,dendritic spine maintenance,0.771642671
0,0.179034763,5,112,GO:0098801,regulation of renal system process,0.771642671
0,0.179105419,4,23,GO:1902804,negative regulation of synaptic vesicle transport,0.771642671
0,0.179105419,2,23,GO:1903003,positive regulation of protein deubiquitination,0.771642671
0,0.179105419,2,23,GO:1903012,positive regulation of bone development,0.771642671
0,0.179105419,2,23,GO:1904294,positive regulation of ERAD pathway,0.771642671
0,0.179615899,2,47,GO:1904353,regulation of telomere capping,0.771642671
0,0.179615899,2,47,GO:2000772,regulation of cellular senescence,0.771642671
0,0.181535501,2,336,GO:0043200,response to amino acid,0.779160549
0,0.181529297,2,279,GO:0050829,defense response to Gram-negative bacterium,0.779160549
0,0.181661664,4,99,GO:0009112,nucleobase metabolic process,0.77933787
0,0.182723659,2,35,GO:0001562;GO:0042832,response to protozoan,0.780498844
0,0.182723659,2,35,GO:0006991;GO:0032933;GO:0071501,response to sterol depletion,0.780498844
0,0.182273786,5,265,GO:0008203;GO:0016125;GO:1902652,sterol metabolic process,0.780498844
0,0.182723659,3,35,GO:0019682,glyceraldehyde-3-phosphate metabolic process,0.780498844
0,0.182723659,3,35,GO:0030497;GO:0042761,very long-chain fatty acid biosynthetic process,0.780498844
0,0.182723659,2,35,GO:0035202,tracheal pit formation in open tracheal system,0.780498844
0,0.182782037,3,365,GO:0042335,cuticle development,0.780498844
0,0.182723659,2,35,GO:0046415,urate metabolic process,0.780498844
0,0.182723659,2,35,GO:0071305,cellular response to vitamin D,0.780498844
0,0.182723659,3,35,GO:2001267,regulation of cysteine-type endopeptidase activity involved in apoptotic signaling pathway,0.780498844
0,0.182891759,2,251,GO:0043297;GO:0120192;GO:0120193,apical junction assembly,0.780604462
0,0.183252798,2,922,GO:0051963;GO:1901888,regulation of cell junction assembly,0.78178214
0,0.183614281,2,86,GO:0007096,regulation of exit from mitosis,0.782234311
0,0.183590744,3,60,GO:0032212;GO:1904358,positive regulation of telomere maintenance via telomere lengthening,0.782234311
0,0.183590744,2,60,GO:0050690,regulation of defense response to virus by virus,0.782234311
0,0.18402546,5,423,GO:0034612;GO:0071356,response to tumor necrosis factor,0.783622555
0,0.184489412,4,73,GO:0045167,asymmetric protein localization involved in cell fate determination,0.785234128
0,0.185981049,3,113,GO:0006099;GO:0006101;GO:0072350,tricarboxylic acid metabolic process,0.790849968
0,0.185981049,3,113,GO:0030011,maintenance of cell polarity,0.790849968
0,0.186659298,3,154,GO:1901570,fatty acid derivative biosynthetic process,0.793366799
0,0.187495312,4,252,GO:1901992;GO:1901989,positive regulation of cell cycle phase transition,0.796551545
0,0.187996596,5,309,GO:0072091,regulation of stem cell proliferation,0.798311945
0,0.188553672,2,224,GO:0042551,neuron maturation,0.800307521
0,0.189166196,3,295,GO:0007098;GO:0031023,microtubule organizing center organization,0.801795807
0,0.189065701,2,127,GO:0010972;GO:1902750,negative regulation of cell cycle G2/M phase transition,0.801795807
0,0.189166196,3,295,GO:0031058;GO:1905269,positive regulation of chromatin organization,0.801795807
0,0.190735155,2,48,GO:0003381;GO:0003384,epithelial cell morphogenesis involved in gastrulation,0.806584898
0,0.190735155,3,48,GO:0006622,protein targeting to lysosome,0.806584898
0,0.190735155,4,48,GO:0010286,heat acclimation,0.806584898
0,0.190735155,2,48,GO:0090522;GO:0099022,vesicle tethering,0.806584898
0,0.190735155,2,48,GO:0097094,craniofacial suture morphogenesis,0.806584898
0,0.1926715,2,155,GO:0043470,regulation of carbohydrate catabolic process,0.814398402
0,0.192878826,4,440,GO:0007043,cell-cell junction assembly,0.814899731
0,0.193442303,2,61,GO:0000083,regulation of transcription involved in G1/S transition of mitotic cell cycle,0.816529206
0,0.193442303,2,61,GO:0045736;GO:1904030,negative regulation of cyclin-dependent protein kinase activity,0.816529206
0,0.194121708,2,197,GO:0010611;GO:0014743,regulation of muscle hypertrophy,0.817518517
0,0.194019123,6,183,GO:0030808;GO:1900371,regulation of nucleotide biosynthetic process,0.817518517
0,0.193939595,2,211,GO:0048260,positive regulation of receptor-mediated endocytosis,0.817518517
0,0.193905676,4,778,GO:0051648;GO:0051650,vesicle localization,0.817518517
0,0.194121708,2,197,GO:0061035,regulation of cartilage development,0.817518517
0,0.194285754,2,368,GO:0046425;GO:1904892,regulation of receptor signaling pathway via STAT,0.817834394
0,0.195613243,2,24,GO:0001820;GO:0006837,serotonin transport,0.817982629
0,0.195613243,2,24,GO:0006684,sphingomyelin metabolic process,0.817982629
0,0.195839264,2,268,GO:0007525,somatic muscle development,0.817982629
0,0.195613243,-1,24,GO:0009109,obsolete coenzyme catabolic process,0.817982629
0,0.195613243,4,24,GO:0014034,neural crest cell fate commitment,0.817982629
0,0.195613243,2,24,GO:0016102,diterpenoid biosynthetic process,0.817982629
0,0.195613243,3,24,GO:0019852,L-ascorbic acid metabolic process,0.817982629
0,0.195613243,2,24,GO:0022027,interkinetic nuclear migration,0.817982629
0,0.195923983,2,36,GO:0031937,positive regulation of chromatin silencing,0.817982629
0,0.195923983,6,36,GO:0033008;GO:0043306,positive regulation of mast cell degranulation,0.817982629
0,0.195613243,4,24,GO:0035562,negative regulation of chromatin binding,0.817982629
0,0.195613243,3,24,GO:0042482,positive regulation of odontogenesis,0.817982629
0,0.195923983,2,36,GO:0048079,regulation of cuticle pigmentation,0.817982629
0,0.195923983,2,36,GO:0060263,regulation of respiratory burst,0.817982629
0,0.195923983,3,36,GO:0071636,positive regulation of transforming growth factor beta production,0.817982629
0,0.195613243,3,24,GO:1902176,negative regulation of oxidative stress-induced intrinsic apoptotic signaling pathway,0.817982629
0,0.195613243,4,24,GO:2000426;GO:0060101;GO:1905154,negative regulation of membrane invagination,0.817982629
0,0.195613243,3,24,GO:2000674,regulation of type B pancreatic cell apoptotic process,0.817982629
0,0.2001467,2,13,GO:0002457,T cell antigen processing and presentation,0.819593152
0,0.2001467,5,13,GO:0002638,negative regulation of immunoglobulin production,0.819593152
0,0.2001467,2,13,GO:0003032,detection of oxygen,0.819593152
0,0.2001467,2,13,GO:0003331,positive regulation of extracellular matrix constituent secretion,0.819593152
0,0.2001467,3,13,GO:0006108,malate metabolic process,0.819593152
0,0.2001467,7,13,GO:0006868,glutamine transport,0.819593152
0,0.199989734,4,88,GO:0010613;GO:0014742,positive regulation of cardiac muscle hypertrophy,0.819593152
0,0.2001467,3,13,GO:0015822;GO:1902022;GO:1903352;GO:1903401,L-lysine transmembrane transport,0.819593152
0,0.19756951,4,340,GO:0016482,cytosolic transport,0.819593152
0,0.2001467,3,13,GO:0018342;GO:0097354,prenylation,0.819593152
0,0.2001467,2,13,GO:0023021,termination of signal transduction,0.819593152
0,0.2001467,3,13,GO:0032815,negative regulation of natural killer cell activation,0.819593152
0,0.2001467,2,13,GO:0033600,negative regulation of mammary gland epithelial cell proliferation,0.819593152
0,0.2001467,2,13,GO:0034316,negative regulation of Arp2/3 complex-mediated actin nucleation,0.819593152
0,0.2001467,4,13,GO:0034418,urate biosynthetic process,0.819593152
0,0.2001467,4,13,GO:0034606,response to hermaphrodite contact,0.819593152
0,0.2001467,2,13,GO:0035357,peroxisome proliferator activated receptor signaling pathway,0.819593152
0,0.199951836,3,355,GO:0042058;GO:1901184,regulation of ERBB signaling pathway,0.819593152
0,0.2001467,2,13,GO:0046351,disaccharide biosynthetic process,0.819593152
0,0.19877241,8,156,GO:0046637;GO:0046638;GO:0046635,regulation of alpha-beta T cell differentiation,0.819593152
0,0.2001467,3,13,GO:0046967,cytosol to endoplasmic reticulum transport,0.819593152
0,0.2001467,4,13,GO:0048086,negative regulation of developmental pigmentation,0.819593152
0,0.199989734,3,88,GO:0048821,erythrocyte development,0.819593152
0,0.199989734,5,88,GO:0050926;GO:0050927,regulation of positive chemotaxis,0.819593152
0,0.2001467,2,13,GO:0060031,mediolateral intercalation,0.819593152
0,0.2001467,2,13,GO:0060304,regulation of phosphatidylinositol dephosphorylation,0.819593152
0,0.2001467,2,13,GO:0061030,epithelial cell differentiation involved in mammary gland alveolus development,0.819593152
0,0.2001467,2,13,GO:0061684;GO:0061741,chaperone-mediated autophagy,0.819593152
0,0.2001467,3,13,GO:0070827,chromatin maintenance,0.819593152
0,0.2001467,2,13,GO:0071211,protein targeting to vacuole involved in autophagy,0.819593152
0,0.2001467,4,13,GO:0071578,zinc ion import across plasma membrane,0.819593152
0,0.2001467,3,13,GO:0072160,nephron tubule epithelial cell differentiation,0.819593152
0,0.2001467,2,13,GO:0090166,Golgi disassembly,0.819593152
0,0.2001467,2,13,GO:0090232;GO:1901978;GO:0090267,positive regulation of cell cycle checkpoint,0.819593152
0,0.2001467,3,13,GO:1900127,positive regulation of hyaluronan biosynthetic process,0.819593152
0,0.2001467,4,13,GO:1901072,glucosamine-containing compound catabolic process,0.819593152
0,0.2001467,2,13,GO:1902685,positive regulation of receptor localization to synapse,0.819593152
0,0.2001467,2,13,GO:1903069,regulation of ER-associated ubiquitin-dependent protein catabolic process,0.819593152
0,0.2001467,4,13,GO:1903223,positive regulation of oxidative stress-induced neuron death,0.819593152
0,0.2001467,4,13,GO:1904796;GO:1904798,regulation of core promoter binding,0.819593152
0,0.2001467,5,13,GO:1905651,regulation of artery morphogenesis,0.819593152
0,0.200743615,2,312,GO:0000077;GO:0031570,DNA integrity checkpoint,0.821671171
0,0.202425736,6,75,GO:0000272;GO:0005980;GO:0009251;GO:0044247;GO:0044275,cellular carbohydrate catabolic process,0.82524651
0,0.202425736,4,75,GO:0008090,retrograde axonal transport,0.82524651
0,0.202090744,2,49,GO:0008299,isoprenoid biosynthetic process,0.82524651
0,0.202090744,2,49,GO:0030219;GO:0035855,megakaryocyte differentiation,0.82524651
0,0.202425736,2,75,GO:0060027,convergent extension involved in gastrulation,0.82524651
0,0.202425736,2,75,GO:0070534,protein K63-linked ubiquitination,0.82524651
0,0.202425736,2,75,GO:0098868;GO:0003416;GO:0003417,bone growth,0.82524651
0,0.202090744,2,49,GO:1904799,regulation of neuron remodeling,0.82524651
0,0.202090744,2,49,GO:2000192,negative regulation of fatty acid transport,0.82524651
0,0.202577783,2,129,GO:0070936,protein K48-linked ubiquitination,0.825499972
0,0.204429567,4,213,GO:0007097;GO:0051647,nucleus localization,0.83267653
0,0.205290683,2,931,GO:1901990;GO:1901987,regulation of cell cycle phase transition,0.835813353
0,0.207522835,4,116,GO:0010712;GO:0032965,regulation of collagen metabolic process,0.843779214
0,0.207522835,2,116,GO:0010907,positive regulation of glucose metabolic process,0.843779214
0,0.207522835,2,116,GO:0060438,trachea development,0.843779214
0,0.208101842,5,357,GO:2000177,regulation of neural precursor cell proliferation,0.845759033
0,0.208391841,2,89,GO:0007585,respiratory gaseous exchange by respiratory system,0.846188798
0,0.208391841,2,89,GO:0033619,membrane protein proteolysis,0.846188798
0,0.20881504,5,228,GO:0006892,post-Golgi vesicle-mediated transport,0.847532541
0,0.209404749,2,37,GO:0002360,T cell lineage commitment,0.847678546
0,0.209404749,3,37,GO:0007295,growth of a germarium-derived egg chamber,0.847678546
0,0.209404749,4,37,GO:0031915,positive regulation of synaptic plasticity,0.847678546
0,0.209404749,4,37,GO:0046838;GO:0046855;GO:0071545,inositol phosphate catabolic process,0.847678546
0,0.209404749,3,37,GO:0070886;GO:0106058,positive regulation of calcineurin-mediated signaling,0.847678546
0,0.209404749,7,37,GO:2000052,positive regulation of non-canonical Wnt signaling pathway,0.847678546
0,0.212471623,5,25,GO:0000244,spliceosomal tri-snRNP complex assembly,0.850349393
0,0.212471623,6,25,GO:0006878,cellular copper ion homeostasis,0.850349393
0,0.212471623,4,25,GO:0007436,larval salivary gland morphogenesis,0.850349393
0,0.212471623,2,25,GO:0007503,fat body development,0.850349393
0,0.212471623,2,25,GO:0009130;GO:0009129,pyrimidine nucleoside monophosphate metabolic process,0.850349393
0,0.212471623,2,25,GO:0010269,response to selenium ion,0.850349393
0,0.212471623,5,25,GO:0010635,regulation of mitochondrial fusion,0.850349393
0,0.212471623,2,25,GO:0019511,peptidyl-proline hydroxylation,0.850349393
0,0.212355095,6,103,GO:0030316,osteoclast differentiation,0.850349393
0,0.212471623,2,25,GO:0034035;GO:0050427,purine ribonucleoside bisphosphate metabolic process,0.850349393
0,0.211636252,4,76,GO:0035813,regulation of renal sodium excretion,0.850349393
0,0.212471623,5,25,GO:0036089,cleavage furrow formation,0.850349393
0,0.211086222,3,186,GO:0045638,negative regulation of myeloid cell differentiation,0.850349393
0,0.211636252,6,76,GO:0045822;GO:1903523,negative regulation of blood circulation,0.850349393
0,0.212471623,4,25,GO:0046794;GO:0075733,transport of virus,0.850349393
0,0.212471623,9,25,GO:0060385,axonogenesis involved in innervation,0.850349393
0,0.212471623,4,25,GO:0060525,prostate glandular acinus development,0.850349393
0,0.212471623,5,25,GO:0061052,negative regulation of cell growth involved in cardiac muscle cell development,0.850349393
0,0.212471623,2,25,GO:0061883,clathrin-dependent endocytosis involved in vitellogenesis,0.850349393
0,0.212471623,3,25,GO:0070669;GO:0071352,response to interleukin-2,0.850349393
0,0.212471623,2,25,GO:0097329,response to antimetabolite,0.850349393
0,0.211340747,3,172,GO:0120254,olefinic compound metabolic process,0.850349393
0,0.212471623,2,25,GO:1903541;GO:1903543,regulation of exosomal secretion,0.850349393
0,0.211086222,3,186,GO:1990089;GO:1990090,response to nerve growth factor,0.850349393
0,0.213666186,2,50,GO:0010042,response to manganese ion,0.85319754
0,0.213666186,3,50,GO:0035590,purinergic nucleotide receptor signaling pathway,0.85319754
0,0.213717958,5,63,GO:0042771,intrinsic apoptotic signaling pathway in response to DNA damage by p53 class mediator,0.85319754
0,0.213740614,3,475,GO:0051099,positive regulation of binding,0.85319754
0,0.213666186,6,50,GO:0051560,mitochondrial calcium ion homeostasis,0.85319754
0,0.213666186,2,50,GO:0071467,cellular response to pH,0.85319754
0,0.214033193,2,229,GO:0051781,positive regulation of cell division,0.853994299
0,0.214673707,3,272,GO:0009950,dorsal/ventral axis specification,0.856178026
0,0.214966498,2,490,GO:0030178;GO:0090090,negative regulation of Wnt signaling pathway,0.856601858
0,0.214925918,3,117,GO:0044062,regulation of excretion,0.856601858
0,0.216929057,2,90,GO:0043552;GO:0090218,positive regulation of lipid kinase activity,0.863672905
0,0.216929057,2,90,GO:0061512,protein localization to cilium,0.863672905
0,0.217320737,6,145,GO:0071277,cellular response to calcium ion,0.864857438
0,0.218161942,2,535,GO:0022409,positive regulation of cell-cell adhesion,0.867829119
0,0.22419356,3,14,GO:0000055,ribosomal large subunit export from nucleus,0.869235055
0,0.220645421,2,1177,GO:0001568;GO:0001944;GO:0048514,vasculature development,0.869235055
0,0.223138138,2,38,GO:0001946;GO:0036303,lymph vessel morphogenesis,0.869235055
0,0.222434021,3,118,GO:0001960;GO:0060761,negative regulation of response to cytokine stimulus,0.869235055
0,0.22419356,2,14,GO:0002291,T cell activation via T cell receptor contact with antigen bound to MHC molecule on antigen presenting cell,0.869235055
0,0.220997819,2,77,GO:0002637,regulation of immunoglobulin production,0.869235055
0,0.22411998,2,64,GO:0002753;GO:0035872;GO:0070423,cytoplasmic pattern recognition receptor signaling pathway,0.869235055
0,0.220997819,4,77,GO:0006213,pyrimidine nucleoside metabolic process,0.869235055
0,0.22419356,3,14,GO:0006450,regulation of translational fidelity,0.869235055
0,0.22419356,4,14,GO:0006560,proline metabolic process,0.869235055
0,0.222434021,2,118,GO:0007595,lactation,0.869235055
0,0.223138138,3,38,GO:0009200,deoxyribonucleoside triphosphate metabolic process,0.869235055
0,0.22419356,4,14,GO:0009209;GO:0009148;GO:0009208,pyrimidine nucleoside triphosphate biosynthetic process,0.869235055
0,0.22411998,2,64,GO:0014850,response to muscle activity,0.869235055
0,0.22419356,3,14,GO:0019673,GDP-mannose metabolic process,0.869235055
0,0.223138138,2,38,GO:0021681,cerebellar granular layer development,0.869235055
0,0.22411998,2,64,GO:0031954,positive regulation of protein autophosphorylation,0.869235055
0,0.221292616,2,259,GO:0032091,negative regulation of protein binding,0.869235055
0,0.22419356,2,14,GO:0032803,regulation of low-density lipoprotein particle receptor catabolic process,0.869235055
0,0.22419356,3,14,GO:0033015;GO:0006787;GO:0042167;GO:0046149,tetrapyrrole catabolic process,0.869235055
0,0.22419356,2,14,GO:0033128,negative regulation of histone phosphorylation,0.869235055
0,0.223138138,2,38,GO:0033344,cholesterol efflux,0.869235055
0,0.223138138,3,38,GO:0034356,NAD biosynthesis via nicotinamide riboside salvage pathway,0.869235055
0,0.22419356,3,14,GO:0034983,peptidyl-lysine deacetylation,0.869235055
0,0.22419356,2,14,GO:0035511,oxidative DNA demethylation,0.869235055
0,0.22419356,3,14,GO:0042092,type 2 immune response,0.869235055
0,0.221292616,5,259,GO:0042306;GO:1904589,regulation of protein import,0.869235055
0,0.22419356,2,14,GO:0042683,negative regulation of compound eye cone cell fate specification,0.869235055
0,0.223596337,2,132,GO:0043647,inositol phosphate metabolic process,0.869235055
0,0.22419356,5,14,GO:0043985,histone H4-R3 methylation,0.869235055
0,0.22419356,2,14,GO:0045317,equator specification,0.869235055
0,0.223138138,3,38,GO:0045835,negative regulation of meiotic nuclear division,0.869235055
0,0.22419356,4,14,GO:0046604,positive regulation of mitotic centrosome separation,0.869235055
0,0.22419356,2,14,GO:0048081,positive regulation of cuticle pigmentation,0.869235055
0,0.22419356,4,14,GO:0048883;GO:0048920,neuromast primordium migration,0.869235055
0,0.219189916,5,1902,GO:0050801;GO:0055082;GO:0055080;GO:0098771,ion homeostasis,0.869235055
0,0.222434021,5,118,GO:0051261,protein depolymerization,0.869235055
0,0.221268476,2,773,GO:0051348;GO:0006469;GO:0033673,negative regulation of transferase activity,0.869235055
0,0.22411998,2,64,GO:0051973,positive regulation of telomerase activity,0.869235055
0,0.22419356,2,14,GO:0060372,regulation of atrial cardiac muscle cell membrane repolarization,0.869235055
0,0.22419356,2,14,GO:0070244,negative regulation of thymocyte apoptotic process,0.869235055
0,0.22419356,2,14,GO:0070431,nucleotide-binding oligomerization domain containing 2 signaling pathway,0.869235055
0,0.22419356,3,14,GO:0070777;GO:0070779,D-aspartate import across plasma membrane,0.869235055
0,0.223138138,4,38,GO:0071257,cellular response to electrical stimulus,0.869235055
0,0.22411998,2,64,GO:0071361,cellular response to ethanol,0.869235055
0,0.22419356,2,14,GO:0071499,cellular response to laminar fluid shear stress,0.869235055
0,0.22419356,2,14,GO:0086073,bundle of His cell-Purkinje myocyte adhesion involved in cell communication,0.869235055
0,0.22419356,2,14,GO:0090235,regulation of metaphase plate congression,0.869235055
0,0.22419356,2,14,GO:0097091,synaptic vesicle clustering,0.869235055
0,0.22419356,2,14,GO:0097267,omega-hydroxylase P450 pathway,0.869235055
0,0.22419356,8,14,GO:1900028,negative regulation of ruffle assembly,0.869235055
0,0.22411998,6,64,GO:1903055,positive regulation of extracellular matrix organization,0.869235055
0,0.22419356,8,14,GO:1903588,negative regulation of blood vessel endothelial cell proliferation involved in sprouting angiogenesis,0.869235055
0,0.22419356,5,14,GO:1904347,regulation of small intestine smooth muscle contraction,0.869235055
0,0.220997819,6,77,GO:1904385;GO:1990776,response to angiotensin,0.869235055
0,0.22419356,3,14,GO:1904901,positive regulation of myosin II filament organization,0.869235055
0,0.22419356,3,14,GO:2000210,positive regulation of anoikis,0.869235055
0,0.219438461,2,418,GO:2000243,positive regulation of reproductive process,0.869235055
0,0.225444766,2,51,GO:0002021,response to dietary excess,0.872460191
0,0.225178359,2,332,GO:0021782,glial cell development,0.872460191
0,0.225444766,2,51,GO:0043162,ubiquitin-dependent protein catabolic process via the multivesicular body sorting pathway,0.872460191
0,0.225444766,2,51,GO:0044764,multi-organism cellular process,0.872460191
0,0.225595313,2,91,GO:0072376,protein activation cascade,0.872460191
0,0.225595313,2,91,GO:1903573,negative regulation of response to endoplasmic reticulum stress,0.872460191
0,0.226174284,2,217,GO:0002705,positive regulation of leukocyte mediated immunity,0.874331146
0,0.227205357,2,289,GO:0007272;GO:0008366;GO:0042552,ensheathment of neurons,0.877791157
0,0.227260465,2,347,GO:0040001;GO:0051293;GO:0051653,spindle localization,0.877791157
0,0.228427697,2,105,GO:0009651,response to salt stress,0.881187905
0,0.228427697,3,105,GO:0030850,prostate gland development,0.881187905
0,0.228427697,2,105,GO:1905881,positive regulation of oogenesis,0.881187905
0,0.229625581,5,26,GO:0002455,humoral immune response mediated by circulating immunoglobulin,0.882842595
0,0.229625581,2,26,GO:0007060,male meiosis chromosome segregation,0.882842595
0,0.229625581,4,26,GO:0021636;GO:0021637;GO:1902285;GO:1902287,semaphorin-plexin signaling pathway involved in neuron projection guidance,0.882842595
0,0.229625581,2,26,GO:0032012,regulation of ARF protein signal transduction,0.882842595
0,0.229625581,4,26,GO:0032070;GO:0032071,regulation of deoxyribonuclease activity,0.882842595
0,0.229625581,6,26,GO:0048387,negative regulation of retinoic acid receptor signaling pathway,0.882842595
0,0.229625581,2,26,GO:0090387,phagolysosome assembly involved in apoptotic cell clearance,0.882842595
0,0.229625581,2,26,GO:1901142,insulin metabolic process,0.882842595
0,0.229753664,2,304,GO:1905954,positive regulation of lipid localization,0.88296544
0,0.230502309,2,78,GO:0006891,intra-Golgi vesicle-mediated transport,0.884852371
0,0.230502309,3,78,GO:0038179,neurotrophin signaling pathway,0.884852371
0,0.230533666,2,161,GO:0048582;GO:0061063,positive regulation of post-embryonic development,0.884852371
0,0.230900261,7,147,GO:0030032;GO:0097581,lamellipodium organization,0.885889264
0,0.234384392,3,92,GO:0071526,semaphorin-plexin signaling pathway,0.898506111
0,0.234384392,2,92,GO:1902042,negative regulation of extrinsic apoptotic signaling pathway via death domain receptors,0.898506111
0,0.234683065,3,65,GO:0002888,positive regulation of myeloid leukocyte mediated immunity,0.898900731
0,0.234683065,2,65,GO:0040037,negative regulation of fibroblast growth factor receptor signaling pathway,0.898900731
0,0.234940494,2,466,GO:0018108;GO:0018212,peptidyl-tyrosine modification,0.899511644
0,0.235481931,2,233,GO:0006694,steroid biosynthetic process,0.901208974
0,0.235961249,4,481,GO:0007422,peripheral nervous system development,0.902667251
0,0.236347811,2,2965,GO:0001934;GO:0031401;GO:0042327;GO:0045937;GO:0010562,positive regulation of protein modification process,0.90371807
0,0.237096436,2,39,GO:0002755,MyD88-dependent toll-like receptor signaling pathway,0.90371807
0,0.237096436,3,39,GO:0003016,respiratory system process,0.90371807
0,0.237096436,3,39,GO:0010755,regulation of plasminogen activation,0.90371807
0,0.237096436,2,39,GO:0030033,microvillus assembly,0.90371807
0,0.237121453,3,162,GO:0032943;GO:0070661;GO:0046651,leukocyte proliferation,0.90371807
0,0.236628794,2,106,GO:0046849,bone remodeling,0.90371807
0,0.236568848,2,262,GO:0060349,bone morphogenesis,0.90371807
0,0.237096436,2,39,GO:0090344,negative regulation of cell aging,0.90371807
0,0.237409619,2,52,GO:0007076,mitotic chromosome condensation,0.904066066
0,0.237409619,2,52,GO:0033005,positive regulation of mast cell activation,0.904066066
0,0.237749576,2,120,GO:0032677;GO:0032757,regulation of interleukin-8 production,0.904235964
0,0.237749576,2,120,GO:0035206,regulation of hemocyte proliferation,0.904235964
0,0.237749576,2,120,GO:0050732,negative regulation of peptidyl-tyrosine phosphorylation,0.904235964
0,0.238072356,2,134,GO:0045429;GO:1903428;GO:1904407,positive regulation of reactive oxygen species biosynthetic process,0.905088822
0,0.239235782,2,205,GO:1903312,negative regulation of mRNA metabolic process,0.909135565
0,0.240141437,3,79,GO:0070265,necrotic cell death,0.912199792
0,0.242469053,4,177,GO:0007032,endosome organization,0.920660708
0,0.247022073,2,27,GO:0001555,oocyte growth,0.921228757
0,0.247022073,4,27,GO:0006098;GO:0006740,NADPH regeneration,0.921228757
0,0.247022073,5,27,GO:0006265,DNA topological change,0.921228757
0,0.248435888,2,15,GO:0006573,valine metabolic process,0.921228757
0,0.243289946,5,93,GO:0006778;GO:0042168,porphyrin-containing compound metabolic process,0.921228757
0,0.248435888,3,15,GO:0008215,spermine metabolic process,0.921228757
0,0.248435888,4,15,GO:0009092;GO:0019346;GO:0070813;GO:0009403;GO:0070814,homoserine metabolic process,0.921228757
0,0.248435888,4,15,GO:0009133,nucleoside diphosphate biosynthetic process,0.921228757
0,0.248435888,3,15,GO:0009812,flavonoid metabolic process,0.921228757
0,0.247022073,5,27,GO:0010713;GO:0032966,negative regulation of collagen metabolic process,0.921228757
0,0.247022073,3,27,GO:0010832,negative regulation of myotube differentiation,0.921228757
0,0.245202196,3,513,GO:0010970;GO:0030705;GO:0099111,cytoskeleton-dependent intracellular transport,0.921228757
0,0.247022073,2,27,GO:0019227;GO:0098870,neuronal action potential propagation,0.921228757
0,0.248435888,6,15,GO:0019317;GO:0042354;GO:0042355,L-fucose metabolic process,0.921228757
0,0.247022073,2,27,GO:0021538;GO:0021986,epithalamus development,0.921228757
0,0.247022073,7,27,GO:0030042,actin filament depolymerization,0.921228757
0,0.247022073,2,27,GO:0030656,regulation of vitamin metabolic process,0.921228757
0,0.247022073,2,27,GO:0030730,sequestering of triglyceride,0.921228757
0,0.244631475,2,587,GO:0031960;GO:0051384,response to corticosteroid,0.921228757
0,0.247022073,2,27,GO:0032695,negative regulation of interleukin-12 production,0.921228757
0,0.248435888,5,15,GO:0036015;GO:0036016,response to interleukin-3,0.921228757
0,0.247022073,3,27,GO:0038166,angiotensin-activated signaling pathway,0.921228757
0,0.247022073,2,27,GO:0039531;GO:0039535,regulation of viral-induced cytoplasmic pattern recognition receptor signaling pathway,0.921228757
0,0.247022073,2,27,GO:0042159,lipoprotein catabolic process,0.921228757
0,0.245395712,2,66,GO:0042398,cellular modified amino acid biosynthetic process,0.921228757
0,0.248435888,4,15,GO:0042439,ethanolamine-containing compound metabolic process,0.921228757
0,0.248435888,2,15,GO:0042473,outer ear morphogenesis,0.921228757
0,0.248435888,2,15,GO:0043179,rhythmic excitation,0.921228757
0,0.248435888,2,15,GO:0044387,negative regulation of protein kinase activity by regulation of protein phosphorylation,0.921228757
0,0.243289946,2,93,GO:0044550,secondary metabolite biosynthetic process,0.921228757
0,0.247022073,3,27,GO:0045571,negative regulation of imaginal disc growth,0.921228757
0,0.246534155,2,235,GO:0045639,positive regulation of myeloid cell differentiation,0.921228757
0,0.248435888,6,15,GO:0046102,inosine metabolic process,0.921228757
0,0.247022073,3,27,GO:0046655,folic acid metabolic process,0.921228757
0,0.247100827,2,192,GO:0046824,positive regulation of nucleocytoplasmic transport,0.921228757
0,0.248435888,3,15,GO:0048136,male germ-line cyst formation,0.921228757
0,0.247022073,5,27,GO:0051547;GO:0051549,regulation of keratinocyte migration,0.921228757
0,0.248435888,2,15,GO:0060340,positive regulation of type I interferon-mediated signaling pathway,0.921228757
0,0.248435888,3,15,GO:0060440,trachea formation,0.921228757
0,0.247022073,7,27,GO:0060471,cortical granule exocytosis,0.921228757
0,0.248435888,2,15,GO:0060903,positive regulation of meiosis I,0.921228757
0,0.247022073,3,27,GO:0061051,positive regulation of cell growth involved in cardiac muscle cell development,0.921228757
0,0.248435888,2,15,GO:0061088,regulation of sequestering of zinc ion,0.921228757
0,0.248435888,5,15,GO:0061419,positive regulation of transcription from RNA polymerase II promoter in response to hypoxia,0.921228757
0,0.247022073,2,27,GO:0061469,regulation of type B pancreatic cell proliferation,0.921228757
0,0.248435888,3,15,GO:0070070;GO:0070072,vacuolar proton-transporting V-type ATPase complex assembly,0.921228757
0,0.248435888,2,15,GO:0070103,regulation of interleukin-6-mediated signaling pathway,0.921228757
0,0.248435888,3,15,GO:0071169,establishment of protein localization to chromatin,0.921228757
0,0.247022073,2,27,GO:0071676,negative regulation of mononuclear cell migration,0.921228757
0,0.247022073,2,27,GO:0097068;GO:1904386,response to L-phenylalanine derivative,0.921228757
0,0.247022073,2,27,GO:0110096;GO:1904044;GO:1904045,cellular response to aldehyde,0.921228757
0,0.248435888,3,15,GO:1900748,positive regulation of vascular endothelial growth factor signaling pathway,0.921228757
0,0.247022073,2,27,GO:1901550;GO:1903140,regulation of endothelial cell development,0.921228757
0,0.244933078,3,107,GO:1903960,negative regulation of anion transmembrane transport,0.921228757
0,0.247022073,2,27,GO:1904587,response to glycoprotein,0.921228757
0,0.247022073,2,27,GO:1905909,regulation of dauer entry,0.921228757
0,0.248435888,2,15,GO:2000109,regulation of macrophage apoptotic process,0.921228757
0,0.248435888,4,15,GO:2000617,positive regulation of histone H3-K9 acetylation,0.921228757
0,0.249653884,2,455,GO:0016202;GO:0048634;GO:1901861,regulation of muscle organ development,0.924443745
0,0.249471037,2,396,GO:0042445,hormone metabolic process,0.924443745
0,0.249906785,2,80,GO:0051125,regulation of actin nucleation,0.924443745
0,0.249906785,5,80,GO:0085029,extracellular matrix assembly,0.924443745
0,0.249906785,5,80,GO:1905208,negative regulation of cardiocyte differentiation,0.924443745
0,0.251252181,4,40,GO:0010511,regulation of phosphatidylinositol biosynthetic process,0.927552767
0,0.251252181,4,40,GO:0016057,regulation of membrane potential in photoreceptor cell,0.927552767
0,0.251252181,2,40,GO:0035067,negative regulation of histone acetylation,0.927552767
0,0.251252181,2,40,GO:0045478;GO:0030723,fusome organization,0.927552767
0,0.251252181,2,40,GO:0061298,retina vasculature development in camera-type eye,0.927552767
0,0.251871677,2,150,GO:0046605,regulation of centrosome cycle,0.929466193
0,0.252195159,2,1190,GO:0007163,establishment or maintenance of cell polarity,0.929946274
0,0.252305511,4,94,GO:0032878;GO:2000114,regulation of establishment or maintenance of cell polarity,0.929946274
0,0.252305511,5,94,GO:0033628,regulation of cell adhesion mediated by integrin,0.929946274
0,0.252539393,2,382,GO:0031098,stress-activated protein kinase signaling cascade,0.930434948
0,0.253335415,2,108,GO:0033363,secretory granule organization,0.9329935
0,0.253856086,2,309,GO:0071322;GO:0071326;GO:0001678;GO:0071331;GO:0071333,cellular response to carbohydrate stimulus,0.934536334
0,0.254002356,6,859,GO:0030336;GO:2000146;GO:0040013;GO:0051271,negative regulation of locomotion,0.934700178
0,0.254676239,2,222,GO:0014823,response to activity,0.936804669
0,0.256246312,2,67,GO:0035809,regulation of urine volume,0.941825681
0,0.256246312,2,67,GO:1901976,regulation of cell cycle checkpoint,0.941825681
0,0.257312294,2,165,GO:0001910;GO:0031341,regulation of cell killing,0.944987372
0,0.257312294,3,165,GO:0071320,cellular response to cAMP,0.944987372
0,0.258852619,3,354,GO:0032368,regulation of lipid transport,0.949884661
0,0.258797289,4,310,GO:0043280;GO:2001056,positive regulation of cysteine-type endopeptidase activity,0.949884661
0,0.259011041,3,151,GO:0060099;GO:1905153;GO:0060100;GO:1905155,regulation of membrane invagination,0.950086426
0,0.259789827,3,81,GO:0061343,cell adhesion involved in heart morphogenesis,0.9525627
0,0.261420839,3,384,GO:0001890,placenta development,0.955468391
0,0.261409861,2,123,GO:0031214;GO:0110148,biomineral tissue development,0.955468391
0,0.261830361,2,54,GO:0032205,negative regulation of telomere maintenance,0.955468391
0,0.261830587,2,109,GO:0032515;GO:0035308,negative regulation of protein dephosphorylation,0.955468391
0,0.261424528,2,95,GO:0035075,response to ecdysone,0.955468391
0,0.261409861,2,123,GO:0036296;GO:0055093,response to increased oxygen levels,0.955468391
0,0.261830361,2,54,GO:0045123,cellular extravasation,0.955468391
0,0.261830587,2,109,GO:0071542,dopaminergic neuron differentiation,0.955468391
0,0.261086756,3,997,GO:0098656,anion transmembrane transport,0.955468391
0,0.261830361,2,54,GO:1903409,reactive oxygen species biosynthetic process,0.955468391
0,0.261409861,2,123,GO:1903779,regulation of cardiac conduction,0.955468391
0,0.261830587,2,109,GO:2000725,regulation of cardiac muscle cell differentiation,0.955468391
0,0.262926458,2,1513,GO:0006873;GO:0006875;GO:0030003;GO:0055065,cellular ion homeostasis,0.959086384
0,0.264610202,7,28,GO:0016185;GO:0070142,synaptic vesicle budding,0.960650079
0,0.264610202,3,28,GO:0021683;GO:0021684;GO:0021707,cerebellar granular layer morphogenesis,0.960650079
0,0.264610202,4,28,GO:0032075,positive regulation of nuclease activity,0.960650079
0,0.264610202,2,28,GO:0032530,regulation of microvillus organization,0.960650079
0,0.264610202,3,28,GO:0045035,sensory organ precursor cell division,0.960650079
0,0.264610202,4,28,GO:0051663,oocyte nucleus localization involved in oocyte dorsal/ventral axis specification,0.960650079
0,0.264176513,2,166,GO:0060033,anatomical structure regression,0.960650079
0,0.264610202,4,28,GO:0061066,positive regulation of dauer larval development,0.960650079
0,0.264610202,2,28,GO:0070262,peptidyl-serine dephosphorylation,0.960650079
0,0.264610202,2,28,GO:1903800,positive regulation of production of miRNAs involved in gene silencing by miRNA,0.960650079
0,0.264610202,5,28,GO:1990314,cellular response to insulin-like growth factor stimulus,0.960650079
0,0.264610202,2,28,GO:1990504,dense core granule exocytosis,0.960650079
0,0.265578284,2,41,GO:0009110,vitamin biosynthetic process,0.961883493
0,0.265578284,5,41,GO:0012502;GO:0035072;GO:0035078;GO:0035081,ecdysone-mediated induction of salivary gland cell autophagic cell death,0.961883493
0,0.265578284,2,41,GO:0036344;GO:0030220,platelet morphogenesis,0.961883493
0,0.265578284,3,41,GO:0045723,positive regulation of fatty acid biosynthetic process,0.961883493
0,0.265578284,2,41,GO:0045738;GO:2000780,negative regulation of DNA repair,0.961883493
0,0.265578284,2,41,GO:0048385,regulation of retinoic acid receptor signaling pathway,0.961883493
0,0.272750522,2,16,GO:0001842,neural fold formation,0.962980131
0,0.281293703,2,5,GO:0002018,renin-angiotensin regulation of aldosterone production,0.962980131
0,0.281293703,3,5,GO:0002176,male germ cell proliferation,0.962980131
0,0.281293703,5,5,GO:0002519;GO:0032832;GO:0032834;GO:0043322;GO:0070239;GO:0070241;GO:2001190,negative regulation of natural killer cell degranulation,0.962980131
0,0.281293703,2,5,GO:0002775,antimicrobial peptide production,0.962980131
0,0.274252399,3,55,GO:0002921,negative regulation of humoral immune response,0.962980131
0,0.281293703,2,5,GO:0002946,tRNA C5-cytosine methylation,0.962980131
0,0.274252399,2,55,GO:0003081,regulation of systemic arterial blood pressure by renin-angiotensin,0.962980131
0,0.272750522,3,16,GO:0003105,negative regulation of glomerular filtration,0.962980131
0,0.281293703,2,5,GO:0006059,hexitol metabolic process,0.962980131
0,0.268573744,2,181,GO:0006282,regulation of DNA repair,0.962980131
0,0.267223185,3,68,GO:0006458,'de novo' protein folding,0.962980131
0,0.281293703,2,5,GO:0006507,GPI anchor release,0.962980131
0,0.282341371,4,29,GO:0006525,arginine metabolic process,0.962980131
0,0.280048142,4,42,GO:0006555,methionine metabolic process,0.962980131
0,0.272750522,2,16,GO:0006651,diacylglycerol biosynthetic process,0.962980131
0,0.281293703,4,5,GO:0006824,cobalt ion transport,0.962980131
0,0.282341371,2,29,GO:0006896,Golgi to vacuole transport,0.962980131
0,0.281293703,2,5,GO:0007285,primary spermatocyte growth,0.962980131
0,0.280048142,3,42,GO:0007296,vitellogenesis,0.962980131
0,0.281293703,2,5,GO:0007594;GO:0022609;GO:0022608,puparial adhesion,0.962980131
0,0.272750522,3,16,GO:0009134;GO:0009191,nucleoside diphosphate catabolic process,0.962980131
0,0.270640355,2,96,GO:0009163;GO:1901659;GO:0042455,glycosyl compound biosynthetic process,0.962980131
0,0.272750522,3,16,GO:0010510;GO:0050812,regulation of acetyl-CoA biosynthetic process from pyruvate,0.962980131
0,0.272750522,2,16,GO:0010512,negative regulation of phosphatidylinositol biosynthetic process,0.962980131
0,0.282341371,2,29,GO:0010867,positive regulation of triglyceride biosynthetic process,0.962980131
0,0.272750522,2,16,GO:0010985;GO:0010989,negative regulation of lipoprotein particle clearance,0.962980131
0,0.269781955,2,82,GO:0014041,regulation of neuron maturation,0.962980131
0,0.266219809,5,152,GO:0014075,response to amine,0.962980131
0,0.26946286,5,124,GO:0015918;GO:0030301,sterol transport,0.962980131
0,0.272750522,4,16,GO:0016320,endoplasmic reticulum membrane fusion,0.962980131
0,0.267223185,4,68,GO:0016486;GO:0140448,peptide hormone processing,0.962980131
0,0.272750522,5,16,GO:0018158,protein oxidation,0.962980131
0,0.267223185,2,68,GO:0018345,protein palmitoylation,0.962980131
0,0.281293703,6,5,GO:0018352,protein-pyridoxal-5-phosphate linkage,0.962980131
0,0.281293703,2,5,GO:0019541,propionate metabolic process,0.962980131
0,0.281293703,2,5,GO:0019747,regulation of isoprenoid metabolic process,0.962980131
0,0.281293703,4,5,GO:0021691;GO:0021699,cerebellar cortex maturation,0.962980131
0,0.281293703,2,5,GO:0021693,cerebellar Purkinje cell layer structural organization,0.962980131
0,0.266219809,3,152,GO:0030072;GO:0030073,peptide hormone secretion,0.962980131
0,0.281293703,4,5,GO:0030505,inorganic diphosphate transport,0.962980131
0,0.282341371,4,29,GO:0030889,negative regulation of B cell proliferation,0.962980131
0,0.282341371,2,29,GO:0030950,establishment or maintenance of actin cytoskeleton polarity,0.962980131
0,0.281293703,2,5,GO:0030974,thiamine pyrophosphate transmembrane transport,0.962980131
0,0.281293703,4,5,GO:0031134,sister chromatid biorientation,0.962980131
0,0.281293703,2,5,GO:0031393,negative regulation of prostaglandin biosynthetic process,0.962980131
0,0.275200201,3,1854,GO:0031400;GO:0001933;GO:0042326;GO:0045936;GO:0010563,negative regulation of protein modification process,0.962980131
0,0.281293703,3,5,GO:0031508;GO:0140462,pericentric heterochromatin organization,0.962980131
0,0.278667456,3,373,GO:0031589,cell-substrate adhesion,0.962980131
0,0.281293703,2,5,GO:0031632,positive regulation of synaptic vesicle fusion to presynaptic active zone membrane,0.962980131
0,0.270167317,2,729,GO:0031647,regulation of protein stability,0.962980131
0,0.272750522,3,16,GO:0031649,heat generation,0.962980131
0,0.282341371,2,29,GO:0031958,corticosteroid receptor signaling pathway,0.962980131
0,0.272750522,2,16,GO:0032077;GO:0032079,positive regulation of deoxyribonuclease activity,0.962980131
0,0.281293703,3,5,GO:0032310,prostaglandin secretion,0.962980131
0,0.280048142,3,42,GO:0032875,regulation of DNA endoreduplication,0.962980131
0,0.281293703,3,5,GO:0032898;GO:0032902,nerve growth factor production,0.962980131
0,0.272750522,2,16,GO:0033483,gas homeostasis,0.962980131
0,0.282341371,2,29,GO:0033603,positive regulation of dopamine secretion,0.962980131
0,0.281293703,4,5,GO:0034128,negative regulation of MyD88-independent toll-like receptor signaling pathway,0.962980131
0,0.281293703,2,5,GO:0034310,primary alcohol catabolic process,0.962980131
0,0.272750522,2,16,GO:0034465,response to carbon monoxide,0.962980131
0,0.278089949,3,168,GO:0035006;GO:0035010;GO:0035011,melanization defense response,0.962980131
0,0.282341371,2,29,GO:0035106,operant conditioning,0.962980131
0,0.282341371,5,29,GO:0035278;GO:0040033;GO:0045974,miRNA mediated inhibition of translation,0.962980131
0,0.272750522,2,16,GO:0036466,synaptic vesicle recycling via endosome,0.962980131
0,0.281293703,5,5,GO:0038060,nitric oxide-cGMP-mediated signaling pathway,0.962980131
0,0.281293703,2,5,GO:0042125,protein galactosylation,0.962980131
0,0.272750522,2,16,GO:0042268,regulation of cytolysis,0.962980131
0,0.281293703,4,5,GO:0042350,GDP-L-fucose biosynthetic process,0.962980131
0,0.281293703,3,5,GO:0042360,vitamin E metabolic process,0.962980131
0,0.272750522,2,16,GO:0042364,water-soluble vitamin biosynthetic process,0.962980131
0,0.281293703,2,5,GO:0042727,flavin-containing compound biosynthetic process,0.962980131
0,0.281293703,2,5,GO:0042942,D-serine transport,0.962980131
0,0.270640355,2,96,GO:0044058,regulation of digestive system process,0.962980131
0,0.281293703,6,5,GO:0045041,protein import into mitochondrial intermembrane space,0.962980131
0,0.280669194,5,597,GO:0045471,response to ethanol,0.962980131
0,0.280048142,3,42,GO:0045576,mast cell activation,0.962980131
0,0.282341371,2,29,GO:0045591,positive regulation of regulatory T cell differentiation,0.962980131
0,0.281293703,3,5,GO:0045752,positive regulation of Toll signaling pathway,0.962980131
0,0.277330111,2,255,GO:0045778,positive regulation of ossification,0.962980131
0,0.280048142,6,42,GO:0045898,regulation of RNA polymerase II transcription preinitiation complex assembly,0.962980131
0,0.272750522,2,16,GO:0046487,glyoxylate metabolic process,0.962980131
0,0.282159353,3,448,GO:0046887,positive regulation of hormone secretion,0.962980131
0,0.278314617,2,69,GO:0048670,regulation of collateral sprouting,0.962980131
0,0.281293703,2,5,GO:0048683,regulation of collateral sprouting of intact axon in response to injury,0.962980131
0,0.272750522,2,16,GO:0048815,hermaphrodite genitalia morphogenesis,0.962980131
0,0.272750522,2,16,GO:0050665,hydrogen peroxide biosynthetic process,0.962980131
0,0.281293703,5,5,GO:0050968,detection of chemical stimulus involved in sensory perception of pain,0.962980131
0,0.282341371,2,29,GO:0051280,negative regulation of release of sequestered calcium ion into cytosol,0.962980131
0,0.272750522,2,16,GO:0051409,response to nitrosative stress,0.962980131
0,0.266571192,2,474,GO:0051494;GO:1902904,negative regulation of cytoskeleton organization,0.962980131
0,0.281293703,3,5,GO:0051548,negative regulation of keratinocyte migration,0.962980131
0,0.281293703,2,5,GO:0051562,negative regulation of mitochondrial calcium ion concentration,0.962980131
0,0.266219809,3,152,GO:0051602,response to electrical stimulus,0.962980131
0,0.282341371,4,29,GO:0051764,actin crosslink formation,0.962980131
0,0.281293703,4,5,GO:0051790,short-chain fatty acid biosynthetic process,0.962980131
0,0.272750522,4,16,GO:0060075,regulation of resting membrane potential,0.962980131
0,0.281293703,3,5,GO:0060431,primary lung bud formation,0.962980131
0,0.282341371,3,29,GO:0060442,branching involved in prostate gland morphogenesis,0.962980131
0,0.272750522,4,16,GO:0060449,bud elongation involved in lung branching,0.962980131
0,0.281293703,2,5,GO:0060454,positive regulation of gastric acid secretion,0.962980131
0,0.281293703,3,5,GO:0060545;GO:0062100,positive regulation of necroptotic process,0.962980131
0,0.281293703,8,5,GO:0060855,venous endothelial cell migration involved in lymph vessel development,0.962980131
0,0.281293703,3,5,GO:0060935;GO:0060936;GO:0060938;GO:0060939,cardiac fibroblast cell development,0.962980131
0,0.272750522,3,16,GO:0061771,response to caloric restriction,0.962980131
0,0.272750522,2,16,GO:0070163;GO:0070164,regulation of adiponectin secretion,0.962980131
0,0.281293703,3,5,GO:0070194,synaptonemal complex disassembly,0.962980131
0,0.281293703,4,5,GO:0070318,positive regulation of G0 to G1 transition,0.962980131
0,0.282341371,2,29,GO:0070344,regulation of fat cell proliferation,0.962980131
0,0.281293703,5,5,GO:0070425;GO:0070433,negative regulation of nucleotide-binding oligomerization domain containing 2 signaling pathway,0.962980131
0,0.281293703,2,5,GO:0070563,negative regulation of vitamin D receptor signaling pathway,0.962980131
0,0.269781955,4,82,GO:0070593,dendrite self-avoidance,0.962980131
0,0.282341371,3,29,GO:0071362,cellular response to ether,0.962980131
0,0.272750522,2,16,GO:0071475,cellular hyperosmotic salinity response,0.962980131
0,0.281293703,2,5,GO:0071529,cementum mineralization,0.962980131
0,0.281293703,2,5,GO:0072429,response to intra-S DNA damage checkpoint signaling,0.962980131
0,0.281293703,3,5,GO:0072592,oxygen metabolic process,0.962980131
0,0.270075295,2,639,GO:0072659;GO:1990778,protein localization to cell periphery,0.962980131
0,0.278407052,5,462,GO:0090150,establishment of protein localization to membrane,0.962980131
0,0.281293703,2,5,GO:0090187,positive regulation of pancreatic juice secretion,0.962980131
0,0.2798745,7,83,GO:0090199,regulation of release of cytochrome c from mitochondria,0.962980131
0,0.281293703,3,5,GO:0090210,regulation of establishment of blood-brain barrier,0.962980131
0,0.281293703,2,5,GO:0090289,regulation of osteoclast proliferation,0.962980131
0,0.281293703,2,5,GO:0097252,oligodendrocyte apoptotic process,0.962980131
0,0.282341371,3,29,GO:1900118,negative regulation of execution phase of apoptosis,0.962980131
0,0.281293703,2,5,GO:1900246,positive regulation of RIG-I signaling pathway,0.962980131
0,0.281293703,3,5,GO:1900453,negative regulation of long-term synaptic depression,0.962980131
0,0.281293703,3,5,GO:1901664;GO:1901666,regulation of NAD+ ADP-ribosyltransferase activity,0.962980131
0,0.282341371,3,29,GO:1901836,regulation of transcription of nucleolar large rRNA by RNA polymerase I,0.962980131
0,0.281293703,4,5,GO:1902023;GO:1903400,L-arginine transport,0.962980131
0,0.281293703,2,5,GO:1902026,regulation of cartilage condensation,0.962980131
0,0.281293703,2,5,GO:1902632,positive regulation of membrane hyperpolarization,0.962980131
0,0.281293703,5,5,GO:1902896,terminal web assembly,0.962980131
0,0.281293703,3,5,GO:1903027,regulation of opsonization,0.962980131
0,0.281293703,3,5,GO:1903109,positive regulation of mitochondrial transcription,0.962980131
0,0.272750522,3,16,GO:1903608,protein localization to cytoplasmic stress granule,0.962980131
0,0.281293703,3,5,GO:1903610,regulation of calcium-dependent ATPase activity,0.962980131
0,0.281293703,4,5,GO:1903781;GO:1903949,positive regulation of atrial cardiac muscle cell action potential,0.962980131
0,0.277182232,3,912,GO:1903792;GO:0043271,negative regulation of ion transport,0.962980131
0,0.281293703,4,5,GO:1904425,negative regulation of GTP binding,0.962980131
0,0.281293703,2,5,GO:1904732,regulation of electron transfer activity,0.962980131
0,0.272750522,2,16,GO:1904956;GO:1904958,regulation of midbrain dopaminergic neuron differentiation,0.962980131
0,0.281293703,2,5,GO:1990264,peptidyl-tyrosine dephosphorylation involved in inactivation of protein kinase activity,0.962980131
0,0.281293703,3,5,GO:1990893,mitotic chromosome centromere condensation,0.962980131
0,0.281293703,2,5,GO:2000111,positive regulation of macrophage apoptotic process,0.962980131
0,0.269781955,3,82,GO:2000171,negative regulation of dendrite development,0.962980131
0,0.272750522,3,16,GO:2000301,negative regulation of synaptic vesicle exocytosis,0.962980131
0,0.282341371,2,29,GO:2000353,positive regulation of endothelial cell apoptotic process,0.962980131
0,0.281293703,2,5,GO:2000374,regulation of oxygen metabolic process,0.962980131
0,0.281293703,3,5,GO:2000676,positive regulation of type B pancreatic cell apoptotic process,0.962980131
0,0.274252399,2,55,GO:2001014,regulation of skeletal muscle cell differentiation,0.962980131
0,0.281293703,5,5,GO:2001229,negative regulation of response to gamma radiation,0.962980131
0,0.28301009,2,256,GO:0002573,myeloid leukocyte differentiation,0.964902628
0,0.283425588,3,140,GO:0006767,water-soluble vitamin metabolic process,0.965602382
0,0.283425588,2,140,GO:0033574,response to testosterone,0.965602382
0,0.284881397,4,271,GO:0033273,response to vitamin,0.970202309
0,0.285288592,2,198,GO:0035316;GO:0035317,non-sensory hair organization,0.970509524
0,0.28522698,3,824,GO:0046883,regulation of hormone secretion,0.970509524
0,0.285288592,4,198,GO:0048709,oligodendrocyte differentiation,0.970509524
0,0.286748828,2,242,GO:0000132;GO:0051294,establishment of spindle orientation,0.973824394
0,0.286793139,2,56,GO:0008592,regulation of Toll signaling pathway,0.973824394
0,0.286519586,2,286,GO:0034766;GO:0034763,negative regulation of transmembrane transport,0.973824394
0,0.286793139,6,56,GO:0045589,regulation of regulatory T cell differentiation,0.973824394
0,0.286793139,4,56,GO:0071295,cellular response to vitamin,0.973824394
0,0.287819846,2,112,GO:0010677;GO:0045912,negative regulation of carbohydrate metabolic process,0.97622795
0,0.287819846,2,112,GO:0034260,negative regulation of GTPase activity,0.97622795
0,0.287819846,2,112,GO:0060026,convergent extension,0.97622795
0,0.288124768,2,213,GO:0007619,courtship behavior,0.976901439
0,0.289508902,2,70,GO:0030002;GO:0030320;GO:0055083,monovalent inorganic anion homeostasis,0.980508578
0,0.289508902,5,70,GO:0046847,filopodium assembly,0.980508578
0,0.289347426,2,1830,GO:0048638,regulation of developmental growth,0.980508578
0,0.29005876,4,84,GO:0035099,hemocyte migration,0.982008738
0,0.290453435,3,272,GO:0006661,phosphatidylinositol biosynthetic process,0.982632982
0,0.290564091,2,228,GO:0045921,positive regulation of exocytosis,0.982632982
0,0.290564091,2,228,GO:0071384;GO:0071385,cellular response to corticosteroid stimulus,0.982632982
0,0.290787374,2,450,GO:0046890,regulation of lipid biosynthetic process,0.982664472
0,0.290787374,3,450,GO:0050679,positive regulation of epithelial cell proliferation,0.982664472
0,0.291269499,3,346,GO:0045580;GO:0045619,regulation of lymphocyte differentiation,0.983931719
0,0.300169411,2,30,GO:0000966;GO:0099116;GO:0034471,RNA 5'-end processing,0.985014662
0,0.300169411,2,30,GO:0001911;GO:0031342;GO:0002716;GO:0045953,negative regulation of cell killing,0.985014662
0,0.29702923,3,17,GO:0002138,retinoic acid biosynthetic process,0.985014662
0,0.29702923,2,17,GO:0002566;GO:0016446,somatic diversification of immune receptors via somatic mutation,0.985014662
0,0.29702923,2,17,GO:0002645,positive regulation of tolerance induction,0.985014662
0,0.29702923,2,17,GO:0002725;GO:2000552,negative regulation of T cell cytokine production,0.985014662
0,0.300169411,4,30,GO:0002807,positive regulation of antimicrobial peptide biosynthetic process,0.985014662
0,0.299435976,3,57,GO:0002820;GO:0002823,negative regulation of adaptive immune response,0.985014662
0,0.300169411,3,30,GO:0006107,oxaloacetate metabolic process,0.985014662
0,0.29702923,3,17,GO:0006222;GO:0009174;GO:0046049;GO:0009173,pyrimidine ribonucleoside monophosphate biosynthetic process,0.985014662
0,0.29702923,3,17,GO:0006842;GO:0015746;GO:0035674,tricarboxylic acid transmembrane transport,0.985014662
0,0.29702923,11,17,GO:0007042,lysosomal lumen acidification,0.985014662
0,0.299435976,3,57,GO:0007446,imaginal disc growth,0.985014662
0,0.294635742,2,43,GO:0007509,mesoderm migration involved in gastrulation,0.985014662
0,0.300169411,2,30,GO:0007562;GO:0008062,eclosion,0.985014662
0,0.300169411,7,30,GO:0009215;GO:0009151,purine deoxyribonucleotide metabolic process,0.985014662
0,0.294635742,3,43,GO:0009226,nucleotide-sugar biosynthetic process,0.985014662
0,0.29702923,2,17,GO:0009265;GO:0046385,2'-deoxyribonucleotide biosynthetic process,0.985014662
0,0.299088368,3,142,GO:0009409,response to cold,0.985014662
0,0.294635742,3,43,GO:0010455,positive regulation of cell fate commitment,0.985014662
0,0.294059191,2,127,GO:0010669,epithelial structure maintenance,0.985014662
0,0.29702923,4,17,GO:0010746;GO:0140212;GO:0010748;GO:0140213,regulation of long-chain fatty acid import across plasma membrane,0.985014662
0,0.29702923,-1,17,GO:0010871,obsolete negative regulation of receptor biosynthetic process,0.985014662
0,0.29702923,2,17,GO:0010966,regulation of phosphate transport,0.985014662
0,0.298801403,5,99,GO:0014065,phosphatidylinositol 3-kinase signaling,0.985014662
0,0.300169411,3,30,GO:0014883,transition between fast and slow fiber,0.985014662
0,0.29702923,2,17,GO:0015936,coenzyme A metabolic process,0.985014662
0,0.299381424,2,171,GO:0016239,positive regulation of macroautophagy,0.985014662
0,0.29702923,2,17,GO:0016264,gap junction assembly,0.985014662
0,0.29702923,5,17,GO:0021824;GO:0021828;GO:0021856;GO:0021886;GO:0021888;GO:0036484;GO:0036486;GO:0097490;GO:0097491;GO:1903375,trunk neural crest cell migration,0.985014662
0,0.298801403,4,99,GO:0030195;GO:0050819;GO:1900047,negative regulation of coagulation,0.985014662
0,0.300169411,2,30,GO:0030240,skeletal muscle thin filament assembly,0.985014662
0,0.300169411,2,30,GO:0030948,negative regulation of vascular endothelial growth factor receptor signaling pathway,0.985014662
0,0.29702923,3,17,GO:0032237;GO:1901341,positive regulation of store-operated calcium channel activity,0.985014662
0,0.29702923,2,17,GO:0032464,positive regulation of protein homooligomerization,0.985014662
0,0.300169411,2,30,GO:0032717,negative regulation of interleukin-8 production,0.985014662
0,0.300169411,6,30,GO:0034063,stress granule assembly,0.985014662
0,0.294487552,2,258,GO:0034331;GO:0043954,cellular component maintenance,0.985014662
0,0.29702923,2,17,GO:0035188,hatching,0.985014662
0,0.29702923,2,17,GO:0042338,cuticle development involved in collagen and cuticulin-based cuticle molting cycle,0.985014662
0,0.29702923,6,17,GO:0042976,activation of Janus kinase activity,0.985014662
0,0.300169411,3,30,GO:0043248,proteasome assembly,0.985014662
0,0.298801403,4,99,GO:0043486,histone exchange,0.985014662
0,0.29702923,7,17,GO:0044026;GO:0044027,DNA hypermethylation,0.985014662
0,0.29702923,2,17,GO:0045048;GO:0071816,protein insertion into ER membrane,0.985014662
0,0.299435976,2,57,GO:0045056,transcytosis,0.985014662
0,0.293189969,3,2261,GO:0045859;GO:0043549;GO:0051338,regulation of transferase activity,0.985014662
0,0.29702923,4,17,GO:0045876,positive regulation of sister chromatid cohesion,0.985014662
0,0.29702923,2,17,GO:0046125,pyrimidine deoxyribonucleoside metabolic process,0.985014662
0,0.294456299,5,214,GO:0048013,ephrin receptor signaling pathway,0.985014662
0,0.299088368,2,142,GO:0048538,thymus development,0.985014662
0,0.29702923,2,17,GO:0048548,regulation of pinocytosis,0.985014662
0,0.300169411,6,30,GO:0048671,negative regulation of collateral sprouting,0.985014662
0,0.29702923,2,17,GO:0048688;GO:0048692,negative regulation of sprouting of injured axon,0.985014662
0,0.300169411,7,30,GO:0050913,sensory perception of bitter taste,0.985014662
0,0.294635742,2,43,GO:0050966,detection of mechanical stimulus involved in sensory perception of pain,0.985014662
0,0.29702923,3,17,GO:0051388,positive regulation of neurotrophin TRK receptor signaling pathway,0.985014662
0,0.300169411,3,30,GO:0051450,myoblast proliferation,0.985014662
0,0.29702923,3,17,GO:0060316,positive regulation of ryanodine-sensitive calcium-release channel activity,0.985014662
0,0.29702923,2,17,GO:0070345,negative regulation of fat cell proliferation,0.985014662
0,0.291744244,3,510,GO:0071229,cellular response to acid chemical,0.985014662
0,0.300169411,2,30,GO:0071394,cellular response to testosterone stimulus,0.985014662
0,0.29702923,2,17,GO:0072673,lamellipodium morphogenesis,0.985014662
0,0.29702923,2,17,GO:0086016;GO:0086027;GO:0086045,AV node cell action potential,0.985014662
0,0.29702923,3,17,GO:0090160,Golgi to lysosome transport,0.985014662
0,0.300169411,3,30,GO:0090394,negative regulation of excitatory postsynaptic potential,0.985014662
0,0.300169411,4,30,GO:0090435,protein localization to nuclear envelope,0.985014662
0,0.300169411,2,30,GO:0097156,fasciculation of motor neuron axon,0.985014662
0,0.294635742,2,43,GO:1901661,quinone metabolic process,0.985014662
0,0.297423633,2,288,GO:1901796,regulation of signal transduction by p53 class mediator,0.985014662
0,0.29702923,2,17,GO:1902816;GO:1902817,regulation of protein localization to microtubule,0.985014662
0,0.299435976,6,57,GO:1902932,positive regulation of alcohol biosynthetic process,0.985014662
0,0.300169411,6,30,GO:1903019;GO:0010561,negative regulation of glycoprotein metabolic process,0.985014662
0,0.294635742,2,43,GO:1905941,positive regulation of gonad development,0.985014662
0,0.298627137,3,244,GO:2000134;GO:1902807,negative regulation of cell cycle G1/S phase transition,0.985014662
0,0.296701003,4,229,GO:2000242,negative regulation of reproductive process,0.985014662
0,0.29702923,2,17,GO:2000618,regulation of histone H4-K16 acetylation,0.985014662
0,0.29702923,2,17,GO:2000809,positive regulation of synaptic vesicle clustering,0.985014662
0,0.29702923,4,17,GO:2001228,regulation of response to gamma radiation,0.985014662
0,0.300794368,4,71,GO:0031034;GO:0031033,myosin filament assembly,0.986712954
0,0.301237341,2,348,GO:0009755,hormone-mediated signaling pathway,0.987813274
0,0.302388807,2,128,GO:0031279;GO:0051339,regulation of cyclase activity,0.991235257
0,0.302925812,5,289,GO:0043244;GO:1901879,regulation of protein-containing complex disassembly,0.992641305
0,0.30319455,3,157,GO:0015807;GO:1902475,L-amino acid transport,0.992813526
0,0.30319455,4,157,GO:0051646,mitochondrion localization,0.992813526
0,0.303905205,3,453,GO:0042752,regulation of circadian rhythm,0.994785924
0,0.305059555,2,201,GO:0010470,regulation of gastrulation,0.997853282
0,0.305059555,2,201,GO:1900407;GO:1902882,regulation of response to oxidative stress,0.997853282
0,0.305511622,3,114,GO:0031952,regulation of protein autophosphorylation,0.998976236
0,0.305623822,2,334,GO:1901617,organic hydroxy compound biosynthetic process,0.998987474
0,0.746657263,2,60,GO:0000002,mitochondrial genome maintenance,1
0,1,5,8,GO:0000019;GO:0045950,regulation of mitotic recombination,1
0,1,4,49,GO:0000027,ribosomal large subunit assembly,1
0,1,2,36,GO:0000028,ribosomal small subunit assembly,1
0,0.44080602,4,68,GO:0000038,very long-chain fatty acid metabolic process,1
0,1,3,20,GO:0000052,citrulline metabolic process,1
0,0.597982132,3,31,GO:0000054;GO:0033750;GO:0071428,rRNA-containing ribonucleoprotein complex export from nucleus,1
0,0.913336501,7,37,GO:0000076,DNA replication checkpoint,1
0,0.335943988,2,32,GO:0000097,sulfur amino acid biosynthetic process,1
0,0.603470491,2,14,GO:0000101,sulfur amino acid transport,1
0,0.603470491,4,14,GO:0000117;GO:0090282,regulation of transcription involved in G2/M transition of mitotic cell cycle,1
0,0.880883392,2,56,GO:0000154,rRNA modification,1
0,0.786156825,2,797,GO:0000165,MAPK cascade,1
0,0.586764916,6,129,GO:0000186,activation of MAPKK activity,1
0,0.344334148,9,568,GO:0000209,protein polyubiquitination,1
0,0.988878593,2,126,GO:0000245,spliceosomal complex assembly,1
0,0.709710188,5,127,GO:0000271;GO:0033692;GO:0034637,cellular carbohydrate biosynthetic process,1
0,1,3,50,GO:0000289,nuclear-transcribed mRNA poly(A) tail shortening,1
0,1,3,18,GO:0000290,deadenylation-dependent decapping of nuclear-transcribed mRNA,1
0,1,2,12,GO:0000320,re-entry into mitotic cell cycle,1
0,0.795261829,7,24,GO:0000338,protein deneddylation,1
0,0.327242611,2,6,GO:0000349,generation of catalytic spliceosome for first transesterification step,1
0,0.994836894,2,894,GO:0000375;GO:0008380;GO:0000377;GO:0000398;GO:0006397,mRNA processing,1
0,0.478639734,2,71,GO:0000387,spliceosomal snRNP assembly,1
0,1,2,13,GO:0000389,mRNA 3'-splice site recognition,1
0,0.448211014,5,9,GO:0000393,spliceosomal conformational changes to generate catalytic conformation,1
0,1,2,12,GO:0000395,mRNA 5'-splice site recognition,1
0,1,8,14,GO:0000414,regulation of histone H3-K36 methylation,1
0,1,2,5,GO:0000416,positive regulation of histone H3-K36 methylation,1
0,0.550717642,2,93,GO:0000422;GO:0061726,autophagy of mitochondrion,1
0,1,3,15,GO:0000423,mitophagy,1
0,1,3,11,GO:0000430;GO:0000432,regulation of transcription from RNA polymerase II promoter by glucose,1
0,1,4,6,GO:0000451,rRNA 2'-O-methylation,1
0,1,2,8,GO:0000454,snoRNA guided rRNA pseudouridine synthesis,1
0,1,4,5,GO:0000455,enzyme-directed rRNA pseudouridine synthesis,1
0,1,2,54,GO:0000460,maturation of 5.8S rRNA,1
0,1,3,41,GO:0000469,cleavage involved in rRNA processing,1
0,1,2,45,GO:0000470,maturation of LSU-rRNA,1
0,1,2,26,GO:0000479;GO:0000478,endonucleolytic cleavage involved in rRNA processing,1
0,1,2,17,GO:0000491;GO:0000492,small nucleolar ribonucleoprotein complex assembly,1
0,1,9,7,GO:0000495;GO:0034964;GO:0033979,box H/ACA RNA metabolic process,1
0,0.727573234,4,482,GO:0000578;GO:0007351;GO:0008595,embryonic axis specification,1
0,1,6,12,GO:0000706,meiotic DNA double-strand break processing,1
0,1,6,8,GO:0000707,meiotic DNA recombinase assembly,1
0,1,5,13,GO:0000711,meiotic DNA repair synthesis,1
0,0.345112283,3,19,GO:0000722,telomere maintenance via recombination,1
0,0.872977585,2,155,GO:0000723;GO:0032200,telomere organization,1
0,0.413219104,2,156,GO:0000724;GO:0000725,recombinational repair,1
0,0.853050477,3,93,GO:0000726;GO:0006303,non-recombinational repair,1
0,0.370255454,2,7,GO:0000727,double-strand break repair via break-induced replication,1
0,0.879368974,5,32,GO:0000729,DNA double-strand break processing,1
0,0.865754054,6,115,GO:0000731;GO:0006301;GO:0019985,postreplication repair,1
0,1,6,16,GO:0000733,DNA strand renaturation,1
0,0.441825975,5,53,GO:0000737;GO:0006308,DNA catabolic process,1
0,0.445107559,3,252,GO:0000768;GO:0006949;GO:0140253;GO:0007520,syncytium formation,1
0,1,3,12,GO:0000820,regulation of glutamine family amino acid metabolic process,1
0,0.998042291,4,3057,GO:0000904;GO:0048812;GO:0120039;GO:0048858;GO:0032990;GO:0048667,cell morphogenesis involved in differentiation,1
0,0.992717266,2,461,GO:0000956;GO:0006402;GO:0006401,RNA catabolic process,1
0,0.327242611,5,6,GO:0000957;GO:0000958;GO:0000960,mitochondrial RNA catabolic process,1
0,0.802099259,2,66,GO:0000959,mitochondrial RNA metabolic process,1
0,0.862310599,7,30,GO:0000963,mitochondrial RNA processing,1
0,0.410519741,2,8,GO:0000964;GO:0097745,mitochondrial RNA 5'-end processing,1
0,0.576379282,2,13,GO:0000965,mitochondrial RNA 3'-end processing,1
0,1,4,14,GO:0000972,transcription-dependent tethering of RNA polymerase II gene DNA at nuclear periphery,1
0,1,2,6,GO:0000973,posttranscriptional tethering of RNA polymerase II gene DNA at nuclear periphery,1
0,1,4,8,GO:0001109;GO:0001111;GO:0001112;GO:0001120;GO:0001113,promoter clearance from RNA polymerase II promoter,1
0,1,2,24,GO:0001178,regulation of transcriptional start site selection at RNA polymerase II promoter,1
0,1,6,14,GO:0001188,RNA polymerase I preinitiation complex assembly,1
0,1,-1,7,GO:0001302,obsolete replicative cell aging,1
0,1,2,12,GO:0001306;GO:0007571,age-dependent response to oxidative stress,1
0,1,5,15,GO:0001325;GO:0090656;GO:0090737,formation of extrachromosomal circular DNA,1
0,0.799684122,4,1213,GO:0001501,skeletal system development,1
0,0.846975001,3,72,GO:0001502;GO:0098743,cell aggregation,1
0,0.596524338,2,452,GO:0001503,ossification,1
0,0.508302164,2,42,GO:0001504,neurotransmitter uptake,1
0,0.873872292,3,1104,GO:0001505,regulation of neurotransmitter levels,1
0,1,3,6,GO:0001507;GO:0006581,acetylcholine catabolic process in synaptic cleft,1
0,0.995137514,4,350,GO:0001508,action potential,1
0,0.821713369,6,88,GO:0001510,RNA methylation,1
0,1,6,9,GO:0001514,selenocysteine incorporation,1
0,1,4,41,GO:0001516;GO:0046457,prostanoid biosynthetic process,1
0,1,2,26,GO:0001522,pseudouridine synthesis,1
0,0.364788277,2,165,GO:0001541,ovarian follicle development,1
0,0.410519741,2,8,GO:0001545,primary ovarian follicle growth,1
0,0.733287994,2,20,GO:0001547,antral ovarian follicle growth,1
0,1,4,8,GO:0001550;GO:0048165,fused antrum stage,1
0,1,2,5,GO:0001552,ovarian follicle atresia,1
0,0.952219965,2,46,GO:0001553,luteinization,1
0,0.733287994,3,20,GO:0001554,luteolysis,1
0,0.310667563,3,86,GO:0001556,oocyte maturation,1
0,1,2,10,GO:0001560,regulation of cell growth by extracellular stimulus,1
0,0.766319286,2,22,GO:0001561,fatty acid alpha-oxidation,1
0,0.770467566,3,223,GO:0001570,vasculogenesis,1
0,0.579922037,2,30,GO:0001573,ganglioside metabolic process,1
0,0.695590709,3,18,GO:0001574,ganglioside biosynthetic process,1
0,0.468063603,3,240,GO:0001578,microtubule bundle formation,1
0,1,2,8,GO:0001579,medium-chain fatty acid transport,1
0,0.523563122,3,201,GO:0001649,osteoblast differentiation,1
0,0.993571643,3,2124,GO:0001654,eye development,1
0,0.765027131,2,1051,GO:0001655;GO:0072001,urogenital system development,1
0,0.992519377,5,230,GO:0001656,metanephros development,1
0,0.733067115,5,250,GO:0001657;GO:0072164;GO:0072163;GO:0001823,mesonephros development,1
0,0.720420025,2,111,GO:0001658,branching involved in ureteric bud morphogenesis,1
0,0.369781116,2,77,GO:0001659,temperature homeostasis,1
0,0.820621492,2,26,GO:0001661,conditioned taste aversion,1
0,0.998188317,2,130,GO:0001662;GO:0002209;GO:0042596,fear response,1
0,0.410862553,4,1139,GO:0001667,ameboidal-type cell migration,1
0,0.879580873,2,98,GO:0001672,regulation of chromatin assembly or disassembly,1
0,1,4,30,GO:0001675,acrosome assembly,1
0,0.674789964,2,17,GO:0001682,tRNA 5'-leader removal,1
0,1,3,7,GO:0001692,histamine metabolic process,1
0,0.321177305,5,18,GO:0001696,gastric acid secretion,1
0,0.495220089,2,619,GO:0001700,embryonic development via the syncytial blastoderm,1
0,0.563301017,2,904,GO:0001701,in utero embryonic development,1
0,0.965880237,5,104,GO:0001702,gastrulation with mouth forming second,1
0,0.946720795,2,428,GO:0001704,formation of primary germ layer,1
0,0.695590709,4,18,GO:0001705,ectoderm formation,1
0,0.90243089,2,163,GO:0001706;GO:0035987,endoderm formation,1
0,0.982932518,3,294,GO:0001707;GO:0048332,mesoderm morphogenesis,1
0,0.999730173,2,621,GO:0001708,cell fate specification,1
0,0.605911145,2,518,GO:0001709,cell fate determination,1
0,0.591227031,2,64,GO:0001710;GO:0007501,mesodermal cell fate commitment,1
0,0.971860609,2,54,GO:0001711;GO:0001714,endodermal cell fate commitment,1
0,0.483493607,2,10,GO:0001712,ectodermal cell fate commitment,1
0,1,4,6,GO:0001715,ectodermal cell fate specification,1
0,0.4808951,4,25,GO:0001731,formation of translation preinitiation complex,1
0,0.847448989,2,450,GO:0001736;GO:0007164;GO:0001738,morphogenesis of a polarized epithelium,1
0,0.807714645,4,86,GO:0001737,establishment of imaginal disc-derived wing hair orientation,1
0,0.312164531,3,58,GO:0001742,oenocyte differentiation,1
0,0.628830106,3,15,GO:0001743,optic placode formation,1
0,1,3,7,GO:0001744,optic lobe placode formation,1
0,0.936320517,2,1102,GO:0001745;GO:0048749,compound eye development,1
0,1,6,25,GO:0001746;GO:0055034,Bolwig's organ development,1
0,1,2,6,GO:0001748,optic lobe placode development,1
0,0.820352578,2,475,GO:0001751,compound eye photoreceptor cell differentiation,1
0,0.923222543,2,170,GO:0001752;GO:0042706;GO:0046552,photoreceptor cell fate commitment,1
0,0.584959392,5,145,GO:0001755,neural crest cell migration,1
0,0.935686094,2,291,GO:0001756;GO:0061053,somite development,1
0,1,2,17,GO:0001757,somite specification,1
0,0.829489615,3,49,GO:0001759,organ induction,1
0,0.999568645,4,501,GO:0001764,neuron migration,1
0,0.721576998,2,39,GO:0001765,membrane raft assembly,1
0,0.766319286,2,22,GO:0001766;GO:0031580;GO:0051665,membrane raft localization,1
0,0.576379282,3,13,GO:0001767,establishment of lymphocyte polarity,1
0,0.448211014,5,9,GO:0001768,establishment of T cell polarity,1
0,0.318050655,3,31,GO:0001771,immunological synapse formation,1
0,0.4808951,2,25,GO:0001774,microglial cell activation,1
0,0.500850306,2,151,GO:0001776;GO:0002260,leukocyte homeostasis,1
0,1,6,20,GO:0001778,plasma membrane repair,1
0,0.522219199,4,27,GO:0001779,natural killer cell differentiation,1
0,0.750349027,2,21,GO:0001780,neutrophil homeostasis,1
0,0.603470491,7,14,GO:0001783,B cell apoptotic process,1
0,0.85488177,2,742,GO:0001822,kidney development,1
0,0.552135962,3,189,GO:0001824,blastocyst development,1
0,0.834859265,2,90,GO:0001825,blastocyst formation,1
0,1,3,15,GO:0001826,inner cell mass cell differentiation,1
0,1,4,6,GO:0001827,inner cell mass cell fate commitment,1
0,1,2,6,GO:0001828,inner cell mass cellular morphogenesis,1
0,0.539494854,3,60,GO:0001829,trophectodermal cell differentiation,1
0,1,2,6,GO:0001830,trophectodermal cell fate commitment,1
0,1,4,9,GO:0001831,trophectodermal cellular morphogenesis,1
0,0.627763259,2,50,GO:0001832,blastocyst growth,1
0,0.318050655,2,31,GO:0001833,inner cell mass cell proliferation,1
0,1,2,8,GO:0001834,trophectodermal cell proliferation,1
0,1,4,8,GO:0001835,blastocyst hatching,1
0,0.801870371,2,46,GO:0001836,release of cytochrome c from mitochondria,1
0,0.74848347,2,421,GO:0001838;GO:0072175,epithelial tube formation,1
0,1,2,38,GO:0001839;GO:0001840,neural plate development,1
0,0.562510439,6,302,GO:0001841;GO:0001843;GO:0060606;GO:0014020,neural tube formation,1
0,1,6,8,GO:0001844,protein insertion into mitochondrial membrane involved in apoptotic signaling pathway,1
0,1,8,5,GO:0001865,NK T cell differentiation,1
0,0.791815219,2,45,GO:0001878,response to yeast,1
0,1,3,8,GO:0001879;GO:0016046;GO:0097323,detection of fungus,1
0,1,3,6,GO:0001880,Mullerian duct regression,1
0,0.820621492,5,26,GO:0001881,receptor recycling,1
0,0.842841585,2,28,GO:0001886,endothelial cell morphogenesis,1
0,0.370255454,2,7,GO:0001887,selenium compound metabolic process,1
0,0.91967455,5,588,GO:0001894,tissue homeostasis,1
0,0.993798785,2,163,GO:0001895;GO:0045494,retina homeostasis,1
0,0.712291296,2,110,GO:0001906,cell killing,1
0,1,2,11,GO:0001907,killing by symbiont of host cells,1
0,0.585392804,3,47,GO:0001909,leukocyte mediated cytotoxicity,1
0,0.855649952,6,113,GO:0001912;GO:0031343,positive regulation of cell killing,1
0,0.715061732,3,19,GO:0001913,T cell mediated cytotoxicity,1
0,0.599853625,2,48,GO:0001914;GO:0001916,regulation of T cell mediated cytotoxicity,1
0,0.725608483,4,58,GO:0001919,regulation of receptor recycling,1
0,0.335943988,5,32,GO:0001921,positive regulation of receptor recycling,1
0,1,2,9,GO:0001923;GO:0002337,B-1 B cell differentiation,1
0,1,3,10,GO:0001928;GO:0106020,regulation of vesicle docking,1
0,0.909686285,4,105,GO:0001937,negative regulation of endothelial cell proliferation,1
0,0.993765967,3,109,GO:0001941,postsynaptic membrane organization,1
0,0.99768433,2,233,GO:0001942;GO:0022405;GO:0042633;GO:0098773,hair cycle,1
0,0.402356335,3,65,GO:0001945,lymph vessel development,1
0,0.851631631,4,277,GO:0001947;GO:0003143;GO:0061371,embryonic heart tube morphogenesis,1
0,0.370255454,3,7,GO:0001951,intestinal D-glucose absorption,1
0,0.336561913,2,295,GO:0001952,regulation of cell-matrix adhesion,1
0,0.95693447,3,144,GO:0001954,positive regulation of cell-matrix adhesion,1
0,0.652568745,3,16,GO:0001957;GO:0036072,direct ossification,1
0,0.466115412,4,70,GO:0001958;GO:0036075,endochondral ossification,1
0,0.321074719,3,87,GO:0001961;GO:0060760,positive regulation of response to cytokine stimulus,1
0,0.756687297,4,61,GO:0001964,startle response,1
0,0.547438314,2,12,GO:0001966,thigmotaxis,1
0,0.632331372,2,33,GO:0001967,suckling behavior,1
0,0.483493607,6,10,GO:0001969,regulation of activation of membrane attack complex,1
0,0.370255454,4,7,GO:0001970,positive regulation of activation of membrane attack complex,1
0,0.967533001,3,105,GO:0001974,blood vessel remodeling,1
0,0.926892031,2,110,GO:0001975,response to amphetamine,1
0,0.613978598,2,49,GO:0001976,nervous system process involved in regulation of systemic arterial blood pressure,1
0,0.746969679,3,41,GO:0001977;GO:0003093,renal system process involved in regulation of blood volume,1
0,1,2,18,GO:0001978;GO:0003025,regulation of systemic arterial blood pressure by baroreceptor feedback,1
0,1,5,8,GO:0001982,baroreceptor response to decreased systemic arterial blood pressure,1
0,1,5,8,GO:0001983,baroreceptor response to increased systemic arterial blood pressure,1
0,0.808732117,5,105,GO:0001990;GO:0003044,regulation of systemic arterial blood pressure mediated by a chemical signal,1
0,0.832098503,3,27,GO:0001991,regulation of systemic arterial blood pressure by circulatory renin-angiotensin,1
0,1,2,12,GO:0001992,regulation of systemic arterial blood pressure by vasopressin,1
0,1,4,24,GO:0001993;GO:0003321,regulation of systemic arterial blood pressure by norepinephrine-epinephrine,1
0,1,2,12,GO:0001994,norepinephrine-epinephrine vasoconstriction involved in regulation of systemic arterial blood pressure,1
0,1,5,13,GO:0001996,positive regulation of heart rate by epinephrine-norepinephrine,1
0,1,4,14,GO:0001997;GO:0003099,positive regulation of the force of heart contraction by chemical signal,1
0,0.327242611,2,6,GO:0001999;GO:0002001,renal response to blood flow involved in circulatory renin-angiotensin regulation of systemic arterial blood pressure,1
0,1,4,20,GO:0002002;GO:0002003,regulation of angiotensin levels in blood,1
0,0.76301444,2,187,GO:0002011,morphogenesis of an epithelial sheet,1
0,0.414973589,3,22,GO:0002016,regulation of blood volume by renin-angiotensin,1
0,0.327242611,4,6,GO:0002023,reduction of food intake in response to dietary excess,1
0,0.795261829,3,24,GO:0002024,diet induced thermogenesis,1
0,1,3,7,GO:0002025,norepinephrine-epinephrine-mediated vasodilation involved in regulation of systemic arterial blood pressure,1
0,0.965544245,2,79,GO:0002026,regulation of the force of heart contraction,1
0,0.948864022,5,299,GO:0002027,regulation of heart rate,1
0,0.915552054,2,225,GO:0002028,regulation of sodium ion transport,1
0,0.880883392,4,56,GO:0002029;GO:0022401,negative adaptation of signaling pathway,1
0,0.679484687,4,36,GO:0002031,G protein-coupled receptor internalization,1
0,1,5,8,GO:0002032,desensitization of G protein-coupled receptor signaling pathway by arrestin,1
0,0.547438314,2,12,GO:0002035,brain renin-angiotensin system,1
0,0.368762764,2,20,GO:0002036,regulation of L-glutamate import across plasma membrane,1
0,0.410519741,3,8,GO:0002037,negative regulation of L-glutamate import across plasma membrane,1
0,0.327242611,2,6,GO:0002038,positive regulation of L-glutamate import across plasma membrane,1
0,0.791815219,8,45,GO:0002042,cell migration involved in sprouting angiogenesis,1
0,1,4,18,GO:0002043,blood vessel endothelial cell proliferation involved in sprouting angiogenesis,1
0,1,3,13,GO:0002051,osteoblast fate commitment,1
0,0.515572998,3,74,GO:0002052,positive regulation of neuroblast proliferation,1
0,0.936114696,3,155,GO:0002062,chondrocyte differentiation,1
0,0.940333842,4,69,GO:0002063,chondrocyte development,1
0,0.758860147,2,1454,GO:0002064,epithelial cell development,1
0,0.73015943,4,1167,GO:0002065;GO:0002066;GO:0030707,columnar/cuboidal epithelial cell differentiation,1
0,0.758648904,2,116,GO:0002067,glandular epithelial cell differentiation,1
0,0.539494854,2,60,GO:0002068,glandular epithelial cell development,1
0,0.370255454,2,7,GO:0002071,glandular epithelial cell maturation,1
0,0.965679999,2,51,GO:0002072;GO:0060900,embryonic camera-type eye formation,1
0,1,3,11,GO:0002074,extraocular skeletal muscle development,1
0,0.470498034,2,55,GO:0002076,osteoblast development,1
0,0.363618838,3,62,GO:0002082,regulation of oxidative phosphorylation,1
0,1,2,11,GO:0002085;GO:0045608,inhibition of neuroepithelial cell differentiation,1
0,0.708091899,2,38,GO:0002087;GO:0044065,regulation of respiratory system process,1
0,0.979805664,2,184,GO:0002088,lens development in camera-type eye,1
0,0.86788229,2,54,GO:0002089,lens morphogenesis in camera-type eye,1
0,0.435597595,3,113,GO:0002090,regulation of receptor internalization,1
0,0.453500661,4,69,GO:0002092,positive regulation of receptor internalization,1
0,0.641204333,2,51,GO:0002093;GO:0060088,auditory receptor cell morphogenesis,1
0,1,3,18,GO:0002097;GO:0002098,tRNA wobble base modification,1
0,0.929838684,2,66,GO:0002118,aggressive behavior,1
0,0.650904583,2,818,GO:0002119,nematode larval development,1
0,1,3,30,GO:0002121,inter-male aggressive behavior,1
0,1,2,12,GO:0002125,maternal aggressive behavior,1
0,1,2,5,GO:0002143,tRNA wobble position uridine thiolation,1
0,1,2,5,GO:0002154,thyroid hormone mediated signaling pathway,1
0,1,2,10,GO:0002155,regulation of thyroid hormone mediated signaling pathway,1
0,1,2,11,GO:0002159,desmosome assembly,1
0,0.808771813,3,1119,GO:0002164,larval development,1
0,0.606172879,2,2215,GO:0002165;GO:0007444;GO:0007560;GO:0048563;GO:0009886;GO:0007552;GO:0048569;GO:0048707,imaginal disc development,1
0,0.427886329,2,173,GO:0002168,instar larval development,1
0,0.603470491,2,14,GO:0002175,protein localization to paranode region of axon,1
0,0.999915188,5,214,GO:0002181,cytoplasmic translation,1
0,0.811491596,2,47,GO:0002183,cytoplasmic translational initiation,1
0,1,4,8,GO:0002190;GO:0002192;GO:0110017,cap-independent translational initiation of linear mRNA,1
0,1,3,11,GO:0002191,cap-dependent translational initiation,1
0,0.551365795,2,77,GO:0002200;GO:0002562;GO:0016444,somatic diversification of immune receptors,1
0,0.852897647,2,29,GO:0002204;GO:0002208;GO:0045190,somatic recombination of immunoglobulin genes involved in immune response,1
0,0.677840546,3,123,GO:0002220;GO:0002223,innate immune response activating cell surface receptor signaling pathway,1
0,0.603470491,2,14,GO:0002227,innate immune response in mucosa,1
0,0.860903294,4,53,GO:0002230,positive regulation of defense response to virus by host,1
0,0.410519741,2,8,GO:0002232,leukocyte chemotaxis involved in inflammatory response,1
0,0.503884695,3,214,GO:0002244,hematopoietic progenitor cell differentiation,1
0,0.508215451,2,293,GO:0002262;GO:0030218;GO:0034101,myeloid cell homeostasis,1
0,1,6,5,GO:0002309,T cell proliferation involved in immune response,1
0,0.733405341,5,77,GO:0002312,B cell activation involved in immune response,1
0,0.406905721,2,36,GO:0002313,mature B cell differentiation involved in immune response,1
0,1,3,6,GO:0002314,germinal center B cell differentiation,1
0,1,2,5,GO:0002317,plasma cell differentiation,1
0,1,2,12,GO:0002318,myeloid progenitor cell differentiation,1
0,0.522219199,4,27,GO:0002320,lymphoid progenitor cell differentiation,1
0,1,2,12,GO:0002322,B cell proliferation involved in immune response,1
0,0.437437224,5,23,GO:0002323,natural killer cell activation involved in immune response,1
0,1,2,11,GO:0002326,B cell lineage commitment,1
0,0.715061732,2,19,GO:0002327,immature B cell differentiation,1
0,1,2,7,GO:0002328,pro-B cell differentiation,1
0,1,2,11,GO:0002329,pre-B cell differentiation,1
0,0.627763259,2,50,GO:0002335,mature B cell differentiation,1
0,1,2,6,GO:0002339,B cell selection,1
0,0.715061732,3,19,GO:0002347,response to tumor cell,1
0,0.576379282,3,13,GO:0002351;GO:0002442,serotonin production involved in inflammatory response,1
0,0.547438314,2,12,GO:0002357,defense response to tumor cell,1
0,0.664341412,2,35,GO:0002367,cytokine production involved in immune response,1
0,1,3,12,GO:0002369;GO:0035743,T cell cytokine production,1
0,0.427741618,2,82,GO:0002377,immunoglobulin production,1
0,0.945459578,3,44,GO:0002381,immunoglobulin production involved in immunoglobulin-mediated immune response,1
0,0.518207377,4,90,GO:0002385;GO:0002251,organ or tissue specific immune response,1
0,1,5,9,GO:0002404;GO:0002406;GO:0002412,antigen transcytosis by M cells in mucosal-associated lymphoid tissue,1
0,0.458617577,2,39,GO:0002407;GO:0036336,dendritic cell migration,1
0,0.327242611,2,6,GO:0002408,myeloid dendritic cell chemotaxis,1
0,1,6,5,GO:0002414;GO:0002415,immunoglobulin transcytosis in epithelial cells mediated by polymeric immunoglobulin receptor,1
0,1,2,7,GO:0002418,immune response to tumor cell,1
0,1,2,6,GO:0002426,immunoglobulin production in mucosal tissue,1
0,1,2,10,GO:0002428;GO:0002477;GO:0002481;GO:0002480;GO:1904432;GO:1904434;GO:1904435;GO:1904437,antigen processing and presentation of peptide antigen via MHC class Ib,1
0,0.766394126,3,62,GO:0002437,inflammatory response to antigenic stimulus,1
0,0.852897647,2,29,GO:0002438,acute inflammatory response to antigenic stimulus,1
0,0.576379282,2,13,GO:0002439,chronic inflammatory response to antigenic stimulus,1
0,0.494005717,4,119,GO:0002440,production of molecular mediator of immune response,1
0,0.324962701,3,59,GO:0002456,T cell mediated immunity,1
0,1,2,12,GO:0002475,antigen processing and presentation via MHC class Ib,1
0,0.383270695,2,49,GO:0002479;GO:0042590,antigen processing and presentation of exogenous peptide antigen via MHC class I,1
0,0.430826468,3,712,GO:0002521,leukocyte differentiation,1
0,0.414973589,2,22,GO:0002523,leukocyte migration involved in inflammatory response,1
0,0.327242611,2,6,GO:0002538,arachidonic acid metabolite production involved in inflammatory response,1
0,0.654299653,2,52,GO:0002548,monocyte chemotaxis,1
0,0.781268471,2,23,GO:0002551;GO:0097531,mast cell migration,1
0,0.448211014,2,9,GO:0002554,serotonin secretion by platelet,1
0,1,3,10,GO:0002568;GO:0002681;GO:0033153,somatic diversification of T cell receptor genes,1
0,0.370255454,2,7,GO:0002574,thrombocyte differentiation,1
0,0.628830106,2,15,GO:0002579,positive regulation of antigen processing and presentation,1
0,0.628830106,3,15,GO:0002634,regulation of germinal center formation,1
0,1,4,5,GO:0002635,negative regulation of germinal center formation,1
0,0.309315744,4,44,GO:0002639;GO:0045830,positive regulation of immunoglobulin production,1
0,0.579922037,2,30,GO:0002643,regulation of tolerance induction,1
0,1,3,7,GO:0002649,regulation of tolerance induction to self antigen,1
0,1,3,5,GO:0002651;GO:1905317;GO:1990428,positive regulation of tolerance induction to self antigen,1
0,1,2,7,GO:0002661;GO:0002663,regulation of B cell tolerance induction,1
0,1,3,16,GO:0002664,regulation of T cell tolerance induction,1
0,1,6,11,GO:0002666,positive regulation of T cell tolerance induction,1
0,1,5,11,GO:0002667;GO:0002911,regulation of lymphocyte anergy,1
0,1,2,6,GO:0002669;GO:0002913,positive regulation of T cell anergy,1
0,1,2,19,GO:0002674,negative regulation of acute inflammatory response,1
0,0.628830106,3,15,GO:0002676,regulation of chronic inflammatory response,1
0,0.327242611,4,6,GO:0002677,negative regulation of chronic inflammatory response,1
0,1,4,9,GO:0002678,positive regulation of chronic inflammatory response,1
0,0.862310599,2,30,GO:0002689,negative regulation of leukocyte chemotaxis,1
0,0.41522196,3,66,GO:0002701,negative regulation of production of molecular mediator of immune response,1
0,0.459421222,4,24,GO:0002710,negative regulation of T cell mediated immunity,1
0,0.629422276,4,84,GO:0002712;GO:0002714;GO:0002889;GO:0002891,regulation of immunoglobulin mediated immune response,1
0,0.335082406,3,74,GO:0002715;GO:0042269,regulation of natural killer cell mediated immunity,1
0,0.952219965,7,46,GO:0002717;GO:0045954,positive regulation of natural killer cell mediated cytotoxicity,1
0,0.555487983,3,45,GO:0002719,negative regulation of cytokine production involved in immune response,1
0,0.576379282,5,13,GO:0002727;GO:0002729;GO:0033955,positive regulation of natural killer cell cytokine production,1
0,0.327242611,3,6,GO:0002730,regulation of dendritic cell cytokine production,1
0,0.708091899,2,38,GO:0002756;GO:0035666,MyD88-independent toll-like receptor signaling pathway,1
0,0.782760799,6,260,GO:0002761,regulation of myeloid leukocyte differentiation,1
0,0.827595257,2,108,GO:0002762,negative regulation of myeloid leukocyte differentiation,1
0,0.875255623,2,117,GO:0002763,positive regulation of myeloid leukocyte differentiation,1
0,1,2,9,GO:0002785,negative regulation of antimicrobial peptide production,1
0,0.522219199,2,27,GO:0002786;GO:0002803;GO:0002808;GO:0006963,regulation of antibacterial peptide production,1
0,1,7,5,GO:0002787;GO:0002806;GO:0002809,negative regulation of antibacterial peptide production,1
0,0.674789964,6,17,GO:0002813;GO:0006964,regulation of biosynthetic process of antibacterial peptides active against Gram-negative bacteria,1
0,0.327242611,6,6,GO:0002840,regulation of T cell mediated immune response to tumor cell,1
0,0.628830106,8,15,GO:0002855;GO:0002857;GO:0002858;GO:0002860,positive regulation of natural killer cell mediated cytotoxicity directed against tumor cell target,1
0,0.952219965,3,46,GO:0002861,regulation of inflammatory response to antigenic stimulus,1
0,1,2,23,GO:0002862,negative regulation of inflammatory response to antigenic stimulus,1
0,0.852897647,2,29,GO:0002863;GO:0002864;GO:0002866,regulation of acute inflammatory response to antigenic stimulus,1
0,1,4,6,GO:0002865,negative regulation of acute inflammatory response to antigenic stimulus,1
0,1,2,6,GO:0002874,regulation of chronic inflammatory response to antigenic stimulus,1
0,1,2,5,GO:0002877,regulation of acute inflammatory response to non-antigenic stimulus,1
0,0.576379282,7,13,GO:0002883;GO:0002885;GO:0001796;GO:0002892;GO:0001798;GO:0002894,regulation of hypersensitivity,1
0,0.483493607,3,10,GO:0002904,positive regulation of B cell apoptotic process,1
0,0.547438314,5,12,GO:0002905;GO:0002906,regulation of mature B cell apoptotic process,1
0,0.392067335,6,21,GO:0002923;GO:0002925,regulation of humoral immune response mediated by circulating immunoglobulin,1
0,1,2,7,GO:0002930,trabecular meshwork development,1
0,0.368762764,2,20,GO:0002933;GO:0016098;GO:0042738,exogenous drug catabolic process,1
0,0.542035276,4,28,GO:0002934,desmosome organization,1
0,1,3,7,GO:0002943,tRNA dihydrouridine synthesis,1
0,0.99571216,3,2596,GO:0003002;GO:0007389,pattern specification process,1
0,0.842729907,2,837,GO:0003007,heart morphogenesis,1
0,0.977982074,2,87,GO:0003009,skeletal muscle contraction,1
0,1,4,6,GO:0003010;GO:0014721,twitch skeletal muscle contraction,1
0,1,2,9,GO:0003011;GO:0002086,involuntary skeletal muscle contraction,1
0,0.989834366,3,810,GO:0003012;GO:0006936,muscle system process,1
0,0.999945736,3,1079,GO:0003013;GO:0008015,circulatory system process,1
0,0.462238804,3,332,GO:0003014,renal system process,1
0,0.999925684,2,381,GO:0003015,heart process,1
0,0.681297633,4,487,GO:0003018;GO:0035296;GO:0097746,vascular process in circulatory system,1
0,1,4,7,GO:0003031,detection of carbon dioxide,1
0,1,2,5,GO:0003050,regulation of systemic arterial blood pressure by atrial natriuretic peptide,1
0,0.327242611,4,6,GO:0003051,angiotensin-mediated drinking behavior,1
0,1,2,9,GO:0003053,circadian regulation of heart rate,1
0,1,3,21,GO:0003056,regulation of vascular associated smooth muscle contraction,1
0,1,2,18,GO:0003057,regulation of the force of heart contraction by chemical signal,1
0,1,2,18,GO:0003062,regulation of heart rate by chemical signal,1
0,1,7,10,GO:0003064,regulation of heart rate by hormone,1
0,0.363618838,2,62,GO:0003071,renal system process involved in regulation of systemic arterial blood pressure,1
0,0.981227163,2,229,GO:0003073,regulation of systemic arterial blood pressure,1
0,0.83789488,2,50,GO:0003085,negative regulation of systemic arterial blood pressure,1
0,0.943487674,3,70,GO:0003091,renal water homeostasis,1
0,0.632331372,2,33,GO:0003094,glomerular filtration,1
0,0.501834227,2,26,GO:0003096,renal sodium ion transport,1
0,1,2,19,GO:0003097,renal water transport,1
0,1,2,11,GO:0003100,regulation of systemic arterial blood pressure by endothelin,1
0,1,2,13,GO:0003104,positive regulation of glomerular filtration,1
0,0.733287994,5,20,GO:0003128;GO:0003139,heart field specification,1
0,0.808360443,2,25,GO:0003140,determination of left/right asymmetry in lateral mesoderm,1
0,1,4,26,GO:0003146,heart jogging,1
0,0.760306678,4,80,GO:0003148,outflow tract septum morphogenesis,1
0,1,2,30,GO:0003149,membranous septum morphogenesis,1
0,1,3,13,GO:0003150,muscular septum morphogenesis,1
0,0.829734874,2,218,GO:0003151,outflow tract morphogenesis,1
0,0.947071992,6,139,GO:0003156,regulation of animal organ formation,1
0,0.918883652,3,38,GO:0003157,endocardium development,1
0,0.567485954,3,255,GO:0003158;GO:0045446,endothelium development,1
0,1,2,26,GO:0003159;GO:0061154,morphogenesis of an endothelium,1
0,1,3,16,GO:0003160,endocardium morphogenesis,1
0,1,7,38,GO:0003161,cardiac conduction system development,1
0,1,7,6,GO:0003162,atrioventricular node development,1
0,1,2,16,GO:0003163,sinoatrial node development,1
0,1,6,17,GO:0003164;GO:0003166,His-Purkinje system development,1
0,1,6,6,GO:0003165,Purkinje myocyte development,1
0,1,2,5,GO:0003167,atrioventricular bundle cell differentiation,1
0,1,2,6,GO:0003169,coronary vein morphogenesis,1
0,0.923047365,3,150,GO:0003170;GO:0003179,heart valve development,1
0,1,4,70,GO:0003171;GO:0003181,atrioventricular valve development,1
0,1,5,28,GO:0003174;GO:0003183,mitral valve development,1
0,1,5,19,GO:0003175;GO:0003186,tricuspid valve development,1
0,0.703214191,2,56,GO:0003176;GO:0003180,aortic valve development,1
0,0.860903294,2,53,GO:0003177;GO:0003184,pulmonary valve development,1
0,0.948951495,3,45,GO:0003188,heart valve formation,1
0,1,2,27,GO:0003190,atrioventricular valve formation,1
0,1,3,10,GO:0003192,mitral valve formation,1
0,1,4,6,GO:0003193;GO:0035922,pulmonary valve formation,1
0,1,2,8,GO:0003195,tricuspid valve formation,1
0,0.736194307,2,113,GO:0003197,endocardial cushion development,1
0,0.862310599,4,30,GO:0003198,epithelial to mesenchymal transition involved in endocardial cushion formation,1
0,0.576379282,2,13,GO:0003199;GO:0090500,endocardial cushion to mesenchymal transition,1
0,0.959319557,5,76,GO:0003203,endocardial cushion morphogenesis,1
0,0.954736766,3,453,GO:0003205,cardiac chamber development,1
0,0.908593228,3,405,GO:0003206;GO:0003231,cardiac chamber morphogenesis,1
0,0.781268471,2,23,GO:0003207;GO:0003211,cardiac chamber formation,1
0,0.98063011,2,185,GO:0003208,cardiac ventricle morphogenesis,1
0,1,2,82,GO:0003209;GO:0003230,cardiac atrium development,1
0,1,3,47,GO:0003214,cardiac left ventricle morphogenesis,1
0,0.933485191,2,41,GO:0003215,cardiac right ventricle morphogenesis,1
0,0.410519741,2,8,GO:0003219,cardiac right ventricle formation,1
0,1,3,14,GO:0003220,left ventricular cardiac muscle tissue morphogenesis,1
0,1,3,7,GO:0003221,right ventricular cardiac muscle tissue morphogenesis,1
0,0.913336501,3,37,GO:0003222,ventricular trabecula myocardium morphogenesis,1
0,0.750349027,3,21,GO:0003223,ventricular compact myocardium morphogenesis,1
0,1,3,17,GO:0003228;GO:0055009,atrial cardiac muscle tissue development,1
0,0.370255454,2,7,GO:0003241,growth involved in heart morphogenesis,1
0,1,2,8,GO:0003250,regulation of cell proliferation involved in heart valve morphogenesis,1
0,1,2,5,GO:0003253,cardiac neural crest cell migration involved in outflow tract morphogenesis,1
0,0.979355652,2,114,GO:0003254,regulation of membrane depolarization,1
0,1,2,14,GO:0003256,regulation of transcription from RNA polymerase II promoter involved in myocardial precursor cell differentiation,1
0,1,5,7,GO:0003257,positive regulation of transcription from RNA polymerase II promoter involved in myocardial precursor cell differentiation,1
0,1,6,6,GO:0003260;GO:0060975,cardioblast migration,1
0,1,6,26,GO:0003264;GO:0003266,regulation of cardioblast proliferation,1
0,0.83789488,3,50,GO:0003272,endocardial cushion formation,1
0,0.327242611,2,6,GO:0003273,cell migration involved in endocardial cushion formation,1
0,1,2,11,GO:0003274,endocardial cushion fusion,1
0,1,2,7,GO:0003278,apoptotic process involved in heart morphogenesis,1
0,0.996003901,3,290,GO:0003279,cardiac septum development,1
0,0.997854905,2,184,GO:0003281,ventricular septum development,1
0,1,2,46,GO:0003283,atrial septum development,1
0,1,5,13,GO:0003284,septum primum development,1
0,1,3,5,GO:0003285,septum secundum development,1
0,1,2,9,GO:0003289,atrial septum primum morphogenesis,1
0,1,3,10,GO:0003294;GO:0010643;GO:0010645;GO:0010652,cell communication by chemical coupling,1
0,0.887088899,3,33,GO:0003298;GO:0003301;GO:0061049,physiological muscle hypertrophy,1
0,0.425759381,2,112,GO:0003300;GO:0014897;GO:0014896,muscle hypertrophy,1
0,1,2,15,GO:0003306,Wnt signaling pathway involved in heart development,1
0,1,2,17,GO:0003307;GO:0003308,regulation of Wnt signaling pathway involved in heart development,1
0,1,2,21,GO:0003310,pancreatic A cell differentiation,1
0,1,2,5,GO:0003312;GO:0003326;GO:0003329,pancreatic PP cell differentiation,1
0,1,2,7,GO:0003322,pancreatic A cell development,1
0,0.924075932,3,39,GO:0003323,type B pancreatic cell development,1
0,0.327242611,3,6,GO:0003332,negative regulation of extracellular matrix constituent secretion,1
0,0.380275353,6,212,GO:0003333,amino acid transmembrane transport,1
0,1,2,28,GO:0003334,keratinocyte development,1
0,1,2,18,GO:0003337,mesenchymal to epithelial transition involved in metanephros morphogenesis,1
0,0.994625634,2,79,GO:0003338;GO:0072273,metanephros morphogenesis,1
0,0.766319286,4,22,GO:0003339,regulation of mesenchymal to epithelial transition involved in metanephros morphogenesis,1
0,0.993126479,2,232,GO:0003341,cilium movement,1
0,1,5,10,GO:0003342;GO:0003343,septum transversum development,1
0,0.721576998,3,39,GO:0003344,pericardium morphogenesis,1
0,1,6,20,GO:0003347,epicardial cell to mesenchymal cell transition,1
0,1,2,25,GO:0003348;GO:0060956,cardiac endothelial cell differentiation,1
0,1,6,6,GO:0003350,pulmonary myocardium development,1
0,0.86788229,4,54,GO:0003351;GO:0006858,extracellular transport,1
0,1,2,19,GO:0003356,regulation of cilium beat frequency,1
0,1,2,17,GO:0003357,noradrenergic neuron differentiation,1
0,1,2,8,GO:0003358;GO:0061104,noradrenergic neuron development,1
0,0.695590709,3,18,GO:0003360,brainstem development,1
0,1,2,6,GO:0003366,cell-matrix adhesion involved in ameboidal cell migration,1
0,0.589043311,2,194,GO:0003382,epithelial cell morphogenesis,1
0,1,3,9,GO:0003399;GO:0035231;GO:0035232,germ cell attraction,1
0,0.539988621,2,92,GO:0003401,axis elongation,1
0,1,2,17,GO:0003402,planar cell polarity pathway involved in axis elongation,1
0,1,2,10,GO:0003404,optic vesicle morphogenesis,1
0,0.561271862,3,29,GO:0003406,retinal pigment epithelium development,1
0,0.974869867,3,242,GO:0003407,neural retina development,1
0,1,3,13,GO:0003408,optic cup formation involved in camera-type eye development,1
0,0.721576998,2,39,GO:0003413,chondrocyte differentiation involved in endochondral bone morphogenesis,1
0,0.392067335,4,21,GO:0003415;GO:0003430;GO:0003431,chondrocyte hypertrophy,1
0,0.542035276,6,28,GO:0003418;GO:0003433,growth plate cartilage chondrocyte differentiation,1
0,1,2,6,GO:0003419,growth plate cartilage chondrocyte proliferation,1
0,0.410519741,4,8,GO:0003428,chondrocyte intercalation involved in growth plate cartilage morphogenesis,1
0,0.641204333,2,51,GO:0005513,detection of calcium ion,1
0,0.366364004,2,210,GO:0005976;GO:0044264,polysaccharide metabolic process,1
0,0.585392804,4,47,GO:0005978;GO:0009250,glycogen biosynthetic process,1
0,0.933517569,2,67,GO:0005979;GO:0010962,regulation of glycogen biosynthetic process,1
0,0.392067335,3,21,GO:0005984,disaccharide metabolic process,1
0,1,5,5,GO:0005985,sucrose metabolic process,1
0,1,2,6,GO:0005991,trehalose metabolic process,1
0,1,5,7,GO:0005997,xylulose metabolic process,1
0,1,3,5,GO:0005999,xylulose biosynthetic process,1
0,0.459421222,4,24,GO:0006000,fructose metabolic process,1
0,1,6,6,GO:0006001;GO:0061624,fructose catabolic process to hydroxyacetone phosphate and glyceraldehyde-3-phosphate,1
0,0.579922037,2,30,GO:0006004,fucose metabolic process,1
0,0.820621492,4,26,GO:0006012,galactose metabolic process,1
0,0.628830106,2,15,GO:0006013,mannose metabolic process,1
0,1,2,5,GO:0006014,D-ribose metabolic process,1
0,1,3,7,GO:0006015;GO:0046391,5-phosphoribose 1-diphosphate biosynthetic process,1
0,0.750349027,3,21,GO:0006020,inositol metabolic process,1
0,0.321187709,2,337,GO:0006022;GO:0030203,aminoglycan metabolic process,1
0,0.607491558,2,229,GO:0006023;GO:0006024,aminoglycan biosynthetic process,1
0,0.513112881,2,121,GO:0006026;GO:0006027,aminoglycan catabolic process,1
0,0.918239757,5,207,GO:0006029;GO:0030166,proteoglycan metabolic process,1
0,0.652568745,3,16,GO:0006030,chitin metabolic process,1
0,1,4,7,GO:0006031;GO:0006034;GO:0006035,chitin biosynthetic process,1
0,0.448211014,3,9,GO:0006032,chitin catabolic process,1
0,1,2,7,GO:0006037,cell wall chitin metabolic process,1
0,0.853050477,2,93,GO:0006040,amino sugar metabolic process,1
0,0.708091899,6,38,GO:0006044,N-acetylglucosamine metabolic process,1
0,0.820621492,5,26,GO:0006047,UDP-N-acetylglucosamine metabolic process,1
0,0.652568745,4,16,GO:0006048,UDP-N-acetylglucosamine biosynthetic process,1
0,1,2,17,GO:0006054,N-acetylneuraminate metabolic process,1
0,0.808360443,2,25,GO:0006063;GO:0019585,uronic acid metabolic process,1
0,1,6,7,GO:0006064;GO:0019640;GO:1901159;GO:0051167,glucuronate catabolic process to xylulose 5-phosphate,1
0,1,2,6,GO:0006065,UDP-glucuronate biosynthetic process,1
0,0.695590709,2,18,GO:0006067,ethanol metabolic process,1
0,0.448211014,5,9,GO:0006069,ethanol oxidation,1
0,0.345112283,3,19,GO:0006072;GO:0052646,alditol phosphate metabolic process,1
0,0.327242611,2,6,GO:0006083,acetate metabolic process,1
0,0.963331824,2,50,GO:0006084,acetyl-CoA metabolic process,1
0,0.832098503,3,27,GO:0006085,acetyl-CoA biosynthetic process,1
0,1,3,19,GO:0006086;GO:0061732,acetyl-CoA biosynthetic process from pyruvate,1
0,0.679484687,2,36,GO:0006089,lactate metabolic process,1
0,0.695590709,3,18,GO:0006102,isocitrate metabolic process,1
0,1,2,15,GO:0006104,succinyl-CoA metabolic process,1
0,0.501834227,3,26,GO:0006105,succinate metabolic process,1
0,1,4,6,GO:0006114,glycerol biosynthetic process,1
0,0.999740155,3,224,GO:0006119;GO:0022904;GO:0042773;GO:0042775,respiratory electron transport chain,1
0,0.410519741,2,8,GO:0006127,glycerophosphate shuttle,1
0,0.758903055,5,42,GO:0006144,purine nucleobase metabolic process,1
0,1,4,8,GO:0006145,purine nucleobase catabolic process,1
0,0.371615316,2,34,GO:0006152;GO:0046130,purine nucleoside catabolic process,1
0,1,2,5,GO:0006154,adenosine catabolic process,1
0,0.373666371,5,1050,GO:0006163;GO:0072521;GO:0009150;GO:0009259;GO:0019693,purine-containing compound metabolic process,1
0,1,3,7,GO:0006166,purine ribonucleoside salvage,1
0,0.345112283,4,19,GO:0006167,AMP biosynthetic process,1
0,1,2,31,GO:0006171,cAMP biosynthetic process,1
0,1,2,8,GO:0006172,ADP biosynthetic process,1
0,0.345112283,3,19,GO:0006188,IMP biosynthetic process,1
0,0.455207154,2,115,GO:0006195;GO:0072523,purine-containing compound catabolic process,1
0,0.410519741,2,8,GO:0006196,AMP catabolic process,1
0,1,2,36,GO:0006198;GO:0009214,cyclic nucleotide catabolic process,1
0,0.820621492,6,26,GO:0006207;GO:0019856,'de novo' pyrimidine nucleobase biosynthetic process,1
0,1,3,7,GO:0006210;GO:0019859,thymine metabolic process,1
0,1,3,12,GO:0006216;GO:0046087;GO:0009972,cytidine metabolic process,1
0,1,5,5,GO:0006217;GO:0046109,uridine biosynthetic process,1
0,0.338855406,2,46,GO:0006221,pyrimidine nucleotide biosynthetic process,1
0,1,2,5,GO:0006226,dUMP biosynthetic process,1
0,1,5,8,GO:0006228;GO:0046051,UTP metabolic process,1
0,0.370255454,2,7,GO:0006241;GO:0046036,CTP biosynthetic process,1
0,0.525919717,2,1223,GO:0006259,DNA metabolic process,1
0,0.410411093,4,323,GO:0006260,DNA replication,1
0,0.698348194,2,227,GO:0006261,DNA-dependent DNA replication,1
0,1,2,15,GO:0006264,mitochondrial DNA replication,1
0,0.368762764,5,20,GO:0006266;GO:0051103,DNA ligation,1
0,0.664341412,2,35,GO:0006270,DNA replication initiation,1
0,0.615451342,2,32,GO:0006271;GO:0022616,DNA strand elongation,1
0,1,2,7,GO:0006272,leading strand elongation,1
0,1,2,11,GO:0006273,lagging strand elongation,1
0,0.984949523,4,256,GO:0006275,regulation of DNA replication,1
0,0.69150428,4,55,GO:0006277;GO:0007307,DNA amplification,1
0,0.627763259,3,50,GO:0006278;GO:0007004;GO:0010833,telomere maintenance via telomere lengthening,1
0,0.849476245,2,689,GO:0006281,DNA repair,1
0,0.935739325,2,113,GO:0006283,transcription-coupled nucleotide-excision repair,1
0,0.603611995,6,65,GO:0006284,base-excision repair,1
0,0.848597932,6,168,GO:0006289,nucleotide-excision repair,1
0,0.410519741,6,8,GO:0006290,pyrimidine dimer repair,1
0,0.708091899,4,38,GO:0006298,mismatch repair,1
0,0.538601017,3,298,GO:0006302,double-strand break repair,1
0,0.926989901,3,131,GO:0006304;GO:0044728,DNA modification,1
0,0.922465453,7,87,GO:0006305;GO:0006306,DNA methylation,1
0,1,7,14,GO:0006307,DNA dealkylation involved in DNA repair,1
0,0.389323909,2,35,GO:0006309,apoptotic DNA fragmentation,1
0,0.336793937,5,310,GO:0006310,DNA recombination,1
0,1,2,6,GO:0006311,meiotic gene conversion,1
0,0.501834227,2,26,GO:0006312,mitotic recombination,1
0,0.879926745,2,1291,GO:0006325,chromatin organization,1
0,0.3788891,2,257,GO:0006333;GO:0031497,chromatin assembly or disassembly,1
0,0.652568745,2,16,GO:0006335;GO:0034723,DNA replication-dependent nucleosome assembly,1
0,0.913336501,2,37,GO:0006337;GO:0032986;GO:0031498,protein-DNA complex disassembly,1
0,0.79706634,3,434,GO:0006338,chromatin remodeling,1
0,0.4861897,6,305,GO:0006342;GO:0045814;GO:0097549;GO:0034401,chromatin organization involved in regulation of transcription,1
0,0.652568745,5,16,GO:0006346,DNA methylation-dependent heterochromatin assembly,1
0,0.603470491,2,14,GO:0006348,chromatin silencing at telomere,1
0,1,2,34,GO:0006349,regulation of gene expression by genetic imprinting,1
0,0.97314265,2,1926,GO:0006351;GO:0097659;GO:0032774;GO:0006366,RNA biosynthetic process,1
0,0.81027492,2,67,GO:0006356,regulation of transcription by RNA polymerase I,1
0,0.967877881,4,52,GO:0006359,regulation of transcription by RNA polymerase III,1
0,0.746657263,3,60,GO:0006360;GO:0006361;GO:0006363,transcription by RNA polymerase I,1
0,0.99998628,7,336,GO:0006364;GO:0016072,rRNA metabolic process,1
0,0.978406522,4,58,GO:0006369,termination of RNA polymerase II transcription,1
0,0.820693247,6,48,GO:0006370;GO:0009452;GO:0036260,RNA capping,1
0,1,7,65,GO:0006376,mRNA splice site selection,1
0,0.381387684,3,78,GO:0006378;GO:0043631,mRNA polyadenylation,1
0,0.948951495,3,45,GO:0006379,mRNA cleavage,1
0,1,2,9,GO:0006382,adenosine to inosine editing,1
0,0.86788229,3,54,GO:0006383,transcription by RNA polymerase III,1
0,0.652568745,4,16,GO:0006384,transcription initiation from RNA polymerase III promoter,1
0,0.501834227,3,26,GO:0006390,mitochondrial transcription,1
0,1,4,5,GO:0006391,transcription initiation from mitochondrial promoter,1
0,0.999934665,5,1385,GO:0006396,RNA processing,1
0,0.370255454,3,7,GO:0006398,mRNA 3'-end processing by stem-loop binding and cleavage,1
0,0.6923847,6,226,GO:0006399,tRNA metabolic process,1
0,0.938796992,2,92,GO:0006400,tRNA modification,1
0,0.733828797,2,566,GO:0006403,RNA localization,1
0,1,2,6,GO:0006404,RNA import into nucleus,1
0,0.942868831,2,257,GO:0006405;GO:0071166;GO:0071426,RNA export from nucleus,1
0,0.905681385,7,240,GO:0006406;GO:0051028;GO:0071427,mRNA transport,1
0,1,6,6,GO:0006407,rRNA export from nucleus,1
0,1,8,8,GO:0006409;GO:0071431,tRNA export from nucleus,1
0,0.977648668,3,666,GO:0006412;GO:0043043,peptide biosynthetic process,1
0,0.898825643,3,256,GO:0006413,translational initiation,1
0,1,4,152,GO:0006414,translational elongation,1
0,0.985093576,2,145,GO:0006415;GO:0032543;GO:0070125;GO:0070126,mitochondrial translation,1
0,1,2,6,GO:0006421,asparaginyl-tRNA aminoacylation,1
0,0.327242611,2,6,GO:0006432,phenylalanyl-tRNA aminoacylation,1
0,1,3,9,GO:0006447;GO:0045994,regulation of translational initiation by iron,1
0,0.820621492,2,26,GO:0006448,regulation of translational elongation,1
0,1,2,15,GO:0006451,translational readthrough,1
0,0.801870371,2,46,GO:0006471,protein ADP-ribosylation,1
0,0.984077096,2,296,GO:0006473;GO:0006475;GO:0016573;GO:0018393;GO:0018394,protein acetylation,1
0,1,3,28,GO:0006474,N-terminal protein amino acid acetylation,1
0,0.695590709,2,18,GO:0006477;GO:0051923,sulfation,1
0,0.744366039,2,286,GO:0006479;GO:0008213,protein methylation,1
0,0.990244682,6,70,GO:0006482;GO:0008214;GO:0016577;GO:0070076,protein demethylation,1
0,1,4,30,GO:0006488;GO:0006490,oligosaccharide-lipid intermediate biosynthetic process,1
0,1,2,7,GO:0006489;GO:0046465,dolichyl diphosphate biosynthetic process,1
0,0.98063011,2,185,GO:0006493,protein O-linked glycosylation,1
0,0.521775718,2,185,GO:0006497;GO:0042157;GO:0042158,lipoprotein metabolic process,1
0,0.603470491,2,14,GO:0006498;GO:0006499;GO:0018377,N-terminal protein lipidation,1
0,0.695590709,3,18,GO:0006501,C-terminal protein lipidation,1
0,0.540059688,3,44,GO:0006505;GO:0006506,GPI anchor metabolic process,1
0,0.613978598,4,49,GO:0006509,membrane protein ectodomain proteolysis,1
0,0.363653008,3,150,GO:0006513,protein monoubiquitination,1
0,0.734532051,2,40,GO:0006521,regulation of cellular amino acid metabolic process,1
0,1,4,11,GO:0006522;GO:0009078;GO:0042851,alanine metabolic process,1
0,1,4,7,GO:0006526,arginine biosynthetic process,1
0,1,2,8,GO:0006528,asparagine metabolic process,1
0,0.368762764,4,20,GO:0006531,aspartate metabolic process,1
0,0.448211014,3,9,GO:0006532;GO:0006533;GO:0019550,aspartate catabolic process,1
0,1,3,6,GO:0006540,glutamate decarboxylation to succinate,1
0,0.862310599,4,30,GO:0006544,glycine metabolic process,1
0,1,2,6,GO:0006545,glycine biosynthetic process,1
0,1,2,10,GO:0006546;GO:0019464,glycine catabolic process,1
0,1,2,18,GO:0006547;GO:0006548;GO:0052803;GO:0052805,imidazole-containing compound metabolic process,1
0,1,2,12,GO:0006551,leucine metabolic process,1
0,1,4,6,GO:0006552,leucine catabolic process,1
0,1,2,13,GO:0006553;GO:0006554,lysine metabolic process,1
0,1,2,8,GO:0006556,S-adenosylmethionine biosynthetic process,1
0,1,4,17,GO:0006558;GO:1902221;GO:0006559;GO:1902222,L-phenylalanine metabolic process,1
0,1,2,6,GO:0006561,proline biosynthetic process,1
0,1,4,6,GO:0006565,L-serine catabolic process,1
0,1,2,10,GO:0006566;GO:0006567,threonine metabolic process,1
0,1,4,35,GO:0006568;GO:0006586,indolalkylamine metabolic process,1
0,1,5,18,GO:0006569;GO:0046218;GO:0042436,indole-containing compound catabolic process,1
0,1,3,32,GO:0006570,tyrosine metabolic process,1
0,1,3,10,GO:0006572,tyrosine catabolic process,1
0,1,4,5,GO:0006574,valine catabolic process,1
0,0.537038231,2,187,GO:0006576;GO:0044106;GO:0009308,amine metabolic process,1
0,0.501834227,3,26,GO:0006577;GO:0009437,amino-acid betaine metabolic process,1
0,1,4,8,GO:0006578;GO:0045329,carnitine biosynthetic process,1
0,0.675831849,4,190,GO:0006582,melanin metabolic process,1
0,1,3,9,GO:0006583,melanin biosynthetic process from tyrosine,1
0,0.518207377,4,90,GO:0006584;GO:0009712;GO:0042417,catechol-containing compound metabolic process,1
0,1,6,8,GO:0006585,dopamine biosynthetic process from tyrosine,1
0,1,2,7,GO:0006587;GO:0042427;GO:1901162,primary amino compound biosynthetic process,1
0,1,2,16,GO:0006590,thyroid hormone generation,1
0,1,3,6,GO:0006599;GO:0006603,phosphocreatine metabolic process,1
0,0.437437224,3,23,GO:0006600,creatine metabolic process,1
0,0.672493045,4,647,GO:0006605,protein targeting,1
0,0.652568745,2,16,GO:0006610,ribosomal protein import into nucleus,1
0,0.956302394,7,246,GO:0006612,protein targeting to membrane,1
0,0.986180827,2,193,GO:0006613;GO:0006614;GO:0045047;GO:0072599,establishment of protein localization to endoplasmic reticulum,1
0,0.483493607,2,10,GO:0006620,posttranslational protein targeting to endoplasmic reticulum membrane,1
0,0.310667563,2,86,GO:0006623;GO:0072666,establishment of protein localization to vacuole,1
0,0.89255076,4,121,GO:0006625;GO:0043574;GO:0072663;GO:0072662;GO:0007031,peroxisome organization,1
0,1,2,9,GO:0006627,protein processing involved in protein targeting to mitochondrion,1
0,0.406045053,2,110,GO:0006635,fatty acid beta-oxidation,1
0,0.470498034,2,55,GO:0006636,unsaturated fatty acid biosynthetic process,1
0,1,6,7,GO:0006649,phospholipid transfer to membrane,1
0,0.439263731,5,83,GO:0006654;GO:0046473,phosphatidic acid metabolic process,1
0,0.781268471,3,23,GO:0006655,phosphatidylglycerol biosynthetic process,1
0,0.473527268,3,86,GO:0006656,phosphatidylcholine biosynthetic process,1
0,0.808360443,2,25,GO:0006657,CDP-choline pathway,1
0,0.811491596,5,47,GO:0006658,phosphatidylserine metabolic process,1
0,0.516521366,3,11,GO:0006659,phosphatidylserine biosynthetic process,1
0,0.781268471,3,23,GO:0006662;GO:0046485,glycerol ether metabolic process,1
0,0.370255454,2,7,GO:0006663,platelet activating factor biosynthetic process,1
0,0.921620799,2,189,GO:0006664;GO:1903509,glycolipid metabolic process,1
0,1,5,26,GO:0006677,glycosylceramide metabolic process,1
0,1,2,7,GO:0006678,glucosylceramide metabolic process,1
0,1,2,15,GO:0006681;GO:0019374,galactosylceramide metabolic process,1
0,1,3,6,GO:0006685,sphingomyelin catabolic process,1
0,0.932904303,5,112,GO:0006687,glycosphingolipid metabolic process,1
0,0.801870371,2,46,GO:0006688,glycosphingolipid biosynthetic process,1
0,0.483493607,3,10,GO:0006689,ganglioside catabolic process,1
0,0.475430987,3,40,GO:0006691,leukotriene metabolic process,1
0,0.898179727,6,59,GO:0006693;GO:0006692,prostaglandin metabolic process,1
0,0.52604951,2,59,GO:0006695,cholesterol biosynthetic process,1
0,0.615451342,3,32,GO:0006700,C21-steroid hormone biosynthetic process,1
0,0.410519741,4,8,GO:0006701,progesterone biosynthetic process,1
0,1,4,15,GO:0006702,androgen biosynthetic process,1
0,0.674789964,3,17,GO:0006703,estrogen biosynthetic process,1
0,1,2,16,GO:0006704,glucocorticoid biosynthetic process,1
0,1,4,9,GO:0006705;GO:0008212,mineralocorticoid biosynthetic process,1
0,0.69150428,5,55,GO:0006706,steroid catabolic process,1
0,0.392067335,3,21,GO:0006707;GO:0016127,cholesterol catabolic process,1
0,0.603470491,2,14,GO:0006714,sesquiterpenoid metabolic process,1
0,1,6,7,GO:0006716,juvenile hormone metabolic process,1
0,0.622402132,3,215,GO:0006720;GO:0006721,isoprenoid metabolic process,1
0,0.841122498,4,91,GO:0006726;GO:0042441;GO:0043324;GO:0043474;GO:0048069,eye pigmentation,1
0,0.424332277,3,37,GO:0006727;GO:0008055;GO:0046152;GO:0046158;GO:0033060,ommochrome biosynthetic process,1
0,1,4,5,GO:0006728,pteridine biosynthetic process,1
0,1,3,12,GO:0006729;GO:0046146,tetrahydrobiopterin metabolic process,1
0,0.368762764,2,20,GO:0006730,one-carbon metabolic process,1
0,1,2,6,GO:0006742;GO:0019364,pyridine nucleotide catabolic process,1
0,0.353810866,3,33,GO:0006743;GO:0006744;GO:1901663,ubiquinone metabolic process,1
0,0.368762764,3,20,GO:0006750;GO:0019184,nonribosomal peptide biosynthetic process,1
0,1,2,6,GO:0006751,glutathione catabolic process,1
0,0.555487983,4,45,GO:0006760,folic acid-containing compound metabolic process,1
0,0.526846163,2,233,GO:0006766,vitamin metabolic process,1
0,1,2,16,GO:0006768,biotin metabolic process,1
0,0.841122498,2,91,GO:0006775,fat-soluble vitamin metabolic process,1
0,0.542035276,7,28,GO:0006776,vitamin A metabolic process,1
0,1,3,7,GO:0006777;GO:0019720,Mo-molybdopterin cofactor biosynthetic process,1
0,0.81027492,2,67,GO:0006779;GO:0033014;GO:0006783,tetrapyrrole biosynthetic process,1
0,1,4,8,GO:0006797,polyphosphate metabolic process,1
0,1,2,5,GO:0006798,polyphosphate catabolic process,1
0,0.703214191,2,56,GO:0006801,superoxide metabolic process,1
0,0.429796454,2,158,GO:0006805,xenobiotic metabolic process,1
0,1,2,8,GO:0006808,regulation of nitrogen utilization,1
0,0.353810866,3,33,GO:0006809,nitric oxide biosynthetic process,1
0,0.88438784,2,1905,GO:0006812,cation transport,1
0,0.999988554,2,446,GO:0006813;GO:0071805,potassium ion transport,1
0,0.987891851,2,405,GO:0006814;GO:0035725,sodium ion transport,1
0,0.626391911,5,699,GO:0006816;GO:0070838;GO:0072511,divalent inorganic cation transport,1
0,0.309315744,4,44,GO:0006817;GO:0035435,phosphate ion transport,1
0,0.861407077,2,262,GO:0006821;GO:0098661,inorganic anion transmembrane transport,1
0,0.721576998,4,39,GO:0006828,manganese ion transport,1
0,0.937743292,5,42,GO:0006833,water transport,1
0,0.829817319,3,164,GO:0006835,dicarboxylic acid transport,1
0,0.953131546,4,668,GO:0006836,neurotransmitter transport,1
0,1,2,6,GO:0006844;GO:1902616,acyl carnitine transport,1
0,1,2,17,GO:0006848;GO:1901475,pyruvate transport,1
0,1,2,5,GO:0006850,mitochondrial pyruvate transmembrane transport,1
0,1,5,14,GO:0006853,carnitine shuttle,1
0,0.3788891,4,257,GO:0006855,drug transmembrane transport,1
0,1,4,7,GO:0006856;GO:1903232,eye pigment precursor transport,1
0,1,2,23,GO:0006857;GO:0035672,oligopeptide transport,1
0,0.811491596,6,47,GO:0006862,nucleotide transport,1
0,0.852897647,2,29,GO:0006863;GO:0015851,nucleobase transport,1
0,1,2,6,GO:0006864;GO:1990519,pyrimidine nucleotide transport,1
0,0.514330189,5,294,GO:0006865,amino acid transport,1
0,1,2,6,GO:0006867,asparagine transport,1
0,0.759317214,2,1065,GO:0006874;GO:0055074;GO:0072503;GO:0072507,divalent inorganic cation homeostasis,1
0,0.801870371,5,46,GO:0006883;GO:0055078,sodium ion homeostasis,1
0,0.811491596,4,47,GO:0006884,cell volume homeostasis,1
0,0.376469614,2,107,GO:0006893,Golgi to plasma membrane transport,1
0,0.654299653,5,52,GO:0006895,Golgi to endosome transport,1
0,0.917714869,3,168,GO:0006904;GO:0048278,vesicle docking,1
0,0.555487983,5,45,GO:0006907,pinocytosis,1
0,0.545697735,2,631,GO:0006913;GO:0051169,nuclear transport,1
0,0.316355515,5,188,GO:0006919,activation of cysteine-type endopeptidase activity involved in apoptotic process,1
0,0.512416506,3,58,GO:0006921;GO:0030262,cellular component disassembly involved in execution phase of apoptosis,1
0,1,8,13,GO:0006924,activation-induced cell death of T cells,1
0,1,2,13,GO:0006925;GO:0033028,inflammatory cell apoptotic process,1
0,0.851958477,3,2157,GO:0006935;GO:0042330,taxis,1
0,0.967260372,2,503,GO:0006937,regulation of muscle contraction,1
0,0.826218463,2,145,GO:0006939,smooth muscle contraction,1
0,0.978347439,3,204,GO:0006940,regulation of smooth muscle contraction,1
0,0.998472864,2,336,GO:0006941,striated muscle contraction,1
0,0.716831204,2,247,GO:0006942;GO:0055117,regulation of striated muscle contraction,1
0,0.424332277,3,37,GO:0006956,complement activation,1
0,0.59658335,3,372,GO:0006959,humoral immune response,1
0,0.574495373,4,79,GO:0006968,cellular defense response,1
0,0.506181088,3,277,GO:0006970,response to osmotic stress,1
0,0.750349027,2,21,GO:0006971,hypotonic response,1
0,0.621515762,2,133,GO:0006972,hyperosmotic response,1
0,1,2,9,GO:0006973,intracellular accumulation of glycerol,1
0,0.326035583,2,1279,GO:0006974,cellular response to DNA damage stimulus,1
0,0.522219199,2,27,GO:0006975,DNA damage induced protein phosphorylation,1
0,1,2,5,GO:0006982;GO:0071449,response to lipid hydroperoxide,1
0,0.750349027,3,21,GO:0006983,ER overload response,1
0,1,5,16,GO:0006990,positive regulation of transcription from RNA polymerase II promoter involved in unfolded protein response,1
0,1,2,14,GO:0006995;GO:0043562,cellular response to nitrogen starvation,1
0,0.924075932,2,39,GO:0006999,nuclear pore organization,1
0,1,2,15,GO:0007000,nucleolus organization,1
0,0.833103522,4,70,GO:0007007,inner mitochondrial membrane organization,1
0,0.886814447,3,215,GO:0007009,plasma membrane organization,1
0,0.450741037,-1,84,GO:0007016,obsolete cytoskeletal anchoring at plasma membrane,1
0,0.703214191,2,56,GO:0007019,microtubule depolymerization,1
0,0.766394126,5,62,GO:0007020,microtubule nucleation,1
0,1,3,13,GO:0007021,tubulin complex assembly,1
0,1,3,10,GO:0007023,post-chaperonin tubulin folding pathway,1
0,0.938465161,2,114,GO:0007026;GO:0031114,regulation of microtubule depolymerization,1
0,0.339150303,4,147,GO:0007044;GO:0150115,cell-substrate junction assembly,1
0,0.370255454,7,7,GO:0007058,spindle assembly involved in female meiosis II,1
0,0.818163066,2,68,GO:0007063,regulation of sister chromatid cohesion,1
0,0.370255454,2,7,GO:0007066,female meiosis sister chromatid cohesion,1
0,0.327242611,2,6,GO:0007078,lamin depolymerization,1
0,1,3,14,GO:0007089,traversing start control point of mitotic cell cycle,1
0,0.853050477,4,93,GO:0007095;GO:0031572;GO:0044818,G2 DNA damage checkpoint,1
0,0.618786488,2,83,GO:0007099;GO:0098534,centriole assembly,1
0,0.615451342,2,32,GO:0007113,endomitotic cell cycle,1
0,0.669251376,2,105,GO:0007129;GO:0045143,homologous chromosome segregation,1
0,0.613978598,2,49,GO:0007130,synaptonemal complex assembly,1
0,0.820693247,2,48,GO:0007141,male meiosis I,1
0,0.340846458,2,1699,GO:0007155;GO:0022610,biological adhesion,1
0,0.995793867,5,220,GO:0007156,homophilic cell adhesion via plasma membrane adhesion molecules,1
0,0.913518857,5,186,GO:0007157,heterophilic cell-cell adhesion via plasma membrane cell adhesion molecules,1
0,0.818163066,4,68,GO:0007158,neuron cell-cell adhesion,1
0,0.796329213,2,263,GO:0007160,cell-matrix adhesion,1
0,0.483493607,5,10,GO:0007161,calcium-independent cell-matrix adhesion,1
0,0.795261829,4,24,GO:0007168,receptor guanylyl cyclase signaling pathway,1
0,1,6,42,GO:0007171,activation of transmembrane receptor protein tyrosine kinase activity,1
0,0.695590709,3,18,GO:0007172,signal complex assembly,1
0,0.650802907,5,69,GO:0007176,regulation of epidermal growth factor-activated receptor activity,1
0,0.800976131,4,553,GO:0007178,transmembrane receptor protein serine/threonine kinase signaling pathway,1
0,0.465036113,2,286,GO:0007179,transforming growth factor beta receptor signaling pathway,1
0,1,3,6,GO:0007181,transforming growth factor beta receptor complex assembly,1
0,0.652568745,2,16,GO:0007182,common-partner SMAD protein phosphorylation,1
0,0.603470491,3,14,GO:0007183,SMAD protein complex assembly,1
0,0.879368974,4,32,GO:0007185,transmembrane receptor protein tyrosine phosphatase signaling pathway,1
0,0.970126854,2,1732,GO:0007186,G protein-coupled receptor signaling pathway,1
0,0.861285236,3,244,GO:0007189,adenylate cyclase-activating G protein-coupled receptor signaling pathway,1
0,0.742616001,2,78,GO:0007190,activation of adenylate cyclase activity,1
0,0.734532051,5,40,GO:0007191,adenylate cyclase-activating dopamine receptor signaling pathway,1
0,0.47891206,2,195,GO:0007193,adenylate cyclase-inhibiting G protein-coupled receptor signaling pathway,1
0,1,2,12,GO:0007195,adenylate cyclase-inhibiting dopamine receptor signaling pathway,1
0,1,4,30,GO:0007196,adenylate cyclase-inhibiting G protein-coupled glutamate receptor signaling pathway,1
0,1,3,14,GO:0007197;GO:0007207,phospholipase C-activating G protein-coupled acetylcholine receptor signaling pathway,1
0,1,2,12,GO:0007198,adenylate cyclase-inhibiting serotonin receptor signaling pathway,1
0,0.561271862,4,29,GO:0007199,G protein-coupled receptor signaling pathway coupled to cGMP nucleotide second messenger,1
0,0.567265592,2,239,GO:0007200,phospholipase C-activating G protein-coupled receptor signaling pathway,1
0,0.967199398,2,703,GO:0007204;GO:0051480,regulation of cytosolic calcium ion concentration,1
0,1,4,10,GO:0007206,phospholipase C-activating G protein-coupled glutamate receptor signaling pathway,1
0,1,2,10,GO:0007208,phospholipase C-activating serotonin receptor signaling pathway,1
0,1,2,50,GO:0007210,serotonin receptor signaling pathway,1
0,0.661106993,2,121,GO:0007212,dopamine receptor signaling pathway,1
0,0.800385791,3,85,GO:0007213;GO:0095500;GO:0098926;GO:1903831;GO:1905144;GO:1905145,postsynaptic signal transduction,1
0,0.943487674,3,70,GO:0007214,gamma-aminobutyric acid signaling pathway,1
0,0.988830121,3,151,GO:0007215,glutamate receptor signaling pathway,1
0,0.95814281,2,48,GO:0007216,G protein-coupled glutamate receptor signaling pathway,1
0,1,3,22,GO:0007217,tachykinin receptor signaling pathway,1
0,0.999126631,3,228,GO:0007218,neuropeptide signaling pathway,1
0,0.929639393,3,325,GO:0007219,Notch signaling pathway,1
0,0.512416506,4,58,GO:0007221,positive regulation of transcription of Notch receptor target,1
0,0.971624317,3,218,GO:0007224,smoothened signaling pathway,1
0,1,2,24,GO:0007227;GO:0007228,signal transduction downstream of smoothened,1
0,1,4,6,GO:0007231,osmosensory signaling pathway,1
0,0.314973443,3,144,GO:0007249,I-kappaB kinase/NF-kappaB signaling,1
0,0.597982132,5,31,GO:0007250,activation of NF-kappaB-inducing kinase activity,1
0,0.597982132,2,31,GO:0007252,I-kappaB phosphorylation,1
0,0.674789964,2,17,GO:0007253,cytoplasmic sequestering of NF-kappaB,1
0,0.309373524,5,305,GO:0007254;GO:0051403,stress-activated MAPK cascade,1
0,0.733287994,2,20,GO:0007256,activation of JNKK activity,1
0,0.716673873,2,93,GO:0007257,activation of JUN kinase activity,1
0,1,6,12,GO:0007258,JUN phosphorylation,1
0,0.389323909,4,35,GO:0007263,nitric oxide mediated signal transduction,1
0,0.496712427,3,213,GO:0007266,Rho protein signal transduction,1
0,0.999996531,6,1507,GO:0007268;GO:0098916;GO:0099537;GO:0099536,synaptic signaling,1
0,0.991226779,2,455,GO:0007269;GO:0099643,neurotransmitter secretion,1
0,0.973662878,7,55,GO:0007270,neuron-neuron synaptic transmission,1
0,0.787352237,2,261,GO:0007274,neuromuscular synaptic transmission,1
0,1,2,6,GO:0007278,pole cell fate determination,1
0,0.402356335,2,65,GO:0007280,pole cell migration,1
0,0.555487983,2,45,GO:0007282,cystoblast division,1
0,0.473650035,2,505,GO:0007286;GO:0048515,spermatid differentiation,1
0,1,2,7,GO:0007287,Nebenkern assembly,1
0,0.801870371,5,46,GO:0007288,sperm axoneme assembly,1
0,0.874538064,2,55,GO:0007289,spermatid nucleus differentiation,1
0,1,2,8,GO:0007290,spermatid nucleus elongation,1
0,0.461764952,3,270,GO:0007293,germarium-derived egg chamber formation,1
0,0.628457181,3,491,GO:0007297;GO:0007298,ovarian follicle cell migration,1
0,0.628830106,4,15,GO:0007299,ovarian follicle cell-cell adhesion,1
0,0.427741618,3,82,GO:0007300,ovarian nurse cell to oocyte transport,1
0,0.778100597,4,259,GO:0007304;GO:0030703;GO:0007306;GO:0045229,eggshell formation,1
0,0.331049959,2,146,GO:0007310,oocyte dorsal/ventral axis specification,1
0,0.970614221,3,107,GO:0007316;GO:0019094;GO:0045451,pole plasm RNA localization,1
0,0.8841795,3,119,GO:0007317;GO:1904580;GO:1902875,regulation of intracellular mRNA localization,1
0,0.596982215,2,81,GO:0007320;GO:0007620,copulation,1
0,0.718015487,3,364,GO:0007338;GO:0009566,fertilization,1
0,0.648626126,2,34,GO:0007340,acrosome reaction,1
0,0.483493607,2,10,GO:0007341,penetration of zona pellucida,1
0,0.578616491,2,63,GO:0007343;GO:0060467;GO:0060468,egg activation,1
0,1,2,7,GO:0007347,regulation of preblastoderm mitotic cell cycle,1
0,1,2,6,GO:0007348,regulation of syncytial blastoderm mitotic cell cycle,1
0,0.992882548,2,825,GO:0007350;GO:0009880,embryonic pattern specification,1
0,0.652568745,5,16,GO:0007352,zygotic specification of dorsal/ventral axis,1
0,1,2,7,GO:0007356,thorax and anterior abdomen determination,1
0,0.578616491,2,63,GO:0007362,terminal region determination,1
0,0.999962764,2,194,GO:0007365;GO:0007367,periodic partitioning,1
0,1,2,13,GO:0007366,periodic partitioning by pair rule gene,1
0,0.800825938,4,452,GO:0007368;GO:0009855;GO:0009799,specification of symmetry,1
0,0.691101256,2,814,GO:0007369,gastrulation,1
0,1,2,6,GO:0007375,anterior midgut invagination,1
0,0.781268471,2,23,GO:0007378,amnioserosa formation,1
0,0.958647617,2,123,GO:0007379,segment specification,1
0,1,5,12,GO:0007383;GO:2000495;GO:2000497,regulation of cell proliferation involved in compound eye morphogenesis,1
0,1,2,55,GO:0007386,compartment pattern specification,1
0,1,2,11,GO:0007388,posterior compartment specification,1
0,0.793629574,2,65,GO:0007390,germ-band shortening,1
0,0.626801244,2,394,GO:0007391,dorsal closure,1
0,0.358187613,4,76,GO:0007392,initiation of dorsal closure,1
0,1,4,6,GO:0007393;GO:0035028;GO:0035027;GO:0035029,leading edge cell fate determination,1
0,0.924051859,2,130,GO:0007398,ectoderm development,1
0,0.897650235,2,81,GO:0007400;GO:0048867,stem cell fate determination,1
0,1,4,22,GO:0007402,ganglion mother cell fate determination,1
0,1,4,9,GO:0007403,glial cell fate determination,1
0,0.807637122,2,369,GO:0007405;GO:0072089,stem cell proliferation,1
0,0.996071794,3,2102,GO:0007409;GO:0061564,axon development,1
0,0.985302874,2,1503,GO:0007411;GO:0097485,neuron projection guidance,1
0,0.994257515,2,78,GO:0007412,axon target recognition,1
0,0.544608852,6,188,GO:0007413;GO:0106030,axonal fasciculation,1
0,0.967877881,2,52,GO:0007414,axonal defasciculation,1
0,0.715061732,4,19,GO:0007415,defasciculation of motor neuron axon,1
0,0.995866481,4,438,GO:0007416,synapse assembly,1
0,0.963331824,2,50,GO:0007418,ventral midline development,1
0,0.880959808,2,157,GO:0007419,ventral cord development,1
0,0.999473358,4,2617,GO:0007420;GO:0060322,head development,1
0,0.988836117,2,544,GO:0007431;GO:0035272,exocrine system development,1
0,0.694091583,2,73,GO:0007432,salivary gland boundary specification,1
0,0.991003129,2,374,GO:0007435,salivary gland morphogenesis,1
0,0.940333842,2,69,GO:0007439;GO:0048567,ectodermal digestive tract development,1
0,1,2,40,GO:0007440,foregut morphogenesis,1
0,0.766319286,2,22,GO:0007441;GO:0048615,anterior midgut (ectodermal) morphogenesis,1
0,0.648447,2,186,GO:0007442;GO:0061525,hindgut development,1
0,0.617873265,4,149,GO:0007443;GO:0048619,embryonic hindgut morphogenesis,1
0,0.781311787,2,44,GO:0007445;GO:0035225,determination of imaginal disc primordium,1
0,0.999984301,2,361,GO:0007447,imaginal disc pattern formation,1
0,0.999159641,4,202,GO:0007455;GO:0035214,eye-antennal disc development,1
0,1,3,44,GO:0007458,progression of morphogenetic furrow involved in compound eye morphogenesis,1
0,1,8,37,GO:0007460,R8 cell fate commitment,1
0,0.983430362,8,62,GO:0007464;GO:0048056,R3/R4 cell differentiation,1
0,0.746969679,2,41,GO:0007465,R7 cell fate commitment,1
0,1,2,78,GO:0007469,antennal development,1
0,0.778148584,4,1382,GO:0007472;GO:0007476;GO:0035114;GO:0035120;GO:0035220;GO:0048737,wing disc development,1
0,1,3,35,GO:0007473,wing disc proximal/distal pattern formation,1
0,0.40125802,2,215,GO:0007474,imaginal disc-derived wing vein specification,1
0,0.484820049,4,87,GO:0007475,apposition of dorsal and ventral imaginal disc-derived wing surfaces,1
0,1,2,36,GO:0007477,notum development,1
0,0.910445781,2,388,GO:0007478;GO:0007480;GO:0035218,leg disc development,1
0,1,3,13,GO:0007481;GO:0048735,haltere morphogenesis,1
0,1,5,56,GO:0007482;GO:0035216,haltere development,1
0,0.768791065,2,81,GO:0007483;GO:0035126;GO:0048803;GO:0048805,genital disc morphogenesis,1
0,0.909686285,2,105,GO:0007484;GO:0007485,imaginal disc-derived genitalia development,1
0,1,2,27,GO:0007486,imaginal disc-derived female genitalia development,1
0,0.758771537,4,255,GO:0007492,endoderm development,1
0,0.945108781,3,159,GO:0007494,midgut development,1
0,0.448211014,2,9,GO:0007495,visceral mesoderm-endoderm interaction involved in midgut development,1
0,1,3,31,GO:0007496;GO:0031036;GO:0031038;GO:0060289,compartment boundary maintenance,1
0,1,3,5,GO:0007497,posterior midgut development,1
0,0.952528466,2,596,GO:0007498,mesoderm development,1
0,1,2,6,GO:0007500,mesodermal cell fate determination,1
0,1,4,30,GO:0007502,digestive tract mesoderm development,1
0,1,2,5,GO:0007504,larval fat body development,1
0,1,4,19,GO:0007506,gonadal mesoderm development,1
0,0.856176363,2,1736,GO:0007507,heart development,1
0,0.392067335,2,21,GO:0007508,larval heart development,1
0,1,3,5,GO:0007510,cardioblast cell fate determination,1
0,0.667048073,2,53,GO:0007512,adult heart development,1
0,0.887088899,2,33,GO:0007516,hemocyte development,1
0,0.996153474,4,1091,GO:0007517,muscle organ development,1
0,1,2,6,GO:0007518,myoblast fate determination,1
0,0.866719559,4,405,GO:0007519,skeletal muscle tissue development,1
0,0.795261829,2,24,GO:0007521,muscle cell fate determination,1
0,1,2,34,GO:0007522,visceral muscle development,1
0,1,5,23,GO:0007523,larval visceral muscle development,1
0,0.910839199,2,84,GO:0007526,larval somatic muscle development,1
0,0.389323909,3,35,GO:0007527,adult somatic muscle development,1
0,0.964085471,6,425,GO:0007528,neuromuscular junction development,1
0,0.911868573,2,166,GO:0007530,sex determination,1
0,0.733405341,3,77,GO:0007538,primary sex determination,1
0,0.999034088,3,1298,GO:0007548,sex differentiation,1
0,0.884358073,2,99,GO:0007549,dosage compensation,1
0,1,5,9,GO:0007553;GO:0007554;GO:0045966;GO:0045998,positive regulation of ecdysteroid biosynthetic process,1
0,1,5,19,GO:0007563,regulation of eclosion,1
0,0.522219199,2,27,GO:0007564;GO:0048082,regulation of chitin-based cuticle tanning,1
0,0.617044503,2,116,GO:0007566,embryo implantation,1
0,0.710064639,2,229,GO:0007586;GO:0022600,digestion,1
0,0.974133908,3,178,GO:0007588,excretion,1
0,0.997714961,2,1514,GO:0007600,sensory perception,1
0,0.95172688,6,432,GO:0007601;GO:0050953,sensory perception of light stimulus,1
0,0.799909852,3,229,GO:0007602,phototransduction,1
0,0.931381225,2,596,GO:0007605;GO:0050954,sensory perception of mechanical stimulus,1
0,0.889063179,2,325,GO:0007606,sensory perception of chemical stimulus,1
0,0.999555123,6,185,GO:0007608,sensory perception of smell,1
0,0.999854806,3,1412,GO:0007611;GO:0050890,cognition,1
0,0.999975859,5,730,GO:0007612,learning,1
0,0.978159057,5,776,GO:0007613,memory,1
0,0.899099125,2,162,GO:0007614,short-term memory,1
0,1,2,32,GO:0007615,anesthesia-resistant memory,1
0,0.796719655,2,349,GO:0007616,long-term memory,1
0,0.66300773,2,434,GO:0007617;GO:0007618,mating,1
0,1,2,20,GO:0007621,negative regulation of female receptivity,1
0,0.707234719,2,262,GO:0007622;GO:0045475;GO:0048512,rhythmic behavior,1
0,1,2,8,GO:0007624,ultradian rhythm,1
0,0.667048073,2,53,GO:0007625,grooming behavior,1
0,0.940039916,2,1123,GO:0007626,locomotory behavior,1
0,0.911225719,4,126,GO:0007628;GO:0090659,walking behavior,1
0,0.335082406,2,74,GO:0007629,flight behavior,1
0,0.721576998,3,39,GO:0007630,jump response,1
0,0.987604399,2,424,GO:0007631,feeding behavior,1
0,0.973590762,2,261,GO:0007632,visual behavior,1
0,1,2,38,GO:0007634,optokinetic behavior,1
0,0.999989577,2,396,GO:0007635,chemosensory behavior,1
0,1,2,8,GO:0007636;GO:1904080,chemosensory jump behavior,1
0,0.918883652,2,38,GO:0007637;GO:0051780,behavioral response to nutrient,1
0,0.994766308,2,112,GO:0007638,mechanosensory behavior,1
0,0.993501455,6,754,GO:0008016;GO:1903522,regulation of blood circulation,1
0,0.638289806,2,135,GO:0008033,tRNA processing,1
0,0.81564346,2,692,GO:0008037,cell recognition,1
0,0.551539136,2,506,GO:0008038,neuron recognition,1
0,0.911225719,3,126,GO:0008039,synaptic target recognition,1
0,0.659572543,3,417,GO:0008045,motor neuron axon guidance,1
0,0.65703007,4,154,GO:0008049,male courtship behavior,1
0,0.998572273,2,99,GO:0008052;GO:0016360;GO:0060582,sensory organ boundary specification,1
0,0.561271862,2,29,GO:0008053,mitochondrial fusion,1
0,1,3,8,GO:0008056,ocellus development,1
0,0.887088899,2,33,GO:0008057,eye pigment granule organization,1
0,0.345112283,2,19,GO:0008065,establishment of blood-nerve barrier,1
0,0.766899869,2,135,GO:0008078,mesodermal cell migration,1
0,0.97670583,8,86,GO:0008156,negative regulation of DNA replication,1
0,0.853588002,3,52,GO:0008207,C21-steroid hormone metabolic process,1
0,0.793629574,2,65,GO:0008209,androgen metabolic process,1
0,0.512416506,5,58,GO:0008210,estrogen metabolic process,1
0,0.795261829,3,24,GO:0008211,glucocorticoid metabolic process,1
0,0.603470491,3,14,GO:0008216,spermidine metabolic process,1
0,0.999398816,3,404,GO:0008217,regulation of blood pressure,1
0,0.781069167,2,101,GO:0008258,head involution,1
0,0.4808951,3,25,GO:0008272,sulfate transport,1
0,0.750004095,2,388,GO:0008277,regulation of G protein-coupled receptor signaling pathway,1
0,0.404146496,5,1771,GO:0008285,negative regulation of cell population proliferation,1
0,1,3,14,GO:0008291;GO:1900619,acetate ester metabolic process,1
0,1,2,8,GO:0008292;GO:1900620,acetylcholine biosynthetic process,1
0,0.672942736,5,71,GO:0008293,torso signaling pathway,1
0,0.612523536,3,181,GO:0008298,intracellular mRNA localization,1
0,0.392067335,2,21,GO:0008300,isoprenoid catabolic process,1
0,0.993788092,6,486,GO:0008306,associative learning,1
0,0.458617577,2,39,GO:0008334,histone mRNA metabolic process,1
0,0.603470491,2,14,GO:0008335,female germline ring canal stabilization,1
0,0.907410239,2,36,GO:0008343,adult feeding behavior,1
0,0.883752907,2,499,GO:0008344,adult locomotory behavior,1
0,0.736194307,2,113,GO:0008345,larval locomotory behavior,1
0,0.826510505,4,235,GO:0008347,glial cell migration,1
0,0.632331372,4,33,GO:0008348,negative regulation of antimicrobial humoral response,1
0,0.999990816,7,175,GO:0008355,olfactory learning,1
0,0.446970757,2,422,GO:0008356,asymmetric cell division,1
0,1,4,10,GO:0008359,regulation of bicoid mRNA localization,1
0,0.554454992,2,933,GO:0008361,regulation of cell size,1
0,0.599853625,2,48,GO:0008362,chitin-based embryonic cuticle biosynthetic process,1
0,0.940333842,6,69,GO:0008363;GO:0042337;GO:0035293,larval chitin-based cuticle development,1
0,0.981814049,3,982,GO:0008406;GO:0045137,development of primary sexual characteristics,1
0,0.953210245,2,142,GO:0008407,chaeta morphogenesis,1
0,0.913336501,6,37,GO:0008535;GO:0033617,respiratory chain complex IV assembly,1
0,0.869705629,6,173,GO:0008542,visual learning,1
0,0.941534234,2,884,GO:0008544,epidermis development,1
0,0.488664176,3,477,GO:0008582;GO:1904396,regulation of neuromuscular junction development,1
0,0.800166743,4,384,GO:0008584;GO:0046546,development of primary male sexual characteristics,1
0,0.848815635,5,416,GO:0008585;GO:0046545;GO:0046660,female sex differentiation,1
0,0.871256472,3,192,GO:0008586,imaginal disc-derived wing vein morphogenesis,1
0,0.686351907,3,225,GO:0008587,imaginal disc-derived wing margin morphogenesis,1
0,0.941631225,2,332,GO:0008589,regulation of smoothened signaling pathway,1
0,0.525422188,2,579,GO:0008593,regulation of Notch signaling pathway,1
0,0.972432811,2,83,GO:0008594,photoreceptor cell morphogenesis,1
0,0.652568745,4,16,GO:0008611;GO:0046504;GO:0097384;GO:1901503,cellular lipid biosynthetic process,1
0,1,6,11,GO:0008616;GO:0046116,queuosine metabolic process,1
0,0.704292645,2,74,GO:0008625,extrinsic apoptotic signaling pathway via death domain receptors,1
0,0.327242611,2,6,GO:0008626;GO:0140507,granzyme-mediated apoptotic signaling pathway,1
0,1,3,20,GO:0008628,hormone-mediated apoptotic signaling pathway,1
0,0.516521366,2,11,GO:0008635,activation of cysteine-type endopeptidase activity involved in apoptotic process by cytochrome c,1
0,0.371615316,2,34,GO:0008655;GO:0043097;GO:0043174,nucleoside salvage,1
0,0.901078974,2,35,GO:0009047,dosage compensation by hyperactivation of X chromosome,1
0,0.907410239,2,36,GO:0009048,dosage compensation by inactivation of X chromosome,1
0,0.933670679,3,154,GO:0009060,aerobic respiration,1
0,0.684349219,4,208,GO:0009062;GO:0072329,monocarboxylic acid catabolic process,1
0,0.317935513,3,101,GO:0009066,aspartate family amino acid metabolic process,1
0,0.907410239,4,36,GO:0009068,aspartate family amino acid catabolic process,1
0,0.808360443,4,25,GO:0009071,serine family amino acid catabolic process,1
0,1,3,62,GO:0009072,aromatic amino acid family metabolic process,1
0,1,2,31,GO:0009074,aromatic amino acid family catabolic process,1
0,0.458617577,4,39,GO:0009081,branched-chain amino acid metabolic process,1
0,0.852897647,2,29,GO:0009083,branched-chain amino acid catabolic process,1
0,0.414973589,4,22,GO:0009086,methionine biosynthetic process,1
0,0.448211014,3,9,GO:0009093;GO:0019448,L-cysteine catabolic process,1
0,1,4,6,GO:0009106,lipoate metabolic process,1
0,1,3,25,GO:0009111,vitamin catabolic process,1
0,0.4808951,5,25,GO:0009113,purine nucleobase biosynthetic process,1
0,0.381806651,2,318,GO:0009116;GO:1901657,glycosyl compound metabolic process,1
0,0.328948787,2,249,GO:0009119;GO:0042278;GO:0046128,ribonucleoside metabolic process,1
0,0.606111894,5,566,GO:0009123;GO:0009126;GO:0009161;GO:0009167,nucleoside monophosphate metabolic process,1
0,0.389323909,2,35,GO:0009125,nucleoside monophosphate catabolic process,1
0,1,5,8,GO:0009137;GO:0009181,purine nucleoside diphosphate catabolic process,1
0,0.555348619,2,491,GO:0009141;GO:0009144;GO:0009199;GO:0009205;GO:0046034,nucleoside triphosphate metabolic process,1
0,0.345112283,6,19,GO:0009147,pyrimidine nucleoside triphosphate metabolic process,1
0,1,3,6,GO:0009153,purine deoxyribonucleotide biosynthetic process,1
0,0.846975001,3,72,GO:0009154;GO:0009261,ribonucleotide catabolic process,1
0,0.448211014,4,9,GO:0009155;GO:0009217;GO:0009146;GO:0046061,purine deoxyribonucleotide catabolic process,1
0,0.321177305,2,18,GO:0009162;GO:0009157,deoxyribonucleoside monophosphate metabolic process,1
0,0.427741618,3,82,GO:0009164;GO:1901658,glycosyl compound catabolic process,1
0,0.632331372,2,33,GO:0009169;GO:0009128;GO:0009158,ribonucleoside monophosphate catabolic process,1
0,0.410519741,3,8,GO:0009177;GO:0046078;GO:0009176,pyrimidine deoxyribonucleoside monophosphate metabolic process,1
0,0.516521366,3,11,GO:0009180;GO:0009136;GO:0009188,ribonucleoside diphosphate biosynthetic process,1
0,1,2,5,GO:0009182,purine deoxyribonucleoside diphosphate metabolic process,1
0,0.996903979,2,150,GO:0009187,cyclic nucleotide metabolic process,1
0,0.370255454,2,7,GO:0009202,deoxyribonucleoside triphosphate biosynthetic process,1
0,0.547438314,2,12,GO:0009204,deoxyribonucleoside triphosphate catabolic process,1
0,0.410519741,2,8,GO:0009211,pyrimidine deoxyribonucleoside triphosphate metabolic process,1
0,1,2,5,GO:0009213;GO:0009149,pyrimidine deoxyribonucleoside triphosphate catabolic process,1
0,0.424332277,3,37,GO:0009218,pyrimidine ribonucleotide metabolic process,1
0,0.335943988,2,32,GO:0009220;GO:0046132,pyrimidine ribonucleoside biosynthetic process,1
0,0.901078974,3,35,GO:0009235,cobalamin metabolic process,1
0,1,2,5,GO:0009240;GO:0046490,isopentenyl diphosphate biosynthetic process,1
0,0.905840412,2,104,GO:0009247,glycolipid biosynthetic process,1
0,1,3,15,GO:0009249,protein lipoylation,1
0,1,3,5,GO:0009256,10-formyltetrahydrofolate metabolic process,1
0,0.704001872,3,109,GO:0009268,response to pH,1
0,1,2,5,GO:0009269,response to desiccation,1
0,0.327242611,3,6,GO:0009298,GDP-mannose biosynthetic process,1
0,0.952219965,2,46,GO:0009303,rRNA transcription,1
0,1,4,18,GO:0009304;GO:0042797,tRNA transcription,1
0,0.464967337,4,116,GO:0009311,oligosaccharide metabolic process,1
0,0.441825975,2,53,GO:0009312,oligosaccharide biosynthetic process,1
0,0.414973589,5,22,GO:0009313,oligosaccharide catabolic process,1
0,0.756687297,4,61,GO:0009395,phospholipid catabolic process,1
0,1,2,11,GO:0009396,folic acid-containing compound biosynthetic process,1
0,0.540059688,2,44,GO:0009404,toxin metabolic process,1
0,1,2,9,GO:0009405,pathogenesis,1
0,0.731274164,3,778,GO:0009410,response to xenobiotic stimulus,1
0,0.623117456,2,361,GO:0009411,response to UV,1
0,0.599853625,3,48,GO:0009414,response to water deprivation,1
0,0.61576619,2,66,GO:0009415,response to water,1
0,0.81310987,4,1481,GO:0009416;GO:0009314,response to radiation,1
0,1,4,6,GO:0009436,glyoxylate catabolic process,1
0,0.547438314,2,12,GO:0009438,methylglyoxal metabolic process,1
0,1,2,5,GO:0009441,glycolate metabolic process,1
0,1,2,18,GO:0009448;GO:0009449,gamma-aminobutyric acid metabolic process,1
0,1,4,5,GO:0009450,gamma-aminobutyric acid catabolic process,1
0,0.991781674,2,205,GO:0009451,RNA modification,1
0,0.995876881,3,83,GO:0009453;GO:0042331,energy taxis,1
0,1,2,18,GO:0009454,aerotaxis,1
0,0.890728765,2,537,GO:0009581;GO:0009582,detection of abiotic stimulus,1
0,0.855098892,2,331,GO:0009583,detection of light stimulus,1
0,0.635694673,2,217,GO:0009584,detection of visible light,1
0,0.733287994,3,20,GO:0009589;GO:0007604,detection of UV,1
0,0.66910364,3,189,GO:0009593,detection of chemical stimulus,1
0,0.818163066,3,68,GO:0009595,detection of biotic stimulus,1
0,1,2,24,GO:0009608,response to symbiont,1
0,0.327242611,2,6,GO:0009624,response to nematode,1
0,0.652568745,2,16,GO:0009631,cold acclimation,1
0,1,2,7,GO:0009637,response to blue light,1
0,0.41522196,2,66,GO:0009642,response to light intensity,1
0,0.370255454,2,7,GO:0009644,response to high light intensity,1
0,0.973935095,2,84,GO:0009648;GO:0043153,photoperiodism,1
0,0.952721777,2,120,GO:0009649,entrainment of circadian clock,1
0,1,2,27,GO:0009650,UV protection,1
0,0.829489615,2,49,GO:0009713;GO:0042423,catechol-containing compound biosynthetic process,1
0,1,6,7,GO:0009730;GO:0009732;GO:0034287;GO:0051594,detection of hexose stimulus,1
0,0.527641229,6,75,GO:0009744;GO:0034285,response to disaccharide,1
0,1,3,28,GO:0009750,response to fructose,1
0,0.69150428,5,55,GO:0009786,regulation of asymmetric cell division,1
0,0.765260501,2,2535,GO:0009791,post-embryonic development,1
0,0.32810126,2,898,GO:0009798,axis specification,1
0,0.628830106,2,15,GO:0009820,alkaloid metabolic process,1
0,1,3,7,GO:0009822,alkaloid catabolic process,1
0,0.439263731,3,83,GO:0009826,unidimensional cell growth,1
0,1,4,28,GO:0009912;GO:0060120,inner ear receptor cell fate commitment,1
0,0.724475949,4,547,GO:0009913,epidermal cell differentiation,1
0,0.315343493,4,232,GO:0009914;GO:0046879,hormone transport,1
0,1,4,20,GO:0009946,proximal/distal axis specification,1
0,0.439201741,3,544,GO:0009948,anterior/posterior axis specification,1
0,0.963396914,4,1102,GO:0009952,anterior/posterior pattern specification,1
0,0.950469231,2,736,GO:0009953,dorsal/ventral pattern formation,1
0,0.998581619,2,192,GO:0009954,proximal/distal pattern formation,1
0,0.862310599,2,30,GO:0009957,epidermal cell fate specification,1
0,0.850364304,2,112,GO:0009988,cell-cell recognition,1
0,0.872977585,4,155,GO:0009996;GO:0010454,negative regulation of cell fate commitment,1
0,0.368762764,2,20,GO:0009997;GO:0051892;GO:2000044,negative regulation of cardioblast differentiation,1
0,0.415117775,2,554,GO:0010001,glial cell differentiation,1
0,0.840169439,2,71,GO:0010002,cardioblast differentiation,1
0,1,4,31,GO:0010037;GO:0071244,response to carbon dioxide,1
0,0.652568745,6,16,GO:0010040,response to iron(II) ion,1
0,0.415906557,2,111,GO:0010043,response to zinc ion,1
0,0.448211014,2,9,GO:0010045,response to nickel cation,1
0,0.628830106,3,15,GO:0010046,response to mycotoxin,1
0,1,3,11,GO:0010085,polarity specification of proximal/distal axis,1
0,0.971860609,2,54,GO:0010092,specification of animal organ identity,1
0,0.524327146,4,43,GO:0010155,regulation of proton transport,1
0,1,2,6,GO:0010157,response to chlorate,1
0,0.628830106,4,15,GO:0010159,specification of animal organ position,1
0,0.967141531,2,214,GO:0010160;GO:0048859,formation of anatomical boundary,1
0,0.639875858,5,85,GO:0010165,response to X-ray,1
0,0.961862055,2,404,GO:0010171,body morphogenesis,1
0,0.89214525,4,160,GO:0010172,embryonic body morphogenesis,1
0,0.674789964,3,17,GO:0010193,response to ozone,1
0,1,5,17,GO:0010216,maintenance of DNA methylation,1
0,1,2,37,GO:0010224,response to UV-B,1
0,0.664341412,2,35,GO:0010225,response to UV-C,1
0,0.795267146,5,103,GO:0010226,response to lithium ion,1
0,1,3,5,GO:0010232,vascular transport,1
0,0.781268471,3,23,GO:0010248,establishment or maintenance of transmembrane electrochemical gradient,1
0,1,3,82,GO:0010257;GO:0032981,NADH dehydrogenase complex assembly,1
0,0.547438314,4,12,GO:0010265,SCF complex assembly,1
0,0.585821806,2,80,GO:0010288,response to lead ion,1
0,0.415197089,5,126,GO:0010332,response to gamma radiation,1
0,1,6,10,GO:0010353,response to trehalose,1
0,0.4808951,2,25,GO:0010359,regulation of anion channel activity,1
0,0.516521366,2,11,GO:0010360,negative regulation of anion channel activity,1
0,1,3,13,GO:0010378,temperature compensation of the circadian clock,1
0,0.576379282,2,13,GO:0010383;GO:0044036;GO:0071554,cell wall macromolecule metabolic process,1
0,1,5,6,GO:0010387,COP9 signalosome assembly,1
0,0.908378109,6,61,GO:0010390,histone monoubiquitination,1
0,1,5,5,GO:0010421;GO:0097468;GO:0036481,hydrogen peroxide-mediated programmed cell death,1
0,1,2,6,GO:0010424,DNA methylation on cytosine within a CG sequence,1
0,1,4,21,GO:0010446,response to alkaline pH,1
0,0.309315744,4,44,GO:0010447,response to acidic pH,1
0,1,7,21,GO:0010452,histone H3-K36 methylation,1
0,0.368762764,2,20,GO:0010457,centriole-centriole cohesion,1
0,1,2,21,GO:0010459,negative regulation of heart rate,1
0,0.596982215,2,81,GO:0010460,positive regulation of heart rate,1
0,0.918883652,2,38,GO:0010463,mesenchymal cell proliferation,1
0,0.995063366,2,113,GO:0010464;GO:0002053,regulation of mesenchymal cell proliferation,1
0,0.99988516,2,874,GO:0010469,regulation of signaling receptor activity,1
0,0.448211014,4,9,GO:0010477,response to sulfur dioxide,1
0,0.358187613,2,76,GO:0010501,RNA secondary structure unwinding,1
0,0.320262547,3,307,GO:0010508,positive regulation of autophagy,1
0,0.459421222,2,24,GO:0010513,positive regulation of phosphatidylinositol biosynthetic process,1
0,1,2,17,GO:0010519,negative regulation of phospholipase activity,1
0,1,2,6,GO:0010520,regulation of reciprocal meiotic recombination,1
0,0.983859495,2,275,GO:0010522;GO:0051279,regulation of calcium ion transport into cytosol,1
0,0.585392804,2,47,GO:0010523,negative regulation of calcium ion transport into cytosol,1
0,0.921009367,9,129,GO:0010524,positive regulation of calcium ion transport into cytosol,1
0,1,4,40,GO:0010528;GO:0010529,regulation of transposition,1
0,0.652568745,4,16,GO:0010533,regulation of activation of Janus kinase activity,1
0,0.448211014,5,9,GO:0010536,positive regulation of activation of Janus kinase activity,1
0,0.543609026,2,283,GO:0010565,regulation of cellular ketone metabolic process,1
0,1,2,38,GO:0010566,regulation of ketone biosynthetic process,1
0,1,2,20,GO:0010571,positive regulation of nuclear cell cycle DNA replication,1
0,0.370255454,2,7,GO:0010572,positive regulation of platelet activation,1
0,0.398018913,2,50,GO:0010586,miRNA metabolic process,1
0,0.699422471,5,360,GO:0010594,regulation of endothelial cell migration,1
0,0.879788209,3,118,GO:0010596,negative regulation of endothelial cell migration,1
0,1,6,24,GO:0010603,regulation of cytoplasmic mRNA processing body assembly,1
0,1,2,14,GO:0010606,positive regulation of cytoplasmic mRNA processing body assembly,1
0,1,2,5,GO:0010609,mRNA localization resulting in posttranscriptional regulation of gene expression,1
0,0.781268471,2,23,GO:0010612;GO:1903242,regulation of cardiac muscle adaptation,1
0,0.439263731,3,83,GO:0010614;GO:0014741,negative regulation of muscle hypertrophy,1
0,1,2,16,GO:0010616;GO:1903243,negative regulation of cardiac muscle adaptation,1
0,1,6,13,GO:0010621,negative regulation of transcription by transcription factor localization,1
0,1,6,17,GO:0010624;GO:0010626,regulation of Schwann cell proliferation,1
0,0.379094311,2,852,GO:0010631;GO:0090130;GO:0090132,tissue migration,1
0,0.742630471,3,552,GO:0010632,regulation of epithelial cell migration,1
0,0.747196856,2,167,GO:0010633,negative regulation of epithelial cell migration,1
0,0.421910783,2,325,GO:0010634,positive regulation of epithelial cell migration,1
0,0.448211014,2,9,GO:0010636,positive regulation of mitochondrial fusion,1
0,0.547438314,2,12,GO:0010637,negative regulation of mitochondrial fusion,1
0,0.424332277,3,37,GO:0010642,negative regulation of platelet-derived growth factor receptor signaling pathway,1
0,0.979789742,3,59,GO:0010644;GO:0086064,cell communication by electrical coupling,1
0,0.708091899,2,38,GO:0010649,regulation of cell communication by electrical coupling,1
0,0.991882836,8,132,GO:0010656,negative regulation of muscle cell apoptotic process,1
0,0.992474443,2,207,GO:0010660,regulation of muscle cell apoptotic process,1
0,0.865898997,2,75,GO:0010661,positive regulation of muscle cell apoptotic process,1
0,0.879788209,2,118,GO:0010662;GO:0010665,regulation of striated muscle cell apoptotic process,1
0,0.791815219,3,45,GO:0010663;GO:0010666,positive regulation of striated muscle cell apoptotic process,1
0,0.865898997,2,75,GO:0010664;GO:0010667,negative regulation of striated muscle cell apoptotic process,1
0,0.766319286,3,22,GO:0010668,ectodermal cell differentiation,1
0,0.325203316,3,204,GO:0010676;GO:0045913,positive regulation of carbohydrate metabolic process,1
0,1,2,31,GO:0010692,regulation of alkaline phosphatase activity,1
0,1,2,11,GO:0010693,negative regulation of alkaline phosphatase activity,1
0,1,2,20,GO:0010694,positive regulation of alkaline phosphatase activity,1
0,0.808360443,5,25,GO:0010700,negative regulation of norepinephrine secretion,1
0,1,5,18,GO:0010701,positive regulation of norepinephrine secretion,1
0,1,7,6,GO:0010705,meiotic DNA double-strand break processing involved in reciprocal meiotic recombination,1
0,0.370255454,2,7,GO:0010710,regulation of collagen catabolic process,1
0,0.358187613,5,76,GO:0010714;GO:0032967,positive regulation of collagen metabolic process,1
0,0.734532051,2,40,GO:0010715,regulation of extracellular matrix disassembly,1
0,0.327242611,2,6,GO:0010716,negative regulation of extracellular matrix disassembly,1
0,0.888915886,2,197,GO:0010717,regulation of epithelial to mesenchymal transition,1
0,0.750413647,2,97,GO:0010718,positive regulation of epithelial to mesenchymal transition,1
0,0.952024019,3,73,GO:0010719,negative regulation of epithelial to mesenchymal transition,1
0,0.692811818,3,2224,GO:0010720;GO:0051962,positive regulation of cell development,1
0,1,2,8,GO:0010724,regulation of definitive erythrocyte differentiation,1
0,1,2,5,GO:0010725,regulation of primitive erythrocyte differentiation,1
0,0.547438314,4,12,GO:0010735,positive regulation of transcription via serum response element binding,1
0,1,2,50,GO:0010738,regulation of protein kinase A signaling,1
0,1,7,26,GO:0010739,positive regulation of protein kinase A signaling,1
0,0.392067335,2,21,GO:0010744,positive regulation of macrophage derived foam cell differentiation,1
0,1,4,6,GO:0010750,positive regulation of nitric oxide mediated signal transduction,1
0,0.613978598,2,49,GO:0010752,regulation of cGMP-mediated signaling,1
0,0.674789964,4,17,GO:0010753,positive regulation of cGMP-mediated signaling,1
0,0.632331372,2,33,GO:0010754,negative regulation of cGMP-mediated signaling,1
0,1,3,17,GO:0010756,positive regulation of plasminogen activation,1
0,1,4,8,GO:0010760,negative regulation of macrophage chemotaxis,1
0,0.437437224,2,23,GO:0010761,fibroblast migration,1
0,0.448211014,2,9,GO:0010764,negative regulation of fibroblast migration,1
0,0.952721777,3,120,GO:0010765,positive regulation of sodium ion transport,1
0,0.508302164,3,42,GO:0010766,negative regulation of sodium ion transport,1
0,1,4,5,GO:0010767,regulation of transcription from RNA polymerase II promoter in response to UV-induced DNA damage,1
0,0.635623855,6,1308,GO:0010769,regulation of cell morphogenesis involved in differentiation,1
0,0.313174606,2,666,GO:0010770,positive regulation of cell morphogenesis involved in differentiation,1
0,0.574537035,2,320,GO:0010771,negative regulation of cell morphogenesis involved in differentiation,1
0,1,3,6,GO:0010796,regulation of multivesicular body size,1
0,0.406045053,3,110,GO:0010799,regulation of peptidyl-threonine phosphorylation,1
0,0.381387684,4,78,GO:0010800,positive regulation of peptidyl-threonine phosphorylation,1
0,0.309315744,2,44,GO:0010801,negative regulation of peptidyl-threonine phosphorylation,1
0,0.844918922,2,111,GO:0010803,regulation of tumor necrosis factor-mediated signaling pathway,1
0,0.913336501,2,37,GO:0010804,negative regulation of tumor necrosis factor-mediated signaling pathway,1
0,0.542035276,6,28,GO:0010807,regulation of synaptic vesicle priming,1
0,0.370255454,2,7,GO:0010808,positive regulation of synaptic vesicle priming,1
0,0.515631829,5,514,GO:0010810,regulation of cell-substrate adhesion,1
0,0.712419331,2,313,GO:0010811,positive regulation of cell-substrate adhesion,1
0,1,2,6,GO:0010813,neuropeptide catabolic process,1
0,0.695590709,2,18,GO:0010818,T cell chemotaxis,1
0,1,7,16,GO:0010819;GO:0010820,regulation of T cell chemotaxis,1
0,0.319217066,2,130,GO:0010823,negative regulation of mitochondrion organization,1
0,0.716673873,2,93,GO:0010824,regulation of centrosome duplication,1
0,1,2,8,GO:0010825,positive regulation of centrosome duplication,1
0,0.820693247,4,48,GO:0010826;GO:0046606,negative regulation of centrosome cycle,1
0,0.44080602,4,68,GO:0010829;GO:0046325,negative regulation of glucose transmembrane transport,1
0,0.603470491,2,14,GO:0010835,regulation of protein ADP-ribosylation,1
0,0.793629574,6,65,GO:0010837,regulation of keratinocyte proliferation,1
0,0.414973589,2,22,GO:0010838,positive regulation of keratinocyte proliferation,1
0,0.862310599,3,30,GO:0010839,negative regulation of keratinocyte proliferation,1
0,1,3,92,GO:0010842,retina layer formation,1
0,0.723948741,3,76,GO:0010847;GO:0031445;GO:0120261,regulation of chromatin assembly,1
0,1,7,5,GO:0010848,regulation of chromatin disassembly,1
0,0.94486911,3,138,GO:0010862;GO:0060393,regulation of pathway-restricted SMAD protein phosphorylation,1
0,0.368480495,3,48,GO:0010866,regulation of triglyceride biosynthetic process,1
0,1,4,9,GO:0010868,negative regulation of triglyceride biosynthetic process,1
0,0.524435942,3,783,GO:0010876;GO:0006869,lipid localization,1
0,0.980334447,2,89,GO:0010880;GO:0010881,regulation of release of sequestered calcium ion into cytosol by sarcoplasmic reticulum,1
0,0.742270293,5,96,GO:0010882,regulation of cardiac muscle contraction by calcium ion signaling,1
0,0.524327146,3,43,GO:0010889,regulation of sequestering of triglyceride,1
0,0.414973589,3,22,GO:0010890,positive regulation of sequestering of triglyceride,1
0,0.603470491,2,14,GO:0010891,negative regulation of sequestering of triglyceride,1
0,0.829489615,4,49,GO:0010894;GO:0045939,negative regulation of steroid metabolic process,1
0,0.570601883,2,46,GO:0010896,regulation of triglyceride catabolic process,1
0,0.733287994,7,20,GO:0010897,negative regulation of triglyceride catabolic process,1
0,0.501834227,2,26,GO:0010898,positive regulation of triglyceride catabolic process,1
0,1,4,7,GO:0010899,regulation of phosphatidylcholine catabolic process,1
0,1,5,6,GO:0010908;GO:0010909;GO:1902730,positive regulation of proteoglycan biosynthetic process,1
0,0.795261829,2,24,GO:0010917;GO:0045837,negative regulation of membrane potential,1
0,0.335943988,5,32,GO:0010918,positive regulation of mitochondrial membrane potential,1
0,0.879368974,2,32,GO:0010919;GO:0060732,regulation of inositol phosphate biosynthetic process,1
0,1,2,5,GO:0010920,negative regulation of inositol phosphate biosynthetic process,1
0,0.751582434,3,79,GO:0010922,positive regulation of phosphatase activity,1
0,0.655176049,5,220,GO:0010923;GO:0035305,negative regulation of dephosphorylation,1
0,0.869194693,2,630,GO:0010927,cellular component assembly involved in morphogenesis,1
0,0.862310599,2,30,GO:0010935,regulation of macrophage cytokine production,1
0,0.674789964,2,17,GO:0010936,negative regulation of macrophage cytokine production,1
0,1,5,5,GO:0010938;GO:0070462,cytoplasmic microtubule depolymerization,1
0,0.638289806,2,135,GO:0010939,regulation of necrotic cell death,1
0,0.582193607,3,96,GO:0010940,positive regulation of necrotic cell death,1
0,1,5,18,GO:0010944,negative regulation of transcription by competitive promoter binding,1
0,0.483493607,6,10,GO:0010956;GO:0010957;GO:0046137,negative regulation of vitamin D biosynthetic process,1
0,0.87261695,2,936,GO:0010959,regulation of metal ion transport,1
0,0.820693247,2,48,GO:0010960,magnesium ion homeostasis,1
0,1,2,7,GO:0010961,cellular magnesium ion homeostasis,1
0,0.832098503,2,27,GO:0010968,regulation of microtubule nucleation,1
0,0.706591619,2,2995,GO:0010975;GO:0120035;GO:0031344;GO:0045664,regulation of neuron differentiation,1
0,0.314475493,2,1397,GO:0010976;GO:0031346,positive regulation of cell projection organization,1
0,0.658457908,2,611,GO:0010977;GO:0031345,negative regulation of cell projection organization,1
0,1,4,9,GO:0010979;GO:0010980,regulation of vitamin D 24-hydroxylase activity,1
0,0.632331372,3,33,GO:0010984,regulation of lipoprotein particle clearance,1
0,1,2,8,GO:0010986,positive regulation of lipoprotein particle clearance,1
0,0.437437224,5,23,GO:0010988,regulation of low-density lipoprotein particle clearance,1
0,1,2,12,GO:0010990;GO:0010991,regulation of SMAD protein complex assembly,1
0,0.629422276,3,84,GO:0010996,response to auditory stimulus,1
0,1,2,6,GO:0010998,regulation of translational initiation by eIF2 alpha phosphorylation,1
0,1,2,13,GO:0014004,microglia differentiation,1
0,1,3,9,GO:0014005,microglia development,1
0,1,2,38,GO:0014009,glial cell proliferation,1
0,0.781268471,7,23,GO:0014012,peripheral nervous system axon regeneration,1
0,0.717349413,4,314,GO:0014013,regulation of gliogenesis,1
0,1,3,132,GO:0014014,negative regulation of gliogenesis,1
0,0.32111086,2,174,GO:0014015,positive regulation of gliogenesis,1
0,0.917859496,3,128,GO:0014016;GO:0014017,neuroblast differentiation,1
0,1,4,30,GO:0014018,neuroblast fate specification,1
0,0.679484687,4,36,GO:0014019,neuroblast development,1
0,1,2,9,GO:0014022;GO:0022007,neural plate elongation,1
0,1,2,16,GO:0014028,notochord formation,1
0,0.910839199,5,84,GO:0014037,Schwann cell differentiation,1
0,1,7,22,GO:0014043,negative regulation of neuron maturation,1
0,0.793629574,5,65,GO:0014044;GO:0022011;GO:0032292,Schwann cell development,1
0,1,3,15,GO:0014045,establishment of endothelial blood-brain barrier,1
0,0.943487674,2,70,GO:0014048,regulation of glutamate secretion,1
0,0.918883652,3,38,GO:0014049,positive regulation of glutamate secretion,1
0,0.695590709,3,18,GO:0014050,negative regulation of glutamate secretion,1
0,1,2,30,GO:0014051,gamma-aminobutyric acid secretion,1
0,1,6,31,GO:0014052,regulation of gamma-aminobutyric acid secretion,1
0,1,2,10,GO:0014053,negative regulation of gamma-aminobutyric acid secretion,1
0,1,2,19,GO:0014054,positive regulation of gamma-aminobutyric acid secretion,1
0,0.941655209,3,93,GO:0014059,regulation of dopamine secretion,1
0,1,2,30,GO:0014060;GO:0032811,regulation of epinephrine secretion,1
0,0.69150428,2,55,GO:0014061,regulation of norepinephrine secretion,1
0,0.820621492,3,26,GO:0014062,regulation of serotonin secretion,1
0,1,2,14,GO:0014063,negative regulation of serotonin secretion,1
0,0.327242611,2,6,GO:0014064,positive regulation of serotonin secretion,1
0,0.529426398,4,186,GO:0014068,positive regulation of phosphatidylinositol 3-kinase signaling,1
0,0.350700256,5,119,GO:0014072;GO:0043278,response to isoquinoline alkaloid,1
0,0.981643519,3,928,GO:0014706;GO:0060537,muscle tissue development,1
0,1,5,6,GO:0014717,regulation of satellite cell activation involved in skeletal muscle regeneration,1
0,1,2,5,GO:0014719,skeletal muscle satellite cell activation,1
0,0.576379282,6,13,GO:0014722;GO:0014809;GO:0021629,regulation of skeletal muscle contraction by calcium ion signaling,1
0,1,5,14,GO:0014724,regulation of twitch skeletal muscle contraction,1
0,1,6,10,GO:0014728;GO:0014862,regulation of the force of skeletal muscle contraction,1
0,0.4808951,2,25,GO:0014732;GO:0014891,striated muscle atrophy,1
0,1,2,5,GO:0014734,skeletal muscle hypertrophy,1
0,1,2,6,GO:0014735;GO:0014737,regulation of muscle atrophy,1
0,0.516521366,2,11,GO:0014744,positive regulation of muscle adaptation,1
0,0.437437224,2,23,GO:0014745,negative regulation of muscle adaptation,1
0,1,4,31,GO:0014807,regulation of somitogenesis,1
0,1,4,20,GO:0014808;GO:1903514,release of sequestered calcium ion into cytosol by endoplasmic reticulum,1
0,0.736299142,4,59,GO:0014812,muscle cell migration,1
0,1,2,8,GO:0014816,skeletal muscle satellite cell differentiation,1
0,0.907410239,4,36,GO:0014819,regulation of skeletal muscle contraction,1
0,0.933485191,2,41,GO:0014821,phasic smooth muscle contraction,1
0,1,2,8,GO:0014826,vein smooth muscle contraction,1
0,1,2,7,GO:0014827,intestine smooth muscle contraction,1
0,1,3,17,GO:0014831,gastro-intestinal system smooth muscle contraction,1
0,0.913336501,2,37,GO:0014832;GO:0014848,urinary tract smooth muscle contraction,1
0,1,2,8,GO:0014834,skeletal muscle satellite cell maintenance involved in skeletal muscle regeneration,1
0,0.370255454,5,7,GO:0014835,myoblast differentiation involved in skeletal muscle regeneration,1
0,1,4,8,GO:0014846,esophagus smooth muscle contraction,1
0,0.368480495,2,48,GO:0014854,response to inactivity,1
0,0.941728947,3,43,GO:0014855;GO:0060038,striated muscle cell proliferation,1
0,0.524327146,5,43,GO:0014857;GO:0014842,regulation of skeletal muscle cell proliferation,1
0,1,6,16,GO:0014859;GO:1902723;GO:1902725,negative regulation of skeletal muscle cell proliferation,1
0,0.389323909,3,35,GO:0014870;GO:0014877;GO:0014894,response to muscle inactivity,1
0,0.327242611,3,6,GO:0014873,response to muscle activity involved in regulation of muscle adaptation,1
0,0.491998306,2,41,GO:0014874,response to stimulus involved in regulation of muscle adaptation,1
0,1,3,13,GO:0014878,response to electrical stimulus involved in regulation of muscle adaptation,1
0,0.547438314,2,12,GO:0014881,regulation of myofibril size,1
0,0.389323909,2,35,GO:0014889,muscle atrophy,1
0,0.822475562,2,356,GO:0014902,myotube differentiation,1
0,0.802090177,2,104,GO:0014904;GO:0048741,myotube cell development,1
0,1,7,6,GO:0014908,myotube differentiation involved in skeletal muscle regeneration,1
0,0.820621492,5,26,GO:0014909,smooth muscle cell migration,1
0,0.312164531,2,58,GO:0014912,negative regulation of smooth muscle cell migration,1
0,1,4,6,GO:0014916,regulation of lung blood pressure,1
0,0.99787482,5,93,GO:0015012;GO:0030201,heparan sulfate proteoglycan metabolic process,1
0,1,5,11,GO:0015074,DNA integration,1
0,0.83789488,4,50,GO:0015669,gas transport,1
0,1,3,15,GO:0015670,carbon dioxide transport,1
0,0.664341412,5,35,GO:0015671,oxygen transport,1
0,0.944224466,3,1042,GO:0015672,monovalent inorganic cation transport,1
0,0.547438314,5,12,GO:0015691;GO:0070574;GO:0071585,cadmium ion transmembrane transport,1
0,0.353810866,2,33,GO:0015693,magnesium ion transport,1
0,0.366635106,2,106,GO:0015695,organic cation transport,1
0,0.750349027,5,21,GO:0015697,quaternary ammonium group transport,1
0,0.800986302,3,333,GO:0015698,inorganic anion transport,1
0,0.650802907,2,69,GO:0015701,bicarbonate transport,1
0,1,2,10,GO:0015705,iodide transport,1
0,0.656814998,4,916,GO:0015711,organic anion transport,1
0,1,3,12,GO:0015712;GO:0015760,hexose phosphate transport,1
0,0.947323057,9,465,GO:0015718,monocarboxylic acid transport,1
0,0.679449394,2,54,GO:0015721,bile acid and bile salt transport,1
0,0.603470491,2,14,GO:0015722,canalicular bile acid transport,1
0,0.547438314,2,12,GO:0015724,formate transport,1
0,0.674789964,6,17,GO:0015727;GO:0035873,lactate transmembrane transport,1
0,0.603470491,2,14,GO:0015732,prostaglandin transport,1
0,1,3,5,GO:0015734;GO:0042918,taurine transport,1
0,0.708091899,4,38,GO:0015740,C4-dicarboxylate transport,1
0,1,2,5,GO:0015743,malate transport,1
0,1,8,12,GO:0015744;GO:0071422,succinate transmembrane transport,1
0,1,2,9,GO:0015747,urate transport,1
0,0.946267795,2,220,GO:0015748,organophosphate ester transport,1
0,0.392067335,4,21,GO:0015780;GO:0090481,nucleotide-sugar transmembrane transport,1
0,1,2,6,GO:0015786;GO:0015789,UDP-glucose transmembrane transport,1
0,1,2,6,GO:0015790,UDP-xylose transmembrane transport,1
0,1,2,27,GO:0015791,polyol transport,1
0,1,2,11,GO:0015793,glycerol transport,1
0,1,5,5,GO:0015797;GO:0090088;GO:0090089;GO:2000878;GO:2000880;GO:2001148,regulation of dipeptide transport,1
0,1,2,9,GO:0015798,myo-inositol transport,1
0,0.89255076,6,121,GO:0015800,acidic amino acid transport,1
0,0.392067335,2,21,GO:0015801,aromatic amino acid transport,1
0,0.561271862,2,29,GO:0015802,basic amino acid transport,1
0,0.576379282,3,13,GO:0015808,L-alanine transport,1
0,0.321177305,2,18,GO:0015809;GO:1903826;GO:1990822,basic amino acid transmembrane transport,1
0,1,2,10,GO:0015810,aspartate transmembrane transport,1
0,0.483493607,3,10,GO:0015811,L-cystine transport,1
0,1,6,48,GO:0015812,gamma-aminobutyric acid transport,1
0,0.971860609,3,54,GO:0015813,L-glutamate transmembrane transport,1
0,0.750349027,2,21,GO:0015816,glycine transport,1
0,1,2,6,GO:0015817,histidine transport,1
0,0.327242611,3,6,GO:0015819,lysine transport,1
0,0.628830106,2,15,GO:0015824,proline transport,1
0,0.733287994,2,20,GO:0015837,amine transport,1
0,0.576379282,2,13,GO:0015838,amino-acid betaine transport,1
0,1,2,10,GO:0015840,urea transport,1
0,0.370255454,4,7,GO:0015842,aminergic neurotransmitter loading into synaptic vesicle,1
0,0.736299142,4,59,GO:0015844,monoamine transport,1
0,0.734937777,2,632,GO:0015849;GO:0046942,organic acid transport,1
0,0.603835773,2,293,GO:0015850,organic hydroxy compound transport,1
0,1,2,15,GO:0015853,adenine transport,1
0,1,2,8,GO:0015854,guanine transport,1
0,1,5,10,GO:0015855,pyrimidine nucleobase transport,1
0,0.715061732,2,19,GO:0015858,nucleoside transport,1
0,0.547438314,7,12,GO:0015862;GO:0015864;GO:1901642,nucleoside transmembrane transport,1
0,0.901078974,2,35,GO:0015865;GO:0015868;GO:0051503,purine nucleotide transport,1
0,0.795261829,2,24,GO:0015866;GO:0015867,ATP transport,1
0,0.501834227,3,26,GO:0015872,dopamine transport,1
0,1,3,5,GO:0015874,norepinephrine transport,1
0,0.448211014,3,9,GO:0015879,carnitine transport,1
0,1,2,6,GO:0015880;GO:0035349;GO:0080121,coenzyme A transport,1
0,1,3,10,GO:0015884;GO:0098838,folic acid transport,1
0,0.597982132,2,31,GO:0015886;GO:1901678,iron coordination entity transport,1
0,0.483493607,4,10,GO:0015888,thiamine transport,1
0,1,2,12,GO:0015889,cobalamin transport,1
0,0.831115441,4,393,GO:0015893,drug transport,1
0,0.975995305,2,284,GO:0015908,fatty acid transport,1
0,0.988878593,6,126,GO:0015909,long-chain fatty acid transport,1
0,1,4,7,GO:0015910,long-chain fatty acid import into peroxisome,1
0,1,6,10,GO:0015911,long-chain fatty acid import across plasma membrane,1
0,0.89214525,2,160,GO:0015914,phospholipid transport,1
0,1,3,8,GO:0015917,aminophospholipid transport,1
0,1,2,29,GO:0015919,peroxisomal membrane transport,1
0,0.458617577,2,39,GO:0015949,nucleobase-containing small molecule interconversion,1
0,0.576379282,3,13,GO:0015959,diadenosine polyphosphate metabolic process,1
0,0.483493607,5,10,GO:0015961;GO:0071543;GO:1901906;GO:1901907;GO:1901908;GO:1901909;GO:1901910,diadenosine polyphosphate catabolic process,1
0,0.782431051,3,497,GO:0015980,energy derivation by oxidation of organic compounds,1
0,1,2,21,GO:0016037,light absorption,1
0,1,2,11,GO:0016038;GO:0018298,absorption of visible light,1
0,1,4,10,GO:0016039;GO:0030265,phospholipase C-activating rhodopsin mediated signaling pathway,1
0,0.770345782,2,43,GO:0016045;GO:0098543;GO:0098581,detection of external biotic stimulus,1
0,0.848942095,2,655,GO:0016049;GO:0048588,cell growth,1
0,0.771434211,4,577,GO:0016055;GO:0198738,cell-cell signaling by wnt,1
0,0.833103522,2,70,GO:0016056,rhodopsin mediated signaling pathway,1
0,1,2,41,GO:0016059,deactivation of rhodopsin mediated signaling,1
0,1,2,10,GO:0016060,metarhodopsin inactivation,1
0,0.674789964,3,17,GO:0016062;GO:0036367,adaptation of rhodopsin mediated signaling,1
0,0.781268471,2,23,GO:0016063;GO:0046154,rhodopsin metabolic process,1
0,0.999873623,2,1284,GO:0016071,mRNA metabolic process,1
0,0.971799034,3,154,GO:0016073;GO:0009301;GO:0042795,snRNA metabolic process,1
0,0.522219199,3,27,GO:0016074,sno(s)RNA metabolic process,1
0,0.795261829,4,24,GO:0016075,rRNA catabolic process,1
0,1,4,11,GO:0016078,tRNA catabolic process,1
0,0.908378109,3,61,GO:0016080,synaptic vesicle targeting,1
0,0.984329838,2,93,GO:0016081,synaptic vesicle docking,1
0,0.892877673,3,80,GO:0016082,synaptic vesicle priming,1
0,0.603470491,4,14,GO:0016093,polyprenol metabolic process,1
0,1,2,6,GO:0016094,polyprenol biosynthetic process,1
0,0.614931115,3,165,GO:0016101;GO:0001523,diterpenoid metabolic process,1
0,0.370255454,4,7,GO:0016107,sesquiterpenoid catabolic process,1
0,0.628830106,2,15,GO:0016115,terpenoid catabolic process,1
0,0.448211014,5,9,GO:0016119;GO:0042214;GO:0035238,terpene metabolic process,1
0,0.370255454,8,7,GO:0016122,xanthophyll metabolic process,1
0,0.427741618,5,82,GO:0016126;GO:1902653,sterol biosynthetic process,1
0,0.879368974,3,32,GO:0016137,glycoside metabolic process,1
0,1,2,14,GO:0016139,glycoside catabolic process,1
0,1,2,40,GO:0016180;GO:0034472,snRNA processing,1
0,0.913336501,5,37,GO:0016188,synaptic vesicle maturation,1
0,0.327242611,2,6,GO:0016200,synaptic target attraction,1
0,1,2,34,GO:0016201,synaptic target inhibition,1
0,0.595132403,2,211,GO:0016203,muscle attachment,1
0,0.613978598,2,49,GO:0016204,determination of muscle attachment site,1
0,0.770345782,2,43,GO:0016226;GO:0031163,iron-sulfur cluster assembly,1
0,0.781268471,4,23,GO:0016233,telomere capping,1
0,0.370255454,2,7,GO:0016240,autophagosome membrane docking,1
0,0.395047542,2,94,GO:0016242,negative regulation of macroautophagy,1
0,1,2,5,GO:0016243,regulation of autophagosome size,1
0,0.800385791,2,85,GO:0016246,RNA interference,1
0,1,2,22,GO:0016254,preassembly of GPI anchor in ER membrane,1
0,0.370255454,2,7,GO:0016255,attachment of GPI anchor to protein,1
0,0.969109929,3,106,GO:0016266,O-glycan processing,1
0,0.839742702,2,129,GO:0016318,ommatidial rotation,1
0,0.461764952,3,270,GO:0016319,mushroom body development,1
0,1,2,46,GO:0016330,second mitotic wave involved in compound eye morphogenesis,1
0,0.568906351,2,874,GO:0016331,morphogenesis of embryonic epithelium,1
0,0.842841585,2,28,GO:0016332,establishment or maintenance of polarity of embryonic epithelium,1
0,0.583591235,2,161,GO:0016333,morphogenesis of follicular epithelium,1
0,0.30833699,3,100,GO:0016334,establishment or maintenance of polarity of follicular epithelium,1
0,0.93701316,2,68,GO:0016338,calcium-independent cell-cell adhesion via plasma membrane cell-adhesion molecules,1
0,0.781069167,2,101,GO:0016339,calcium-dependent cell-cell adhesion via plasma membrane cell adhesion molecules,1
0,0.4808951,5,25,GO:0016340;GO:0035001,calcium-dependent cell-matrix adhesion,1
0,0.846975001,3,72,GO:0016348,imaginal disc-derived leg joint morphogenesis,1
0,0.856846286,2,827,GO:0016358;GO:0048813,dendrite development,1
0,0.869674392,5,210,GO:0016441;GO:0031047;GO:0035194,gene silencing by RNA,1
0,0.383270695,2,49,GO:0016445;GO:0016447,somatic diversification of immunoglobulins,1
0,1,2,9,GO:0016457;GO:0042714,dosage compensation complex assembly,1
0,0.85244592,2,469,GO:0016458,gene silencing,1
0,0.715061732,6,19,GO:0016479,negative regulation of transcription by RNA polymerase I,1
0,1,6,10,GO:0016480,negative regulation of transcription by RNA polymerase III,1
0,0.703593565,2,278,GO:0016525;GO:2000181;GO:1901343,negative regulation of vasculature development,1
0,0.979789742,2,59,GO:0016540,protein autoprocessing,1
0,1,6,17,GO:0016553,base conversion or substitution editing,1
0,1,2,8,GO:0016554,cytidine to uridine editing,1
0,0.95814281,2,48,GO:0016556,mRNA modification,1
0,1,5,6,GO:0016557,peroxisome membrane biogenesis,1
0,1,3,17,GO:0016558,protein import into peroxisome matrix,1
0,1,3,17,GO:0016559,peroxisome fission,1
0,0.47005385,2,1158,GO:0016567;GO:0032446,protein modification by small protein conjugation,1
0,0.946908545,3,785,GO:0016569;GO:0016570,covalent chromatin modification,1
0,0.956066966,3,226,GO:0016571;GO:0018022;GO:0034968,histone methylation,1
0,0.941655209,3,93,GO:0016574,histone ubiquitination,1
0,1,2,9,GO:0016576,histone dephosphorylation,1
0,1,3,43,GO:0016578,histone deubiquitination,1
0,0.808360443,2,25,GO:0016584,nucleosome positioning,1
0,0.491063638,3,72,GO:0016601,Rac protein signal transduction,1
0,0.760306678,3,80,GO:0016925,protein sumoylation,1
0,1,7,31,GO:0016926,protein desumoylation,1
0,1,2,24,GO:0016973,poly(A)+ mRNA export from nucleus,1
0,0.614054354,2,230,GO:0016999,antibiotic metabolic process,1
0,0.770345782,2,43,GO:0017001,antibiotic catabolic process,1
0,0.874538064,5,55,GO:0017004,cytochrome complex assembly,1
0,1,5,8,GO:0017014;GO:0018119,protein nitrosylation,1
0,0.851631631,2,277,GO:0017015;GO:1903844,regulation of cellular response to transforming growth factor beta stimulus,1
0,1,2,8,GO:0017055,negative regulation of RNA polymerase II transcription preinitiation complex assembly,1
0,1,2,14,GO:0017062;GO:0034551,respiratory chain complex III assembly,1
0,0.781268471,2,23,GO:0017121,plasma membrane phospholipid scrambling,1
0,0.327242611,2,6,GO:0017143,insecticide metabolic process,1
0,0.575811394,3,1208,GO:0017144,drug metabolic process,1
0,0.817267764,3,423,GO:0017145,stem cell division,1
0,0.853750058,3,383,GO:0017156;GO:0016079,calcium-ion regulated exocytosis,1
0,1,3,12,GO:0017182;GO:0018202;GO:0017183,peptidyl-histidine modification,1
0,0.321177305,2,18,GO:0017185,peptidyl-lysine hydroxylation,1
0,1,2,10,GO:0017196,N-terminal peptidyl-methionine acetylation,1
0,0.929838684,2,66,GO:0018023,peptidyl-lysine trimethylation,1
0,1,2,17,GO:0018026,peptidyl-lysine monomethylation,1
0,0.852897647,2,29,GO:0018027,peptidyl-lysine dimethylation,1
0,0.766319286,-1,22,GO:0018065,obsolete protein-cofactor linkage,1
0,1,4,8,GO:0018076;GO:0043971,N-terminal peptidyl-lysine acetylation,1
0,0.603470491,2,14,GO:0018094,protein polyglycylation,1
0,0.733287994,7,20,GO:0018095,protein polyglutamylation,1
0,1,3,7,GO:0018103;GO:0018211;GO:0018317;GO:0018406,protein C-linked glycosylation via tryptophan,1
0,0.805032653,2,265,GO:0018107;GO:0018210,peptidyl-threonine modification,1
0,1,3,8,GO:0018125,peptidyl-cysteine methylation,1
0,0.552743258,2,61,GO:0018149,peptide cross-linking,1
0,1,2,8,GO:0018171,peptidyl-cysteine oxidation,1
0,1,2,8,GO:0018197,peptidyl-aspartic acid modification,1
0,0.955279277,2,47,GO:0018198,peptidyl-cysteine modification,1
0,1,2,7,GO:0018199,peptidyl-glutamine modification,1
0,0.924075932,2,39,GO:0018200,peptidyl-glutamic acid modification,1
0,0.327242611,2,6,GO:0018201;GO:0018008,peptidyl-glycine modification,1
0,0.998341466,2,588,GO:0018205,peptidyl-lysine modification,1
0,1,2,18,GO:0018206,peptidyl-methionine modification,1
0,0.750349027,3,21,GO:0018230;GO:0018231,peptidyl-L-cysteine S-palmitoylation,1
0,0.547438314,3,12,GO:0018242,protein O-linked glycosylation via serine,1
0,0.674789964,4,17,GO:0018243,protein O-linked glycosylation via threonine,1
0,1,3,5,GO:0018312,peptidyl-serine ADP-ribosylation,1
0,1,2,10,GO:0018335;GO:0106077,protein succinylation,1
0,1,4,6,GO:0018344,protein geranylgeranylation,1
0,0.832098503,2,27,GO:0018879,biphenyl metabolic process,1
0,0.674789964,3,17,GO:0018894,dibenzo-p-dioxin metabolic process,1
0,0.894315043,2,34,GO:0018904,ether metabolic process,1
0,0.754914133,3,322,GO:0018958,phenol-containing compound metabolic process,1
0,0.547438314,3,12,GO:0018963,phthalate metabolic process,1
0,1,2,5,GO:0018985,pronuclear envelope synthesis,1
0,0.99787279,2,210,GO:0018991,oviposition,1
0,0.846975001,4,72,GO:0018992,germ-line sex determination,1
0,0.820693247,4,48,GO:0018993,somatic sex determination,1
0,0.695590709,4,18,GO:0019042,viral latency,1
0,0.576379282,4,13,GO:0019043,establishment of viral latency,1
0,1,4,7,GO:0019045;GO:0019046,latent virus replication,1
0,0.327242611,4,6,GO:0019049;GO:0030682,mitigation of host defenses by symbiont,1
0,0.555487983,4,45,GO:0019062;GO:0044650;GO:0044406,adhesion of symbiont to host,1
0,1,6,16,GO:0019064;GO:0039663;GO:0044800;GO:0044803,multi-organism membrane organization,1
0,1,2,7,GO:0019065;GO:0075509,receptor-mediated endocytosis of virus by host cell,1
0,1,2,6,GO:0019075,virus maturation,1
0,0.975349778,2,56,GO:0019079,viral genome replication,1
0,0.398018913,4,50,GO:0019080,viral gene expression,1
0,0.335943988,4,32,GO:0019081,viral translation,1
0,1,2,14,GO:0019083;GO:0019086,viral transcription,1
0,1,3,6,GO:0019085,early viral transcription,1
0,0.483493607,2,10,GO:0019087,transformation of host cell by virus,1
0,0.977136767,2,610,GO:0019098,reproductive behavior,1
0,0.820621492,5,26,GO:0019099,female germ-line sex determination,1
0,0.652568745,2,16,GO:0019100,male germ-line sex determination,1
0,1,2,15,GO:0019101,female somatic sex determination,1
0,0.483493607,2,10,GO:0019102,male somatic sex determination,1
0,0.309390409,3,187,GO:0019217,regulation of fatty acid metabolic process,1
0,0.935876697,3,195,GO:0019226,transmission of nerve impulse,1
0,0.884358073,2,99,GO:0019228,neuronal action potential,1
0,0.958416786,6,187,GO:0019229,regulation of vasoconstriction,1
0,1,5,11,GO:0019230,proprioception,1
0,0.918595184,5,301,GO:0019233,sensory perception of pain,1
0,1,4,11,GO:0019236,response to pheromone,1
0,1,4,7,GO:0019240,citrulline biosynthetic process,1
0,1,3,14,GO:0019244,lactate biosynthetic process from pyruvate,1
0,1,2,21,GO:0019249,lactate biosynthetic process,1
0,1,5,7,GO:0019276,UDP-N-acetylgalactosamine metabolic process,1
0,0.4808951,3,25,GO:0019321,pentose metabolic process,1
0,1,4,8,GO:0019323,pentose catabolic process,1
0,0.674789964,2,17,GO:0019336,phenol-containing compound catabolic process,1
0,0.410519741,2,8,GO:0019344,cysteine biosynthetic process,1
0,1,2,9,GO:0019348,dolichol metabolic process,1
0,0.777038204,5,82,GO:0019369,arachidonic acid metabolic process,1
0,0.368762764,3,20,GO:0019370,leukotriene biosynthetic process,1
0,1,6,29,GO:0019371,cyclooxygenase pathway,1
0,0.547438314,4,12,GO:0019372,lipoxygenase pathway,1
0,0.392067335,2,21,GO:0019373,epoxygenase P450 pathway,1
0,1,2,15,GO:0019388,galactose catabolic process,1
0,1,4,7,GO:0019389,glucuronoside metabolic process,1
0,0.310753105,4,158,GO:0019395;GO:0034440,lipid oxidation,1
0,0.483493607,2,10,GO:0019401,alditol biosynthetic process,1
0,1,3,6,GO:0019417,sulfur oxidation,1
0,1,6,16,GO:0019430;GO:0071450;GO:0071451,cellular response to superoxide,1
0,0.825770346,5,69,GO:0019433;GO:0046464;GO:0046461,neutral lipid catabolic process,1
0,1,2,7,GO:0019441,tryptophan catabolic process to kynurenine,1
0,1,2,8,GO:0019509,L-methionine salvage from methylthioadenosine,1
0,1,2,6,GO:0019518,L-threonine catabolic process to glycine,1
0,0.766319286,2,22,GO:0019532;GO:1902358,sulfate transmembrane transport,1
0,0.547438314,4,12,GO:0019614;GO:0042420;GO:0042424,catecholamine catabolic process,1
0,1,2,8,GO:0019626,short-chain fatty acid catabolic process,1
0,0.652568745,3,16,GO:0019695;GO:0042426,choline metabolic process,1
0,0.954128013,2,397,GO:0019722,calcium-mediated signaling,1
0,0.72091399,3,214,GO:0019730,antimicrobial humoral response,1
0,0.766394126,2,62,GO:0019731,antibacterial humoral response,1
0,0.501834227,4,26,GO:0019732,antifungal humoral response,1
0,0.359484559,2,299,GO:0019748,secondary metabolic process,1
0,1,2,25,GO:0019755,one-carbon compound transport,1
0,1,3,16,GO:0019800,peptide cross-linking via chondroitin 4-sulfate glycosaminoglycan,1
0,0.911809968,2,618,GO:0019827;GO:0098727,maintenance of cell number,1
0,0.345112283,2,19,GO:0019835,cytolysis,1
0,1,2,6,GO:0019853,L-ascorbic acid biosynthetic process,1
0,1,3,16,GO:0019883;GO:0002483;GO:0019885,antigen processing and presentation of endogenous antigen,1
0,1,4,10,GO:0019889,pteridine metabolic process,1
0,0.429796454,2,158,GO:0019915,lipid storage,1
0,0.99040233,2,794,GO:0019932,second-messenger-mediated signaling,1
0,0.941393314,2,369,GO:0019933;GO:0019935,cyclic-nucleotide-mediated signaling,1
0,0.811491596,2,47,GO:0019934,cGMP-mediated signaling,1
0,0.484371736,3,118,GO:0019991,septate junction assembly,1
0,0.318050655,3,31,GO:0020027,hemoglobin metabolic process,1
0,1,3,10,GO:0021501,prechordal plate formation,1
0,1,2,6,GO:0021506;GO:0021995,anterior neuropore closure,1
0,1,3,16,GO:0021508;GO:0033505,floor plate morphogenesis,1
0,0.999999891,2,361,GO:0021510,spinal cord development,1
0,0.996836944,2,87,GO:0021511;GO:0021513,spinal cord patterning,1
0,1,2,57,GO:0021514;GO:0060579,ventral spinal cord interneuron differentiation,1
0,0.999992961,3,179,GO:0021515;GO:0021517,cell differentiation in spinal cord,1
0,1,3,67,GO:0021516,dorsal spinal cord development,1
0,1,5,6,GO:0021519,spinal cord association neuron specification,1
0,1,2,34,GO:0021520,spinal cord motor neuron cell fate specification,1
0,1,4,32,GO:0021521,ventral spinal cord interneuron specification,1
0,1,2,102,GO:0021522,spinal cord motor neuron differentiation,1
0,1,4,16,GO:0021523,somatic motor neuron differentiation,1
0,1,5,8,GO:0021524,visceral motor neuron differentiation,1
0,1,2,43,GO:0021527,spinal cord association neuron differentiation,1
0,0.410519741,5,8,GO:0021529;GO:0021530,spinal cord oligodendrocyte cell differentiation,1
0,0.743148159,4,149,GO:0021532,neural tube patterning,1
0,0.996620221,3,86,GO:0021533;GO:0021697,cell differentiation in hindbrain,1
0,0.695590709,2,18,GO:0021534;GO:0021924;GO:0021930,cell proliferation in hindbrain,1
0,0.898179727,4,59,GO:0021535,cell migration in hindbrain,1
0,0.999937319,3,279,GO:0021536,diencephalon development,1
0,0.998760102,2,796,GO:0021537,telencephalon development,1
0,1,3,5,GO:0021539,subthalamus development,1
0,0.750349027,10,21,GO:0021540,corpus callosum morphogenesis,1
0,0.721576998,3,39,GO:0021542,dentate gyrus development,1
0,0.95149015,3,523,GO:0021543,pallium development,1
0,0.993864197,3,77,GO:0021544;GO:0021756,subpallium development,1
0,0.988366435,2,174,GO:0021545,cranial nerve development,1
0,0.820693247,2,48,GO:0021546,rhombomere development,1
0,1,3,47,GO:0021548,pons development,1
0,0.984295539,3,337,GO:0021549;GO:0022037,metencephalon development,1
0,1,3,22,GO:0021550,medulla oblongata development,1
0,0.781311787,3,44,GO:0021551,central nervous system morphogenesis,1
0,1,3,24,GO:0021553,olfactory nerve development,1
0,1,5,38,GO:0021554,optic nerve development,1
0,0.345112283,2,19,GO:0021555,midbrain-hindbrain boundary morphogenesis,1
0,1,3,9,GO:0021557;GO:0021558,oculomotor nerve development,1
0,0.694064825,2,37,GO:0021559,trigeminal nerve development,1
0,0.508302164,3,42,GO:0021561;GO:0021610;GO:0021612,facial nerve development,1
0,0.414973589,3,22,GO:0021562;GO:0021648,vestibulocochlear nerve development,1
0,0.576379282,3,13,GO:0021563;GO:0021615,glossopharyngeal nerve development,1
0,1,5,8,GO:0021564;GO:0021644;GO:0021793,vagus nerve development,1
0,1,4,10,GO:0021569,rhombomere 3 development,1
0,1,3,11,GO:0021570,rhombomere 4 development,1
0,1,2,17,GO:0021571,rhombomere 5 development,1
0,1,4,10,GO:0021572,rhombomere 6 development,1
0,0.967932832,2,151,GO:0021575,hindbrain morphogenesis,1
0,1,2,5,GO:0021577,hindbrain structural organization,1
0,0.852897647,4,29,GO:0021578;GO:0021626,hindbrain maturation,1
0,1,4,12,GO:0021586;GO:0021718;GO:0021722,pons maturation,1
0,0.950578805,2,119,GO:0021587;GO:0021696,cerebellum morphogenesis,1
0,0.628830106,2,15,GO:0021590,cerebellum maturation,1
0,0.785050949,2,83,GO:0021591,ventricular system development,1
0,0.547438314,3,12,GO:0021592,fourth ventricle development,1
0,0.887088899,3,33,GO:0021593,rhombomere morphogenesis,1
0,0.674789964,2,17,GO:0021594;GO:0021654,rhombomere formation,1
0,0.795267146,3,103,GO:0021602,cranial nerve morphogenesis,1
0,1,2,21,GO:0021603,cranial nerve formation,1
0,0.641204333,2,51,GO:0021604,cranial nerve structural organization,1
0,1,4,6,GO:0021622;GO:0021623;GO:0070172,oculomotor nerve morphogenesis,1
0,1,2,14,GO:0021627,olfactory nerve morphogenesis,1
0,1,4,23,GO:0021631,optic nerve morphogenesis,1
0,1,2,8,GO:0021633,optic nerve structural organization,1
0,1,3,10,GO:0021650,vestibulocochlear nerve formation,1
0,1,2,7,GO:0021658,rhombomere 3 morphogenesis,1
0,1,7,10,GO:0021661;GO:0016103;GO:0034653,retinoic acid catabolic process,1
0,1,2,6,GO:0021664,rhombomere 5 morphogenesis,1
0,0.632331372,3,33,GO:0021670,lateral ventricle development,1
0,0.94119758,3,313,GO:0021675,nerve development,1
0,0.483493607,3,10,GO:0021678,third ventricle development,1
0,1,3,16,GO:0021679,cerebellar molecular layer development,1
0,0.723948741,2,76,GO:0021680,cerebellar Purkinje cell layer development,1
0,0.654299653,4,52,GO:0021682,nerve maturation,1
0,1,3,6,GO:0021687,cerebellar molecular layer morphogenesis,1
0,0.829489615,3,49,GO:0021692;GO:0021694;GO:0021702,cerebellar Purkinje cell layer morphogenesis,1
0,0.804072924,2,141,GO:0021695,cerebellar cortex development,1
0,0.410519741,2,8,GO:0021698,cerebellar cortex structural organization,1
0,1,4,8,GO:0021703,locus ceruleus development,1
0,1,5,8,GO:0021730;GO:0021740,principal sensory nucleus of trigeminal nerve development,1
0,1,4,9,GO:0021747,cochlear nucleus development,1
0,1,4,5,GO:0021754,facial nucleus development,1
0,1,3,12,GO:0021759,globus pallidus development,1
0,0.994767846,4,348,GO:0021761,limbic system development,1
0,1,3,18,GO:0021764,amygdala development,1
0,0.977443769,2,245,GO:0021766,hippocampus development,1
0,1,3,14,GO:0021767,mammillary body development,1
0,0.652568745,2,16,GO:0021769,orbitofrontal cortex development,1
0,0.972547674,2,132,GO:0021772;GO:0021988,olfactory lobe development,1
0,1,7,13,GO:0021773,striatal medium spiny neuron differentiation,1
0,1,2,9,GO:0021775;GO:0021910;GO:0021776,smoothened signaling pathway involved in ventral spinal cord patterning,1
0,1,3,17,GO:0021779;GO:0021778;GO:0021780,oligodendrocyte cell fate commitment,1
0,0.933485191,3,41,GO:0021781,glial cell fate commitment,1
0,0.746657263,3,60,GO:0021783;GO:0048486,parasympathetic nervous system development,1
0,1,5,9,GO:0021784,postganglionic parasympathetic fiber development,1
0,0.353810866,2,33,GO:0021785,branchiomotor neuron axon guidance,1
0,1,2,47,GO:0021794,thalamus development,1
0,0.912968309,2,205,GO:0021795;GO:0022029;GO:0021885,forebrain cell migration,1
0,1,4,24,GO:0021796,cerebral cortex regionalization,1
0,1,5,16,GO:0021797,forebrain anterior/posterior pattern specification,1
0,1,3,15,GO:0021798,forebrain dorsal/ventral pattern formation,1
0,0.949503555,2,96,GO:0021799,cerebral cortex radially oriented cell migration,1
0,0.746969679,3,41,GO:0021800,cerebral cortex tangential migration,1
0,0.985485513,2,64,GO:0021801;GO:0022030,cerebral cortex radial glia guided migration,1
0,1,4,6,GO:0021812,neuronal-glial interaction involved in cerebral cortex radial glia guided migration,1
0,1,3,10,GO:0021814;GO:0021815,cell motility involved in cerebral cortex radial glia guided migration,1
0,1,2,5,GO:0021817,nucleokinesis involved in cell motility in cerebral cortex radial glia guided migration,1
0,0.928936032,3,40,GO:0021819,layer formation in cerebral cortex,1
0,1,4,16,GO:0021823;GO:0021827;GO:0021836,postnatal olfactory bulb interneuron migration,1
0,0.542035276,2,28,GO:0021825,substrate-dependent cerebral cortex tangential migration,1
0,0.852897647,3,29,GO:0021826;GO:0021830;GO:0021843,substrate-independent telencephalic tangential interneuron migration,1
0,0.448211014,2,9,GO:0021831,embryonic olfactory bulb interneuron precursor migration,1
0,0.596982215,4,81,GO:0021846,cell proliferation in forebrain,1
0,1,4,9,GO:0021847,ventricular zone neuroblast division,1
0,1,2,8,GO:0021852,pyramidal neuron migration,1
0,1,3,18,GO:0021853;GO:1904936,cerebral cortex GABAergic interneuron migration,1
0,0.973935095,3,84,GO:0021854,hypothalamus development,1
0,0.345112283,3,19,GO:0021855,hypothalamus cell migration,1
0,0.852897647,6,29,GO:0021859;GO:0021860,pyramidal neuron differentiation,1
0,1,6,25,GO:0021861,forebrain radial glial cell differentiation,1
0,0.695590709,3,18,GO:0021869,forebrain ventricular zone progenitor cell division,1
0,1,4,72,GO:0021871,forebrain regionalization,1
0,0.781268471,2,23,GO:0021873,forebrain neuroblast division,1
0,1,2,6,GO:0021874,Wnt signaling pathway involved in forebrain neuroblast division,1
0,1,4,38,GO:0021877,forebrain neuron fate commitment,1
0,0.997459289,2,231,GO:0021879;GO:0021872,forebrain generation of neurons,1
0,1,-1,7,GO:0021882,obsolete regulation of transcription from RNA polymerase II promoter involved in forebrain neuron fate commitment,1
0,0.8841795,6,119,GO:0021884,forebrain neuron development,1
0,0.845923066,4,51,GO:0021889,olfactory bulb interneuron differentiation,1
0,0.648626126,2,34,GO:0021891,olfactory bulb interneuron development,1
0,0.907410239,6,36,GO:0021892;GO:0021894,cerebral cortex GABAergic interneuron differentiation,1
0,1,4,5,GO:0021893;GO:1902871,positive regulation of amacrine cell differentiation,1
0,0.93701316,5,68,GO:0021895,cerebral cortex neuron differentiation,1
0,1,2,13,GO:0021898,commitment of multipotent stem cells to neuronal lineage in forebrain,1
0,1,5,21,GO:0021902,commitment of neuronal cell to specific neuron type in forebrain,1
0,0.679815291,2,89,GO:0021903;GO:0030917,rostrocaudal neural tube patterning,1
0,0.667048073,3,53,GO:0021904,dorsal/ventral neural tube patterning,1
0,1,-1,5,GO:0021912,obsolete regulation of transcription from RNA polymerase II promoter involved in spinal cord motor neuron fate specification,1
0,1,-1,7,GO:0021913,obsolete regulation of transcription from RNA polymerase II promoter involved in ventral spinal cord interneuron specification,1
0,0.852897647,2,29,GO:0021914;GO:0021919,negative regulation of smoothened signaling pathway involved in ventral spinal cord patterning,1
0,0.929398356,4,506,GO:0021915,neural tube development,1
0,0.894315043,2,34,GO:0021932,hindbrain radial glia guided cell migration,1
0,1,2,11,GO:0021934;GO:0021935,hindbrain tangential cell migration,1
0,0.862310599,6,30,GO:0021936;GO:0021940,regulation of cerebellar granule cell precursor proliferation,1
0,1,2,17,GO:0021937,cerebellar Purkinje cell-granule cell precursor cell signaling involved in regulation of granule cell precursor cell proliferation,1
0,1,2,11,GO:0021938,smoothened signaling pathway involved in regulation of cerebellar granule cell precursor cell proliferation,1
0,1,3,17,GO:0021942,radial glia guided migration of Purkinje cell,1
0,0.603470491,2,14,GO:0021943,formation of radial glial scaffolds,1
0,0.999999484,2,613,GO:0021953,central nervous system neuron differentiation,1
0,0.98215353,4,313,GO:0021954,central nervous system neuron development,1
0,0.962827186,4,169,GO:0021955;GO:0021952,central nervous system neuron axonogenesis,1
0,1,10,34,GO:0021957,corticospinal tract morphogenesis,1
0,0.894315043,2,34,GO:0021960,anterior commissure morphogenesis,1
0,1,11,12,GO:0021965,spinal cord ventral commissure morphogenesis,1
0,1,3,12,GO:0021966,corticospinal neuron axon guidance,1
0,1,3,7,GO:0021972,corticospinal neuron axon guidance through spinal cord,1
0,1,2,42,GO:0021978,telencephalon regionalization,1
0,0.4808951,2,25,GO:0021979,hypothalamus cell differentiation,1
0,0.327242611,2,6,GO:0021982,pineal gland development,1
0,1,2,131,GO:0021983,pituitary gland development,1
0,1,3,47,GO:0021984,adenohypophysis development,1
0,1,2,9,GO:0021985,neurohypophysis development,1
0,0.839365778,3,361,GO:0021987,cerebral cortex development,1
0,0.715061732,2,19,GO:0021999,neural plate anterior/posterior regionalization,1
0,1,4,5,GO:0022009,central nervous system vasculogenesis,1
0,0.456225624,2,54,GO:0022010;GO:0032291,axon ensheathment in central nervous system,1
0,0.907410239,6,36,GO:0022028,tangential migration from the subventricular zone to the olfactory bulb,1
0,0.960823085,2,49,GO:0022038,corpus callosum development,1
0,0.507167145,3,89,GO:0022400,regulation of rhodopsin mediated signaling pathway,1
0,0.866403104,2,317,GO:0022404,molting cycle process,1
0,0.580749218,2,369,GO:0022406;GO:0140056,membrane docking,1
0,0.770345782,2,43,GO:0022410;GO:0042745;GO:0050802,circadian sleep/wake cycle,1
0,0.720733571,3,298,GO:0022416,chaeta development,1
0,0.67833367,2,140,GO:0022602,ovulation cycle process,1
0,1,2,14,GO:0022605,mammalian oogenesis stage,1
0,0.781268471,5,23,GO:0022606;GO:0035320,establishment of proximal/distal cell polarity,1
0,0.807714645,2,86,GO:0022611,dormancy process,1
0,0.88992408,2,623,GO:0022612,gland morphogenesis,1
0,0.999984044,2,719,GO:0022613,ribonucleoprotein complex biogenesis,1
0,0.997377213,3,472,GO:0022618;GO:0071826,ribonucleoprotein complex subunit organization,1
0,0.983915957,2,643,GO:0022898;GO:0032409;GO:0032412,regulation of transporter activity,1
0,0.662538746,4,287,GO:0022900,electron transport chain,1
0,0.781311787,2,44,GO:0023019,signal transduction involved in regulation of gene expression,1
0,0.832098503,2,27,GO:0023041,neuronal signal transduction,1
0,0.853527147,2,73,GO:0023058,adaptation of signaling pathway,1
0,0.814851558,5,675,GO:0023061,signal release,1
0,0.947550351,2,1942,GO:0030001;GO:0098662;GO:0098655;GO:0098660,cation transmembrane transport,1
0,0.751551422,2,538,GO:0030010,establishment of cell polarity,1
0,0.647417367,3,1057,GO:0030031;GO:0120031,cell projection assembly,1
0,1,3,6,GO:0030034,microvillar actin bundle assembly,1
0,1,2,17,GO:0030035,microspike assembly,1
0,0.579922037,3,30,GO:0030038;GO:0043149,stress fiber assembly,1
0,1,2,22,GO:0030046,parallel actin filament bundle assembly,1
0,0.972048963,6,108,GO:0030049;GO:0033275,actin-myosin filament sliding,1
0,0.576379282,2,13,GO:0030070,insulin processing,1
0,1,5,11,GO:0030091,protein repair,1
0,0.537418514,3,566,GO:0030098;GO:1903131,mononuclear cell differentiation,1
0,0.723948741,3,76,GO:0030101,natural killer cell activation,1
0,1,2,7,GO:0030103,vasopressin secretion,1
0,0.519857347,2,923,GO:0030111;GO:0060828,regulation of Wnt signaling pathway,1
0,0.955279277,2,47,GO:0030149;GO:0046466,membrane lipid catabolic process,1
0,0.615451342,2,32,GO:0030150,protein import into mitochondrial matrix,1
0,0.695590709,2,18,GO:0030157,pancreatic juice secretion,1
0,0.410519741,2,8,GO:0030167;GO:0030200,proteoglycan catabolic process,1
0,1,3,16,GO:0030174,regulation of DNA-dependent DNA replication initiation,1
0,0.91129157,3,442,GO:0030177;GO:0090263,positive regulation of Wnt signaling pathway,1
0,0.811826211,6,284,GO:0030183;GO:0042113,B cell activation,1
0,1,2,5,GO:0030185,nitric oxide transport,1
0,1,2,7,GO:0030186,melatonin metabolic process,1
0,1,2,5,GO:0030187,melatonin biosynthetic process,1
0,0.962333806,2,102,GO:0030199,collagen fibril organization,1
0,1,5,37,GO:0030202,heparin metabolic process,1
0,0.641550932,2,102,GO:0030204;GO:0050654,chondroitin sulfate proteoglycan metabolic process,1
0,0.353810866,5,33,GO:0030205;GO:0030208;GO:0050651;GO:0050655,dermatan sulfate proteoglycan metabolic process,1
0,0.369781116,3,77,GO:0030206;GO:0050650,chondroitin sulfate proteoglycan biosynthetic process,1
0,1,4,26,GO:0030207,chondroitin sulfate catabolic process,1
0,1,2,25,GO:0030210,heparin biosynthetic process,1
0,0.652568745,2,16,GO:0030213,hyaluronan biosynthetic process,1
0,0.869705629,6,173,GO:0030216,keratinocyte differentiation,1
0,0.689583801,4,325,GO:0030217,T cell differentiation,1
0,1,2,15,GO:0030223,neutrophil differentiation,1
0,0.907410239,6,36,GO:0030224,monocyte differentiation,1
0,0.338855406,5,46,GO:0030225,macrophage differentiation,1
0,0.948951495,4,45,GO:0030237,female sex determination,1
0,0.918883652,3,38,GO:0030238,male sex determination,1
0,0.901587234,3,330,GO:0030239;GO:0045214,myofibril assembly,1
0,1,2,8,GO:0030242,autophagy of peroxisome,1
0,1,2,20,GO:0030259,lipid glycosylation,1
0,0.576379282,9,13,GO:0030263,apoptotic chromosome condensation,1
0,0.552135962,2,189,GO:0030279,negative regulation of ossification,1
0,0.607971864,2,82,GO:0030282,bone mineralization,1
0,0.862310599,2,30,GO:0030299;GO:0098856,intestinal lipid absorption,1
0,0.327242611,2,6,GO:0030302,deoxynucleotide transport,1
0,0.468809964,2,675,GO:0030307,positive regulation of cell growth,1
0,1,3,9,GO:0030309;GO:0030311,poly-N-acetyllactosamine metabolic process,1
0,0.923222543,2,170,GO:0030317;GO:0060285;GO:0060294;GO:0097722;GO:0001539,cilium or flagellum-dependent cell motility,1
0,0.41522196,2,66,GO:0030318,melanocyte differentiation,1
0,1,5,26,GO:0030321,transepithelial chloride transport,1
0,0.880883392,4,56,GO:0030322,stabilization of membrane potential,1
0,0.864326669,4,508,GO:0030323;GO:0030324,respiratory tube development,1
0,0.520508891,2,106,GO:0030325,adrenal gland development,1
0,1,2,33,GO:0030381,chorion-containing eggshell pattern formation,1
0,0.918883652,6,38,GO:0030382,sperm mitochondrion organization,1
0,0.650802907,2,69,GO:0030421,defecation,1
0,0.750349027,3,21,GO:0030422,production of siRNA involved in RNA interference,1
0,1,4,13,GO:0030423,targeting of mRNA for destruction involved in RNA interference,1
0,0.343200436,2,177,GO:0030431,sleep,1
0,0.820621492,2,26,GO:0030432,peristalsis,1
0,0.389323909,5,35,GO:0030473,nuclear migration along microtubule,1
0,0.664341412,7,35,GO:0030488,tRNA methylation,1
0,1,2,81,GO:0030490,maturation of SSU-rRNA,1
0,0.419974479,3,172,GO:0030500;GO:0070167;GO:0110149,regulation of biomineral tissue development,1
0,0.815195294,4,106,GO:0030501;GO:0070169;GO:0110151,positive regulation of biomineralization,1
0,0.989190058,2,286,GO:0030509;GO:0071772;GO:0071773,response to BMP,1
0,0.731829981,2,317,GO:0030510,regulation of BMP signaling pathway,1
0,0.462164963,2,85,GO:0030511;GO:1903846,positive regulation of transforming growth factor beta receptor signaling pathway,1
0,0.952951173,4,163,GO:0030512;GO:1903845,negative regulation of transforming growth factor beta receptor signaling pathway,1
0,0.559735376,4,126,GO:0030513,positive regulation of BMP signaling pathway,1
0,0.911868573,3,166,GO:0030514,negative regulation of BMP signaling pathway,1
0,0.860777923,3,558,GO:0030516;GO:0061387,regulation of extent of cell growth,1
0,0.859739291,5,133,GO:0030517,negative regulation of axon extension,1
0,0.612505699,3,99,GO:0030521,androgen receptor signaling pathway,1
0,0.956698852,2,831,GO:0030534,adult behavior,1
0,0.973935095,3,84,GO:0030536,larval feeding behavior,1
0,0.953002292,2,204,GO:0030537,larval behavior,1
0,1,3,16,GO:0030538,embryonic genitalia morphogenesis,1
0,0.997854905,2,184,GO:0030539,male genitalia development,1
0,0.959319557,4,76,GO:0030540,female genitalia development,1
0,0.913336501,6,37,GO:0030575,nuclear body organization,1
0,1,2,11,GO:0030576,Cajal body organization,1
0,0.576379282,2,13,GO:0030578,PML body organization,1
0,1,2,15,GO:0030579,ubiquitin-dependent SMAD protein catabolic process,1
0,0.410519741,2,8,GO:0030638;GO:0030647;GO:0044597;GO:0044598,aminoglycoside antibiotic metabolic process,1
0,0.4808951,7,25,GO:0030643;GO:0072502;GO:0072501,cellular trivalent inorganic anion homeostasis,1
0,0.894315043,5,34,GO:0030644;GO:0055064,chloride ion homeostasis,1
0,1,2,6,GO:0030704;GO:0035803,vitelline membrane formation,1
0,1,2,32,GO:0030708,germarium-derived female germ-line cyst encapsulation,1
0,0.715061732,2,19,GO:0030709,border follicle cell delamination,1
0,0.565786322,2,62,GO:0030713,ovarian follicle cell stalk formation,1
0,0.840169439,2,71,GO:0030717;GO:0061988,oocyte karyosome formation,1
0,0.455381907,3,269,GO:0030718,germ-line stem cell population maintenance,1
0,1,2,32,GO:0030720,oocyte localization involved in germarium-derived egg chamber formation,1
0,0.483493607,5,10,GO:0030721,spectrosome organization,1
0,0.811491596,3,47,GO:0030727;GO:0048135,female germ-line cyst formation,1
0,0.353668383,3,47,GO:0030809;GO:1900372;GO:0030812;GO:0045820;GO:0051198,negative regulation of purine nucleotide biosynthetic process,1
0,0.312164531,3,58,GO:0030813;GO:0045821;GO:0051194;GO:0051197,obsolete positive regulation of cofactor metabolic process,1
0,0.406905721,2,36,GO:0030836,positive regulation of actin filament depolymerization,1
0,1,2,16,GO:0030845,phospholipase C-inhibiting G protein-coupled receptor signaling pathway,1
0,0.324063557,6,45,GO:0030851,granulocyte differentiation,1
0,0.918883652,2,38,GO:0030852,regulation of granulocyte differentiation,1
0,0.766319286,3,22,GO:0030853,negative regulation of granulocyte differentiation,1
0,1,3,17,GO:0030854,positive regulation of granulocyte differentiation,1
0,0.722252506,2,2207,GO:0030855,epithelial cell differentiation,1
0,0.924166368,2,377,GO:0030856,regulation of epithelial cell differentiation,1
0,0.988883195,3,99,GO:0030857,negative regulation of epithelial cell differentiation,1
0,0.95693447,3,144,GO:0030858,positive regulation of epithelial cell differentiation,1
0,0.893418719,4,101,GO:0030859;GO:0035089;GO:0045198,establishment of apical/basal cell polarity,1
0,1,2,13,GO:0030860,regulation of polarized epithelial cell differentiation,1
0,0.840169439,2,71,GO:0030878,thyroid gland development,1
0,0.478819151,2,366,GO:0030879,mammary gland development,1
0,1,5,7,GO:0030885,regulation of myeloid dendritic cell activation,1
0,1,2,5,GO:0030887,positive regulation of myeloid dendritic cell activation,1
0,0.622332552,7,100,GO:0030888,regulation of B cell proliferation,1
0,0.825770346,5,69,GO:0030890,positive regulation of B cell proliferation,1
0,0.999993856,3,1229,GO:0030900,forebrain development,1
0,0.998105917,3,159,GO:0030901,midbrain development,1
0,0.996129733,3,501,GO:0030902,hindbrain development,1
0,0.961505667,2,77,GO:0030903,notochord development,1
0,0.560318513,2,110,GO:0030947,regulation of vascular endothelial growth factor receptor signaling pathway,1
0,0.725608483,3,58,GO:0030949,positive regulation of vascular endothelial growth factor receptor signaling pathway,1
0,1,2,9,GO:0030997,regulation of centriole-centriole cohesion,1
0,0.792832383,6,84,GO:0031000;GO:0036270,response to caffeine,1
0,0.998742425,2,246,GO:0031016,pancreas development,1
0,0.721576998,5,39,GO:0031017,exocrine pancreas development,1
0,0.9914434,3,131,GO:0031018,endocrine pancreas development,1
0,0.364669559,2,512,GO:0031032,actomyosin structure organization,1
0,1,2,6,GO:0031048;GO:0070923,heterochromatin assembly by small RNA,1
0,0.503377688,6,73,GO:0031050;GO:0035196;GO:0070918,dsRNA processing,1
0,1,2,16,GO:0031053,primary miRNA processing,1
0,0.734532051,2,40,GO:0031054,pre-miRNA processing,1
0,0.544015177,2,378,GO:0031056,regulation of histone modification,1
0,0.598575068,2,114,GO:0031057,negative regulation of histone modification,1
0,0.996427235,3,174,GO:0031060,regulation of histone methylation,1
0,0.746657263,3,60,GO:0031061,negative regulation of histone methylation,1
0,0.989504431,4,100,GO:0031062,positive regulation of histone methylation,1
0,0.865898997,3,75,GO:0031063,regulation of histone deacetylation,1
0,1,2,6,GO:0031064,negative regulation of histone deacetylation,1
0,0.603611995,3,65,GO:0031065;GO:0090312,positive regulation of protein deacetylation,1
0,0.957014636,3,75,GO:0031069,hair follicle morphogenesis,1
0,0.848597932,3,168,GO:0031076;GO:0048048;GO:0048596,embryonic camera-type eye development,1
0,1,3,18,GO:0031077,post-embryonic camera-type eye development,1
0,0.603470491,3,14,GO:0031087,deadenylation-independent decapping of nuclear-transcribed mRNA,1
0,0.403259419,3,582,GO:0031099,regeneration,1
0,0.948951495,2,45,GO:0031101,fin regeneration,1
0,0.972988512,2,155,GO:0031102,neuron projection regeneration,1
0,0.995608695,3,115,GO:0031103,axon regeneration,1
0,0.695590709,6,18,GO:0031104,dendrite regeneration,1
0,0.786879167,5,156,GO:0031109,microtubule polymerization or depolymerization,1
0,0.923326302,3,266,GO:0031110,regulation of microtubule polymerization or depolymerization,1
0,0.965089139,3,149,GO:0031111,negative regulation of microtubule polymerization or depolymerization,1
0,0.839310863,4,110,GO:0031112;GO:0031116,positive regulation of microtubule polymerization or depolymerization,1
0,0.914834996,6,167,GO:0031113,regulation of microtubule polymerization,1
0,0.874538064,2,55,GO:0031115,negative regulation of microtubule polymerization,1
0,1,2,11,GO:0031117,positive regulation of microtubule depolymerization,1
0,1,3,14,GO:0031118,rRNA pseudouridine synthesis,1
0,1,3,11,GO:0031119,tRNA pseudouridine synthesis,1
0,1,2,7,GO:0031120,snRNA pseudouridine synthesis,1
0,0.998407135,6,241,GO:0031123,RNA 3'-end processing,1
0,0.958152971,2,166,GO:0031124,mRNA 3'-end processing,1
0,1,2,18,GO:0031125,rRNA 3'-end processing,1
0,0.345112283,2,19,GO:0031126;GO:0043144,sno(s)RNA processing,1
0,0.935809638,2,91,GO:0031128,developmental induction,1
0,1,2,7,GO:0031133,regulation of axon diameter,1
0,0.689321639,2,90,GO:0031146,SCF-dependent proteasomal ubiquitin-dependent protein catabolic process,1
0,1,3,16,GO:0031161,phosphatidylinositol catabolic process,1
0,0.597982132,2,31,GO:0031167,rRNA methylation,1
0,1,4,7,GO:0031179,peptide modification,1
0,0.933485191,2,41,GO:0031223,auditory behavior,1
0,1,4,14,GO:0031268,pseudopodium organization,1
0,1,2,34,GO:0031272;GO:0031274,regulation of pseudopodium assembly,1
0,0.312164531,2,58,GO:0031281;GO:0051349,positive regulation of cyclase activity,1
0,1,3,24,GO:0031282;GO:0031284,regulation of guanylate cyclase activity,1
0,0.991243594,3,156,GO:0031290,retinal ganglion cell axon guidance,1
0,0.570601883,3,46,GO:0031293,membrane protein intracellular domain proteolysis,1
0,0.725608483,2,58,GO:0031297;GO:0045005,DNA-dependent DNA replication maintenance of fidelity,1
0,1,2,15,GO:0031335,regulation of sulfur amino acid metabolic process,1
0,0.597666326,2,179,GO:0031338,regulation of vesicle fusion,1
0,1,2,17,GO:0031339,negative regulation of vesicle fusion,1
0,0.791815219,3,45,GO:0031340,positive regulation of vesicle fusion,1
0,0.967877881,2,52,GO:0031365,N-terminal protein amino acid modification,1
0,0.795261829,5,24,GO:0031392;GO:2001279;GO:0031394;GO:2001280,regulation of prostaglandin biosynthetic process,1
0,0.660225036,2,87,GO:0031424;GO:0070268,keratinization,1
0,1,2,5,GO:0031427,response to methotrexate,1
0,0.607971864,4,82,GO:0031440,regulation of mRNA 3'-end processing,1
0,0.766319286,4,22,GO:0031441;GO:1900364,negative regulation of mRNA 3'-end processing,1
0,1,7,7,GO:0031446;GO:0031448,regulation of fast-twitch skeletal muscle fiber contraction,1
0,1,6,7,GO:0031449,regulation of slow-twitch skeletal muscle fiber contraction,1
0,1,2,16,GO:0031452;GO:0045798;GO:0120262,negative regulation of heterochromatin assembly,1
0,0.398018913,2,50,GO:0031453;GO:0045799;GO:0120263,positive regulation of chromatin assembly or disassembly,1
0,0.996810496,2,507,GO:0031503,protein-containing complex localization,1
0,0.41522196,6,66,GO:0031507,heterochromatin assembly,1
0,0.708091899,2,38,GO:0031536,positive regulation of exit from mitosis,1
0,1,5,13,GO:0031547,brain-derived neurotrophic factor receptor signaling pathway,1
0,1,2,6,GO:0031548,regulation of brain-derived neurotrophic factor receptor signaling pathway,1
0,0.862310599,2,30,GO:0031573,intra-S DNA damage checkpoint,1
0,0.650802907,3,69,GO:0031579,membrane raft organization,1
0,1,3,6,GO:0031583,phospholipase D-activating G protein-coupled receptor signaling pathway,1
0,0.547438314,2,12,GO:0031584,activation of phospholipase D activity,1
0,0.842841585,2,28,GO:0031620;GO:0031622,regulation of fever generation,1
0,1,4,7,GO:0031627;GO:1904533;GO:1905777,telomeric loop formation,1
0,0.937743292,6,42,GO:0031629;GO:0099500,synaptic vesicle fusion to presynaptic active zone membrane,1
0,0.781268471,3,23,GO:0031630,regulation of synaptic vesicle fusion to presynaptic active zone membrane,1
0,0.323592552,2,73,GO:0031638,zymogen activation,1
0,1,2,17,GO:0031639,plasminogen activation,1
0,0.840169439,3,71,GO:0031640;GO:0044364,disruption of cells of other organism,1
0,0.632331372,2,33,GO:0031643,positive regulation of myelination,1
0,0.998193802,5,398,GO:0031644,regulation of nervous system process,1
0,0.574495373,2,79,GO:0031645,negative regulation of nervous system process,1
0,0.99540637,2,194,GO:0031646,positive regulation of nervous system process,1
0,0.913336501,3,37,GO:0031650;GO:0031652,regulation of heat generation,1
0,0.901078974,-1,35,GO:0031657,obsolete regulation of cyclin-dependent protein serine/threonine kinase activity involved in G1/S transition of mitotic cell cycle,1
0,0.516521366,-1,11,GO:0031658,obsolete negative regulation of cyclin-dependent protein serine/threonine kinase activity involved in G1/S transition of mitotic cell cycle,1
0,1,-1,24,GO:0031659,obsolete positive regulation of cyclin-dependent protein serine/threonine kinase activity involved in G1/S transition of mitotic cell cycle,1
0,0.371615316,2,34,GO:0031664,regulation of lipopolysaccharide-mediated signaling pathway,1
0,0.674789964,5,17,GO:0031665,negative regulation of lipopolysaccharide-mediated signaling pathway,1
0,0.603470491,3,14,GO:0031666,positive regulation of lipopolysaccharide-mediated signaling pathway,1
0,1,2,9,GO:0031848,protection from non-homologous end joining at telomere,1
0,1,2,5,GO:0031860,telomeric 3' overhang formation,1
0,1,5,15,GO:0031887,lipid droplet transport along microtubule,1
0,0.652568745,2,16,GO:0031914,negative regulation of synaptic plasticity,1
0,0.951893033,5,97,GO:0031929,TOR signaling,1
0,0.808732117,2,105,GO:0031935,regulation of chromatin silencing,1
0,0.913336501,3,37,GO:0031936,negative regulation of chromatin silencing,1
0,0.795261829,3,24,GO:0031943;GO:0031946,regulation of glucocorticoid metabolic process,1
0,1,2,14,GO:0031944;GO:0031947;GO:0090032,negative regulation of steroid hormone biosynthetic process,1
0,0.508302164,5,42,GO:0031953,negative regulation of protein autophosphorylation,1
0,1,4,8,GO:0031959,mineralocorticoid receptor signaling pathway,1
0,0.852897647,2,29,GO:0031987,locomotion involved in locomotory behavior,1
0,1,2,6,GO:0031989,bombesin receptor signaling pathway,1
0,1,4,10,GO:0031990,mRNA export from nucleus in response to heat stress,1
0,0.95814281,4,48,GO:0031998,regulation of fatty acid beta-oxidation,1
0,1,3,15,GO:0031999,negative regulation of fatty acid beta-oxidation,1
0,0.842841585,2,28,GO:0032000,positive regulation of fatty acid beta-oxidation,1
0,0.873346793,2,136,GO:0032008,positive regulation of TOR signaling,1
0,0.628830106,2,15,GO:0032014,positive regulation of ARF protein signal transduction,1
0,1,5,17,GO:0032020,ISG15-protein conjugation,1
0,0.760306678,2,80,GO:0032026,response to magnesium ion,1
0,0.501834227,3,26,GO:0032042,mitochondrial DNA metabolic process,1
0,1,2,17,GO:0032048,cardiolipin metabolic process,1
0,1,4,11,GO:0032049,cardiolipin biosynthetic process,1
0,1,3,13,GO:0032053,ciliary basal body organization,1
0,1,3,10,GO:0032056,positive regulation of translation in response to stress,1
0,0.327242611,5,6,GO:0032057;GO:1990737,negative regulation of translational initiation in response to stress,1
0,1,2,21,GO:0032060,bleb assembly,1
0,0.324063557,3,45,GO:0032069,regulation of nuclease activity,1
0,1,2,15,GO:0032074,negative regulation of nuclease activity,1
0,0.857348654,2,170,GO:0032088,negative regulation of NF-kappaB transcription factor activity,1
0,0.599138183,2,260,GO:0032092,positive regulation of protein binding,1
0,0.363187938,3,91,GO:0032094,response to food,1
0,1,2,38,GO:0032095;GO:0032098,regulation of appetite,1
0,0.842841585,5,28,GO:0032096;GO:0032108;GO:0032105;GO:0032099,negative regulation of response to nutrient levels,1
0,1,2,8,GO:0032097;GO:0032100,positive regulation of response to food,1
0,1,7,11,GO:0032106;GO:0032109,positive regulation of response to nutrient levels,1
0,0.937743292,5,42,GO:0032107;GO:0032104,regulation of response to extracellular stimulus,1
0,0.990244682,6,70,GO:0032148,activation of protein kinase B activity,1
0,0.907410239,4,36,GO:0032201,telomere maintenance via semi-conservative replication,1
0,0.457822902,4,146,GO:0032204,regulation of telomere maintenance,1
0,0.473527268,3,86,GO:0032206,positive regulation of telomere maintenance,1
0,0.327242611,2,6,GO:0032218,riboflavin transport,1
0,0.629422276,2,84,GO:0032232;GO:0051497,negative regulation of actin filament bundle assembly,1
0,0.733284823,2,182,GO:0032233;GO:0051496,positive regulation of actin filament bundle assembly,1
0,1,2,43,GO:0032239;GO:0046831,regulation of nucleobase-containing compound transport,1
0,1,4,21,GO:0032241;GO:0046833,positive regulation of nucleobase-containing compound transport,1
0,0.309315744,2,44,GO:0032252,secretory granule localization,1
0,0.808360443,3,25,GO:0032253;GO:0099519;GO:1901950,dense core granule localization,1
0,1,4,13,GO:0032274,gonadotropin secretion,1
0,1,2,9,GO:0032275;GO:0046884,luteinizing hormone secretion,1
0,0.918883652,2,38,GO:0032276,regulation of gonadotropin secretion,1
0,1,4,25,GO:0032277,negative regulation of gonadotropin secretion,1
0,0.852897647,3,29,GO:0032278;GO:0046880;GO:0046881,regulation of follicle-stimulating hormone secretion,1
0,0.547438314,5,12,GO:0032286,central nervous system myelin maintenance,1
0,1,7,20,GO:0032287,peripheral nervous system myelin maintenance,1
0,1,5,8,GO:0032289,central nervous system myelin formation,1
0,1,5,5,GO:0032290,peripheral nervous system myelin formation,1
0,0.627763259,2,50,GO:0032303,regulation of icosanoid secretion,1
0,0.448211014,3,9,GO:0032304,negative regulation of icosanoid secretion,1
0,0.781311787,2,44,GO:0032305;GO:0032306;GO:0032308,positive regulation of icosanoid secretion,1
0,0.879368974,2,32,GO:0032309;GO:0050482;GO:1903963,icosanoid secretion,1
0,0.766319286,2,22,GO:0032328,alanine transport,1
0,0.662649194,2,138,GO:0032330,regulation of chondrocyte differentiation,1
0,0.335082406,3,74,GO:0032331;GO:0061037,negative regulation of cartilage development,1
0,0.312164531,3,58,GO:0032332,positive regulation of chondrocyte differentiation,1
0,1,3,18,GO:0032344;GO:0032347,regulation of aldosterone metabolic process,1
0,1,4,8,GO:0032345;GO:0032348;GO:2000065,negative regulation of aldosterone metabolic process,1
0,1,2,6,GO:0032346;GO:0032349,positive regulation of aldosterone metabolic process,1
0,0.820874664,2,144,GO:0032350;GO:0046885,regulation of hormone metabolic process,1
0,0.746969679,2,41,GO:0032351;GO:0032353,negative regulation of hormone metabolic process,1
0,0.61576619,2,66,GO:0032352;GO:0046886,positive regulation of hormone metabolic process,1
0,0.880883392,5,56,GO:0032354;GO:0071372,response to follicle-stimulating hormone,1
0,0.539494854,3,60,GO:0032365,intracellular lipid transport,1
0,0.632331372,4,33,GO:0032366;GO:0032367,intracellular sterol transport,1
0,0.493897331,3,197,GO:0032370,positive regulation of lipid transport,1
0,0.733287994,4,20,GO:0032372;GO:0032375,negative regulation of sterol transport,1
0,1,3,15,GO:0032377;GO:0032380;GO:0032383,regulation of intracellular sterol transport,1
0,1,4,9,GO:0032379;GO:0032382;GO:0032385,positive regulation of intracellular cholesterol transport,1
0,0.453293466,2,207,GO:0032387,negative regulation of intracellular transport,1
0,0.665052794,2,205,GO:0032410;GO:0032413;GO:1904063,negative regulation of transporter activity,1
0,0.90960011,2,297,GO:0032411;GO:0032414,positive regulation of transporter activity,1
0,1,4,20,GO:0032415,regulation of sodium:proton antiporter activity,1
0,1,3,6,GO:0032416,negative regulation of sodium:proton antiporter activity,1
0,1,5,14,GO:0032417,positive regulation of sodium:proton antiporter activity,1
0,1,5,7,GO:0032423,regulation of mismatch repair,1
0,0.414973589,2,22,GO:0032429,regulation of phospholipase A2 activity,1
0,0.628830106,7,15,GO:0032430,positive regulation of phospholipase A2 activity,1
0,1,2,8,GO:0032431,activation of phospholipase A2 activity,1
0,0.324657582,2,533,GO:0032434;GO:0061136;GO:2000058,regulation of proteasomal protein catabolic process,1
0,0.585821806,2,80,GO:0032435,negative regulation of proteasomal ubiquitin-dependent protein catabolic process,1
0,0.359920098,5,269,GO:0032436;GO:2000060,positive regulation of ubiquitin-dependent protein catabolic process,1
0,0.83789488,2,50,GO:0032438,melanosome organization,1
0,0.512416506,9,58,GO:0032469,endoplasmic reticulum calcium ion homeostasis,1
0,1,2,15,GO:0032471,negative regulation of endoplasmic reticulum calcium ion concentration,1
0,0.695590709,2,18,GO:0032474,otolith morphogenesis,1
0,0.309315744,4,44,GO:0032483,regulation of Rab protein signal transduction,1
0,1,3,5,GO:0032484,Ral protein signal transduction,1
0,1,2,5,GO:0032485,regulation of Ral protein signal transduction,1
0,1,2,7,GO:0032488,Cdc42 protein signal transduction,1
0,0.674789964,2,17,GO:0032490,detection of molecule of bacterial origin,1
0,1,6,6,GO:0032493;GO:0070339;GO:0071220;GO:0071221;GO:0038124;GO:0071724;GO:0071726,cellular response to bacterial lipopeptide,1
0,0.332487917,2,117,GO:0032508;GO:0032392,DNA geometric change,1
0,0.674789964,3,17,GO:0032511;GO:0045324,late endosome to vacuole transport,1
0,0.524327146,4,43,GO:0032516,positive regulation of phosphoprotein phosphatase activity,1
0,0.491998306,2,41,GO:0032525,somite rostral/caudal axis specification,1
0,0.768125016,4,325,GO:0032526,response to retinoic acid,1
0,0.363618838,4,62,GO:0032528,microvillus organization,1
0,0.483493607,3,10,GO:0032532,regulation of microvillus length,1
0,0.321177305,7,18,GO:0032534,regulation of microvillus assembly,1
0,0.715061732,2,19,GO:0032536,regulation of cell projection size,1
0,1,5,10,GO:0032571;GO:0071307,response to vitamin K,1
0,0.392067335,4,21,GO:0032596,protein transport into membrane raft,1
0,1,2,16,GO:0032602,chemokine production,1
0,0.370255454,6,7,GO:0032607,interferon-alpha production,1
0,0.913336501,2,37,GO:0032609,interferon-gamma production,1
0,0.389323909,4,35,GO:0032611;GO:0032612,interleukin-1 production,1
0,0.576379282,3,13,GO:0032620,interleukin-17 production,1
0,1,2,6,GO:0032621,interleukin-18 production,1
0,0.603470491,3,14,GO:0032633,interleukin-4 production,1
0,0.628830106,2,15,GO:0032635,interleukin-6 production,1
0,1,3,14,GO:0032640,tumor necrosis factor production,1
0,1,3,6,GO:0032641,lymphotoxin A production,1
0,0.345112283,2,19,GO:0032645;GO:0032725,regulation of granulocyte macrophage colony-stimulating factor production,1
0,0.368762764,2,20,GO:0032650;GO:0032730,regulation of interleukin-1 alpha production,1
0,1,2,22,GO:0032661,regulation of interleukin-18 production,1
0,0.508302164,4,42,GO:0032682,negative regulation of chemokine production,1
0,0.459421222,2,24,GO:0032688,negative regulation of interferon-beta production,1
0,0.879368974,5,32,GO:0032691,negative regulation of interleukin-1 beta production,1
0,0.484629179,4,56,GO:0032692,negative regulation of interleukin-1 production,1
0,0.327242611,4,6,GO:0032707,negative regulation of interleukin-23 production,1
0,1,3,8,GO:0032713,negative regulation of interleukin-4 production,1
0,0.496035746,4,88,GO:0032715,negative regulation of interleukin-6 production,1
0,0.331538853,2,88,GO:0032731;GO:0032732,positive regulation of interleukin-1 production,1
0,1,3,7,GO:0032741,positive regulation of interleukin-18 production,1
0,1,9,6,GO:0032762;GO:1904341;GO:1904343,regulation of colon smooth muscle contraction,1
0,1,4,10,GO:0032763;GO:0032765,regulation of mast cell cytokine production,1
0,0.579922037,2,30,GO:0032769,negative regulation of monooxygenase activity,1
0,1,8,13,GO:0032776,DNA methylation on cytosine,1
0,0.613978598,5,49,GO:0032780,negative regulation of ATPase activity,1
0,0.605128051,3,180,GO:0032781,positive regulation of ATPase activity,1
0,1,2,11,GO:0032782,bile acid secretion,1
0,1,2,13,GO:0032790,ribosome disassembly,1
0,0.483493607,2,10,GO:0032792,negative regulation of CREB transcription factor activity,1
0,0.874538064,8,55,GO:0032793,positive regulation of CREB transcription factor activity,1
0,0.4808951,3,25,GO:0032799;GO:0032802,low-density lipoprotein receptor particle metabolic process,1
0,1,-1,13,GO:0032800,obsolete receptor biosynthetic process,1
0,0.337814697,2,60,GO:0032801,receptor catabolic process,1
0,0.370255454,4,7,GO:0032804;GO:2000645,negative regulation of low-density lipoprotein particle receptor catabolic process,1
0,1,2,22,GO:0032808,lacrimal gland development,1
0,0.820693247,2,48,GO:0032814,regulation of natural killer cell activation,1
0,1,7,33,GO:0032816,positive regulation of natural killer cell activation,1
0,1,2,8,GO:0032817;GO:0032819,regulation of natural killer cell proliferation,1
0,0.501834227,5,26,GO:0032823,regulation of natural killer cell differentiation,1
0,1,3,17,GO:0032825,positive regulation of natural killer cell differentiation,1
0,0.999960362,3,153,GO:0032835,glomerulus development,1
0,1,4,22,GO:0032836,glomerular basement membrane development,1
0,1,2,13,GO:0032847,regulation of cellular pH reduction,1
0,1,7,9,GO:0032849,positive regulation of cellular pH reduction,1
0,0.546007394,2,410,GO:0032874;GO:0070304;GO:0046330,positive regulation of stress-activated protein kinase signaling cascade,1
0,0.733287994,3,20,GO:0032876,negative regulation of DNA endoreduplication,1
0,0.518207377,2,90,GO:0032885,regulation of polysaccharide biosynthetic process,1
0,0.503377688,2,73,GO:0032891,negative regulation of organic acid transport,1
0,0.850364304,4,112,GO:0032892,positive regulation of organic acid transport,1
0,0.888969232,2,100,GO:0032897;GO:0046782,regulation of viral transcription,1
0,1,4,9,GO:0032899,regulation of neurotrophin production,1
0,0.368762764,2,20,GO:0032909,regulation of transforming growth factor beta2 production,1
0,0.483493607,5,10,GO:0032911,negative regulation of transforming growth factor beta1 production,1
0,1,5,6,GO:0032912,negative regulation of transforming growth factor beta2 production,1
0,0.410519741,4,8,GO:0032917;GO:0032918,polyamine acetylation,1
0,0.860903294,2,53,GO:0032924,activin receptor signaling pathway,1
0,0.853527147,2,73,GO:0032925,regulation of activin receptor signaling pathway,1
0,0.842841585,4,28,GO:0032926,negative regulation of activin receptor signaling pathway,1
0,0.795261829,4,24,GO:0032927,positive regulation of activin receptor signaling pathway,1
0,0.758903055,4,42,GO:0032941,secretion by tissue,1
0,1,4,17,GO:0032957,inositol trisphosphate metabolic process,1
0,0.414973589,4,22,GO:0032958,inositol phosphate biosynthetic process,1
0,1,6,6,GO:0032959,inositol trisphosphate biosynthetic process,1
0,0.652568745,2,16,GO:0032960;GO:0032962,regulation of inositol trisphosphate biosynthetic process,1
0,1,3,8,GO:0032971,regulation of muscle filament sliding,1
0,1,2,12,GO:0032980,keratinocyte activation,1
0,0.678282067,2,470,GO:0032984,protein-containing complex disassembly,1
0,0.879368974,2,32,GO:0032988,ribonucleoprotein complex disassembly,1
0,0.52604951,2,59,GO:0033002,muscle cell proliferation,1
0,0.433666912,2,128,GO:0033013,tetrapyrrole metabolic process,1
0,1,2,11,GO:0033025,regulation of mast cell apoptotic process,1
0,1,4,8,GO:0033026,negative regulation of mast cell apoptotic process,1
0,0.448211014,2,9,GO:0033029;GO:0033031,regulation of neutrophil apoptotic process,1
0,0.603611995,7,65,GO:0033032,regulation of myeloid cell apoptotic process,1
0,0.894315043,2,34,GO:0033033,negative regulation of myeloid cell apoptotic process,1
0,0.345112283,2,19,GO:0033034,positive regulation of myeloid cell apoptotic process,1
0,1,2,44,GO:0033058,directional locomotion,1
0,0.362060062,2,135,GO:0033059,cellular pigmentation,1
0,0.984817715,2,120,GO:0033077,T cell differentiation in thymus,1
0,0.917613463,6,63,GO:0033081,regulation of T cell differentiation in thymus,1
0,0.733287994,6,20,GO:0033085,negative regulation of T cell differentiation in thymus,1
0,0.483493607,3,10,GO:0033087;GO:0033088,negative regulation of immature T cell proliferation in thymus,1
0,0.852897647,2,29,GO:0033089,positive regulation of T cell differentiation in thymus,1
0,0.999859994,5,134,GO:0033108,mitochondrial respiratory chain complex assembly,1
0,0.63504142,2,118,GO:0033119;GO:0048025;GO:0050686,negative regulation of mRNA processing,1
0,0.788260828,2,102,GO:0033120,positive regulation of RNA splicing,1
0,0.437437224,4,23,GO:0033131;GO:1903299,regulation of hexokinase activity,1
0,1,2,15,GO:0033133;GO:1903301,positive regulation of hexokinase activity,1
0,0.620222672,3,312,GO:0033135,regulation of peptidyl-serine phosphorylation,1
0,0.961505667,2,77,GO:0033137,negative regulation of peptidyl-serine phosphorylation,1
0,0.353116533,4,223,GO:0033138,positive regulation of peptidyl-serine phosphorylation,1
0,1,2,21,GO:0033139;GO:0033141,regulation of peptidyl-serine phosphorylation of STAT protein,1
0,0.339858057,2,221,GO:0033143,regulation of intracellular steroid hormone receptor signaling pathway,1
0,0.629422276,3,84,GO:0033144,negative regulation of intracellular steroid hormone receptor signaling pathway,1
0,0.83789488,6,50,GO:0033145,positive regulation of intracellular steroid hormone receptor signaling pathway,1
0,0.632331372,2,33,GO:0033147,negative regulation of intracellular estrogen receptor signaling pathway,1
0,1,2,20,GO:0033148,positive regulation of intracellular estrogen receptor signaling pathway,1
0,0.879368974,3,32,GO:0033151,V(D)J recombination,1
0,1,2,8,GO:0033152,immunoglobulin V(D)J recombination,1
0,1,2,29,GO:0033169,histone H3-K9 demethylation,1
0,1,2,21,GO:0033182,regulation of histone ubiquitination,1
0,1,4,6,GO:0033183;GO:1901314;GO:1901315,regulation of histone H2A K63-linked ubiquitination,1
0,1,3,15,GO:0033184,positive regulation of histone ubiquitination,1
0,0.312159417,5,72,GO:0033189,response to vitamin A,1
0,0.664341412,3,35,GO:0033194,response to hydroperoxide,1
0,0.627763259,2,50,GO:0033197,response to vitamin E,1
0,0.470404889,4,132,GO:0033209,tumor necrosis factor-mediated signaling pathway,1
0,0.345112283,2,19,GO:0033212,iron import into cell,1
0,0.312164531,2,58,GO:0033227,dsRNA transport,1
0,0.880883392,2,56,GO:0033233,regulation of protein sumoylation,1
0,1,2,14,GO:0033234,negative regulation of protein sumoylation,1
0,0.721576998,2,39,GO:0033235,positive regulation of protein sumoylation,1
0,0.622332552,5,100,GO:0033238,regulation of cellular amine metabolic process,1
0,1,6,16,GO:0033239;GO:0045914;GO:0045963,negative regulation of cellular amine metabolic process,1
0,0.542035276,2,28,GO:0033240,positive regulation of cellular amine metabolic process,1
0,0.965679999,2,51,GO:0033260,nuclear DNA replication,1
0,1,6,37,GO:0033262,regulation of nuclear cell cycle DNA replication,1
0,1,2,15,GO:0033278,cell proliferation in midbrain,1
0,0.342051403,5,89,GO:0033280,response to vitamin D,1
0,0.321177305,3,18,GO:0033292,T-tubule organization,1
0,0.603470491,2,14,GO:0033313,meiotic cell cycle checkpoint,1
0,0.695590709,4,18,GO:0033314,mitotic DNA replication checkpoint,1
0,1,7,6,GO:0033316;GO:0044779;GO:1902103;GO:1905133,negative regulation of metaphase/anaphase transition of meiotic cell cycle,1
0,1,2,7,GO:0033326,cerebrospinal fluid secretion,1
0,1,3,36,GO:0033327,Leydig cell differentiation,1
0,0.921895848,4,64,GO:0033333;GO:0033339,fin development,1
0,0.924075932,2,39,GO:0033334,fin morphogenesis,1
0,1,3,10,GO:0033336;GO:0035143,caudal fin development,1
0,1,2,20,GO:0033338;GO:0035141,medial fin development,1
0,1,2,6,GO:0033484,nitric oxide homeostasis,1
0,1,5,6,GO:0033489;GO:0033490,cholesterol biosynthetic process via desmosterol,1
0,1,2,5,GO:0033499,galactose catabolic process via UDP-galactose,1
0,1,3,38,GO:0033504,floor plate development,1
0,0.960823085,4,49,GO:0033522,histone H2A ubiquitination,1
0,0.750349027,6,21,GO:0033523,histone H2B ubiquitination,1
0,1,2,21,GO:0033539,fatty acid beta-oxidation using acyl-CoA dehydrogenase,1
0,0.695590709,3,18,GO:0033540,fatty acid beta-oxidation using acyl-CoA oxidase,1
0,0.410519741,2,8,GO:0033552,response to vitamin B3,1
0,0.99108518,2,248,GO:0033555,multicellular organismal response to stress,1
0,0.703214191,3,56,GO:0033561;GO:0061436,regulation of water loss via skin,1
0,0.612974687,3,132,GO:0033563,dorsal/ventral axon guidance,1
0,0.613978598,4,49,GO:0033564,anterior/posterior axon guidance,1
0,1,2,8,GO:0033566,gamma-tubulin complex localization,1
0,1,6,5,GO:0033577,protein glycosylation in endoplasmic reticulum,1
0,0.437437224,2,23,GO:0033591,response to L-ascorbic acid,1
0,1,2,13,GO:0033594;GO:0033595,response to hydroxyisoflavone,1
0,0.459421222,3,24,GO:0033598,mammary gland epithelial cell proliferation,1
0,0.524327146,2,43,GO:0033599,regulation of mammary gland epithelial cell proliferation,1
0,0.795261829,3,24,GO:0033601,positive regulation of mammary gland epithelial cell proliferation,1
0,1,6,17,GO:0033602,negative regulation of dopamine secretion,1
0,0.95814281,2,48,GO:0033604,negative regulation of catecholamine secretion,1
0,0.654299653,3,52,GO:0033605,positive regulation of catecholamine secretion,1
0,1,2,6,GO:0033615;GO:0043461,proton-transporting ATP synthase complex assembly,1
0,0.603470491,3,14,GO:0033625,positive regulation of integrin activation,1
0,0.362060062,3,135,GO:0033627,cell adhesion mediated by integrin,1
0,0.345112283,2,19,GO:0033629,negative regulation of cell adhesion mediated by integrin,1
0,0.679484687,3,36,GO:0033630,positive regulation of cell adhesion mediated by integrin,1
0,0.766319286,2,22,GO:0033631,cell-cell adhesion mediated by integrin,1
0,0.368762764,2,20,GO:0033632,regulation of cell-cell adhesion mediated by integrin,1
0,1,2,19,GO:0033684,regulation of luteinizing hormone secretion,1
0,1,2,10,GO:0033685,negative regulation of luteinizing hormone secretion,1
0,1,2,9,GO:0033686,positive regulation of luteinizing hormone secretion,1
0,0.880883392,5,56,GO:0033688,regulation of osteoblast proliferation,1
0,1,2,19,GO:0033689,negative regulation of osteoblast proliferation,1
0,0.561271862,2,29,GO:0033690,positive regulation of osteoblast proliferation,1
0,0.321177305,3,18,GO:0033700,phospholipid efflux,1
0,0.777038204,5,82,GO:0033762,response to glucagon,1
0,0.410519741,2,8,GO:0033869;GO:0034031;GO:0034034,nucleoside bisphosphate catabolic process,1
0,1,6,38,GO:0033962,P-body assembly,1
0,1,5,5,GO:0033986,response to methanol,1
0,1,3,10,GO:0034036;GO:0050428,3'-phosphoadenosine 5'-phosphosulfate biosynthetic process,1
0,0.632331372,4,33,GO:0034058,endosomal vesicle fusion,1
0,0.410519741,2,8,GO:0034085;GO:0071921,establishment of sister chromatid cohesion,1
0,0.628830106,3,15,GO:0034086;GO:0034088,maintenance of sister chromatid cohesion,1
0,1,5,21,GO:0034091;GO:0034182,regulation of maintenance of mitotic sister chromatid cohesion,1
0,1,2,13,GO:0034092;GO:0034183;GO:1904907;GO:1904908,negative regulation of maintenance of sister chromatid cohesion,1
0,1,2,8,GO:0034093;GO:0034184,positive regulation of maintenance of sister chromatid cohesion,1
0,0.491063638,4,72,GO:0034113,heterotypic cell-cell adhesion,1
0,0.338855406,2,46,GO:0034114,regulation of heterotypic cell-cell adhesion,1
0,0.733287994,3,20,GO:0034115;GO:0070587,regulation of cell-cell adhesion involved in gastrulation,1
0,0.318050655,2,31,GO:0034116,positive regulation of heterotypic cell-cell adhesion,1
0,0.708091899,2,38,GO:0034124,regulation of MyD88-dependent toll-like receptor signaling pathway,1
0,1,7,8,GO:0034125,negative regulation of MyD88-dependent toll-like receptor signaling pathway,1
0,0.795261829,2,24,GO:0034126,positive regulation of MyD88-dependent toll-like receptor signaling pathway,1
0,0.674789964,5,17,GO:0034137,positive regulation of toll-like receptor 2 signaling pathway,1
0,0.4808951,2,25,GO:0034139;GO:0034141,regulation of toll-like receptor 3 signaling pathway,1
0,0.410519741,4,8,GO:0034140,negative regulation of toll-like receptor 3 signaling pathway,1
0,0.483493607,5,10,GO:0034196;GO:0034197,acylglycerol transport,1
0,0.750349027,6,21,GO:0034199,activation of protein kinase A activity,1
0,0.65014429,2,86,GO:0034204;GO:0097035;GO:0045332,regulation of membrane lipid distribution,1
0,0.345112283,5,19,GO:0034205;GO:0035333,amyloid-beta formation,1
0,0.832098503,2,27,GO:0034214,protein hexamerization,1
0,0.560327503,2,2462,GO:0034220;GO:0055085,transmembrane transport,1
0,1,3,8,GO:0034227,tRNA thio-modification,1
0,1,3,8,GO:0034309;GO:0032341;GO:0032342;GO:0034650;GO:0034651;GO:1902645,primary alcohol biosynthetic process,1
0,0.404857483,2,921,GO:0034329,cell junction assembly,1
0,0.948904229,2,1760,GO:0034330,cell junction organization,1
0,0.540850736,4,330,GO:0034332,adherens junction organization,1
0,0.396649572,2,154,GO:0034333,adherens junction assembly,1
0,0.331538853,5,88,GO:0034334,adherens junction maintenance,1
0,0.542035276,2,28,GO:0034349,glial cell apoptotic process,1
0,0.579922037,2,30,GO:0034350;GO:0034351,regulation of glial cell apoptotic process,1
0,1,2,6,GO:0034352,positive regulation of glial cell apoptotic process,1
0,0.458617577,2,39,GO:0034367;GO:0034368;GO:0034369,protein-containing complex remodeling,1
0,0.483493607,2,10,GO:0034370;GO:0034372,triglyceride-rich lipoprotein particle remodeling,1
0,0.370255454,2,7,GO:0034371,chylomicron remodeling,1
0,0.603470491,2,14,GO:0034374,low-density lipoprotein particle remodeling,1
0,0.715061732,2,19,GO:0034375,high-density lipoprotein particle remodeling,1
0,1,2,9,GO:0034382;GO:0071830,chylomicron remnant clearance,1
0,0.410519741,2,8,GO:0034384,high-density lipoprotein particle clearance,1
0,0.90340464,8,60,GO:0034391,regulation of smooth muscle cell apoptotic process,1
0,1,2,28,GO:0034392,negative regulation of smooth muscle cell apoptotic process,1
0,0.842841585,3,28,GO:0034393,positive regulation of smooth muscle cell apoptotic process,1
0,0.466115412,2,70,GO:0034394,protein localization to cell surface,1
0,1,5,19,GO:0034397;GO:0045141;GO:0090220,telomere localization,1
0,1,2,10,GO:0034398;GO:0044821;GO:0070197,telomere tethering at nuclear periphery,1
0,1,3,5,GO:0034421,post-translational protein acetylation,1
0,1,2,6,GO:0034436,glycoprotein transport,1
0,1,2,7,GO:0034447,very-low-density lipoprotein particle clearance,1
0,1,2,23,GO:0034454,microtubule anchoring at centrosome,1
0,0.999395252,6,492,GO:0034470,ncRNA processing,1
0,1,4,10,GO:0034475,U4 snRNA 3'-end processing,1
0,0.820621492,4,26,GO:0034497,protein localization to phagophore assembly site,1
0,1,3,24,GO:0034498,early endosome to Golgi transport,1
0,0.579922037,2,30,GO:0034505;GO:0070166,tooth mineralization,1
0,0.483493607,4,10,GO:0034514,mitochondrial unfolded protein response,1
0,1,3,5,GO:0034552;GO:0034553,respiratory chain complex II assembly,1
0,1,3,25,GO:0034587,piRNA metabolic process,1
0,1,5,10,GO:0034607;GO:0035178,turning behavior involved in mating,1
0,0.410519741,5,8,GO:0034608,vulval location,1
0,0.757308477,2,1647,GO:0034622,cellular protein-containing complex assembly,1
0,0.358187613,2,76,GO:0034629,cellular protein-containing complex localization,1
0,0.674789964,6,17,GO:0034633;GO:0046865;GO:0046864;GO:0071938,terpenoid transport,1
0,1,3,9,GO:0034635;GO:0042939,tripeptide transport,1
0,0.547438314,2,12,GO:0034638,phosphatidylcholine catabolic process,1
0,0.4751967,2,179,GO:0034644,cellular response to UV,1
0,0.47660262,3,973,GO:0034655;GO:0019439;GO:0044270;GO:0046700;GO:1901361,organic cyclic compound catabolic process,1
0,0.405676646,2,95,GO:0034656,nucleobase-containing small molecule catabolic process,1
0,0.999681354,2,761,GO:0034660,ncRNA metabolic process,1
0,0.398018913,2,50,GO:0034661,ncRNA catabolic process,1
0,1,5,6,GO:0034672,anterior/posterior pattern specification involved in pronephros development,1
0,1,4,5,GO:0034696,response to prostaglandin F,1
0,0.506631931,2,136,GO:0034698,response to gonadotropin,1
0,1,5,17,GO:0034699,response to luteinizing hormone,1
0,0.766319286,8,22,GO:0034720,histone H3-K4 demethylation,1
0,0.580453192,3,241,GO:0034728,nucleosome organization,1
0,0.406954749,4,231,GO:0034754,cellular hormone metabolic process,1
0,0.516521366,2,11,GO:0034756,regulation of iron ion transport,1
0,0.632547669,3,1084,GO:0034762;GO:0034765,regulation of transmembrane transport,1
0,0.623245826,3,538,GO:0034767;GO:0034764,positive regulation of transmembrane transport,1
0,1,2,22,GO:0034770,histone H4-K20 methylation,1
0,1,4,11,GO:0034773,histone H4-K20 trimethylation,1
0,1,5,31,GO:0034776,response to histamine,1
0,1,4,19,GO:0034982,mitochondrial protein processing,1
0,0.990981027,4,130,GO:0035017,cuticle pattern formation,1
0,0.58255184,2,177,GO:0035019,somatic stem cell population maintenance,1
0,0.597982132,2,31,GO:0035021,negative regulation of Rac protein signal transduction,1
0,0.679484687,2,36,GO:0035022,positive regulation of Rac protein signal transduction,1
0,0.500112474,6,104,GO:0035025,positive regulation of Rho protein signal transduction,1
0,0.458617577,4,39,GO:0035026;GO:0046663,leading edge cell differentiation,1
0,0.933517569,2,67,GO:0035036;GO:0007339,sperm-egg recognition,1
0,1,2,21,GO:0035039;GO:0035041,male pronucleus assembly,1
0,0.327242611,2,6,GO:0035047,centrosomal and pronuclear rotation,1
0,0.926398489,2,360,GO:0035050,embryonic heart tube development,1
0,0.912617201,4,407,GO:0035051,cardiocyte differentiation,1
0,1,7,8,GO:0035063,nuclear speck organization,1
0,0.389458391,3,64,GO:0035069;GO:0035096,larval midgut histolysis,1
0,0.437484648,3,98,GO:0035070;GO:0035071;GO:0048102,autophagic cell death,1
0,0.458617577,2,39,GO:0035073;GO:0035210,prepupal development,1
0,0.448211014,2,9,GO:0035074,pupation,1
0,0.999002441,2,140,GO:0035082,axoneme assembly,1
0,1,2,6,GO:0035087,siRNA loading onto RISC involved in RNA interference,1
0,0.366019272,3,270,GO:0035088;GO:0061245;GO:0045197,establishment or maintenance of bipolar cell polarity,1
0,1,2,22,GO:0035092,sperm chromatin condensation,1
0,0.433583982,2,189,GO:0035094,response to nicotine,1
0,1,2,5,GO:0035103,sterol regulatory element binding protein cleavage,1
0,0.992715896,3,1543,GO:0035107;GO:0048736,appendage development,1
0,0.99993,2,407,GO:0035108;GO:0030326;GO:0035113,limb morphogenesis,1
0,0.860179099,2,152,GO:0035112,genitalia morphogenesis,1
0,0.795261829,2,24,GO:0035118;GO:0035138,pectoral fin morphogenesis,1
0,1,3,5,GO:0035122,embryonic medial fin morphogenesis,1
0,1,5,8,GO:0035127;GO:0035128;GO:1901580;GO:1901581;GO:1901582,regulation of telomeric RNA transcription from RNA pol II promoter,1
0,0.999435834,2,113,GO:0035136;GO:0035115,forelimb morphogenesis,1
0,0.998663868,2,100,GO:0035137;GO:0035116,hindlimb morphogenesis,1
0,0.797903955,4,552,GO:0035150,regulation of tube size,1
0,0.576379282,2,13,GO:0035156,fusion cell fate specification,1
0,1,4,18,GO:0035157,negative regulation of fusion cell fate specification,1
0,1,2,58,GO:0035161,imaginal disc lineage restriction,1
0,0.410840857,2,186,GO:0035162,embryonic hemopoiesis,1
0,0.821713369,5,88,GO:0035166;GO:0035167,post-embryonic hemopoiesis,1
0,0.648626126,2,34,GO:0035168,larval lymph gland hemocyte differentiation,1
0,1,2,14,GO:0035170,lymph gland crystal cell differentiation,1
0,0.368762764,2,20,GO:0035171;GO:0042387,lamellocyte differentiation,1
0,0.371615316,2,34,GO:0035172,hemocyte proliferation,1
0,0.978057946,2,182,GO:0035176;GO:0051703,social behavior,1
0,0.370255454,3,7,GO:0035185,preblastoderm mitotic cell cycle,1
0,1,2,20,GO:0035190,syncytial nuclear migration,1
0,1,3,6,GO:0035191,nuclear axial expansion,1
0,0.643856152,2,119,GO:0035195,gene silencing by miRNA,1
0,0.960823085,3,49,GO:0035203;GO:0045613,regulation of plasmatocyte differentiation,1
0,0.924075932,4,39,GO:0035204;GO:0045614;GO:0045611,negative regulation of hemocyte differentiation,1
0,0.603470491,2,14,GO:0035207,negative regulation of hemocyte proliferation,1
0,0.820621492,3,26,GO:0035209,pupal development,1
0,1,2,8,GO:0035211,spermathecum morphogenesis,1
0,0.86788229,2,54,GO:0035212,cell competition in a multicellular organism,1
0,1,2,23,GO:0035213;GO:0048728,clypeo-labral disc development,1
0,0.928406637,3,172,GO:0035215,genital disc development,1
0,1,3,21,GO:0035217,labial disc development,1
0,1,5,37,GO:0035221;GO:0035224,genital disc pattern formation,1
0,0.999952422,2,255,GO:0035222,wing disc pattern formation,1
0,0.389323909,2,35,GO:0035234,ectopic germ cell programmed cell death,1
0,0.977982074,4,87,GO:0035235,ionotropic glutamate receptor signaling pathway,1
0,1,3,5,GO:0035260,internal genitalia morphogenesis,1
0,1,3,13,GO:0035261,external genitalia morphogenesis,1
0,0.917195828,2,148,GO:0035262,gonad morphogenesis,1
0,1,2,19,GO:0035263,genital disc sexually dimorphic development,1
0,0.510148435,2,309,GO:0035264,multicellular organism growth,1
0,0.827526978,2,288,GO:0035265,organ growth,1
0,0.615451342,2,32,GO:0035268;GO:0035269,protein mannosylation,1
0,0.986824955,4,422,GO:0035270,endocrine system development,1
0,0.576379282,2,13,GO:0035279;GO:0098795,mRNA cleavage involved in gene silencing by miRNA,1
0,1,2,15,GO:0035280,miRNA loading onto RISC involved in gene silencing by miRNA,1
0,0.998046662,2,1027,GO:0035282,segmentation,1
0,1,2,30,GO:0035283;GO:0035284,central nervous system segmentation,1
0,0.958647617,5,123,GO:0035285;GO:0036011,appendage segmentation,1
0,0.818163066,2,68,GO:0035287;GO:0035288;GO:0097065,head segmentation,1
0,0.508302164,4,42,GO:0035289,posterior head segmentation,1
0,0.83789488,5,50,GO:0035290,trunk segmentation,1
0,0.992002642,2,73,GO:0035309,wing and notum subfield formation,1
0,1,5,36,GO:0035310,notum cell fate specification,1
0,0.410519741,2,8,GO:0035311,wing cell fate specification,1
0,0.63968695,2,348,GO:0035315,hair cell differentiation,1
0,1,3,13,GO:0035321,maintenance of imaginal disc-derived wing hair orientation,1
0,0.802099259,2,66,GO:0035329,hippo signaling,1
0,0.995481688,2,143,GO:0035330,regulation of hippo signaling,1
0,0.980334447,4,89,GO:0035331,negative regulation of hippo signaling,1
0,0.984491924,2,63,GO:0035332,positive regulation of hippo signaling,1
0,1,2,5,GO:0035350;GO:0015883,FAD transmembrane transport,1
0,0.370255454,3,7,GO:0035356,cellular triglyceride homeostasis,1
0,0.368762764,2,20,GO:0035358;GO:0035360,regulation of peroxisome proliferator activated receptor signaling pathway,1
0,0.4808951,3,25,GO:0035372,protein localization to microtubule,1
0,0.516521366,2,11,GO:0035376;GO:0070508,sterol import,1
0,1,2,13,GO:0035377,transepithelial water transport,1
0,1,4,5,GO:0035378,carbon dioxide transmembrane transport,1
0,0.887088899,3,33,GO:0035385,Roundabout signaling pathway,1
0,1,3,20,GO:0035405,histone-threonine phosphorylation,1
0,1,2,9,GO:0035408,histone H3-T6 phosphorylation,1
0,0.957710553,3,247,GO:0035418;GO:1902414,protein localization to cell junction,1
0,1,2,11,GO:0035426,extracellular matrix-cell signaling,1
0,0.652568745,3,16,GO:0035437;GO:0006621,maintenance of protein localization in endoplasmic reticulum,1
0,0.516521366,4,11,GO:0035441,cell migration involved in vasculogenesis,1
0,1,5,5,GO:0035442;GO:0042938,dipeptide transmembrane transport,1
0,0.615451342,3,32,GO:0035455,response to interferon-alpha,1
0,0.424332277,5,37,GO:0035456;GO:0035458,response to interferon-beta,1
0,0.733287994,3,20,GO:0035457,cellular response to interferon-alpha,1
0,1,6,17,GO:0035469;GO:0071910,determination of pancreatic left/right asymmetry,1
0,1,4,5,GO:0035470,positive regulation of vascular wound healing,1
0,1,2,7,GO:0035474,selective angioblast sprouting,1
0,1,2,15,GO:0035476,angioblast cell migration,1
0,1,4,7,GO:0035479,angioblast cell migration from lateral mesoderm to midline,1
0,0.652568745,3,16,GO:0035480;GO:0035481,regulation of Notch signaling pathway involved in heart induction,1
0,1,4,11,GO:0035482;GO:0035483,gastric motility,1
0,0.368762764,3,20,GO:0035493,SNARE complex assembly,1
0,0.516521366,5,11,GO:0035494,SNARE complex disassembly,1
0,1,2,9,GO:0035502,metanephric part of ureteric bud development,1
0,0.733287994,5,20,GO:0035507;GO:0035509,regulation of myosin-light-chain-phosphatase activity,1
0,0.579922037,2,30,GO:0035510,DNA dealkylation,1
0,1,2,5,GO:0035513,oxidative RNA demethylation,1
0,0.901078974,2,35,GO:0035518,histone H2A monoubiquitination,1
0,1,3,16,GO:0035520,monoubiquitinated protein deubiquitination,1
0,1,8,9,GO:0035521;GO:0035522,monoubiquitinated histone deubiquitination,1
0,1,3,10,GO:0035523,protein K29-linked deubiquitination,1
0,0.448211014,2,9,GO:0035524,proline transmembrane transport,1
0,0.852897647,6,29,GO:0035542,regulation of SNARE complex assembly,1
0,1,3,9,GO:0035544,negative regulation of SNARE complex assembly,1
0,1,2,27,GO:0035545,determination of left/right asymmetry in nervous system,1
0,1,4,27,GO:0035563,positive regulation of chromatin binding,1
0,1,2,8,GO:0035564,regulation of kidney size,1
0,1,5,5,GO:0035566,regulation of metanephros size,1
0,0.857714276,7,243,GO:0035567,non-canonical Wnt signaling pathway,1
0,1,7,6,GO:0035574,histone H4-K20 demethylation,1
0,0.960823085,5,49,GO:0035584,calcium-mediated signaling using intracellular calcium source,1
0,1,4,8,GO:0035585,calcium-mediated signaling using extracellular calcium source,1
0,1,4,6,GO:0035593,positive regulation of Wnt signaling pathway by establishment of Wnt protein localization to extracellular region,1
0,1,2,6,GO:0035607,fibroblast growth factor receptor signaling pathway involved in orbitofrontal cortex development,1
0,1,3,10,GO:0035608;GO:0035610,protein deglutamylation,1
0,1,2,6,GO:0035609,C-terminal protein deglutamylation,1
0,1,2,8,GO:0035616,histone H2B conserved C-terminal lysine deubiquitination,1
0,0.795261829,3,24,GO:0035617;GO:0098935;GO:0098937;GO:0098957,dendritic transport,1
0,0.576379282,2,13,GO:0035622,intrahepatic bile duct development,1
0,1,2,17,GO:0035624,receptor transactivation,1
0,1,-1,14,GO:0035625;GO:0007211;GO:0071927,obsolete epidermal growth factor-activated receptor transactivation by G-protein coupled receptor signaling pathway,1
0,0.516521366,2,11,GO:0035626,juvenile hormone mediated signaling pathway,1
0,0.448211014,5,9,GO:0035630,bone mineralization involved in bone maturation,1
0,1,2,16,GO:0035633,maintenance of blood-brain barrier,1
0,0.991439688,2,355,GO:0035637,multicellular organismal signaling,1
0,0.993864197,2,77,GO:0035640,exploration behavior,1
0,1,3,48,GO:0035641,locomotory exploration behavior,1
0,0.628830106,2,15,GO:0035655;GO:0070673;GO:0071351,response to interleukin-18,1
0,1,4,5,GO:0035668;GO:0035669,TRAM-dependent toll-like receptor signaling pathway,1
0,0.603470491,5,14,GO:0035675;GO:0048886,neuromast hair cell differentiation,1
0,1,2,6,GO:0035677,posterior lateral line neuromast hair cell development,1
0,1,2,9,GO:0035694,mitochondrial protein catabolic process,1
0,1,3,16,GO:0035701,hematopoietic stem cell migration,1
0,1,2,13,GO:0035720,intraciliary anterograde transport,1
0,1,5,20,GO:0035721,intraciliary retrograde transport,1
0,1,3,15,GO:0035726,common myeloid progenitor cell proliferation,1
0,0.694064825,3,37,GO:0035728;GO:0035729,response to hepatocyte growth factor,1
0,1,4,6,GO:0035733,hepatic stellate cell activation,1
0,0.98886306,2,68,GO:0035735,intraciliary transport involved in cilium assembly,1
0,0.327242611,2,6,GO:0035736,cell proliferation involved in compound eye morphogenesis,1
0,1,6,6,GO:0035744,T-helper 1 cell cytokine production,1
0,0.4808951,6,25,GO:0035751,regulation of lysosomal lumen pH,1
0,0.392067335,4,21,GO:0035767,endothelial cell chemotaxis,1
0,0.695590709,2,18,GO:0035773,insulin secretion involved in cellular response to glucose stimulus,1
0,0.439263731,3,83,GO:0035774,positive regulation of insulin secretion involved in cellular response to glucose stimulus,1
0,1,3,8,GO:0035775,pronephric glomerulus morphogenesis,1
0,1,2,5,GO:0035776,pronephric proximal tubule development,1
0,1,4,7,GO:0035787,cell migration involved in kidney development,1
0,0.368762764,2,20,GO:0035791,platelet-derived growth factor receptor-beta signaling pathway,1
0,0.410519741,4,8,GO:0035795;GO:1905709,negative regulation of mitochondrial membrane permeability,1
0,1,2,10,GO:0035799,ureter maturation,1
0,0.370255454,2,7,GO:0035801;GO:0035802,adrenal cortex development,1
0,1,2,19,GO:0035811,negative regulation of urine volume,1
0,1,2,28,GO:0035814,negative regulation of renal sodium excretion,1
0,1,2,10,GO:0035822,gene conversion,1
0,1,3,20,GO:0035844,cloaca development,1
0,1,2,38,GO:0035845,photoreceptor cell outer segment organization,1
0,1,4,11,GO:0035846;GO:0060066,oviduct development,1
0,1,2,8,GO:0035847,uterine epithelium development,1
0,1,7,19,GO:0035860,glial cell-derived neurotrophic factor receptor signaling pathway,1
0,0.628830106,2,15,GO:0035871,protein K11-linked deubiquitination,1
0,1,3,20,GO:0035878,nail development,1
0,0.547438314,2,12,GO:0035879,plasma membrane lactate transport,1
0,1,2,6,GO:0035880,embryonic nail plate morphogenesis,1
0,1,2,14,GO:0035881,amacrine cell differentiation,1
0,1,3,5,GO:0035882,defecation rhythm,1
0,0.988100561,7,67,GO:0035883;GO:0003309,enteroendocrine cell differentiation,1
0,0.967877881,3,52,GO:0035886,vascular associated smooth muscle cell differentiation,1
0,1,4,5,GO:0035898,parathyroid hormone secretion,1
0,0.414973589,3,22,GO:0035900,response to isolation stress,1
0,0.907735782,5,125,GO:0035904,aorta development,1
0,1,3,10,GO:0035905;GO:0035910,ascending aorta development,1
0,1,2,26,GO:0035907,dorsal aorta development,1
0,0.979789742,2,59,GO:0035909,aorta morphogenesis,1
0,1,2,18,GO:0035912,dorsal aorta morphogenesis,1
0,0.63504142,3,118,GO:0035914,skeletal muscle cell differentiation,1
0,0.561331513,2,94,GO:0035924,cellular response to vascular endothelial growth factor stimulus,1
0,0.448211014,4,9,GO:0035927,RNA import into mitochondrion,1
0,0.327242611,2,6,GO:0035928,rRNA import into mitochondrion,1
0,1,4,11,GO:0035929,steroid hormone secretion,1
0,1,2,5,GO:0035930,corticosteroid hormone secretion,1
0,0.321177305,-1,18,GO:0035947,obsolete regulation of gluconeogenesis by regulation of transcription from RNA polymerase II promoter,1
0,1,-1,11,GO:0035948,obsolete positive regulation of gluconeogenesis by positive regulation of transcription from RNA polymerase II promoter,1
0,1,5,12,GO:0035962,response to interleukin-13,1
0,1,3,5,GO:0035963,cellular response to interleukin-13,1
0,1,3,6,GO:0035965,cardiolipin acyl-chain remodeling,1
0,0.615451342,2,32,GO:0035970,peptidyl-threonine dephosphorylation,1
0,1,2,10,GO:0035973,aggrephagy,1
0,0.414973589,5,22,GO:0035989,tendon development,1
0,1,4,9,GO:0035990;GO:0035992,tendon cell differentiation,1
0,1,3,7,GO:0035993,deltoid tuberosity development,1
0,0.660225036,3,87,GO:0035994,response to muscle stretch,1
0,0.603470491,3,14,GO:0035995,detection of muscle stretch,1
0,1,2,10,GO:0035999,tetrahydrofolate interconversion,1
0,0.368762764,5,20,GO:0036005;GO:0036006,response to macrophage colony-stimulating factor,1
0,0.414973589,5,22,GO:0036017;GO:0036018,response to erythropoietin,1
0,1,3,13,GO:0036022,limb joint morphogenesis,1
0,1,2,6,GO:0036023,embryonic skeletal limb joint morphogenesis,1
0,0.750349027,2,21,GO:0036035,osteoclast development,1
0,0.795261829,7,24,GO:0036058;GO:0036059,filtration diaphragm assembly,1
0,0.694064825,3,37,GO:0036065,fucosylation,1
0,1,4,20,GO:0036066,protein O-linked fucosylation,1
0,0.327242611,2,6,GO:0036071,N-glycan fucosylation,1
0,0.766319286,5,22,GO:0036090,cleavage furrow ingression,1
0,0.860778857,4,114,GO:0036092,phosphatidylinositol-3-phosphate biosynthetic process,1
0,0.576379282,2,13,GO:0036093,germ cell proliferation,1
0,0.952024019,2,73,GO:0036099,female germ-line stem cell population maintenance,1
0,0.576379282,7,13,GO:0036124,histone H3-K9 trimethylation,1
0,1,2,6,GO:0036145,dendritic cell homeostasis,1
0,1,2,9,GO:0036146;GO:0071505;GO:0071506,cellular response to mycotoxin,1
0,1,2,31,GO:0036148,phosphatidylglycerol acyl-chain remodeling,1
0,0.766319286,2,22,GO:0036149,phosphatidylinositol acyl-chain remodeling,1
0,0.597982132,2,31,GO:0036150,phosphatidylserine acyl-chain remodeling,1
0,0.383270695,2,49,GO:0036151,phosphatidylcholine acyl-chain remodeling,1
0,0.491998306,2,41,GO:0036152,phosphatidylethanolamine acyl-chain remodeling,1
0,1,2,24,GO:0036158,outer dynein arm assembly,1
0,1,6,22,GO:0036159,inner dynein arm assembly,1
0,0.370255454,5,7,GO:0036215;GO:0036216;GO:0038109,response to stem cell factor,1
0,0.448211014,-1,9,GO:0036251;GO:0061392;GO:0061393;GO:0061404;GO:0061416,obsolete positive regulation of transcription from RNA polymerase II promoter in response to salt stress,1
0,0.402356335,2,65,GO:0036257;GO:0036258,multivesicular body organization,1
0,1,2,5,GO:0036265,RNA (guanine-N7)-methylation,1
0,0.547438314,2,12,GO:0036269,swimming behavior,1
0,1,8,20,GO:0036289,peptidyl-serine autophosphorylation,1
0,1,2,7,GO:0036290,protein trans-autophosphorylation,1
0,1,2,6,GO:0036292,DNA rewinding,1
0,1,3,24,GO:0036302,atrioventricular canal development,1
0,1,3,5,GO:0036304;GO:0061027,umbilical cord morphogenesis,1
0,0.327242611,2,6,GO:0036306,embryonic heart tube elongation,1
0,1,2,12,GO:0036309,protein localization to M-band,1
0,0.65703007,4,154,GO:0036314,response to sterol,1
0,0.369781116,2,77,GO:0036315,cellular response to sterol,1
0,0.428042577,2,67,GO:0036335,intestinal stem cell homeostasis,1
0,0.846975001,3,72,GO:0036342,post-anal tail morphogenesis,1
0,1,2,7,GO:0036343,psychomotor behavior,1
0,1,2,16,GO:0036353,histone H2A-K119 monoubiquitination,1
0,1,2,5,GO:0036363;GO:0071604,transforming growth factor beta activation,1
0,0.516521366,8,11,GO:0036369,transcription factor catabolic process,1
0,1,2,8,GO:0036371,protein localization to T-tubule,1
0,1,5,8,GO:0036372,opsin transport,1
0,0.795261829,5,24,GO:0036376,sodium ion export across plasma membrane,1
0,1,2,8,GO:0036438,maintenance of lens transparency,1
0,0.414973589,5,22,GO:0036444,calcium import into the mitochondrion,1
0,0.55522886,5,269,GO:0036445;GO:0055057;GO:0055059;GO:0098722,asymmetric stem cell division,1
0,1,2,5,GO:0036462,TRAIL-activated apoptotic signaling pathway,1
0,0.417041484,4,263,GO:0036465;GO:0048488;GO:0140238,synaptic vesicle recycling,1
0,1,4,8,GO:0036474,cell death in response to hydrogen peroxide,1
0,1,2,7,GO:0036493,positive regulation of translation in response to endoplasmic reticulum stress,1
0,1,2,5,GO:0036496,regulation of translational initiation by eIF2 alpha dephosphorylation,1
0,1,4,7,GO:0036506,maintenance of unfolded protein,1
0,1,2,12,GO:0036514;GO:1904938,dopaminergic neuron axon guidance,1
0,1,4,7,GO:0036515,serotonergic neuron axon guidance,1
0,0.345112283,2,19,GO:0038001,paracrine signaling,1
0,1,2,14,GO:0038003,opioid receptor signaling pathway,1
0,1,3,33,GO:0038007,netrin-activated signaling pathway,1
0,1,5,7,GO:0038026,reelin-mediated signaling pathway,1
0,0.345112283,3,19,GO:0038027,apolipoprotein A-I-mediated signaling pathway,1
0,1,2,8,GO:0038028,insulin receptor signaling pathway via phosphatidylinositol 3-kinase,1
0,1,2,15,GO:0038030;GO:0038031,non-canonical Wnt signaling pathway via MAPK cascade,1
0,1,2,7,GO:0038032,termination of G protein-coupled receptor signaling pathway,1
0,0.695590709,3,18,GO:0038033;GO:0038089,positive regulation of cell migration by vascular endothelial growth factor signaling pathway,1
0,0.312159417,3,72,GO:0038061,NIK/NF-kappaB signaling,1
0,0.547438314,2,12,GO:0038063,collagen-activated tyrosine kinase receptor signaling pathway,1
0,0.695590709,3,18,GO:0038065,collagen-activated signaling pathway,1
0,0.335943988,4,32,GO:0038066,p38MAPK cascade,1
0,0.353668383,5,47,GO:0038084,vascular endothelial growth factor signaling pathway,1
0,1,3,9,GO:0038086;GO:0038091,positive regulation of cell proliferation by VEGF-activated platelet derived growth factor receptor signaling pathway,1
0,0.795261829,3,24,GO:0038092,nodal signaling pathway,1
0,0.32770656,3,131,GO:0038095,Fc-epsilon receptor signaling pathway,1
0,1,4,7,GO:0038098,sequestering of BMP from receptor via BMP binding,1
0,0.448211014,5,9,GO:0038107;GO:1900094;GO:1900164,nodal signaling pathway involved in determination of lateral mesoderm left/right asymmetry,1
0,1,7,6,GO:0038108,negative regulation of appetite by leptin-mediated signaling pathway,1
0,0.760306678,4,80,GO:0038128,ERBB2 signaling pathway,1
0,1,8,5,GO:0038129,ERBB3 signaling pathway,1
0,0.516521366,2,11,GO:0038145,macrophage colony-stimulating factor signaling pathway,1
0,0.327242611,4,6,GO:0038156,interleukin-3-mediated signaling pathway,1
0,1,4,10,GO:0038162,erythropoietin-mediated signaling pathway,1
0,1,3,7,GO:0038163,thrombopoietin-mediated signaling pathway,1
0,1,5,11,GO:0038169;GO:0038170,somatostatin receptor signaling pathway,1
0,1,2,10,GO:0038171,cannabinoid signaling pathway,1
0,0.615451342,4,32,GO:0038180,nerve growth factor signaling pathway,1
0,1,2,5,GO:0038183,bile acid signaling pathway,1
0,1,2,6,GO:0038188,cholecystokinin signaling pathway,1
0,0.448211014,3,9,GO:0038189;GO:0038190;GO:1902336,neuropilin signaling pathway,1
0,1,3,5,GO:0038194,thyroid-stimulating hormone signaling pathway,1
0,0.975349778,2,56,GO:0038202,TORC1 signaling,1
0,1,2,18,GO:0038203,TORC2 signaling,1
0,1,6,6,GO:0039003;GO:0072004;GO:0072304;GO:0072305;GO:1900214;GO:1900215;GO:1900217;GO:1900218;GO:2000592;GO:2000594,regulation of mesenchymal cell apoptotic process involved in metanephric nephron morphogenesis,1
0,1,4,14,GO:0039017,pattern specification involved in pronephros development,1
0,0.321177305,2,18,GO:0039020,pronephric nephron tubule development,1
0,1,2,12,GO:0039021,pronephric glomerulus development,1
0,0.448211014,2,9,GO:0039022,pronephric duct development,1
0,1,5,7,GO:0039529,RIG-I signaling pathway,1
0,0.370255454,6,7,GO:0039533;GO:0039534,negative regulation of MDA-5 signaling pathway,1
0,1,4,8,GO:0039656,modulation by virus of host gene expression,1
0,1,6,8,GO:0039689,negative stranded viral RNA replication,1
0,1,3,25,GO:0039694,viral RNA genome replication,1
0,0.506631931,4,136,GO:0040003,chitin-based cuticle development,1
0,0.849306834,1,1813,GO:0040007;GO:0048589,growth,1
0,0.61576619,2,66,GO:0040009,regulation of growth rate,1
0,0.599853625,2,48,GO:0040010,positive regulation of growth rate,1
0,0.847204493,3,258,GO:0040018,positive regulation of multicellular organism growth,1
0,0.58255184,2,177,GO:0040019,positive regulation of embryonic development,1
0,0.795261829,2,24,GO:0040021,hermaphrodite germ-line sex determination,1
0,1,6,10,GO:0040022,feminization of hermaphroditic germ-line,1
0,0.62455888,3,199,GO:0040024,dauer larval development,1
0,0.935876697,2,195,GO:0040025,vulval development,1
0,0.404285086,2,261,GO:0040028,regulation of vulval development,1
0,1,3,10,GO:0040031,snRNA modification,1
0,0.406905721,3,36,GO:0040032,post-embryonic body morphogenesis,1
0,0.379410315,2,137,GO:0040036,regulation of fibroblast growth factor receptor signaling pathway,1
0,0.811491596,4,47,GO:0040039,inductive cell migration,1
0,1,3,93,GO:0040040,thermosensory behavior,1
0,1,3,6,GO:0042001;GO:0042004,feminization of hermaphrodite soma,1
0,0.576379282,6,13,GO:0042006,masculinization of hermaphroditic germ-line,1
0,0.555487983,2,45,GO:0042023,DNA endoreduplication,1
0,0.894315043,3,34,GO:0042026,protein refolding,1
0,0.929427124,4,89,GO:0042044,fluid transport,1
0,0.874538064,5,55,GO:0042045,epithelial fluid transport,1
0,0.999961905,3,259,GO:0042048,olfactory behavior,1
0,0.966588616,2,274,GO:0042051,compound eye photoreceptor development,1
0,0.515577201,2,137,GO:0042052,rhabdomere development,1
0,0.552743258,2,61,GO:0042053;GO:0042069,regulation of catecholamine metabolic process,1
0,1,2,6,GO:0042062,long-term strengthening of neuromuscular junction,1
0,0.698124129,2,800,GO:0042063,gliogenesis,1
0,1,4,19,GO:0042065;GO:0042066,glial cell growth,1
0,0.820972675,3,216,GO:0042067,establishment of ommatidial planar polarity,1
0,0.997257179,4,123,GO:0042073;GO:0098840;GO:0099118,microtubule-based protein transport,1
0,0.405551499,2,140,GO:0042078,germ-line stem cell division,1
0,0.389323909,2,35,GO:0042088,T-helper 1 type immune response,1
0,0.484629179,2,56,GO:0042100,B cell proliferation,1
0,1,2,36,GO:0042104,positive regulation of activated T cell proliferation,1
0,0.547438314,4,12,GO:0042117,monocyte activation,1
0,0.842841585,2,28,GO:0042118,endothelial cell activation,1
0,0.327242611,4,6,GO:0042126,nitrate metabolic process,1
0,0.395699882,2,184,GO:0042133,neurotransmitter metabolic process,1
0,0.945459578,2,44,GO:0042135,neurotransmitter catabolic process,1
0,0.437484648,3,98,GO:0042136,neurotransmitter biosynthetic process,1
0,0.483493607,3,10,GO:0042137;GO:0097401,sequestering of neurotransmitter,1
0,1,2,6,GO:0042138,meiotic DNA double-strand break formation,1
0,0.639871888,2,283,GO:0042177,negative regulation of protein catabolic process,1
0,0.31835853,2,159,GO:0042180,cellular ketone metabolic process,1
0,1,2,11,GO:0042182,ketone catabolic process,1
0,0.389323909,2,35,GO:0042219,cellular modified amino acid catabolic process,1
0,0.978347439,3,204,GO:0042220,response to cocaine,1
0,0.79553124,2,193,GO:0042246,tissue regeneration,1
0,0.335943988,3,32,GO:0042249,establishment of planar polarity of embryonic epithelium,1
0,0.999991462,2,400,GO:0042254,ribosome biogenesis,1
0,0.998829814,2,102,GO:0042255,ribosome assembly,1
0,0.547438314,5,12,GO:0042256,mature ribosome assembly,1
0,0.483493607,2,10,GO:0042262,DNA protection,1
0,1,2,9,GO:0042271,susceptibility to natural killer cell mediated cytotoxicity,1
0,0.99953765,2,116,GO:0042273,ribosomal large subunit biogenesis,1
0,0.999472046,2,114,GO:0042274,ribosomal small subunit biogenesis,1
0,1,2,6,GO:0042275,error-free postreplication DNA repair,1
0,1,5,31,GO:0042276,error-prone translesion synthesis,1
0,1,3,39,GO:0042297;GO:0098596;GO:0098598;GO:0098597,observational learning,1
0,0.950945387,2,468,GO:0042303,molting cycle,1
0,0.321074719,2,87,GO:0042304,regulation of fatty acid biosynthetic process,1
0,0.795267146,2,103,GO:0042308;GO:0046823;GO:1904590,negative regulation of nucleocytoplasmic transport,1
0,0.87734043,2,77,GO:0042311,vasodilation,1
0,0.363618838,2,62,GO:0042339;GO:0018146,keratan sulfate metabolic process,1
0,1,4,22,GO:0042340,keratan sulfate catabolic process,1
0,0.933485191,3,41,GO:0042359,vitamin D metabolic process,1
0,0.4808951,3,25,GO:0042362,fat-soluble vitamin biosynthetic process,1
0,1,2,16,GO:0042363,fat-soluble vitamin catabolic process,1
0,1,2,6,GO:0042365,water-soluble vitamin catabolic process,1
0,1,2,7,GO:0042369,vitamin D catabolic process,1
0,1,3,10,GO:0042373,vitamin K metabolic process,1
0,0.820621492,3,26,GO:0042381,hemolymph coagulation,1
0,0.865898997,3,75,GO:0042386,hemocyte differentiation,1
0,0.998559945,3,1170,GO:0042391,regulation of membrane potential,1
0,0.416183594,3,81,GO:0042401;GO:0009309,cellular biogenic amine biosynthetic process,1
0,0.679449394,4,54,GO:0042402;GO:0009310,cellular biogenic amine catabolic process,1
0,1,3,25,GO:0042403,thyroid hormone metabolic process,1
0,1,2,46,GO:0042407,cristae formation,1
0,1,5,6,GO:0042414,epinephrine metabolic process,1
0,0.501834227,3,26,GO:0042415,norepinephrine metabolic process,1
0,0.832098503,2,27,GO:0042416,dopamine biosynthetic process,1
0,0.715061732,5,19,GO:0042421,norepinephrine biosynthetic process,1
0,0.579922037,2,30,GO:0042428;GO:1901160,primary amino compound metabolic process,1
0,0.978406522,2,58,GO:0042430,indole-containing compound metabolic process,1
0,1,3,11,GO:0042435,indole-containing compound biosynthetic process,1
0,0.887088899,2,33,GO:0042438,melanin biosynthetic process,1
0,0.400350407,2,367,GO:0042440,pigment metabolic process,1
0,0.470404889,3,132,GO:0042446,hormone biosynthetic process,1
0,0.4808951,4,25,GO:0042447,hormone catabolic process,1
0,0.832098503,6,27,GO:0042448,progesterone metabolic process,1
0,0.491998306,3,41,GO:0042451;GO:0046129,purine nucleoside biosynthetic process,1
0,0.398018913,6,50,GO:0042454,ribonucleoside catabolic process,1
0,0.995622807,2,477,GO:0042461;GO:0042462,photoreceptor cell development,1
0,0.674789964,3,17,GO:0042464,dosage compensation by hypoactivation of X chromosome,1
0,0.98875046,3,347,GO:0042471;GO:0042472,ear morphogenesis,1
0,0.853588002,2,52,GO:0042474,middle ear morphogenesis,1
0,0.994183836,2,189,GO:0042475,odontogenesis of dentin-containing tooth,1
0,0.986528306,4,280,GO:0042476,odontogenesis,1
0,0.845923066,3,51,GO:0042478,regulation of eye photoreceptor cell development,1
0,0.547438314,2,12,GO:0042479;GO:0045315,positive regulation of eye photoreceptor cell development,1
0,1,2,8,GO:0042480,negative regulation of eye photoreceptor cell development,1
0,0.679449394,6,54,GO:0042481,regulation of odontogenesis,1
0,1,3,9,GO:0042483;GO:0110111,negative regulation of odontogenesis,1
0,1,2,27,GO:0042487,regulation of odontogenesis of dentin-containing tooth,1
0,1,4,11,GO:0042488,positive regulation of odontogenesis of dentin-containing tooth,1
0,0.996843843,4,250,GO:0042490;GO:0060113,mechanoreceptor differentiation,1
0,0.859739291,6,133,GO:0042491,inner ear auditory receptor cell differentiation,1
0,0.410519741,2,8,GO:0042492,gamma-delta T cell differentiation,1
0,1,2,15,GO:0042501,serine phosphorylation of STAT protein,1
0,0.913336501,3,37,GO:0042532,negative regulation of tyrosine phosphorylation of STAT protein,1
0,0.801870371,3,46,GO:0042537,benzene-containing compound metabolic process,1
0,0.746969679,3,41,GO:0042538,hyperosmotic salinity response,1
0,1,2,5,GO:0042539,hypotonic salinity response,1
0,0.392067335,5,21,GO:0042554,superoxide anion generation,1
0,0.81027492,2,67,GO:0042558,pteridine-containing compound metabolic process,1
0,1,2,24,GO:0042559,pteridine-containing compound biosynthetic process,1
0,0.694064825,7,37,GO:0042573,retinoic acid metabolic process,1
0,1,3,9,GO:0042631,cellular response to water deprivation,1
0,0.994257515,3,78,GO:0042634,regulation of hair cycle,1
0,0.907410239,2,36,GO:0042635;GO:0051798,positive regulation of hair cycle,1
0,1,2,14,GO:0042636;GO:0051799,negative regulation of hair cycle,1
0,0.459218071,5,316,GO:0042659;GO:0010453,regulation of cell fate commitment,1
0,0.335943988,2,32,GO:0042660,positive regulation of cell fate specification,1
0,0.728387734,2,112,GO:0042661;GO:1905770;GO:1905902;GO:2000380,regulation of mesoderm development,1
0,1,2,16,GO:0042662;GO:1905771;GO:1905903,negative regulation of mesodermal cell differentiation,1
0,0.664341412,2,35,GO:0042663;GO:1903224,regulation of endodermal cell differentiation,1
0,1,2,19,GO:0042664;GO:1903225,negative regulation of endodermal cell differentiation,1
0,1,2,8,GO:0042667,auditory receptor cell fate specification,1
0,1,5,12,GO:0042668;GO:1905457;GO:2000974;GO:2000978,auditory receptor cell fate determination,1
0,0.324063557,2,45,GO:0042670,retinal cone cell differentiation,1
0,1,6,12,GO:0042673;GO:0060222,regulation of retinal cone cell fate commitment,1
0,0.99787482,3,93,GO:0042675,compound eye cone cell differentiation,1
0,0.965679999,3,51,GO:0042676,compound eye cone cell fate commitment,1
0,0.368762764,2,20,GO:0042682,regulation of compound eye cone cell fate specification,1
0,0.695590709,5,18,GO:0042684,cardioblast cell fate commitment,1
0,0.516521366,4,11,GO:0042685;GO:0050925,cardioblast cell fate specification,1
0,1,2,20,GO:0042688,crystal cell differentiation,1
0,1,2,25,GO:0042689,regulation of crystal cell differentiation,1
0,1,3,16,GO:0042691;GO:0045612,positive regulation of hemocyte differentiation,1
0,0.9206738,3,1155,GO:0042692;GO:0051146,muscle cell differentiation,1
0,0.999264404,2,109,GO:0042693,muscle cell fate commitment,1
0,1,2,57,GO:0042694,muscle cell fate specification,1
0,0.547438314,2,12,GO:0042695;GO:0060744,thelarche,1
0,0.965924748,2,213,GO:0042698,ovulation cycle,1
0,1,3,15,GO:0042699,follicle-stimulating hormone signaling pathway,1
0,1,2,6,GO:0042701,progesterone secretion,1
0,1,3,6,GO:0042704,uterine wall breakdown,1
0,0.845923066,2,51,GO:0042711;GO:0060746,parental behavior,1
0,0.542035276,2,28,GO:0042713,sperm ejaculation,1
0,0.448211014,3,9,GO:0042723,thiamine-containing compound metabolic process,1
0,0.862310599,2,30,GO:0042730,fibrinolysis,1
0,1,2,6,GO:0042732,D-xylose metabolic process,1
0,0.999344796,2,147,GO:0042733,embryonic digit morphogenesis,1
0,0.555487983,2,45,GO:0042743,hydrogen peroxide metabolic process,1
0,1,2,20,GO:0042744,hydrogen peroxide catabolic process,1
0,0.313823826,2,173,GO:0042749;GO:0045187,regulation of circadian sleep/wake cycle,1
0,0.353668383,2,47,GO:0042754,negative regulation of circadian rhythm,1
0,0.550558342,2,125,GO:0042755,eating behavior,1
0,0.852897647,2,29,GO:0042756,drinking behavior,1
0,0.576379282,2,13,GO:0042758,long-chain fatty acid catabolic process,1
0,0.795261829,2,24,GO:0042760,very long-chain fatty acid catabolic process,1
0,0.632331372,5,33,GO:0042762,regulation of sulfur metabolic process,1
0,0.820621492,2,26,GO:0042766,nucleosome mobilization,1
0,1,9,26,GO:0042776,mitochondrial ATP synthesis coupled proton transport,1
0,1,2,11,GO:0042780,tRNA 3'-end processing,1
0,1,2,11,GO:0042791,5S class rRNA transcription by RNA polymerase III,1
0,0.603470491,3,14,GO:0042796,snRNA transcription by RNA polymerase III,1
0,0.576379282,2,13,GO:0042822;GO:0042816,vitamin B6 metabolic process,1
0,0.370255454,2,7,GO:0042823;GO:0042819,vitamin B6 biosynthetic process,1
0,0.524327146,-1,43,GO:0042891,obsolete antibiotic transport,1
0,0.370255454,2,7,GO:0042904;GO:0042905,9-cis-retinoic acid biosynthetic process,1
0,0.781268471,4,23,GO:0042908,xenobiotic transport,1
0,0.871121548,3,31,GO:0042953;GO:0044872,lipoprotein localization,1
0,0.324063557,2,45,GO:0042982,amyloid precursor protein metabolic process,1
0,0.808360443,3,25,GO:0042987,amyloid precursor protein catabolic process,1
0,0.453500661,2,69,GO:0043001,Golgi to plasma membrane protein transport,1
0,0.965269526,3,1789,GO:0043009,chordate embryonic development,1
0,0.992176634,2,968,GO:0043010,camera-type eye development,1
0,0.551365795,2,77,GO:0043029,T cell homeostasis,1
0,0.576529212,2,144,GO:0043044,ATP-dependent chromatin remodeling,1
0,1,8,12,GO:0043045;GO:1901538;GO:0090116,DNA methylation involved in embryo development,1
0,1,8,20,GO:0043046,DNA methylation involved in gamete generation,1
0,1,3,28,GO:0043049,otic placode formation,1
0,0.540059688,3,44,GO:0043050,pharyngeal pumping,1
0,0.999893168,2,210,GO:0043051;GO:1903998,regulation of eating behavior,1
0,0.846975001,3,72,GO:0043052,thermotaxis,1
0,1,3,29,GO:0043054;GO:0071981,exit from diapause,1
0,1,3,7,GO:0043056,forward locomotion,1
0,1,3,30,GO:0043057,backward locomotion,1
0,0.913336501,3,37,GO:0043058,regulation of backward locomotion,1
0,0.750349027,2,21,GO:0043059,regulation of forward locomotion,1
0,0.574495373,2,79,GO:0043094,cellular metabolic compound salvage,1
0,1,3,5,GO:0043095,regulation of GTP cyclohydrolase I activity,1
0,1,2,8,GO:0043096;GO:0043103,purine nucleobase salvage,1
0,0.708091899,2,38,GO:0043101,purine-containing compound salvage,1
0,0.998480247,2,163,GO:0043113,receptor clustering,1
0,0.510347414,2,105,GO:0043114,regulation of vascular permeability,1
0,0.770345782,2,43,GO:0043116,negative regulation of vascular permeability,1
0,0.924075932,3,39,GO:0043117,positive regulation of vascular permeability,1
0,0.484309675,2,367,GO:0043122,regulation of I-kappaB kinase/NF-kappaB signaling,1
0,0.378271135,2,272,GO:0043123,positive regulation of I-kappaB kinase/NF-kappaB signaling,1
0,0.758363957,4,98,GO:0043124,negative regulation of I-kappaB kinase/NF-kappaB signaling,1
0,0.937743292,3,42,GO:0043129;GO:0048875,chemical homeostasis within a tissue,1
0,1,2,5,GO:0043132,NAD transport,1
0,1,6,5,GO:0043134,regulation of hindgut contraction,1
0,1,5,5,GO:0043152,induction of bacterial agglutination,1
0,0.845923066,3,51,GO:0043171,peptide catabolic process,1
0,0.750349027,5,21,GO:0043201,response to leucine,1
0,0.913336501,2,37,GO:0043217,myelin maintenance,1
0,0.935809638,2,91,GO:0043243,positive regulation of protein-containing complex disassembly,1
0,1,6,13,GO:0043247,telomere maintenance in response to DNA damage,1
0,0.508302164,2,42,GO:0043249,erythrocyte maturation,1
0,0.597982132,2,31,GO:0043252,sodium-independent organic anion transport,1
0,0.995523448,2,242,GO:0043266;GO:1901379,regulation of potassium ion transport,1
0,0.965544245,3,79,GO:0043267,negative regulation of potassium ion transport,1
0,0.963879658,3,126,GO:0043268;GO:1901381,positive regulation of potassium ion transport,1
0,0.901078974,2,35,GO:0043276,anoikis,1
0,0.38492427,3,425,GO:0043279,response to alkaloid,1
0,0.733287994,2,20,GO:0043282,pharyngeal muscle development,1
0,0.441825975,5,53,GO:0043302,positive regulation of leukocyte degranulation,1
0,1,3,10,GO:0043309,regulation of eosinophil degranulation,1
0,1,2,7,GO:0043311;GO:1902568,positive regulation of eosinophil degranulation,1
0,1,3,5,GO:0043315;GO:1902565,positive regulation of neutrophil activation,1
0,0.483493607,3,10,GO:0043321,regulation of natural killer cell degranulation,1
0,1,2,5,GO:0043323,positive regulation of natural killer cell degranulation,1
0,1,4,6,GO:0043327,chemotaxis to cAMP,1
0,1,3,9,GO:0043328,protein transport to vacuole involved in ubiquitin-dependent protein catabolic process via the multivesicular body sorting pathway,1
0,0.652568745,6,16,GO:0043353,enucleate erythrocyte differentiation,1
0,1,2,8,GO:0043363;GO:0048823,nucleate erythrocyte differentiation,1
0,0.448211014,3,9,GO:0043366,beta selection,1
0,0.353668383,2,47,GO:0043368,positive T cell selection,1
0,0.327242611,2,6,GO:0043380;GO:0043382,regulation of memory T cell differentiation,1
0,1,2,24,GO:0043383;GO:0045060,negative T cell selection,1
0,0.448211014,2,9,GO:0043385;GO:0046222;GO:1901376,mycotoxin metabolic process,1
0,0.440439816,2,144,GO:0043388,positive regulation of DNA binding,1
0,0.612974687,4,132,GO:0043392,negative regulation of DNA binding,1
0,0.307565438,2,574,GO:0043393,regulation of protein binding,1
0,1,2,9,GO:0043397,regulation of corticotropin-releasing hormone secretion,1
0,0.370255454,2,7,GO:0043402,glucocorticoid mediated signaling pathway,1
0,0.940333842,4,69,GO:0043403,skeletal muscle tissue regeneration,1
0,0.40125802,2,215,GO:0043407,negative regulation of MAP kinase activity,1
0,0.939300468,3,477,GO:0043414;GO:0032259,methylation,1
0,1,3,14,GO:0043415,positive regulation of skeletal muscle tissue regeneration,1
0,1,2,21,GO:0043416,regulation of skeletal muscle tissue regeneration,1
0,0.796719655,7,349,GO:0043433,negative regulation of DNA-binding transcription factor activity,1
0,1,6,13,GO:0043435;GO:0071376,cellular response to corticotropin-releasing hormone stimulus,1
0,0.542035276,2,28,GO:0043455,regulation of secondary metabolic process,1
0,0.631464271,2,249,GO:0043462,regulation of ATPase activity,1
0,1,2,8,GO:0043465;GO:1902688;GO:1904023,regulation of NAD metabolic process,1
0,0.35423135,1,449,GO:0043473,pigmentation,1
0,0.501834227,2,26,GO:0043476;GO:0043482,pigment accumulation,1
0,0.920326481,2,518,GO:0043484;GO:0048024;GO:0050684,regulation of RNA splicing,1
0,0.750349027,4,21,GO:0043485;GO:0048757;GO:0035646,endosome to pigment granule transport,1
0,0.602384429,2,341,GO:0043487;GO:0043488;GO:0061013,regulation of mRNA catabolic process,1
0,1,2,9,GO:0043490,malate-aspartate shuttle,1
0,0.529149926,5,91,GO:0043491,protein kinase B signaling,1
0,1,2,46,GO:0043496,regulation of protein homodimerization activity,1
0,1,2,25,GO:0043497,regulation of protein heterodimerization activity,1
0,1,5,29,GO:0043501,skeletal muscle adaptation,1
0,0.385219216,3,258,GO:0043502,regulation of muscle adaptation,1
0,1,3,10,GO:0043504,mitochondrial DNA repair,1
0,0.967792328,7,235,GO:0043507;GO:0043506,regulation of JUN kinase activity,1
0,0.948951495,3,45,GO:0043508,negative regulation of JUN kinase activity,1
0,0.421162803,2,617,GO:0043523,regulation of neuron apoptotic process,1
0,0.376063335,2,408,GO:0043524,negative regulation of neuron apoptotic process,1
0,0.641408147,2,185,GO:0043525,positive regulation of neuron apoptotic process,1
0,0.833103522,4,70,GO:0043534,blood vessel endothelial cell migration,1
0,0.869674392,6,210,GO:0043535,regulation of blood vessel endothelial cell migration,1
0,0.461257296,6,131,GO:0043536,positive regulation of blood vessel endothelial cell migration,1
0,0.672942736,4,71,GO:0043537,negative regulation of blood vessel endothelial cell migration,1
0,0.734474501,3,165,GO:0043542,endothelial cell migration,1
0,0.936127248,6,384,GO:0043543,protein acylation,1
0,1,3,11,GO:0043545;GO:0051189;GO:0032324,molybdopterin cofactor metabolic process,1
0,0.547438314,8,12,GO:0043553,negative regulation of phosphatidylinositol 3-kinase activity,1
0,0.674789964,2,17,GO:0043558,regulation of translational initiation in response to stress,1
0,0.725608483,2,58,GO:0043567,regulation of insulin-like growth factor receptor signaling pathway,1
0,0.542035276,3,28,GO:0043568,positive regulation of insulin-like growth factor receptor signaling pathway,1
0,0.392067335,2,21,GO:0043569,negative regulation of insulin-like growth factor receptor signaling pathway,1
0,1,3,12,GO:0043570,maintenance of DNA repeat elements,1
0,0.83789488,3,50,GO:0043576,regulation of respiratory gaseous exchange,1
0,0.99930386,3,635,GO:0043583;GO:0048839,ear development,1
0,0.924075932,5,39,GO:0043584,nose development,1
0,0.98886306,3,68,GO:0043586,tongue development,1
0,0.918883652,3,38,GO:0043587,tongue morphogenesis,1
0,0.996400013,4,483,GO:0043588,skin development,1
0,0.750349027,2,21,GO:0043589,skin morphogenesis,1
0,1,3,39,GO:0043616,keratinocyte proliferation,1
0,0.649786727,2,252,GO:0043624,cellular protein complex disassembly,1
0,0.400176411,2,230,GO:0043627,response to estrogen,1
0,0.933517569,2,67,GO:0043628,ncRNA 3'-end processing,1
0,0.795267146,2,103,GO:0043652,engulfment of apoptotic cell,1
0,1,3,7,GO:0043654,recognition of apoptotic cell,1
0,0.437437224,3,23,GO:0043691,reverse cholesterol transport,1
0,0.83789488,2,50,GO:0043696;GO:0043697,dedifferentiation,1
0,1,4,20,GO:0043704,photoreceptor cell fate specification,1
0,0.973662878,5,55,GO:0043921;GO:0043922;GO:0052312;GO:0052472,modulation of transcription in other organism involved in symbiotic interaction,1
0,0.842841585,3,28,GO:0043923,positive regulation by host of viral transcription,1
0,0.842841585,3,28,GO:0043931;GO:0070977,bone maturation,1
0,0.448211014,3,9,GO:0043932,ossification involved in bone remodeling,1
0,0.347286849,2,148,GO:0043949,regulation of cAMP-mediated signaling,1
0,0.310667563,2,86,GO:0043950,positive regulation of cAMP-mediated signaling,1
0,0.89269225,3,58,GO:0043951,negative regulation of cAMP-mediated signaling,1
0,0.844947075,2,130,GO:0043966,histone H3 acetylation,1
0,0.998188317,2,130,GO:0043967,histone H4 acetylation,1
0,1,6,30,GO:0043968,histone H2A acetylation,1
0,0.695590709,3,18,GO:0043970,histone H3-K9 acetylation,1
0,1,3,6,GO:0043972,histone H3-K23 acetylation,1
0,1,2,9,GO:0043974,histone H3-K27 acetylation,1
0,1,3,43,GO:0043981;GO:0043982,histone H4-K8 acetylation,1
0,1,2,31,GO:0043983,histone H4-K12 acetylation,1
0,1,3,31,GO:0043984,histone H4-K16 acetylation,1
0,1,7,7,GO:0044028;GO:0044029,DNA hypomethylation,1
0,0.599853625,2,48,GO:0044030,regulation of DNA methylation,1
0,0.985819242,4,1661,GO:0044057,regulation of system process,1
0,0.826218463,5,145,GO:0044060,regulation of endocrine process,1
0,0.879788209,2,118,GO:0044088,regulation of vacuole organization,1
0,0.928936032,3,40,GO:0044090,positive regulation of vacuole organization,1
0,0.693560786,2,142,GO:0044091;GO:0071709,membrane biogenesis,1
0,1,4,15,GO:0044108;GO:0044107;GO:0036378;GO:0042368,cellular alcohol biosynthetic process,1
0,1,3,13,GO:0044154,histone H3-K14 acetylation,1
0,0.913336501,2,37,GO:0044241,lipid digestion,1
0,0.873413296,3,425,GO:0044242;GO:0016042,lipid catabolic process,1
0,0.516521366,3,11,GO:0044245,polysaccharide digestion,1
0,0.331538853,2,88,GO:0044273,sulfur compound catabolic process,1
0,1,5,5,GO:0044313,protein K6-linked deubiquitination,1
0,0.550717642,4,93,GO:0044319;GO:0090504;GO:0090505,epiboly,1
0,1,3,5,GO:0044330,canonical Wnt signaling pathway involved in positive regulation of wound healing,1
0,1,4,31,GO:0044331,cell-cell adhesion mediated by cadherin,1
0,1,5,11,GO:0044332,Wnt signaling pathway involved in dorsal/ventral axis specification,1
0,0.674789964,5,17,GO:0044333,Wnt signaling pathway involved in digestive tract morphogenesis,1
0,1,3,6,GO:0044335;GO:0061324,canonical Wnt signaling pathway involved in neural crest cell differentiation,1
0,1,6,11,GO:0044336,canonical Wnt signaling pathway involved in negative regulation of apoptotic process,1
0,1,3,9,GO:0044337,canonical Wnt signaling pathway involved in positive regulation of apoptotic process,1
0,1,6,5,GO:0044338;GO:0072497,canonical Wnt signaling pathway involved in mesenchymal stem cell differentiation,1
0,1,6,7,GO:0044339,canonical Wnt signaling pathway involved in osteoblast differentiation,1
0,1,6,10,GO:0044340,canonical Wnt signaling pathway involved in regulation of cell proliferation,1
0,0.321177305,2,18,GO:0044341,sodium-dependent phosphate transport,1
0,1,2,7,GO:0044346,fibroblast apoptotic process,1
0,0.459421222,2,24,GO:0044351,macropinocytosis,1
0,0.674789964,2,17,GO:0044359;GO:0044362;GO:0052405;GO:0052204;GO:0052428;GO:0052205,modulation of molecular function in other organism,1
0,0.406045053,4,110,GO:0044380;GO:0072698,protein localization to cytoskeleton,1
0,1,2,5,GO:0044381,glucose import in response to insulin stimulus,1
0,1,2,14,GO:0044417;GO:0046784,translocation of molecules into host,1
0,1,7,56,GO:0044458,motile cilium assembly,1
0,0.547438314,2,12,GO:0044528,regulation of mitochondrial mRNA stability,1
0,1,2,8,GO:0044533;GO:0052042;GO:0052151;GO:0060139,positive regulation of apoptotic process in other organism,1
0,0.632331372,2,33,GO:0044539,long-chain fatty acid import into cell,1
0,1,5,26,GO:0044557;GO:0060087,relaxation of smooth muscle,1
0,1,4,7,GO:0044565,dendritic cell proliferation,1
0,1,9,8,GO:0044648,histone H3-K4 dimethylation,1
0,0.542035276,4,28,GO:0044719,regulation of imaginal disc-derived wing size,1
0,0.453500661,2,69,GO:0044743,protein transmembrane import into intracellular organelle,1
0,0.392067335,5,21,GO:0044752,response to human chorionic gonadotropin,1
0,0.448211014,3,9,GO:0044771,meiotic cell cycle phase transition,1
0,0.989726881,2,717,GO:0044782;GO:0060271,cilium organization,1
0,0.858723788,6,94,GO:0044786,cell cycle DNA replication,1
0,0.897710878,2,102,GO:0044788,modulation by host of viral process,1
0,1,4,15,GO:0044789;GO:0044791,modulation by host of viral release from host cell,1
0,0.952024019,5,73,GO:0044793,negative regulation by host of viral process,1
0,0.901078974,4,35,GO:0044794,positive regulation by host of viral process,1
0,0.458617577,2,39,GO:0044804,autophagy of nucleus,1
0,0.327242611,5,6,GO:0044805,late nucleophagy,1
0,1,2,6,GO:0044806,G-quadruplex DNA unwinding,1
0,0.648626126,4,34,GO:0044827,modulation by host of viral genome replication,1
0,1,2,15,GO:0044828,negative regulation by host of viral genome replication,1
0,0.781268471,3,23,GO:0044829,positive regulation by host of viral genome replication,1
0,0.410519741,5,8,GO:0044830,modulation by host of viral RNA genome replication,1
0,1,3,55,GO:0044849,estrous cycle,1
0,1,2,15,GO:0044854;GO:0044857,plasma membrane raft assembly,1
0,0.695590709,6,18,GO:0044860,protein localization to plasma membrane raft,1
0,0.547438314,2,12,GO:0044861,protein transport into plasma membrane raft,1
0,0.483493607,3,10,GO:0044866;GO:0044867;GO:1903015;GO:0044868;GO:0044869;GO:0052403;GO:1903016;GO:0052199;GO:0052422;GO:0052203;GO:0044870;GO:0044871,modulation by host of viral molecular function,1
0,1,5,9,GO:0045002,double-strand break repair via single-strand annealing,1
0,0.368762764,2,20,GO:0045003,double-strand break repair via synthesis-dependent strand annealing,1
0,1,4,6,GO:0045006,DNA deamination,1
0,1,3,39,GO:0045019;GO:1904406,negative regulation of nitric oxide biosynthetic process,1
0,0.925967793,3,65,GO:0045022;GO:0098927,vesicle-mediated transport between endosomal compartments,1
0,1,3,6,GO:0045023,G0 to G1 transition,1
0,0.902230439,3,82,GO:0045026,plasma membrane fusion,1
0,1,2,9,GO:0045046,protein import into peroxisome membrane,1
0,1,2,6,GO:0045053,protein retention in Golgi apparatus,1
0,0.503377688,2,73,GO:0045058,T cell selection,1
0,1,2,18,GO:0045059,positive thymic T cell selection,1
0,1,2,35,GO:0045061,thymic T cell selection,1
0,0.576379282,2,13,GO:0045063,T-helper 1 cell differentiation,1
0,0.312159417,3,72,GO:0045070,positive regulation of viral genome replication,1
0,0.402356335,5,65,GO:0045071,negative regulation of viral genome replication,1
0,0.448211014,3,9,GO:0045091,regulation of single stranded viral RNA replication via double stranded DNA intermediate,1
0,0.99897516,2,104,GO:0045103;GO:0045104,intermediate filament-based process,1
0,1,2,9,GO:0045105,intermediate filament polymerization or depolymerization,1
0,1,6,5,GO:0045107,intermediate filament polymerization,1
0,1,5,6,GO:0045108,regulation of intermediate filament polymerization or depolymerization,1
0,0.975349778,2,56,GO:0045109,intermediate filament organization,1
0,1,4,9,GO:0045110,intermediate filament bundle assembly,1
0,0.448211014,2,9,GO:0045113,regulation of integrin biosynthetic process,1
0,0.820621492,2,26,GO:0045116,protein neddylation,1
0,0.597982132,3,31,GO:0045136,development of secondary sexual characteristics,1
0,0.780989312,2,155,GO:0045138,nematode male tail tip morphogenesis,1
0,0.708091899,3,38,GO:0045161,neuronal ion channel clustering,1
0,0.368762764,4,20,GO:0045162,clustering of voltage-gated sodium channels,1
0,1,6,6,GO:0045163,clustering of voltage-gated potassium channels,1
0,0.9702034,2,1579,GO:0045165,cell fate commitment,1
0,0.716673873,2,93,GO:0045168;GO:0046331,cell-cell signaling involved in cell fate commitment,1
0,0.879368974,8,32,GO:0045186,zonula adherens assembly,1
0,0.948951495,5,45,GO:0045191,regulation of isotype switching,1
0,0.882729407,3,78,GO:0045196,establishment or maintenance of neuroblast polarity,1
0,0.955279277,4,47,GO:0045200,establishment of neuroblast polarity,1
0,0.628830106,2,15,GO:0045201,maintenance of neuroblast polarity,1
0,0.808360443,3,25,GO:0045213,neurotransmitter receptor metabolic process,1
0,0.361166384,2,694,GO:0045216,cell-cell junction organization,1
0,0.359858419,4,120,GO:0045217,cell-cell junction maintenance,1
0,1,2,8,GO:0045218,zonula adherens maintenance,1
0,1,5,6,GO:0045226;GO:0046379,extracellular polysaccharide biosynthetic process,1
0,0.708091899,4,38,GO:0045314,regulation of compound eye photoreceptor development,1
0,0.985425389,2,319,GO:0045333,cellular respiration,1
0,1,4,5,GO:0045338,farnesyl diphosphate metabolic process,1
0,1,2,17,GO:0045343;GO:0045345,regulation of MHC class I biosynthetic process,1
0,0.410519741,3,8,GO:0045348,positive regulation of MHC class II biosynthetic process,1
0,0.66457764,2,155,GO:0045428;GO:0080164,regulation of nitric oxide metabolic process,1
0,0.951037081,4,262,GO:0045444,fat cell differentiation,1
0,0.839310863,3,110,GO:0045445,myoblast differentiation,1
0,1,3,18,GO:0045450,bicoid mRNA localization,1
0,1,2,26,GO:0045463,R8 cell development,1
0,1,6,13,GO:0045464,R8 cell fate specification,1
0,1,3,76,GO:0045465,R8 cell differentiation,1
0,0.925854106,4,171,GO:0045466,R7 cell differentiation,1
0,0.925967793,3,65,GO:0045467,R7 cell development,1
0,1,3,32,GO:0045468,regulation of R8 cell spacing in compound eye,1
0,0.453500661,2,69,GO:0045472,response to ether,1
0,0.808360443,3,25,GO:0045498,sex comb development,1
0,1,5,14,GO:0045500,sevenless signaling pathway,1
0,0.483493607,5,10,GO:0045501;GO:0045677;GO:0110118;GO:0045873,negative regulation of R7 cell differentiation,1
0,0.510347414,3,105,GO:0045540;GO:0090181;GO:0106118,regulation of cholesterol metabolic process,1
0,1,5,10,GO:0045541;GO:0090206;GO:0106119,negative regulation of sterol biosynthetic process,1
0,0.758363957,3,98,GO:0045570,regulation of imaginal disc growth,1
0,0.4808951,2,25,GO:0045572,positive regulation of imaginal disc growth,1
0,0.327242611,2,6,GO:0045575;GO:0002276,basophil activation,1
0,1,2,17,GO:0045578,negative regulation of B cell differentiation,1
0,0.781268471,3,23,GO:0045586;GO:0046643;GO:0045588;GO:0046645,positive regulation of gamma-delta T cell activation,1
0,0.410519741,6,8,GO:0045590,negative regulation of regulatory T cell differentiation,1
0,0.837394762,2,2114,GO:0045596,negative regulation of cell differentiation,1
0,0.924051859,2,130,GO:0045599,negative regulation of fat cell differentiation,1
0,0.751582434,3,79,GO:0045601,regulation of endothelial cell differentiation,1
0,1,2,21,GO:0045602,negative regulation of endothelial cell differentiation,1
0,0.632331372,2,33,GO:0045603,positive regulation of endothelial cell differentiation,1
0,0.811575555,2,124,GO:0045604,regulation of epidermal cell differentiation,1
0,1,6,24,GO:0045605,negative regulation of epidermal cell differentiation,1
0,0.721576998,2,39,GO:0045606,positive regulation of epidermal cell differentiation,1
0,1,4,29,GO:0045607;GO:2000980;GO:0045631,regulation of inner ear receptor cell differentiation,1
0,0.877630062,2,137,GO:0045610,regulation of hemocyte differentiation,1
0,0.853527147,6,73,GO:0045616,regulation of keratinocyte differentiation,1
0,1,2,10,GO:0045617,negative regulation of keratinocyte differentiation,1
0,0.561271862,2,29,GO:0045618,positive regulation of keratinocyte differentiation,1
0,0.772819175,4,118,GO:0045620;GO:0045581,negative regulation of lymphocyte differentiation,1
0,0.615451342,3,32,GO:0045623,negative regulation of T-helper cell differentiation,1
0,0.410519741,2,8,GO:0045630;GO:0060010,positive regulation of T-helper 2 cell differentiation,1
0,1,3,20,GO:0045634,regulation of melanocyte differentiation,1
0,1,2,14,GO:0045636;GO:0050942,positive regulation of pigment cell differentiation,1
0,1,2,49,GO:0045649,regulation of macrophage differentiation,1
0,1,5,24,GO:0045650,negative regulation of macrophage differentiation,1
0,1,3,25,GO:0045651,positive regulation of macrophage differentiation,1
0,0.464967337,2,116,GO:0045652,regulation of megakaryocyte differentiation,1
0,0.327242611,7,6,GO:0045653,negative regulation of megakaryocyte differentiation,1
0,0.345112283,5,19,GO:0045654,positive regulation of megakaryocyte differentiation,1
0,0.791815219,2,45,GO:0045655,regulation of monocyte differentiation,1
0,1,2,17,GO:0045656,negative regulation of monocyte differentiation,1
0,0.795261829,3,24,GO:0045657,positive regulation of monocyte differentiation,1
0,1,2,7,GO:0045658,regulation of neutrophil differentiation,1
0,1,6,5,GO:0045659,negative regulation of neutrophil differentiation,1
0,0.586764916,2,129,GO:0045661,regulation of myoblast differentiation,1
0,0.441825975,3,53,GO:0045662,negative regulation of myoblast differentiation,1
0,0.52604951,2,59,GO:0045663,positive regulation of myoblast differentiation,1
0,0.76230064,3,772,GO:0045665,negative regulation of neuron differentiation,1
0,0.631189812,3,1640,GO:0045666;GO:0050769,positive regulation of neurogenesis,1
0,0.792892172,3,121,GO:0045668,negative regulation of osteoblast differentiation,1
0,0.497638057,2,135,GO:0045670,regulation of osteoclast differentiation,1
0,0.667048073,5,53,GO:0045671,negative regulation of osteoclast differentiation,1
0,0.456225624,3,54,GO:0045672,positive regulation of osteoclast differentiation,1
0,0.95814281,4,48,GO:0045676;GO:0110116,regulation of compound eye photoreceptor cell differentiation,1
0,1,2,16,GO:0045678;GO:0110117,positive regulation of R7 cell differentiation,1
0,0.935876697,2,195,GO:0045682,regulation of epidermis development,1
0,1,3,38,GO:0045683,negative regulation of epidermis development,1
0,0.792832383,2,84,GO:0045684,positive regulation of epidermis development,1
0,1,2,75,GO:0045686,negative regulation of glial cell differentiation,1
0,0.842841585,5,28,GO:0045704;GO:0045705,negative regulation of salivary gland boundary specification,1
0,0.459421222,-1,24,GO:0045714,obsolete regulation of low-density lipoprotein particle receptor biosynthetic process,1
0,1,-1,10,GO:0045715,obsolete negative regulation of low-density lipoprotein particle receptor biosynthetic process,1
0,1,-1,8,GO:0045716,obsolete positive regulation of low-density lipoprotein particle receptor biosynthetic process,1
0,0.4808951,3,25,GO:0045717,negative regulation of fatty acid biosynthetic process,1
0,0.4808951,4,25,GO:0045719;GO:0070874,negative regulation of glycogen metabolic process,1
0,1,2,5,GO:0045720,negative regulation of integrin biosynthetic process,1
0,1,3,21,GO:0045721,negative regulation of gluconeogenesis,1
0,1,2,74,GO:0045724,positive regulation of cilium assembly,1
0,1,4,34,GO:0045725,positive regulation of glycogen biosynthetic process,1
0,0.327242611,2,6,GO:0045726,positive regulation of integrin biosynthetic process,1
0,0.802090177,3,104,GO:0045739,positive regulation of DNA repair,1
0,0.669251376,2,105,GO:0045740,positive regulation of DNA replication,1
0,1,6,31,GO:0045741,positive regulation of epidermal growth factor-activated receptor activity,1
0,0.469023076,4,101,GO:0045742;GO:1901186,positive regulation of ERBB signaling pathway,1
0,0.933485191,2,41,GO:0045743,positive regulation of fibroblast growth factor receptor signaling pathway,1
0,0.494005717,2,119,GO:0045744,negative regulation of G protein-coupled receptor signaling pathway,1
0,0.369781116,3,77,GO:0045745,positive regulation of G protein-coupled receptor signaling pathway,1
0,0.925474346,3,267,GO:0045746,negative regulation of Notch signaling pathway,1
0,0.673458384,6,256,GO:0045747,positive regulation of Notch signaling pathway,1
0,0.933485191,3,41,GO:0045751,negative regulation of Toll signaling pathway,1
0,0.879368974,2,32,GO:0045759,negative regulation of action potential,1
0,0.89269225,3,58,GO:0045760,positive regulation of action potential,1
0,0.450741037,2,84,GO:0045761,regulation of adenylate cyclase activity,1
0,0.437437224,3,23,GO:0045762,positive regulation of adenylate cyclase activity,1
0,1,4,6,GO:0045764,positive regulation of cellular amino acid metabolic process,1
0,0.438523239,4,251,GO:0045773,positive regulation of axon extension,1
0,0.981357136,2,116,GO:0045776,negative regulation of blood pressure,1
0,0.720420025,2,111,GO:0045777,positive regulation of blood pressure,1
0,0.694064825,2,37,GO:0045779;GO:0046851,negative regulation of bone remodeling,1
0,0.60720618,6,164,GO:0045793,positive regulation of cell size,1
0,1,2,18,GO:0045794,negative regulation of cell volume,1
0,1,2,5,GO:0045795,positive regulation of cell volume,1
0,1,2,12,GO:0045805,positive regulation of eclosion,1
0,0.586764916,3,129,GO:0045823,positive regulation of heart contraction,1
0,0.369044003,3,121,GO:0045824,negative regulation of innate immune response,1
0,1,4,6,GO:0045829;GO:0048294,negative regulation of isotype switching,1
0,0.698348194,2,227,GO:0045833,negative regulation of lipid metabolic process,1
0,0.785050949,4,83,GO:0045838,positive regulation of membrane potential,1
0,0.901078974,2,35,GO:0045842;GO:1901970,positive regulation of mitotic sister chromatid separation,1
0,0.912986952,2,224,GO:0045844;GO:0048636;GO:1901863,positive regulation of muscle organ development,1
0,1,4,6,GO:0045849,negative regulation of nurse cell apoptotic process,1
0,1,-1,11,GO:0045872,obsolete positive regulation of rhodopsin gene expression,1
0,1,3,30,GO:0045875,negative regulation of sister chromatid cohesion,1
0,0.686004996,6,141,GO:0045879,negative regulation of smoothened signaling pathway,1
0,0.910959777,3,146,GO:0045880,positive regulation of smoothened signaling pathway,1
0,0.944214032,2,179,GO:0045886;GO:1904397,negative regulation of neuromuscular junction development,1
0,0.559363613,2,158,GO:0045887;GO:1904398,positive regulation of neuromuscular junction development,1
0,1,2,6,GO:0045900,negative regulation of translational elongation,1
0,1,3,5,GO:0045901,positive regulation of translational elongation,1
0,0.982286986,6,117,GO:0045907,positive regulation of vasoconstriction,1
0,0.498606025,2,57,GO:0045910,negative regulation of DNA recombination,1
0,0.952219965,7,46,GO:0045911,positive regulation of DNA recombination,1
0,0.321177305,5,18,GO:0045915;GO:0045964,positive regulation of dopamine metabolic process,1
0,0.321177305,2,18,GO:0045916,negative regulation of complement activation,1
0,0.516521366,2,11,GO:0045917;GO:2000259,positive regulation of complement activation,1
0,1,5,8,GO:0045918,negative regulation of cytolysis,1
0,0.811491596,2,47,GO:0045922,negative regulation of fatty acid metabolic process,1
0,0.35260389,2,90,GO:0045923,positive regulation of fatty acid metabolic process,1
0,0.469023076,4,101,GO:0045924;GO:0060180,female mating behavior,1
0,1,5,13,GO:0045925,positive regulation of female receptivity,1
0,0.317219389,3,456,GO:0045931,positive regulation of mitotic cell cycle,1
0,0.551365795,3,77,GO:0045932,negative regulation of muscle contraction,1
0,0.976282943,3,158,GO:0045933,positive regulation of muscle contraction,1
0,0.721576998,3,39,GO:0045943,positive regulation of transcription by RNA polymerase I,1
0,0.932976949,2,2763,GO:0045944,positive regulation of transcription by RNA polymerase II,1
0,0.808360443,2,25,GO:0045945,positive regulation of transcription by RNA polymerase III,1
0,0.654299653,3,52,GO:0045948,positive regulation of translational initiation,1
0,0.427741618,4,82,GO:0045956,positive regulation of calcium ion-dependent exocytosis,1
0,1,2,5,GO:0045967,negative regulation of growth rate,1
0,0.603611995,3,65,GO:0045980;GO:1903579;GO:1900543,negative regulation of nucleotide metabolic process,1
0,0.860903294,2,53,GO:0045986,negative regulation of smooth muscle contraction,1
0,0.941085381,3,115,GO:0045987,positive regulation of smooth muscle contraction,1
0,0.924075932,2,39,GO:0045989,positive regulation of striated muscle contraction,1
0,1,4,15,GO:0045991;GO:0045990;GO:0000429;GO:0000436;GO:0046016,carbon catabolite regulation of transcription,1
0,1,2,78,GO:0045992,negative regulation of embryonic development,1
0,0.496135446,2,713,GO:0045995,regulation of embryonic development,1
0,1,3,5,GO:0046012,positive regulation of oskar mRNA translation,1
0,1,2,16,GO:0046015,regulation of transcription by glucose,1
0,0.475430987,2,40,GO:0046033,AMP metabolic process,1
0,0.952024019,2,73,GO:0046037;GO:0046710,GMP metabolic process,1
0,1,7,9,GO:0046038,GMP catabolic process,1
0,0.453500661,3,69,GO:0046039,GTP metabolic process,1
0,0.996836944,4,87,GO:0046058,cAMP metabolic process,1
0,0.674789964,3,17,GO:0046060,dATP metabolic process,1
0,0.980334447,7,89,GO:0046068,cGMP metabolic process,1
0,1,2,18,GO:0046069,cGMP catabolic process,1
0,1,2,6,GO:0046083,adenine metabolic process,1
0,0.414973589,6,22,GO:0046085,adenosine metabolic process,1
0,0.327242611,3,6,GO:0046086,adenosine biosynthetic process,1
0,1,3,8,GO:0046092,deoxycytidine metabolic process,1
0,1,2,8,GO:0046098,guanine metabolic process,1
0,1,2,12,GO:0046100;GO:0046101,hypoxanthine metabolic process,1
0,1,7,7,GO:0046103,inosine biosynthetic process,1
0,0.410519741,3,8,GO:0046108,uridine metabolic process,1
0,1,2,6,GO:0046110,xanthine metabolic process,1
0,0.641204333,4,51,GO:0046112,nucleobase biosynthetic process,1
0,0.392067335,2,21,GO:0046121,deoxyribonucleoside catabolic process,1
0,1,6,7,GO:0046127,pyrimidine deoxyribonucleoside catabolic process,1
0,0.383270695,2,49,GO:0046131,pyrimidine ribonucleoside metabolic process,1
0,0.674789964,7,17,GO:0046133,pyrimidine ribonucleoside catabolic process,1
0,0.335943988,2,32,GO:0046135,pyrimidine nucleoside catabolic process,1
0,0.448211014,2,9,GO:0046136;GO:0060557;GO:0060559;GO:2000866,positive regulation of estradiol secretion,1
0,0.597666326,3,179,GO:0046148,pigment biosynthetic process,1
0,0.419974479,2,172,GO:0046165,alcohol biosynthetic process,1
0,0.563008132,3,78,GO:0046173,polyol biosynthetic process,1
0,0.766319286,2,22,GO:0046185,aldehyde catabolic process,1
0,0.892877673,3,80,GO:0046189,phenol-containing compound biosynthetic process,1
0,0.324063557,4,45,GO:0046209;GO:2001057,reactive nitrogen species metabolic process,1
0,1,2,7,GO:0046219,indolalkylamine biosynthetic process,1
0,1,3,5,GO:0046292,formaldehyde metabolic process,1
0,0.892877673,2,80,GO:0046320,regulation of fatty acid oxidation,1
0,0.599853625,4,48,GO:0046321,positive regulation of fatty acid oxidation,1
0,1,2,21,GO:0046322,negative regulation of fatty acid oxidation,1
0,0.327242611,2,6,GO:0046340,diacylglycerol catabolic process,1
0,1,2,6,GO:0046341;GO:0016024,CDP-diacylglycerol metabolic process,1
0,0.345112283,3,19,GO:0046348,amino sugar catabolic process,1
0,0.766319286,3,22,GO:0046349,amino sugar biosynthetic process,1
0,0.516521366,3,11,GO:0046381;GO:0006055,CMP-N-acetylneuraminate metabolic process,1
0,1,5,9,GO:0046398,UDP-glucuronate metabolic process,1
0,0.774980967,7,154,GO:0046426;GO:1904893,negative regulation of receptor signaling pathway via JAK-STAT,1
0,0.949325475,2,72,GO:0046456,icosanoid biosynthetic process,1
0,0.766319286,2,22,GO:0046459,short-chain fatty acid metabolic process,1
0,1,5,6,GO:0046462,monoacylglycerol metabolic process,1
0,0.576379282,4,13,GO:0046469,platelet activating factor metabolic process,1
0,0.517812454,2,153,GO:0046470,phosphatidylcholine metabolic process,1
0,0.975349778,6,56,GO:0046471,phosphatidylglycerol metabolic process,1
0,0.758903055,4,42,GO:0046475,glycerophospholipid catabolic process,1
0,1,4,14,GO:0046476;GO:0006682;GO:0019375,glycosylceramide biosynthetic process,1
0,1,3,6,GO:0046477,glycosylceramide catabolic process,1
0,0.781268471,2,23,GO:0046479;GO:0019377,glycolipid catabolic process,1
0,0.389323909,2,35,GO:0046500,S-adenosylmethionine metabolic process,1
0,1,2,7,GO:0046501,protoporphyrinogen IX metabolic process,1
0,0.410519741,2,8,GO:0046502;GO:0006780,uroporphyrinogen III metabolic process,1
0,0.839310863,5,110,GO:0046503,glycerolipid catabolic process,1
0,0.781268471,6,23,GO:0046514,ceramide catabolic process,1
0,0.345112283,4,19,GO:0046520;GO:0046512,sphingoid biosynthetic process,1
0,0.456225624,4,54,GO:0046528;GO:0046529,imaginal disc fusion,1
0,0.930793305,5,753,GO:0046530;GO:0001754,photoreceptor cell differentiation,1
0,0.910959777,3,146,GO:0046532,regulation of photoreceptor cell differentiation,1
0,0.427314113,2,52,GO:0046533,negative regulation of photoreceptor cell differentiation,1
0,0.918883652,4,38,GO:0046534,positive regulation of photoreceptor cell differentiation,1
0,1,3,10,GO:0046541,saliva secretion,1
0,0.733287994,4,20,GO:0046543,development of secondary female sexual characteristics,1
0,1,4,6,GO:0046544,development of secondary male sexual characteristics,1
0,1,2,25,GO:0046548,retinal rod cell development,1
0,0.871121548,2,31,GO:0046549,retinal cone cell development,1
0,0.454504869,5,238,GO:0046579;GO:0051057,positive regulation of small GTPase mediated signal transduction,1
0,0.913336501,4,37,GO:0046599,regulation of centriole replication,1
0,0.733287994,2,20,GO:0046600,negative regulation of centriole replication,1
0,0.414973589,4,22,GO:0046607,positive regulation of centrosome cycle,1
0,1,2,16,GO:0046618,drug export,1
0,0.516521366,4,11,GO:0046619,optic placode formation involved in camera-type eye formation,1
0,0.47891206,3,195,GO:0046622,positive regulation of organ growth,1
0,0.337814697,3,60,GO:0046628,positive regulation of insulin receptor signaling pathway,1
0,1,6,5,GO:0046633,alpha-beta T cell proliferation,1
0,0.335943988,2,32,GO:0046641,positive regulation of alpha-beta T cell proliferation,1
0,0.781268471,2,23,GO:0046653,tetrahydrofolate metabolic process,1
0,1,4,8,GO:0046654,tetrahydrofolate biosynthetic process,1
0,0.973671099,2,677,GO:0046661,male sex differentiation,1
0,1,2,21,GO:0046665,amnioserosa maintenance,1
0,0.860903294,2,53,GO:0046666;GO:0046667,retinal cell programmed cell death,1
0,0.992002642,2,73,GO:0046668;GO:0046669,regulation of retinal cell programmed cell death,1
0,0.674789964,2,17,GO:0046670,positive regulation of retinal cell programmed cell death,1
0,1,5,47,GO:0046671;GO:0046673,negative regulation of retinal cell programmed cell death,1
0,0.516521366,3,11,GO:0046672,positive regulation of compound eye retinal cell programmed cell death,1
0,0.728387734,3,112,GO:0046676,negative regulation of insulin secretion,1
0,0.603470491,5,14,GO:0046684,response to pyrethroid,1
0,1,2,6,GO:0046687,response to chromate,1
0,1,2,25,GO:0046692,sperm competition,1
0,1,3,9,GO:0046693,sperm storage,1
0,0.912968309,4,205,GO:0046716,muscle cell cellular homeostasis,1
0,0.739422176,2,183,GO:0046717,acid secretion,1
0,0.342051403,6,89,GO:0046718,viral entry into host cell,1
0,0.392067335,3,21,GO:0046719,regulation by virus of viral protein levels in host cell,1
0,1,3,7,GO:0046724,oxalic acid secretion,1
0,0.410519741,2,8,GO:0046725,negative regulation by virus of viral protein levels in host cell,1
0,1,2,10,GO:0046726,positive regulation by virus of viral protein levels in host cell,1
0,0.570601883,2,46,GO:0046755;GO:0039702,viral budding,1
0,0.77369026,2,100,GO:0046785,microtubule polymerization,1
0,1,5,5,GO:0046814;GO:0060370,coreceptor-mediated virion attachment to host cell,1
0,0.347040116,6,372,GO:0046822,regulation of nucleocytoplasmic transport,1
0,0.494005717,2,119,GO:0046825,regulation of protein export from nucleus,1
0,0.392067335,4,21,GO:0046826,negative regulation of protein export from nucleus,1
0,0.591227031,5,64,GO:0046827,positive regulation of protein export from nucleus,1
0,0.338855406,4,46,GO:0046835,carbohydrate phosphorylation,1
0,0.483493607,3,10,GO:0046836,glycolipid transport,1
0,0.819767598,2,162,GO:0046843,dorsal appendage formation,1
0,1,3,12,GO:0046844,chorion micropyle formation,1
0,0.628830106,3,15,GO:0046874;GO:0019805,quinolinate metabolic process,1
0,1,3,18,GO:0046877,regulation of saliva secretion,1
0,1,2,10,GO:0046878,positive regulation of saliva secretion,1
0,1,5,16,GO:0046882,negative regulation of follicle-stimulating hormone secretion,1
0,0.948619959,2,241,GO:0046888,negative regulation of hormone secretion,1
0,1,2,7,GO:0046900,tetrahydrofolylpolyglutamate metabolic process,1
0,0.471535272,3,489,GO:0046928;GO:0051588,regulation of neurotransmitter transport,1
0,0.412706075,2,51,GO:0046929,negative regulation of neurotransmitter secretion,1
0,1,2,30,GO:0046931,pore complex assembly,1
0,0.704292645,2,74,GO:0046940,nucleoside monophosphate phosphorylation,1
0,1,3,22,GO:0046950;GO:0046951,cellular ketone body metabolic process,1
0,1,3,8,GO:0046952,ketone body catabolic process,1
0,1,4,12,GO:0046956;GO:0052128,positive energy taxis,1
0,0.997039777,2,88,GO:0046958;GO:0046959,nonassociative learning,1
0,1,7,7,GO:0046960,sensitization,1
0,1,4,10,GO:0046968,peptide antigen transport,1
0,0.516521366,2,11,GO:0046984,regulation of hemoglobin biosynthetic process,1
0,0.410519741,4,8,GO:0046985,positive regulation of hemoglobin biosynthetic process,1
0,0.907410239,2,36,GO:0047484,regulation of response to osmotic stress,1
0,0.83789488,5,50,GO:0048009,insulin-like growth factor receptor signaling pathway,1
0,0.521775718,7,185,GO:0048010,vascular endothelial growth factor receptor signaling pathway,1
0,1,5,7,GO:0048014,Tie signaling pathway,1
0,0.523563122,4,201,GO:0048015;GO:0048017,inositol lipid-mediated signaling,1
0,0.967877881,3,52,GO:0048016,inositol phosphate-mediated signaling,1
0,1,2,21,GO:0048021;GO:1900376;GO:0048023;GO:1900378,regulation of secondary metabolite biosynthetic process,1
0,0.484629179,3,56,GO:0048036,central complex development,1
0,0.61576619,2,66,GO:0048041,focal adhesion assembly,1
0,0.603470491,2,14,GO:0048050,post-embryonic eye morphogenesis,1
0,1,2,9,GO:0048057,R3/R4 development,1
0,0.448211014,2,9,GO:0048058,compound eye corneal lens development,1
0,0.67938862,2,323,GO:0048066,developmental pigmentation,1
0,0.381387684,3,78,GO:0048067;GO:0007593;GO:0048085,chitin-based cuticle sclerotization,1
0,0.435597595,3,113,GO:0048070,regulation of developmental pigmentation,1
0,1,3,7,GO:0048071;GO:0048094,sex-specific pigmentation,1
0,1,2,35,GO:0048072,compound eye pigmentation,1
0,0.561271862,2,29,GO:0048073;GO:0048076,regulation of eye pigmentation,1
0,0.734532051,2,40,GO:0048087,positive regulation of developmental pigmentation,1
0,0.948951495,7,45,GO:0048096,chromatin-mediated maintenance of transcription,1
0,1,2,12,GO:0048098,antennal joint development,1
0,1,3,34,GO:0048100,wing disc anterior/posterior pattern formation,1
0,0.670621526,2,272,GO:0048103,somatic stem cell division,1
0,1,3,25,GO:0048104,establishment of body hair or bristle planar orientation,1
0,1,2,17,GO:0048105,establishment of body hair planar orientation,1
0,0.412706075,2,51,GO:0048132;GO:0098728,germline stem cell asymmetric division,1
0,1,2,15,GO:0048133,male germ-line stem cell asymmetric division,1
0,0.93701316,3,68,GO:0048138,germ-line cyst encapsulation,1
0,1,4,48,GO:0048139,female germ-line cyst encapsulation,1
0,0.679484687,2,36,GO:0048140,male germ-line cyst encapsulation,1
0,0.459421222,3,24,GO:0048142,germarium-derived cystoblast division,1
0,0.868703864,2,228,GO:0048145,regulation of fibroblast proliferation,1
0,0.729575977,3,147,GO:0048146,positive regulation of fibroblast proliferation,1
0,0.952024019,2,73,GO:0048147,negative regulation of fibroblast proliferation,1
0,0.96740749,2,80,GO:0048148,behavioral response to cocaine,1
0,0.885831869,2,139,GO:0048149,behavioral response to ethanol,1
0,0.781268471,3,23,GO:0048150,behavioral response to ether,1
0,0.991884017,2,613,GO:0048167,regulation of synaptic plasticity,1
0,0.804538849,4,230,GO:0048168,regulation of neuronal synaptic plasticity,1
0,0.406045053,5,110,GO:0048169,regulation of long-term neuronal synaptic plasticity,1
0,1,6,27,GO:0048170,positive regulation of long-term neuronal synaptic plasticity,1
0,0.871732569,2,76,GO:0048172,regulation of short-term neuronal synaptic plasticity,1
0,0.459421222,4,24,GO:0048227,plasma membrane to endosome transport,1
0,1,3,39,GO:0048240,sperm capacitation,1
0,1,3,5,GO:0048241,epinephrine transport,1
0,1,2,20,GO:0048245;GO:0072677,eosinophil migration,1
0,1,3,9,GO:0048254,snoRNA localization,1
0,0.419712665,2,294,GO:0048259,regulation of receptor-mediated endocytosis,1
0,0.389323909,3,35,GO:0048261,negative regulation of receptor-mediated endocytosis,1
0,0.95814281,2,48,GO:0048262,determination of dorsal/ventral asymmetry,1
0,1,5,25,GO:0048263,determination of dorsal identity,1
0,0.766319286,3,22,GO:0048264,determination of ventral identity,1
0,0.858723788,2,94,GO:0048265,response to pain,1
0,0.565786322,2,62,GO:0048266,behavioral response to pain,1
0,0.850013185,3,131,GO:0048286,lung alveolus development,1
0,1,2,8,GO:0048293,regulation of isotype switching to IgE isotypes,1
0,0.448211014,6,9,GO:0048296;GO:0048298,regulation of isotype switching to IgA isotypes,1
0,1,2,16,GO:0048302;GO:0048304,regulation of isotype switching to IgG isotypes,1
0,0.318050655,2,31,GO:0048308,organelle inheritance,1
0,0.85983283,2,74,GO:0048311,mitochondrion distribution,1
0,0.667048073,5,53,GO:0048312,intracellular distribution of mitochondria,1
0,0.414973589,2,22,GO:0048313,Golgi inheritance,1
0,1,2,35,GO:0048318,axial mesoderm development,1
0,1,5,24,GO:0048319,axial mesoderm morphogenesis,1
0,1,4,14,GO:0048320,axial mesoderm formation,1
0,0.720420025,4,111,GO:0048333,mesodermal cell differentiation,1
0,1,2,57,GO:0048339,paraxial mesoderm development,1
0,1,2,38,GO:0048340;GO:0048341,paraxial mesoderm morphogenesis,1
0,1,5,5,GO:0048342,paraxial mesodermal cell differentiation,1
0,0.941728947,5,43,GO:0048368,lateral mesoderm development,1
0,1,2,6,GO:0048378,regulation of lateral mesodermal cell fate specification,1
0,0.368480495,2,48,GO:0048384,retinoic acid receptor signaling pathway,1
0,0.603470491,6,14,GO:0048386,positive regulation of retinoic acid receptor signaling pathway,1
0,1,4,5,GO:0048389;GO:0061227,pattern specification involved in mesonephros development,1
0,1,6,10,GO:0048478,replication fork protection,1
0,0.956753207,4,122,GO:0048483,autonomic nervous system development,1
0,0.937743292,2,42,GO:0048484,enteric nervous system development,1
0,0.89269225,2,58,GO:0048485,sympathetic nervous system development,1
0,0.940665999,3,478,GO:0048489;GO:0097479;GO:0097480,synaptic vesicle localization,1
0,0.694064825,2,37,GO:0048490;GO:0099517;GO:0099514,synaptic vesicle transport along microtubule,1
0,1,4,8,GO:0048491,retrograde synaptic vesicle transport,1
0,1,3,9,GO:0048496,maintenance of animal organ identity,1
0,0.832098503,2,27,GO:0048499,synaptic vesicle membrane organization,1
0,0.871121548,2,31,GO:0048505,regulation of timing of cell differentiation,1
0,0.436994787,1,760,GO:0048511,rhythmic process,1
0,0.573974549,2,272,GO:0048520,positive regulation of behavior,1
0,0.993392594,2,108,GO:0048521,negative regulation of behavior,1
0,0.552701365,4,205,GO:0048525,negative regulation of viral process,1
0,1,2,23,GO:0048526,imaginal disc-derived wing expansion,1
0,0.335082406,2,74,GO:0048532,anatomical structure arrangement,1
0,0.338855406,3,46,GO:0048535,lymph node development,1
0,0.327590168,5,102,GO:0048536,spleen development,1
0,1,3,29,GO:0048537;GO:0048541,mucosa-associated lymphoid tissue development,1
0,1,3,10,GO:0048539,bone marrow development,1
0,0.63504142,2,118,GO:0048542,lymph gland development,1
0,0.949276796,4,430,GO:0048546,digestive tract morphogenesis,1
0,1,2,6,GO:0048549,positive regulation of pinocytosis,1
0,0.999060462,2,141,GO:0048557,embryonic digestive tract morphogenesis,1
0,1,2,6,GO:0048560,establishment of anatomical structure orientation,1
0,0.999112742,2,1001,GO:0048562,embryonic organ morphogenesis,1
0,0.999722376,2,886,GO:0048565;GO:0055123,digestive system development,1
0,0.999957875,2,192,GO:0048566,embryonic digestive tract development,1
0,0.999416096,4,1559,GO:0048568,embryonic organ development,1
0,1,2,46,GO:0048570,notochord morphogenesis,1
0,0.504609109,2,449,GO:0048580;GO:0061062,regulation of post-embryonic development,1
0,0.65703007,2,154,GO:0048581,negative regulation of post-embryonic development,1
0,0.989415948,3,1644,GO:0048592;GO:0090596,sensory organ morphogenesis,1
0,0.977520932,2,404,GO:0048593,camera-type eye morphogenesis,1
0,1,2,6,GO:0048597,post-embryonic camera-type eye morphogenesis,1
0,0.994395948,3,2493,GO:0048598,embryonic morphogenesis,1
0,0.914713624,2,1552,GO:0048608;GO:0061458,reproductive system development,1
0,0.967877881,3,52,GO:0048611;GO:0048613,embryonic ectodermal digestive tract development,1
0,1,4,24,GO:0048617,embryonic foregut morphogenesis,1
0,1,3,6,GO:0048621,post-embryonic digestive tract morphogenesis,1
0,0.603470491,2,14,GO:0048625,myoblast fate commitment,1
0,1,3,14,GO:0048630,skeletal muscle tissue growth,1
0,1,2,22,GO:0048631;GO:0048633,regulation of skeletal muscle tissue growth,1
0,0.620724138,2,1255,GO:0048639;GO:0045927,positive regulation of growth,1
0,0.530698985,2,533,GO:0048640,negative regulation of developmental growth,1
0,0.326007497,2,160,GO:0048641,regulation of skeletal muscle tissue development,1
0,0.441577489,2,38,GO:0048642,negative regulation of skeletal muscle tissue development,1
0,0.994970167,7,80,GO:0048643,positive regulation of skeletal muscle tissue development,1
0,0.968674404,2,256,GO:0048644,muscle organ morphogenesis,1
0,0.972565752,2,280,GO:0048645,animal organ formation,1
0,0.643856152,2,119,GO:0048662,negative regulation of smooth muscle cell proliferation,1
0,0.999990565,2,398,GO:0048663,neuron fate commitment,1
0,1,4,37,GO:0048664,neuron fate determination,1
0,0.999932561,3,145,GO:0048665,neuron fate specification,1
0,1,3,59,GO:0048668,collateral sprouting,1
0,1,2,5,GO:0048669,collateral sprouting in absence of injury,1
0,1,4,34,GO:0048672,positive regulation of collateral sprouting,1
0,1,5,12,GO:0048674,collateral sprouting of injured axon,1
0,0.890968667,2,397,GO:0048675;GO:1990138,neuron projection extension,1
0,1,2,6,GO:0048677,axon extension involved in regeneration,1
0,0.622402132,4,215,GO:0048678,response to axon injury,1
0,0.750072429,5,202,GO:0048679;GO:0070570,regulation of neuron projection regeneration,1
0,0.598575068,2,114,GO:0048680;GO:0070572,positive regulation of neuron projection regeneration,1
0,0.81027492,2,67,GO:0048681;GO:0070571,negative regulation of neuron projection regeneration,1
0,1,2,20,GO:0048682,sprouting of injured axon,1
0,0.539494854,3,60,GO:0048686;GO:0048690,regulation of sprouting of injured axon,1
0,0.791815219,5,45,GO:0048687;GO:0048691,positive regulation of sprouting of injured axon,1
0,0.872175122,2,229,GO:0048701;GO:1904888,cranial skeletal system development,1
0,0.913336501,2,37,GO:0048702,embryonic neurocranium morphogenesis,1
0,0.853527147,4,73,GO:0048703,embryonic viscerocranium morphogenesis,1
0,0.922313893,3,376,GO:0048704;GO:0048706,embryonic skeletal system development,1
0,0.855883392,2,658,GO:0048705,skeletal system morphogenesis,1
0,0.310667563,2,86,GO:0048710,regulation of astrocyte differentiation,1
0,1,6,42,GO:0048712,negative regulation of astrocyte differentiation,1
0,0.518207377,2,90,GO:0048713,regulation of oligodendrocyte differentiation,1
0,0.570601883,4,46,GO:0048714,positive regulation of oligodendrocyte differentiation,1
0,1,6,36,GO:0048715,negative regulation of oligodendrocyte differentiation,1
0,0.998484499,2,133,GO:0048730,epidermis morphogenesis,1
0,0.317759279,4,1674,GO:0048732,gland development,1
0,1,2,6,GO:0048734,proboscis morphogenesis,1
0,0.990084167,2,529,GO:0048738,cardiac muscle tissue development,1
0,0.862310599,6,30,GO:0048739,cardiac muscle fiber development,1
0,0.475430987,3,40,GO:0048742,regulation of skeletal muscle fiber development,1
0,1,2,21,GO:0048743,positive regulation of skeletal muscle fiber development,1
0,0.86788229,3,54,GO:0048745,smooth muscle tissue development,1
0,0.750072429,2,202,GO:0048747,muscle fiber development,1
0,1,2,31,GO:0048752,semicircular canal morphogenesis,1
0,0.940333842,6,69,GO:0048753,pigment granule organization,1
0,0.820621492,3,26,GO:0048755,branching morphogenesis of a nerve,1
0,0.576379282,2,13,GO:0048769,sarcomerogenesis,1
0,1,5,39,GO:0048789,cytoskeletal matrix organization at active zone,1
0,0.820693247,2,48,GO:0048790;GO:1990709,presynaptic active zone organization,1
0,0.987531239,2,97,GO:0048791,calcium ion-regulated exocytosis of neurotransmitter,1
0,0.77369026,3,100,GO:0048793,pronephros development,1
0,0.576379282,2,13,GO:0048794,swim bladder development,1
0,0.937743292,4,42,GO:0048799,animal organ maturation,1
0,1,4,42,GO:0048800,antennal morphogenesis,1
0,1,4,15,GO:0048802,notum morphogenesis,1
0,1,2,12,GO:0048804,imaginal disc-derived female genitalia morphogenesis,1
0,0.992489722,3,338,GO:0048806,genitalia development,1
0,0.733287994,2,20,GO:0048807,female genitalia morphogenesis,1
0,0.888969232,3,100,GO:0048808,male genitalia morphogenesis,1
0,0.424683081,2,433,GO:0048814,regulation of dendrite morphogenesis,1
0,1,5,6,GO:0048817,negative regulation of hair follicle maturation,1
0,1,2,10,GO:0048818,positive regulation of hair follicle maturation,1
0,1,4,17,GO:0048819,regulation of hair follicle maturation,1
0,0.345112283,2,19,GO:0048820,hair follicle maturation,1
0,0.924075932,3,39,GO:0048840,otolith development,1
0,0.826218463,6,145,GO:0048841,regulation of axon extension involved in axon guidance,1
0,0.86788229,2,54,GO:0048843;GO:1902668,negative regulation of axon guidance,1
0,0.942973329,5,158,GO:0048844,artery morphogenesis,1
0,0.795261829,2,24,GO:0048845,venous blood vessel morphogenesis,1
0,0.607971864,2,82,GO:0048846;GO:1902284,axon extension involved in axon guidance,1
0,1,3,7,GO:0048852,diencephalon morphogenesis,1
0,0.679484687,2,36,GO:0048853,forebrain morphogenesis,1
0,0.686943308,2,107,GO:0048854,brain morphogenesis,1
0,1,2,85,GO:0048857,neural nucleus development,1
0,0.350988272,4,600,GO:0048863,stem cell differentiation,1
0,0.90243089,3,163,GO:0048865,stem cell fate commitment,1
0,0.555487983,4,45,GO:0048866,stem cell fate specification,1
0,0.833259137,3,866,GO:0048871,multicellular organismal homeostasis,1
0,0.350988272,4,600,GO:0048872,homeostasis of number of cells,1
0,0.363187938,2,91,GO:0048873,homeostasis of number of cells within a tissue,1
0,1,2,5,GO:0048877,homeostasis of number of retina cells,1
0,0.466115412,4,70,GO:0048880;GO:0048925,sensory system development,1
0,0.324962701,2,59,GO:0048881;GO:0048882;GO:0048915;GO:0048916,lateral line development,1
0,0.4808951,3,25,GO:0048884,neuromast development,1
0,1,3,13,GO:0048892,lateral line nerve development,1
0,1,6,6,GO:0048895;GO:0048897;GO:0048931;GO:0048932;GO:0048937;GO:0048938;GO:0048941;GO:0048942,posterior lateral line nerve glial cell differentiation,1
0,1,6,7,GO:0048898,anterior lateral line system development,1
0,1,5,5,GO:0048899,anterior lateral line development,1
0,1,4,9,GO:0048918,posterior lateral line nerve development,1
0,0.674789964,4,17,GO:0048919,posterior lateral line neuromast development,1
0,1,7,9,GO:0048923,posterior lateral line neuromast hair cell differentiation,1
0,0.984491924,5,63,GO:0048934;GO:0048935,peripheral nervous system neuron development,1
0,1,8,27,GO:0048936,peripheral nervous system neuron axonogenesis,1
0,1,3,10,GO:0050432,catecholamine secretion,1
0,0.945108781,2,159,GO:0050433,regulation of catecholamine secretion,1
0,0.721576998,2,39,GO:0050434,positive regulation of viral transcription,1
0,0.493482707,5,478,GO:0050658;GO:0050657;GO:0051236;GO:0015931,nucleobase-containing compound transport,1
0,1,3,5,GO:0050666,regulation of homocysteine metabolic process,1
0,0.399060365,2,245,GO:0050673,epithelial cell proliferation,1
0,0.408912805,5,768,GO:0050678,regulation of epithelial cell proliferation,1
0,0.928773892,2,306,GO:0050680,negative regulation of epithelial cell proliferation,1
0,0.723948741,2,76,GO:0050685,positive regulation of mRNA processing,1
0,0.527872396,2,170,GO:0050688,regulation of defense response to virus,1
0,0.427741618,3,82,GO:0050691,regulation of defense response to virus by host,1
0,0.334909229,3,596,GO:0050730;GO:0050731,regulation of peptidyl-tyrosine phosphorylation,1
0,1,5,23,GO:0050746,regulation of lipoprotein metabolic process,1
0,1,2,9,GO:0050747;GO:1903059;GO:1903061,regulation of protein lipidation,1
0,1,2,12,GO:0050748,negative regulation of lipoprotein metabolic process,1
0,1,2,5,GO:0050758,regulation of thymidylate synthase biosynthetic process,1
0,0.960109137,2,1440,GO:0050768;GO:0010721;GO:0051961,negative regulation of nervous system development,1
0,0.891923325,3,880,GO:0050770,regulation of axonogenesis,1
0,0.560224749,4,222,GO:0050771,negative regulation of axonogenesis,1
0,0.807230196,3,403,GO:0050772,positive regulation of axonogenesis,1
0,0.355415797,5,662,GO:0050773,regulation of dendrite development,1
0,0.578616491,3,63,GO:0050774,negative regulation of dendrite morphogenesis,1
0,0.89269225,4,58,GO:0050779;GO:0061157,RNA destabilization,1
0,0.712378609,3,772,GO:0050795,regulation of behavior,1
0,0.416977468,4,616,GO:0050796;GO:0090276,regulation of peptide hormone secretion,1
0,0.576379282,6,13,GO:0050798,activated T cell proliferation,1
0,0.991338561,4,1428,GO:0050804;GO:0099177,regulation of trans-synaptic signaling,1
0,0.754050038,2,237,GO:0050805,negative regulation of synaptic transmission,1
0,0.967894341,5,559,GO:0050806,positive regulation of synaptic transmission,1
0,0.947656842,5,1166,GO:0050807;GO:0050803,regulation of synapse structure or activity,1
0,0.999986329,3,1123,GO:0050808,synapse organization,1
0,0.649786727,2,252,GO:0050810;GO:0019218,regulation of steroid metabolic process,1
0,0.758851197,4,457,GO:0050821,protein stabilization,1
0,0.695590709,3,18,GO:0050847,progesterone receptor signaling pathway,1
0,0.835836217,2,255,GO:0050848,regulation of calcium-mediated signaling,1
0,0.725608483,4,58,GO:0050849,negative regulation of calcium-mediated signaling,1
0,0.369044003,2,121,GO:0050850,positive regulation of calcium-mediated signaling,1
0,0.900198337,2,238,GO:0050851;GO:0050852,antigen receptor-mediated signaling pathway,1
0,0.324962701,4,59,GO:0050853,B cell receptor signaling pathway,1
0,0.865754054,2,115,GO:0050854,regulation of antigen receptor-mediated signaling pathway,1
0,0.570601883,3,46,GO:0050855,regulation of B cell receptor signaling pathway,1
0,0.882729407,3,78,GO:0050856,regulation of T cell receptor signaling pathway,1
0,0.801870371,3,46,GO:0050857,positive regulation of antigen receptor-mediated signaling pathway,1
0,0.801870371,2,46,GO:0050858,negative regulation of antigen receptor-mediated signaling pathway,1
0,0.628830106,4,15,GO:0050859,negative regulation of B cell receptor signaling pathway,1
0,0.632331372,3,33,GO:0050860,negative regulation of T cell receptor signaling pathway,1
0,0.628830106,2,15,GO:0050861,positive regulation of B cell receptor signaling pathway,1
0,0.862310599,2,30,GO:0050862,positive regulation of T cell receptor signaling pathway,1
0,0.402356335,3,65,GO:0050869,negative regulation of B cell activation,1
0,0.383270695,2,49,GO:0050872,white fat cell differentiation,1
0,0.404598871,2,80,GO:0050873,brown fat cell differentiation,1
0,0.9705611,2,153,GO:0050879;GO:0050881,multicellular organismal movement,1
0,0.392067335,4,21,GO:0050882,voluntary musculoskeletal movement,1
0,0.979789742,3,59,GO:0050884,neuromuscular process controlling posture,1
0,0.992806307,3,160,GO:0050885,neuromuscular process controlling balance,1
0,0.617044503,3,116,GO:0050886,endocrine process,1
0,0.701177271,2,177,GO:0050891;GO:0030104,water homeostasis,1
0,0.841122498,4,91,GO:0050892,intestinal absorption,1
0,0.933485191,3,41,GO:0050893,sensory processing,1
0,1,4,5,GO:0050894,determination of affect,1
0,0.648626126,6,34,GO:0050901;GO:0061756,leukocyte adhesion to vascular endothelial cell,1
0,1,2,9,GO:0050904,diapedesis,1
0,0.974540125,2,322,GO:0050905,neuromuscular process,1
0,0.886410911,3,324,GO:0050906,detection of stimulus involved in sensory perception,1
0,0.679815291,2,89,GO:0050907,detection of chemical stimulus involved in sensory perception,1
0,0.698633948,2,91,GO:0050908;GO:0050962,detection of light stimulus involved in sensory perception,1
0,1,4,36,GO:0050910,detection of mechanical stimulus involved in sensory perception of sound,1
0,1,2,52,GO:0050911,detection of chemical stimulus involved in sensory perception of smell,1
0,1,4,9,GO:0050915,sensory perception of sour taste,1
0,0.345112283,3,19,GO:0050916,sensory perception of sweet taste,1
0,1,3,5,GO:0050917,sensory perception of umami taste,1
0,0.484371736,4,118,GO:0050918,positive chemotaxis,1
0,0.940763891,4,157,GO:0050919,negative chemotaxis,1
0,0.47862361,4,693,GO:0050920,regulation of chemotaxis,1
0,0.669251376,5,105,GO:0050922,negative regulation of chemotaxis,1
0,0.852897647,2,29,GO:0050923,regulation of negative chemotaxis,1
0,1,3,14,GO:0050924;GO:0050929,induction of negative chemotaxis,1
0,0.324063557,7,45,GO:0050930,induction of positive chemotaxis,1
0,0.570038549,3,111,GO:0050931,pigment cell differentiation,1
0,0.597982132,2,31,GO:0050932,regulation of pigment cell differentiation,1
0,0.510347414,2,105,GO:0050951;GO:0016048;GO:0050961;GO:0050965,detection of temperature stimulus,1
0,0.547438314,2,12,GO:0050955,thermoception,1
0,1,5,19,GO:0050957,equilibrioception,1
0,0.370255454,2,7,GO:0050960,detection of temperature stimulus involved in thermoception,1
0,0.632015256,3,101,GO:0050974,detection of mechanical stimulus involved in sensory perception,1
0,0.943487674,6,70,GO:0050975,sensory perception of touch,1
0,0.652568745,4,16,GO:0050976,detection of mechanical stimulus involved in sensory perception of touch,1
0,0.686004996,2,141,GO:0050982,detection of mechanical stimulus,1
0,0.534591716,2,155,GO:0050994,regulation of lipid catabolic process,1
0,0.785050949,2,83,GO:0050995,negative regulation of lipid catabolic process,1
0,0.335082406,2,74,GO:0050996,positive regulation of lipid catabolic process,1
0,0.414973589,6,22,GO:0051001,negative regulation of nitric-oxide synthase activity,1
0,0.516521366,2,11,GO:0051005,negative regulation of lipoprotein lipase activity,1
0,1,5,12,GO:0051013,microtubule severing,1
0,1,2,19,GO:0051026,chiasma assembly,1
0,0.547438314,2,12,GO:0051029,rRNA transport,1
0,1,2,6,GO:0051030,snRNA transport,1
0,1,3,11,GO:0051031,tRNA transport,1
0,0.963331824,2,50,GO:0051036;GO:0097494,regulation of vesicle size,1
0,0.368480495,2,48,GO:0051043;GO:0051044,regulation of membrane protein ectodomain proteolysis,1
0,0.657884118,3,804,GO:0051052,regulation of DNA metabolic process,1
0,0.878090883,4,249,GO:0051053,negative regulation of DNA metabolic process,1
0,0.700978432,4,459,GO:0051054,positive regulation of DNA metabolic process,1
0,0.598575068,2,114,GO:0051055,negative regulation of lipid biosynthetic process,1
0,1,4,5,GO:0051066,dihydrobiopterin metabolic process,1
0,0.597982132,4,31,GO:0051085,chaperone cofactor-dependent protein refolding,1
0,1,-1,8,GO:0051088,obsolete PMA-inducible membrane protein ectodomain proteolysis,1
0,0.564013159,2,920,GO:0051090,regulation of DNA-binding transcription factor activity,1
0,0.803308116,5,604,GO:0051091,positive regulation of DNA-binding transcription factor activity,1
0,0.516521366,4,11,GO:0051096,positive regulation of helicase activity,1
0,0.545600606,2,315,GO:0051101,regulation of DNA binding,1
0,0.887088899,2,33,GO:0051123,RNA polymerase II preinitiation complex assembly,1
0,0.67833367,3,140,GO:0051124,synaptic growth at neuromuscular junction,1
0,0.664341412,7,35,GO:0051126,negative regulation of actin nucleation,1
0,0.424332277,5,37,GO:0051131,chaperone-mediated protein complex assembly,1
0,1,2,13,GO:0051133,regulation of NK T cell activation,1
0,1,3,6,GO:0051134,negative regulation of NK T cell activation,1
0,1,9,9,GO:0051135;GO:0051140;GO:0051142,regulation of NK T cell proliferation,1
0,1,2,11,GO:0051136;GO:0051138,regulation of NK T cell differentiation,1
0,0.975965041,2,111,GO:0051145,smooth muscle cell differentiation,1
0,0.539574582,2,76,GO:0051150,regulation of smooth muscle cell differentiation,1
0,0.913336501,2,37,GO:0051151,negative regulation of smooth muscle cell differentiation,1
0,0.797067066,3,332,GO:0051168;GO:0006611,nuclear export,1
0,1,6,5,GO:0051176,positive regulation of sulfur metabolic process,1
0,0.381387684,4,78,GO:0051180,vitamin transport,1
0,0.841122498,-1,91,GO:0051181,obsolete cofactor transport,1
0,0.715061732,-1,19,GO:0051182,obsolete coenzyme transport,1
0,0.41522196,-1,66,GO:0051187,obsolete cofactor catabolic process,1
0,0.679520408,2,405,GO:0051216,cartilage development,1
0,1,2,10,GO:0051229;GO:0051230,spindle disassembly,1
0,0.419854348,2,1979,GO:0051276,chromosome organization,1
0,0.607971864,3,82,GO:0051281,positive regulation of release of sequestered calcium ion into cytosol,1
0,0.359154352,3,314,GO:0051282,regulation of sequestering of calcium ion,1
0,0.30700504,2,143,GO:0051283;GO:0051209;GO:0097553,calcium ion transmembrane import into cytosol,1
0,0.458617577,2,39,GO:0051284,positive regulation of sequestering of calcium ion,1
0,0.358187613,6,76,GO:0051290,protein heterotetramerization,1
0,0.450718176,2,330,GO:0051291,protein heterooligomerization,1
0,1,3,18,GO:0051292,nuclear pore complex assembly,1
0,0.781311787,4,44,GO:0051295,establishment of meiotic spindle localization,1
0,0.459421222,7,24,GO:0051296,establishment of meiotic spindle orientation,1
0,0.815195294,2,106,GO:0051298,centrosome duplication,1
0,1,4,8,GO:0051312,chromosome decondensation,1
0,0.437437224,2,23,GO:0051315,attachment of mitotic spindle microtubules to kinetochore,1
0,0.327242611,2,6,GO:0051316,attachment of spindle microtubules to kinetochore involved in meiotic chromosome segregation,1
0,0.427314113,2,52,GO:0051340,regulation of ligase activity,1
0,0.345112283,3,19,GO:0051342,regulation of cyclic-nucleotide phosphodiesterase activity,1
0,1,2,7,GO:0051344,negative regulation of cyclic-nucleotide phosphodiesterase activity,1
0,0.337814697,2,60,GO:0051350;GO:0007194;GO:0031280,negative regulation of lyase activity,1
0,0.715061732,2,19,GO:0051351,positive regulation of ligase activity,1
0,0.437437224,4,23,GO:0051352,negative regulation of ligase activity,1
0,0.820693247,2,48,GO:0051354,negative regulation of oxidoreductase activity,1
0,1,2,7,GO:0051365,cellular response to potassium ion starvation,1
0,1,2,8,GO:0051389,inactivation of MAPKK activity,1
0,0.347286849,2,148,GO:0051402;GO:0070997,neuron death,1
0,0.603470491,4,14,GO:0051414,response to cortisol,1
0,1,7,12,GO:0051415,microtubule nucleation by interphase microtubule organizing center,1
0,0.414973589,2,22,GO:0051418,microtubule nucleation by microtubule organizing center,1
0,0.522219199,5,27,GO:0051451,myoblast migration,1
0,0.652568745,6,16,GO:0051454;GO:0045852,intracellular pH elevation,1
0,1,2,5,GO:0051458,corticotropin secretion,1
0,1,6,19,GO:0051459,regulation of corticotropin secretion,1
0,1,3,13,GO:0051461,positive regulation of corticotropin secretion,1
0,1,8,11,GO:0051462;GO:0051464,regulation of cortisol secretion,1
0,1,5,5,GO:0051466,positive regulation of corticotropin-releasing hormone secretion,1
0,0.746969679,10,41,GO:0051481,negative regulation of cytosolic calcium ion concentration,1
0,1,6,19,GO:0051546,keratinocyte migration,1
0,1,3,6,GO:0051552,flavone metabolic process,1
0,0.695590709,7,18,GO:0051561,positive regulation of mitochondrial calcium ion concentration,1
0,0.327242611,2,6,GO:0051563,smooth endoplasmic reticulum calcium ion homeostasis,1
0,0.924075932,3,39,GO:0051567,histone H3-K9 methylation,1
0,0.997039777,7,88,GO:0051568,histone H3-K4 methylation,1
0,1,2,61,GO:0051569,regulation of histone H3-K4 methylation,1
0,0.925967793,4,65,GO:0051570,regulation of histone H3-K9 methylation,1
0,1,2,38,GO:0051571,positive regulation of histone H3-K4 methylation,1
0,1,2,10,GO:0051572,negative regulation of histone H3-K4 methylation,1
0,0.781268471,6,23,GO:0051573,negative regulation of histone H3-K9 methylation,1
0,0.648626126,2,34,GO:0051574,positive regulation of histone H3-K9 methylation,1
0,0.746657263,4,60,GO:0051580,regulation of neurotransmitter uptake,1
0,0.715061732,3,19,GO:0051581,negative regulation of neurotransmitter uptake,1
0,0.368762764,2,20,GO:0051582,positive regulation of neurotransmitter uptake,1
0,0.370255454,6,7,GO:0051583;GO:0051934,dopamine uptake involved in synaptic transmission,1
0,1,4,22,GO:0051584;GO:0051940,regulation of catecholamine uptake involved in synaptic transmission,1
0,1,3,11,GO:0051586;GO:0051944,positive regulation of catecholamine uptake involved in synaptic transmission,1
0,0.561331513,2,94,GO:0051589,negative regulation of neurotransmitter transport,1
0,0.424332277,5,37,GO:0051593,response to folic acid,1
0,0.327242611,2,6,GO:0051595,response to methylglyoxal,1
0,0.542035276,4,28,GO:0051597,response to methylmercury,1
0,0.370255454,2,7,GO:0051598,meiotic recombination checkpoint,1
0,0.695590709,3,18,GO:0051599,response to hydrostatic pressure,1
0,0.4808951,2,25,GO:0051601,exocyst localization,1
0,0.981174054,2,819,GO:0051606,detection of stimulus,1
0,1,2,9,GO:0051611;GO:0051612,regulation of serotonin uptake,1
0,0.547438314,2,12,GO:0051638;GO:0051695,actin filament uncapping,1
0,0.603470491,4,14,GO:0051643,endoplasmic reticulum localization,1
0,0.852897647,4,29,GO:0051645,Golgi localization,1
0,0.458617577,4,39,GO:0051657,maintenance of organelle location,1
0,1,2,5,GO:0051659,maintenance of mitochondrion location,1
0,0.652568745,2,16,GO:0051660,establishment of centrosome localization,1
0,0.561271862,2,29,GO:0051661,maintenance of centrosome location,1
0,0.558615117,3,349,GO:0051668,localization within membrane,1
0,0.628830106,4,15,GO:0051683,establishment of Golgi localization,1
0,0.327242611,3,6,GO:0051684,maintenance of Golgi location,1
0,0.483493607,2,10,GO:0051686,establishment of ER localization,1
0,1,2,5,GO:0051694,pointed-end actin filament capping,1
0,0.410519741,2,8,GO:0051697,protein delipidation,1
0,0.976193549,-1,264,GO:0051705,obsolete multi-organism behavior,1
0,0.522219199,5,27,GO:0051712,positive regulation of killing of cells of other organism,1
0,1,6,5,GO:0051758,homologous chromosome movement towards spindle pole in meiosis I anaphase,1
0,0.370255454,2,7,GO:0051759,sister chromosome movement towards spindle pole involved in meiotic sister chromatid segregation,1
0,0.879368974,2,32,GO:0051775,response to redox state,1
0,1,5,11,GO:0051794,regulation of timing of catagen,1
0,1,2,7,GO:0051795,positive regulation of timing of catagen,1
0,0.975349778,2,56,GO:0051797,regulation of hair follicle development,1
0,1,2,6,GO:0051801;GO:0051715,cytolysis in other organism,1
0,0.781311787,2,44,GO:0051823,regulation of synapse structural plasticity,1
0,1,2,13,GO:0051835,positive regulation of synapse structural plasticity,1
0,0.831436137,2,146,GO:0051851;GO:0051702,biological process involved in interaction with symbiont,1
0,0.404155723,4,170,GO:0051865,protein autoubiquitination,1
0,1,2,6,GO:0051866,general adaptation syndrome,1
0,1,2,13,GO:0051873,killing by host of symbiont cells,1
0,1,2,5,GO:0051877,pigment granule aggregation in cell center,1
0,0.435795623,2,174,GO:0051881,regulation of mitochondrial membrane potential,1
0,1,2,6,GO:0051882,mitochondrial depolarization,1
0,1,3,22,GO:0051883;GO:0051818,killing of cells in other organism involved in symbiotic interaction,1
0,1,5,6,GO:0051884,regulation of timing of anagen,1
0,0.664341412,3,35,GO:0051890,regulation of cardioblast differentiation,1
0,1,2,9,GO:0051891,positive regulation of cardioblast differentiation,1
0,0.818163066,6,68,GO:0051894;GO:0150117;GO:1903393,positive regulation of cell-substrate junction organization,1
0,0.860778857,2,114,GO:0051898,negative regulation of protein kinase B signaling,1
0,0.987826307,4,173,GO:0051899,membrane depolarization,1
0,0.95814281,3,48,GO:0051900,regulation of mitochondrial depolarization,1
0,1,2,19,GO:0051901,positive regulation of mitochondrial depolarization,1
0,0.808360443,2,25,GO:0051902;GO:1904180,negative regulation of membrane depolarization,1
0,0.717687908,2,627,GO:0051924,regulation of calcium ion transport,1
0,0.654638809,3,137,GO:0051926,negative regulation of calcium ion transport,1
0,0.636850861,2,315,GO:0051928,positive regulation of calcium ion transport,1
0,0.9988063,2,137,GO:0051930;GO:0051931,regulation of sensory perception,1
0,1,7,5,GO:0051933;GO:0051935,glutamate reuptake,1
0,0.708091899,2,38,GO:0051937,catecholamine transport,1
0,1,2,31,GO:0051938,L-glutamate import,1
0,1,2,5,GO:0051939,gamma-aminobutyric acid import,1
0,0.886745103,3,342,GO:0051952,regulation of amine transport,1
0,0.91875363,2,86,GO:0051953,negative regulation of amine transport,1
0,0.727052194,3,181,GO:0051954,positive regulation of amine transport,1
0,0.488599524,2,134,GO:0051955,regulation of amino acid transport,1
0,0.801870371,5,46,GO:0051956,negative regulation of amino acid transport,1
0,0.683641507,2,72,GO:0051957,positive regulation of amino acid transport,1
0,0.406144429,3,307,GO:0051964;GO:1901889;GO:1905809,negative regulation of cell junction assembly,1
0,0.851714007,4,417,GO:0051965;GO:1901890,positive regulation of cell junction assembly,1
0,0.703214191,2,56,GO:0051969,regulation of transmission of nerve impulse,1
0,0.862310599,2,30,GO:0051970,negative regulation of transmission of nerve impulse,1
0,1,2,15,GO:0051971,positive regulation of transmission of nerve impulse,1
0,0.342051403,5,89,GO:0051972,regulation of telomerase activity,1
0,0.414973589,3,22,GO:0051974,negative regulation of telomerase activity,1
0,1,3,21,GO:0051977,lysophospholipid transport,1
0,0.547438314,3,12,GO:0052173;GO:0052200;GO:0075136,response to host defenses,1
0,1,2,7,GO:0052572,response to host immune response,1
0,0.969173497,3,81,GO:0052652;GO:0009190;GO:0006182,cyclic nucleotide biosynthetic process,1
0,0.695590709,3,18,GO:0052695;GO:0052697;GO:0070980,cellular glucuronidation,1
0,0.837249207,3,667,GO:0055001;GO:0055002,muscle cell development,1
0,0.918883652,2,38,GO:0055003,cardiac myofibril assembly,1
0,1,3,6,GO:0055005,ventricular cardiac myofibril assembly,1
0,0.829185776,2,200,GO:0055006;GO:0055013,cardiac cell development,1
0,0.931968697,2,289,GO:0055007,cardiac muscle cell differentiation,1
0,0.997067639,2,151,GO:0055010;GO:0003229,ventricular cardiac muscle tissue development,1
0,1,3,13,GO:0055011;GO:0055014,atrial cardiac muscle cell differentiation,1
0,1,2,6,GO:0055016,hypochord development,1
0,0.452082054,2,130,GO:0055023;GO:0060421;GO:0055025,positive regulation of cardiac muscle tissue development,1
0,1,5,5,GO:0055060,asymmetric neuroblast division resulting in ganglion mother cell formation,1
0,0.389323909,2,35,GO:0055070,copper ion homeostasis,1
0,0.945459578,2,44,GO:0055075;GO:0030007,potassium ion homeostasis,1
0,0.414973589,6,22,GO:0055091,phospholipid homeostasis,1
0,0.410519741,2,8,GO:0055095;GO:0055096,lipoprotein particle mediated signaling,1
0,1,2,11,GO:0055113,epiboly involved in gastrulation with mouth forming second,1
0,0.667048073,2,53,GO:0055115;GO:0043053,entry into diapause,1
0,0.410519741,3,8,GO:0055116,entry into reproductive diapause,1
0,0.576379282,7,13,GO:0055118,negative regulation of cardiac muscle contraction,1
0,0.648626126,2,34,GO:0055119,relaxation of cardiac muscle,1
0,0.99836983,3,97,GO:0060004,reflex,1
0,1,2,10,GO:0060005,vestibular reflex,1
0,0.777038204,4,82,GO:0060008,Sertoli cell differentiation,1
0,0.725608483,4,58,GO:0060009,Sertoli cell development,1
0,0.576379282,3,13,GO:0060011,Sertoli cell proliferation,1
0,1,2,19,GO:0060013,righting reflex,1
0,1,4,7,GO:0060014,granulosa cell differentiation,1
0,0.321177305,2,18,GO:0060017,parathyroid gland development,1
0,0.448211014,2,9,GO:0060018,astrocyte fate commitment,1
0,0.721576998,4,39,GO:0060019,radial glial cell differentiation,1
0,0.999694546,3,221,GO:0060021,roof of mouth development,1
0,1,3,16,GO:0060022,hard palate development,1
0,1,2,12,GO:0060023,soft palate development,1
0,0.585392804,2,47,GO:0060024,rhythmic synaptic transmission,1
0,0.874538064,3,55,GO:0060025,regulation of synaptic activity,1
0,1,2,22,GO:0060028,convergent extension involved in axis elongation,1
0,0.542035276,3,28,GO:0060029,convergent extension involved in organogenesis,1
0,1,2,11,GO:0060030,dorsal convergence,1
0,1,3,6,GO:0060032,notochord regression,1
0,1,3,13,GO:0060034,notochord cell differentiation,1
0,1,2,9,GO:0060035,notochord cell development,1
0,0.989576725,2,69,GO:0060037,pharyngeal system development,1
0,0.961505667,3,77,GO:0060039,pericardium development,1
0,1,6,20,GO:0060040;GO:1905962,retinal bipolar neuron differentiation,1
0,0.958926785,2,512,GO:0060041,retina development in camera-type eye,1
0,0.97554265,3,222,GO:0060042,retina morphogenesis in camera-type eye,1
0,0.376541328,2,63,GO:0060045,positive regulation of cardiac muscle cell proliferation,1
0,0.832098503,4,27,GO:0060046,regulation of acrosome reaction,1
0,0.999650628,5,298,GO:0060047;GO:0060048,heart contraction,1
0,1,2,24,GO:0060049,regulation of protein glycosylation,1
0,1,2,17,GO:0060050,positive regulation of protein glycosylation,1
0,1,3,5,GO:0060051,negative regulation of protein glycosylation,1
0,1,2,27,GO:0060052,neurofilament cytoskeleton organization,1
0,0.345112283,7,19,GO:0060054,positive regulation of epithelial cell proliferation involved in wound healing,1
0,0.648626126,4,34,GO:0060055,angiogenesis involved in wound healing,1
0,0.913336501,2,37,GO:0060059,embryonic retina morphogenesis in camera-type eye,1
0,1,4,7,GO:0060060,post-embryonic retina morphogenesis in camera-type eye,1
0,1,2,18,GO:0060061,Spemann organizer formation,1
0,0.865898997,4,75,GO:0060065,uterus development,1
0,1,4,5,GO:0060067,cervix development,1
0,0.522219199,2,27,GO:0060068,vagina development,1
0,0.992414073,2,252,GO:0060070,canonical Wnt signaling pathway,1
0,0.901078974,2,35,GO:0060073,micturition,1
0,0.383270695,4,49,GO:0060074,synapse maturation,1
0,0.999591133,4,243,GO:0060078;GO:0060079;GO:0099565,regulation of postsynaptic membrane potential,1
0,0.862310599,5,30,GO:0060080,inhibitory postsynaptic potential,1
0,1,2,24,GO:0060081,membrane hyperpolarization,1
0,1,2,6,GO:0060082,eye blink reflex,1
0,0.628830106,2,15,GO:0060083,smooth muscle contraction involved in micturition,1
0,1,2,9,GO:0060084,synaptic transmission involved in micturition,1
0,1,2,6,GO:0060112,generation of ovulation cycle rhythm,1
0,1,5,8,GO:0060114;GO:0060118,vestibular receptor cell development,1
0,0.694091583,2,73,GO:0060117,auditory receptor cell development,1
0,0.988830121,3,151,GO:0060119,inner ear receptor cell development,1
0,0.979190462,2,88,GO:0060122,inner ear receptor cell stereocilium organization,1
0,0.945459578,5,44,GO:0060123,regulation of growth hormone secretion,1
0,1,3,26,GO:0060124,positive regulation of growth hormone secretion,1
0,0.576379282,4,13,GO:0060125,negative regulation of growth hormone secretion,1
0,1,4,9,GO:0060126,somatotropin secreting cell differentiation,1
0,1,4,10,GO:0060128;GO:0060129,corticotropin hormone secreting cell differentiation,1
0,0.852897647,6,29,GO:0060134,prepulse inhibition,1
0,0.313823826,2,173,GO:0060147;GO:0060964;GO:0060966,regulation of gene silencing by RNA,1
0,0.679449394,2,54,GO:0060149;GO:0060967,negative regulation of gene silencing by RNA,1
0,0.370255454,2,7,GO:0060157,urinary bladder development,1
0,1,3,23,GO:0060158,phospholipase C-activating dopamine receptor signaling pathway,1
0,1,3,10,GO:0060160,negative regulation of dopamine receptor signaling pathway,1
0,1,3,11,GO:0060164,regulation of timing of neuron differentiation,1
0,1,3,6,GO:0060166,olfactory pit development,1
0,1,3,6,GO:0060167,regulation of adenosine receptor signaling pathway,1
0,0.999983648,4,488,GO:0060173,limb development,1
0,1,2,32,GO:0060174,limb bud formation,1
0,1,6,6,GO:0060177,regulation of angiotensin metabolic process,1
0,1,2,9,GO:0060178,regulation of exocyst localization,1
0,0.532311778,2,218,GO:0060179,male mating behavior,1
0,1,2,5,GO:0060188;GO:0060189,regulation of protein desumoylation,1
0,0.542035276,5,28,GO:0060192,negative regulation of lipase activity,1
0,1,2,6,GO:0060197,cloacal septation,1
0,1,2,39,GO:0060211;GO:0060213,regulation of nuclear-transcribed mRNA poly(A) tail shortening,1
0,1,3,8,GO:0060214,endocardium formation,1
0,0.924075932,6,39,GO:0060215,primitive hemopoiesis,1
0,0.596982215,3,81,GO:0060216,definitive hemopoiesis,1
0,1,2,37,GO:0060218,hematopoietic stem cell differentiation,1
0,0.629422276,7,84,GO:0060219,camera-type eye photoreceptor cell differentiation,1
0,1,2,6,GO:0060220,camera-type eye photoreceptor cell fate commitment,1
0,0.547438314,2,12,GO:0060221,retinal rod cell differentiation,1
0,1,5,38,GO:0060231,mesenchymal to epithelial transition,1
0,0.734532051,2,40,GO:0060232,delamination,1
0,1,2,15,GO:0060235,lens induction in camera-type eye,1
0,0.766319286,3,22,GO:0060242;GO:0060245,detection of cell density,1
0,1,6,12,GO:0060244,negative regulation of cell proliferation involved in contact inhibition,1
0,0.979583033,4,1047,GO:0060249,anatomical structure homeostasis,1
0,1,2,15,GO:0060250,germ-line stem-cell niche homeostasis,1
0,0.998572273,5,99,GO:0060251,regulation of glial cell proliferation,1
0,0.937743292,2,42,GO:0060252,positive regulation of glial cell proliferation,1
0,1,4,57,GO:0060253,negative regulation of glial cell proliferation,1
0,0.998017182,2,307,GO:0060259,regulation of feeding behavior,1
0,0.327242611,2,6,GO:0060264,regulation of respiratory burst involved in inflammatory response,1
0,0.516521366,5,11,GO:0060267,positive regulation of respiratory burst,1
0,0.458617577,4,39,GO:0060269,centripetally migrating follicle cell migration,1
0,0.95814281,2,48,GO:0060272;GO:0072498,embryonic skeletal joint development,1
0,0.86788229,2,54,GO:0060278,regulation of ovulation,1
0,0.579922037,2,30,GO:0060279,positive regulation of ovulation,1
0,1,2,6,GO:0060280,negative regulation of ovulation,1
0,0.612684271,4,246,GO:0060281;GO:1905879,regulation of oogenesis,1
0,0.381387684,2,78,GO:0060282,positive regulation of oocyte development,1
0,1,4,36,GO:0060283;GO:1900194;GO:1905880,negative regulation of oogenesis,1
0,1,5,16,GO:0060287,epithelial cilium movement involved in determination of left/right asymmetry,1
0,1,2,7,GO:0060288,formation of a compartment boundary,1
0,1,3,48,GO:0060290,transdifferentiation,1
0,0.947071992,2,139,GO:0060291,long-term synaptic potentiation,1
0,0.97692869,2,57,GO:0060292,long-term synaptic depression,1
0,0.86788229,3,54,GO:0060295;GO:0003352;GO:1902019,regulation of cilium movement,1
0,1,2,13,GO:0060296,regulation of cilium beat frequency involved in ciliary motility,1
0,0.853588002,6,52,GO:0060297,regulation of sarcomere organization,1
0,0.901078974,7,35,GO:0060298,positive regulation of sarcomere organization,1
0,1,2,5,GO:0060299,negative regulation of sarcomere organization,1
0,0.576379282,2,13,GO:0060300,regulation of cytokine activity,1
0,1,3,6,GO:0060302,negative regulation of cytokine activity,1
0,0.750349027,3,21,GO:0060305,regulation of cell diameter,1
0,0.814822578,3,87,GO:0060306,regulation of membrane repolarization,1
0,0.591227031,2,64,GO:0060307;GO:0099623,regulation of cardiac muscle cell membrane repolarization,1
0,0.908378109,2,61,GO:0060314,regulation of ryanodine-sensitive calcium-release channel activity,1
0,0.345112283,5,19,GO:0060315,negative regulation of ryanodine-sensitive calcium-release channel activity,1
0,0.596982215,3,81,GO:0060317,cardiac epithelial to mesenchymal transition,1
0,1,2,8,GO:0060318,definitive erythrocyte differentiation,1
0,1,6,16,GO:0060319,primitive erythrocyte differentiation,1
0,0.73642199,2,148,GO:0060323,head morphogenesis,1
0,0.363653008,3,150,GO:0060324,face development,1
0,0.669251376,3,105,GO:0060325,face morphogenesis,1
0,1,2,7,GO:0060327,cytoplasmic actin-based contraction involved in cell motility,1
0,1,6,8,GO:0060332;GO:0060335,positive regulation of response to interferon-gamma,1
0,0.398018913,2,50,GO:0060338,regulation of type I interferon-mediated signaling pathway,1
0,1,5,18,GO:0060339,negative regulation of type I interferon-mediated signaling pathway,1
0,0.714581312,3,57,GO:0060343,trabecula formation,1
0,0.522219199,2,27,GO:0060346;GO:0061430,bone trabecula morphogenesis,1
0,0.648626126,2,34,GO:0060347,heart trabecula formation,1
0,0.377836171,4,454,GO:0060348,bone development,1
0,1,2,5,GO:0060352,cell adhesion molecule production,1
0,0.321177305,2,18,GO:0060353;GO:0060355,regulation of cell adhesion molecule production,1
0,0.873836621,2,460,GO:0060359,response to ammonium ion,1
0,1,2,6,GO:0060361,flight,1
0,0.579922037,4,30,GO:0060363,cranial suture morphogenesis,1
0,0.576379282,2,13,GO:0060364,frontal suture morphogenesis,1
0,0.674789964,2,17,GO:0060371,regulation of atrial cardiac muscle cell membrane depolarization,1
0,0.733287994,5,20,GO:0060373,regulation of ventricular cardiac muscle cell membrane depolarization,1
0,1,3,7,GO:0060374,mast cell differentiation,1
0,1,2,10,GO:0060375,regulation of mast cell differentiation,1
0,1,2,20,GO:0060379,cardiac muscle cell myoblast differentiation,1
0,0.381387684,2,78,GO:0060384,innervation,1
0,0.879368974,2,32,GO:0060389,pathway-restricted SMAD protein phosphorylation,1
0,0.829489615,2,49,GO:0060390,regulation of SMAD protein signal transduction,1
0,0.579922037,2,30,GO:0060391,positive regulation of SMAD protein signal transduction,1
0,1,4,7,GO:0060392,negative regulation of SMAD protein signal transduction,1
0,0.808360443,6,25,GO:0060394,negative regulation of pathway-restricted SMAD protein phosphorylation,1
0,0.981100705,2,140,GO:0060395,SMAD protein signal transduction,1
0,0.652568745,2,16,GO:0060398,regulation of growth hormone receptor signaling pathway,1
0,1,3,10,GO:0060399,positive regulation of growth hormone receptor signaling pathway,1
0,0.538206848,2,203,GO:0060401;GO:0060402,cytosolic calcium ion transport,1
0,0.871121548,2,31,GO:0060405;GO:0060406,regulation of penile erection,1
0,1,2,6,GO:0060408;GO:0060409,regulation of acetylcholine metabolic process,1
0,0.991781674,2,205,GO:0060411,cardiac septum morphogenesis,1
0,0.99741455,4,124,GO:0060412,ventricular septum morphogenesis,1
0,1,4,34,GO:0060413,atrial septum morphogenesis,1
0,0.951324792,2,203,GO:0060415;GO:0055008,muscle tissue morphogenesis,1
0,0.979190462,2,88,GO:0060419;GO:0055017,heart growth,1
0,0.577842051,2,128,GO:0060425,lung morphogenesis,1
0,1,2,18,GO:0060426,lung vasculature development,1
0,0.997407276,5,90,GO:0060428,lung epithelium development,1
0,1,3,23,GO:0060430,lung saccule development,1
0,1,2,26,GO:0060433,bronchus development,1
0,1,2,7,GO:0060434,bronchus morphogenesis,1
0,1,2,8,GO:0060435,bronchiole development,1
0,1,3,17,GO:0060437,lung growth,1
0,0.389458391,2,64,GO:0060439,trachea morphogenesis,1
0,0.751582434,2,79,GO:0060441,epithelial tube branching involved in lung morphogenesis,1
0,0.679376818,3,157,GO:0060443,mammary gland morphogenesis,1
0,0.639365096,2,68,GO:0060444,branching involved in mammary gland duct morphogenesis,1
0,0.978406522,3,58,GO:0060445,branching involved in salivary gland morphogenesis,1
0,1,2,13,GO:0060447,bud outgrowth involved in lung branching,1
0,1,3,11,GO:0060448;GO:0060488;GO:0060489;GO:0060490,dichotomous subdivision of terminal units involved in lung branching,1
0,0.842841585,4,28,GO:0060452,positive regulation of cardiac muscle contraction,1
0,0.795261829,3,24,GO:0060453,regulation of gastric acid secretion,1
0,1,2,14,GO:0060455,negative regulation of gastric acid secretion,1
0,0.458617577,2,39,GO:0060456,positive regulation of digestive system process,1
0,0.406905721,2,36,GO:0060457,negative regulation of digestive system process,1
0,1,3,6,GO:0060458,right lung development,1
0,1,3,9,GO:0060459,left lung development,1
0,1,3,5,GO:0060460,left lung morphogenesis,1
0,1,3,19,GO:0060462;GO:0060463,lung lobe development,1
0,0.951893033,3,97,GO:0060465,pharynx development,1
0,1,2,8,GO:0060466,activation of meiosis involved in egg activation,1
0,1,2,9,GO:0060478,acrosomal vesicle exocytosis,1
0,0.983430362,4,62,GO:0060479;GO:0060487,lung cell differentiation,1
0,1,2,8,GO:0060480,lung goblet cell differentiation,1
0,1,2,12,GO:0060481;GO:0060482,lobar bronchus development,1
0,1,2,20,GO:0060484,lung-associated mesenchyme development,1
0,0.541532807,2,630,GO:0060485,mesenchyme development,1
0,1,3,9,GO:0060486,club cell differentiation,1
0,1,2,5,GO:0060492,lung induction,1
0,1,2,13,GO:0060501,positive regulation of epithelial cell proliferation involved in lung morphogenesis,1
0,1,3,7,GO:0060502,epithelial cell proliferation involved in lung morphogenesis,1
0,0.733287994,2,20,GO:0060509,type I pneumocyte differentiation,1
0,1,2,13,GO:0060510,type II pneumocyte differentiation,1
0,0.381387684,3,78,GO:0060512;GO:0060740,prostate gland morphogenesis,1
0,1,3,14,GO:0060513,prostatic bud formation,1
0,1,2,7,GO:0060516,primary prostatic bud elongation,1
0,1,2,9,GO:0060523;GO:0060916,prostate epithelial cord elongation,1
0,0.603470491,4,14,GO:0060526;GO:0060527,prostate epithelial cord arborization involved in prostate glandular acinus morphogenesis,1
0,1,5,5,GO:0060532;GO:0061145,bronchus cartilage development,1
0,0.459421222,3,24,GO:0060534,trachea cartilage development,1
0,1,3,10,GO:0060535,trachea cartilage morphogenesis,1
0,0.441577489,2,38,GO:0060536,cartilage morphogenesis,1
0,0.891835625,2,624,GO:0060538,skeletal muscle organ development,1
0,1,3,29,GO:0060539,diaphragm development,1
0,0.32060963,4,1277,GO:0060541,respiratory system development,1
0,0.524327146,6,43,GO:0060544;GO:0062098;GO:0060546;GO:0062099;GO:0060547,negative regulation of necrotic cell death,1
0,0.414973589,4,22,GO:0060558;GO:0060556,regulation of vitamin D biosynthetic process,1
0,0.951724271,3,702,GO:0060560,developmental growth involved in morphogenesis,1
0,0.734532051,3,40,GO:0060561,apoptotic process involved in morphogenesis,1
0,0.393059472,2,2262,GO:0060562,epithelial tube morphogenesis,1
0,0.945968261,2,200,GO:0060563,neuroepithelial cell differentiation,1
0,0.448036633,2,99,GO:0060571,morphogenesis of an epithelial fold,1
0,0.579922037,3,30,GO:0060572,morphogenesis of an epithelial bud,1
0,0.994257515,2,78,GO:0060573,cell fate specification involved in pattern specification,1
0,0.708091899,6,38,GO:0060575,intestinal epithelial cell differentiation,1
0,0.368762764,2,20,GO:0060576,intestinal epithelial cell development,1
0,0.993306791,3,186,GO:0060581,cell fate commitment involved in pattern specification,1
0,1,3,5,GO:0060584;GO:0060585,regulation of prostaglandin-endoperoxide synthase activity,1
0,0.321177305,3,18,GO:0060586,multicellular organismal iron ion homeostasis,1
0,0.842841585,3,28,GO:0060591,chondroblast differentiation,1
0,1,2,29,GO:0060592,mammary gland formation,1
0,1,4,12,GO:0060594,mammary gland specification,1
0,1,4,6,GO:0060595;GO:0060615;GO:0060667;GO:0060915,mesenchymal cell differentiation involved in lung development,1
0,1,3,15,GO:0060596,mammary placode formation,1
0,0.820621492,2,26,GO:0060600,dichotomous subdivision of an epithelial terminal unit,1
0,1,2,28,GO:0060601,lateral sprouting from an epithelium,1
0,0.475430987,3,40,GO:0060602,branch elongation of an epithelium,1
0,0.74383982,3,114,GO:0060603,mammary gland duct morphogenesis,1
0,1,3,18,GO:0060605;GO:0060662,salivary gland cavitation,1
0,0.788260828,5,102,GO:0060612,adipose tissue development,1
0,1,2,18,GO:0060613,fat pad development,1
0,0.327242611,3,6,GO:0060618;GO:0060658,nipple development,1
0,1,6,7,GO:0060620;GO:2000909,regulation of cholesterol import,1
0,0.414973589,2,22,GO:0060625,regulation of protein deneddylation,1
0,0.441577489,2,38,GO:0060628,regulation of ER to Golgi vesicle-mediated transport,1
0,0.542035276,2,28,GO:0060631,regulation of meiosis I,1
0,0.677840546,5,123,GO:0060632,regulation of microtubule-based movement,1
0,1,3,13,GO:0060633;GO:2000143,negative regulation of transcription initiation from RNA polymerase II promoter,1
0,0.820621492,2,26,GO:0060638,mesenchymal-epithelial cell signaling,1
0,0.547438314,4,12,GO:0060648,mammary gland bud morphogenesis,1
0,1,3,20,GO:0060664,epithelial cell proliferation involved in salivary gland morphogenesis,1
0,0.674789964,5,17,GO:0060665,regulation of branching involved in salivary gland morphogenesis by mesenchymal-epithelial signaling,1
0,0.576379282,3,13,GO:0060666,dichotomous subdivision of terminal units involved in salivary gland branching,1
0,0.62768515,3,67,GO:0060669;GO:0060713,embryonic placenta morphogenesis,1
0,0.427741618,2,82,GO:0060674,placenta blood vessel development,1
0,0.898426003,5,181,GO:0060675;GO:0072171;GO:0072078;GO:0072088;GO:0072028,nephron morphogenesis,1
0,1,2,15,GO:0060676,ureteric bud formation,1
0,1,2,15,GO:0060677,ureteric bud elongation,1
0,1,2,17,GO:0060684,epithelial-mesenchymal cell signaling,1
0,1,2,16,GO:0060685,regulation of prostatic bud formation,1
0,1,3,10,GO:0060686,negative regulation of prostatic bud formation,1
0,1,4,15,GO:0060687,regulation of branching involved in prostate gland morphogenesis,1
0,0.679376818,3,157,GO:0060688,regulation of morphogenesis of a branching structure,1
0,1,2,9,GO:0060689,cell differentiation involved in salivary gland development,1
0,0.664341412,2,35,GO:0060693,regulation of branching involved in salivary gland morphogenesis,1
0,1,5,12,GO:0060699;GO:0060700,regulation of ribonuclease activity,1
0,1,5,6,GO:0060701;GO:0060702,negative regulation of endoribonuclease activity,1
0,0.324962701,3,59,GO:0060706,cell differentiation involved in embryonic placenta development,1
0,0.318050655,4,31,GO:0060707,trophoblast giant cell differentiation,1
0,1,3,27,GO:0060710,chorio-allantoic fusion,1
0,0.586764916,4,129,GO:0060711,labyrinthine layer development,1
0,0.842841585,2,28,GO:0060712,spongiotrophoblast layer development,1
0,1,2,7,GO:0060715,syncytiotrophoblast cell differentiation involved in labyrinthine layer development,1
0,0.512416506,3,58,GO:0060716,labyrinthine layer blood vessel development,1
0,0.459421222,2,24,GO:0060717;GO:1903867,extraembryonic membrane development,1
0,0.327242611,3,6,GO:0060730,regulation of intestinal epithelial structure maintenance,1
0,0.871121548,3,31,GO:0060736,prostate gland growth,1
0,1,2,11,GO:0060737,prostate gland morphogenetic growth,1
0,1,3,6,GO:0060738,epithelial-mesenchymal signaling involved in prostate gland development,1
0,1,3,8,GO:0060741,prostate gland stromal morphogenesis,1
0,0.318050655,4,31,GO:0060742,epithelial cell differentiation involved in prostate gland development,1
0,0.448211014,4,9,GO:0060743,epithelial cell maturation involved in prostate gland development,1
0,1,2,12,GO:0060745,mammary gland branching involved in pregnancy,1
0,1,2,5,GO:0060748,tertiary branching involved in mammary gland duct morphogenesis,1
0,0.470498034,3,55,GO:0060749;GO:0061377,mammary gland alveolus development,1
0,1,2,6,GO:0060750,epithelial cell proliferation involved in mammary gland duct elongation,1
0,0.448211014,4,9,GO:0060751,branch elongation involved in mammary gland duct branching,1
0,0.715061732,6,19,GO:0060753;GO:0060754,regulation of mast cell chemotaxis,1
0,1,2,9,GO:0060756,foraging behavior,1
0,1,2,32,GO:0060763,mammary duct terminal end bud growth,1
0,0.768791065,3,81,GO:0060765,regulation of androgen receptor signaling pathway,1
0,0.820621492,2,26,GO:0060766,negative regulation of androgen receptor signaling pathway,1
0,1,5,7,GO:0060769,positive regulation of epithelial cell proliferation involved in prostate gland development,1
0,1,2,6,GO:0060785,regulation of apoptosis involved in tissue homeostasis,1
0,1,2,6,GO:0060786,regulation of cell differentiation involved in tissue homeostasis,1
0,0.922465453,2,87,GO:0060788;GO:0071696;GO:0071697,ectodermal placode development,1
0,0.410519741,3,8,GO:0060789,hair follicle placode formation,1
0,0.811575555,4,124,GO:0060795,cell fate commitment involved in formation of primary germ layer,1
0,0.327242611,2,6,GO:0060800,regulation of cell differentiation involved in embryonic placenta development,1
0,1,2,5,GO:0060809,mesodermal to mesenchymal transition involved in gastrulation,1
0,0.976111077,2,135,GO:0060811;GO:0060810,intracellular mRNA localization involved in pattern specification process,1
0,1,2,6,GO:0060819,inactivation of X chromosome by genetic imprinting,1
0,0.483493607,4,10,GO:0060827;GO:0060829,regulation of canonical Wnt signaling pathway involved in neural plate anterior/posterior pattern formation,1
0,1,2,6,GO:0060830,ciliary receptor clustering involved in smoothened signaling pathway,1
0,1,4,16,GO:0060831,smoothened signaling pathway involved in dorsal/ventral neural tube patterning,1
0,1,5,11,GO:0060836,lymphatic endothelial cell differentiation,1
0,0.808360443,2,25,GO:0060837;GO:0060842,blood vessel endothelial cell differentiation,1
0,0.766319286,2,22,GO:0060839,endothelial cell fate commitment,1
0,0.882148536,2,232,GO:0060840,artery development,1
0,0.933485191,4,41,GO:0060841,venous blood vessel development,1
0,0.547438314,3,12,GO:0060846;GO:0060844;GO:0060853,blood vessel endothelial cell fate commitment,1
0,0.652568745,2,16,GO:0060847,endothelial cell fate specification,1
0,0.770345782,-1,43,GO:0060850,obsolete regulation of transcription involved in cell fate commitment,1
0,0.949503555,2,96,GO:0060856;GO:0060857,establishment of blood-brain barrier,1
0,0.941728947,4,43,GO:0060872,semicircular canal development,1
0,1,2,7,GO:0060876;GO:0060879,semicircular canal formation,1
0,0.842841585,2,28,GO:0060896;GO:0060897,neural plate pattern specification,1
0,1,2,6,GO:0060898,eye field cell fate commitment involved in camera-type eye formation,1
0,1,2,13,GO:0060907,positive regulation of macrophage cytokine production,1
0,0.654299653,3,52,GO:0060911,cardiac cell fate commitment,1
0,0.695590709,3,18,GO:0060912,cardiac cell fate specification,1
0,1,2,11,GO:0060913,cardiac cell fate determination,1
0,0.979789742,4,59,GO:0060914,heart formation,1
0,1,3,15,GO:0060920;GO:0060926,cardiac pacemaker cell differentiation,1
0,1,4,11,GO:0060921;GO:0060931,sinoatrial node cell differentiation,1
0,1,2,17,GO:0060923,cardiac muscle cell fate commitment,1
0,1,3,7,GO:0060932,His-Purkinje system cell differentiation,1
0,1,2,32,GO:0060947,cardiac vascular smooth muscle cell differentiation,1
0,1,2,13,GO:0060948,cardiac vascular smooth muscle cell development,1
0,0.458617577,2,39,GO:0060965,negative regulation of gene silencing by miRNA,1
0,0.561999184,2,286,GO:0060968,regulation of gene silencing,1
0,0.841122498,4,91,GO:0060969,negative regulation of gene silencing,1
0,0.628830106,2,15,GO:0060971,embryonic heart tube left/right pattern formation,1
0,0.980189109,4,139,GO:0060972;GO:0070986,left/right pattern formation,1
0,1,2,9,GO:0060974,cell migration involved in heart formation,1
0,0.962827186,2,169,GO:0060976,coronary vasculature development,1
0,0.865898997,2,75,GO:0060977,coronary vasculature morphogenesis,1
0,0.733287994,2,20,GO:0060978,angiogenesis involved in coronary vascular morphogenesis,1
0,0.721576998,5,39,GO:0060979,vasculogenesis involved in coronary vascular morphogenesis,1
0,0.437437224,2,23,GO:0060982,coronary artery morphogenesis,1
0,1,3,34,GO:0060986,endocrine hormone secretion,1
0,0.967659577,2,275,GO:0060993;GO:0072080,kidney morphogenesis,1
0,1,3,5,GO:0060994,regulation of transcription from RNA polymerase II promoter involved in kidney development,1
0,0.958647617,3,123,GO:0060996,dendritic spine development,1
0,0.97670583,7,86,GO:0060997,dendritic spine morphogenesis,1
0,0.420532427,4,233,GO:0060998,regulation of dendritic spine development,1
0,0.791815219,2,45,GO:0061000,negative regulation of dendritic spine development,1
0,0.873346793,3,136,GO:0061001,regulation of dendritic spine morphogenesis,1
0,0.820621492,6,26,GO:0061002,negative regulation of dendritic spine morphogenesis,1
0,0.41522196,2,66,GO:0061003,positive regulation of dendritic spine morphogenesis,1
0,1,3,29,GO:0061004;GO:0072048,pattern specification involved in kidney development,1
0,0.963879658,4,126,GO:0061005;GO:0035850,cell differentiation involved in kidney development,1
0,0.766319286,4,22,GO:0061009,common bile duct development,1
0,1,2,7,GO:0061010,gall bladder development,1
0,0.967533001,2,105,GO:0061014,positive regulation of mRNA catabolic process,1
0,1,4,11,GO:0061026,cardiac muscle tissue regeneration,1
0,0.862310599,2,30,GO:0061029,eyelid development in camera-type eye,1
0,0.368762764,5,20,GO:0061031,endodermal digestive tract morphogenesis,1
0,1,2,25,GO:0061032,visceral serous pericardium development,1
0,1,2,7,GO:0061033,secretion by lung epithelial cell involved in lung growth,1
0,1,3,8,GO:0061034,olfactory bulb mitral cell layer development,1
0,0.507167145,2,89,GO:0061036,positive regulation of cartilage development,1
0,0.750349027,2,21,GO:0061038,uterus morphogenesis,1
0,0.483493607,2,10,GO:0061042,vascular wound healing,1
0,0.414278539,2,141,GO:0061045,negative regulation of wound healing,1
0,1,5,16,GO:0061046,regulation of branching involved in lung morphogenesis,1
0,1,2,9,GO:0061047,positive regulation of branching involved in lung morphogenesis,1
0,1,3,6,GO:0061055,myotome development,1
0,1,2,17,GO:0061056,sclerotome development,1
0,0.542035276,2,28,GO:0061057,peptidoglycan recognition protein signaling pathway,1
0,0.891673116,3,1977,GO:0061061,muscle structure development,1
0,0.425759381,2,112,GO:0061064,negative regulation of nematode larval development,1
0,0.405676646,7,95,GO:0061065,regulation of dauer larval development,1
0,0.845923066,4,51,GO:0061067,negative regulation of dauer larval development,1
0,0.392067335,3,21,GO:0061072,iris morphogenesis,1
0,0.547438314,2,12,GO:0061073,ciliary body morphogenesis,1
0,0.967877881,2,52,GO:0061074;GO:1902866,regulation of retina development in camera-type eye,1
0,1,3,11,GO:0061075;GO:1902868,positive regulation of neural retina development,1
0,1,4,7,GO:0061076;GO:1902867;GO:1902870,negative regulation of amacrine cell differentiation,1
0,1,5,24,GO:0061081,positive regulation of myeloid leukocyte cytokine production involved in immune response,1
0,0.448211014,2,9,GO:0061082,myeloid leukocyte cytokine production,1
0,1,5,12,GO:0061083,regulation of protein refolding,1
0,1,6,9,GO:0061084;GO:1903333,negative regulation of protein folding,1
0,0.694064825,2,37,GO:0061085,regulation of histone H3-K27 methylation,1
0,0.437437224,2,23,GO:0061086,negative regulation of histone H3-K27 methylation,1
0,1,2,11,GO:0061087,positive regulation of histone H3-K27 methylation,1
0,1,2,8,GO:0061092,positive regulation of phospholipid translocation,1
0,1,5,13,GO:0061094;GO:0061096,regulation of turning behavior involved in mating,1
0,0.864791126,4,263,GO:0061097,regulation of protein tyrosine kinase activity,1
0,0.979805664,4,184,GO:0061098,positive regulation of protein tyrosine kinase activity,1
0,0.402356335,2,65,GO:0061099,negative regulation of protein tyrosine kinase activity,1
0,0.941728947,3,43,GO:0061101,neuroendocrine cell differentiation,1
0,1,2,8,GO:0061113,pancreas morphogenesis,1
0,1,2,27,GO:0061140,lung secretory cell differentiation,1
0,1,6,5,GO:0061144,alveolar secondary septum development,1
0,1,2,10,GO:0061146;GO:0097021,Peyer's patch morphogenesis,1
0,1,3,7,GO:0061152;GO:0061153,trachea submucosa development,1
0,0.576379282,2,13,GO:0061156,pulmonary artery morphogenesis,1
0,0.918883652,2,38,GO:0061158,3'-UTR-mediated mRNA destabilization,1
0,0.850364304,2,112,GO:0061162;GO:0061339,establishment or maintenance of monopolar cell polarity,1
0,0.353810866,2,33,GO:0061179,negative regulation of insulin secretion involved in cellular response to glucose stimulus,1
0,0.521775718,3,185,GO:0061180,mammary gland epithelium development,1
0,0.603470491,3,14,GO:0061181;GO:0061182,regulation of chondrocyte development,1
0,1,4,10,GO:0061183;GO:0061184,regulation of dermatome development,1
0,1,7,6,GO:0061187;GO:0061188,regulation of ribosomal DNA heterochromatin assembly,1
0,1,5,10,GO:0061193,taste bud development,1
0,1,2,6,GO:0061194;GO:0061195,taste bud morphogenesis,1
0,0.547438314,3,12,GO:0061196;GO:0061197,fungiform papilla development,1
0,0.327242611,2,6,GO:0061198,fungiform papilla formation,1
0,1,2,6,GO:0061199,striated muscle contraction involved in embryonic body morphogenesis,1
0,1,3,12,GO:0061205,paramesonephric duct development,1
0,1,2,5,GO:0061209;GO:0072138,cell proliferation involved in mesonephros development,1
0,0.766394126,2,62,GO:0061213;GO:0061217;GO:0090189;GO:0090190,regulation of mesonephros development,1
0,1,2,12,GO:0061218,negative regulation of mesonephros development,1
0,0.4808951,3,25,GO:0061299,retina vasculature morphogenesis in camera-type eye,1
0,1,2,9,GO:0061300,cerebellum vasculature development,1
0,0.933485191,3,41,GO:0061303,cornea development in camera-type eye,1
0,0.576379282,2,13,GO:0061304,retinal blood vessel morphogenesis,1
0,1,7,15,GO:0061309,cardiac neural crest cell development involved in outflow tract morphogenesis,1
0,0.979789742,3,59,GO:0061311,cell surface receptor signaling pathway involved in heart development,1
0,1,3,14,GO:0061312,BMP signaling pathway involved in heart development,1
0,1,2,26,GO:0061314,Notch signaling involved in heart development,1
0,1,5,10,GO:0061316,canonical Wnt signaling pathway involved in heart development,1
0,0.984329838,3,93,GO:0061318,renal filtration cell differentiation,1
0,0.758903055,5,42,GO:0061319,nephrocyte differentiation,1
0,0.501834227,2,26,GO:0061320,pericardial nephrocyte differentiation,1
0,0.733287994,6,20,GO:0061321,garland nephrocyte differentiation,1
0,1,2,37,GO:0061327,anterior Malpighian tubule development,1
0,0.664341412,4,35,GO:0061331;GO:2001013,epithelial cell proliferation involved in renal tubule morphogenesis,1
0,0.866719559,2,405,GO:0061333;GO:0061326,renal tubule development,1
0,1,4,8,GO:0061334;GO:0061352;GO:0061353,cell chemotaxis involved in Malpighian tubule morphogenesis,1
0,1,5,5,GO:0061336,cell morphogenesis involved in Malpighian tubule morphogenesis,1
0,0.967020289,2,172,GO:0061337,cardiac conduction,1
0,1,2,5,GO:0061341;GO:0061346,non-canonical Wnt signaling pathway involved in heart development,1
0,1,5,5,GO:0061344;GO:1901189,regulation of cell adhesion involved in heart morphogenesis,1
0,0.793573509,2,433,GO:0061351,neural precursor cell proliferation,1
0,0.392067335,2,21,GO:0061356;GO:0061357,regulation of Wnt protein secretion,1
0,0.576379282,4,13,GO:0061364,apoptotic process involved in luteolysis,1
0,1,4,8,GO:0061366;GO:0061368,behavioral response to formalin induced pain,1
0,1,3,10,GO:0061370,testosterone biosynthetic process,1
0,1,2,9,GO:0061373,mammillary axonal complex development,1
0,1,3,6,GO:0061378;GO:0061379;GO:0061374;GO:0061381,corpora quadrigemina development,1
0,1,3,18,GO:0061382,Malpighian tubule tip cell differentiation,1
0,0.758648904,2,116,GO:0061383,trabecula morphogenesis,1
0,0.785050949,3,83,GO:0061384,heart trabecula morphogenesis,1
0,1,3,16,GO:0061386,closure of optic fissure,1
0,1,6,5,GO:0061402,positive regulation of transcription from RNA polymerase II promoter in response to acidic pH,1
0,1,9,6,GO:0061408,positive regulation of transcription from RNA polymerase II promoter in response to heat stress,1
0,0.327242611,2,6,GO:0061428,negative regulation of transcription from RNA polymerase II promoter in response to hypoxia,1
0,0.948951495,3,45,GO:0061437;GO:0061440;GO:0072012,kidney vasculature development,1
0,0.603470491,2,14,GO:0061438;GO:0061439;GO:0072103;GO:0072104,renal system vasculature morphogenesis,1
0,1,2,7,GO:0061443,endocardial cushion cell differentiation,1
0,1,3,5,GO:0061444,endocardial cushion cell development,1
0,0.794799828,2,551,GO:0061448,connective tissue development,1
0,1,2,14,GO:0061470,T follicular helper cell differentiation,1
0,0.664341412,4,35,GO:0061478;GO:1904321;GO:1904322,response to platelet aggregation inhibitor,1
0,0.695590709,2,18,GO:0061484,hematopoietic stem cell homeostasis,1
0,0.516521366,3,11,GO:0061502,early endosome to recycling endosome transport,1
0,1,4,5,GO:0061526,acetylcholine secretion,1
0,1,3,14,GO:0061541,rhabdomere morphogenesis,1
0,0.69150428,2,55,GO:0061548,ganglion development,1
0,0.4808951,2,25,GO:0061549,sympathetic ganglion development,1
0,0.4808951,2,25,GO:0061550;GO:0061551,cranial ganglion development,1
0,1,4,14,GO:0061577,calcium ion transmembrane transport via high voltage-gated calcium channel,1
0,1,8,12,GO:0061588;GO:0061590;GO:0061591,calcium activated phospholipid scrambling,1
0,1,2,8,GO:0061589,calcium activated phosphatidylserine scrambling,1
0,1,7,8,GO:0061622,glycolytic process through glucose-1-phosphate,1
0,1,2,22,GO:0061626,pharyngeal arch artery morphogenesis,1
0,0.766319286,3,22,GO:0061635,regulation of protein complex stability,1
0,1,2,8,GO:0061642,chemoattraction of axon,1
0,1,2,15,GO:0061643,chemorepulsion of axon,1
0,0.89269225,2,58,GO:0061647,histone H3-K9 modification,1
0,1,5,6,GO:0061668,mitochondrial ribosome assembly,1
0,0.628830106,3,15,GO:0061669;GO:0098814,spontaneous synaptic transmission,1
0,1,6,8,GO:0061670,evoked neurotransmitter secretion,1
0,1,2,14,GO:0061687;GO:0010273,detoxification of inorganic compound,1
0,1,2,9,GO:0061734,parkin-mediated stimulation of mitophagy in response to mitochondrial depolarization,1
0,1,2,9,GO:0061738,late endosomal microautophagy,1
0,1,7,6,GO:0061739,protein lipidation involved in autophagosome assembly,1
0,1,2,13,GO:0061743,motor learning,1
0,0.674789964,2,17,GO:0061744,motor behavior,1
0,0.370255454,5,7,GO:0061763,multivesicular body-lysosome fusion,1
0,1,4,7,GO:0061774;GO:0061781,cohesin unloading,1
0,0.576379282,3,13,GO:0061789;GO:0099069,dense core granule priming,1
0,0.795261829,2,24,GO:0061792,secretory granule maturation,1
0,1,4,6,GO:0061819;GO:1904505;GO:1904506;GO:1905764;GO:1905765,negative regulation of telomere maintenance in response to DNA damage,1
0,0.547438314,2,12,GO:0061820;GO:0090657,telomeric loop disassembly,1
0,1,2,9,GO:0061833;GO:1901483;GO:1901485,protein localization to tricellular tight junction,1
0,0.716673873,4,93,GO:0061844,antimicrobial humoral immune response mediated by antimicrobial peptide,1
0,0.370255454,2,7,GO:0061857,endoplasmic reticulum stress-induced pre-emptive quality control,1
0,1,2,7,GO:0061884,regulation of mini excitatory postsynaptic potential,1
0,1,2,10,GO:0061888,regulation of astrocyte activation,1
0,1,5,7,GO:0061890,positive regulation of astrocyte activation,1
0,1,3,7,GO:0061901;GO:0061903,positive regulation of 1-phosphatidylinositol-3-kinase activity,1
0,0.842841585,3,28,GO:0061930;GO:0061931;GO:0090086;GO:1902838,negative regulation of protein deubiquitination,1
0,1,3,15,GO:0061945;GO:1902524,regulation of protein K48-linked ubiquitination,1
0,0.437484648,2,98,GO:0061951,establishment of protein localization to plasma membrane,1
0,1,2,58,GO:0062009,secondary palate development,1
0,0.842782688,2,185,GO:0062014,negative regulation of small molecule metabolic process,1
0,1,4,17,GO:0062042;GO:0062043;GO:1905005;GO:1905007,regulation of epithelial to mesenchymal transition involved in endocardial cushion formation,1
0,1,2,6,GO:0062044;GO:1905006,negative regulation of cardiac epithelial to mesenchymal transition,1
0,0.582193607,2,96,GO:0062149,detection of stimulus involved in sensory perception of pain,1
0,0.679815291,6,89,GO:0062237;GO:1903539,protein localization to postsynapse,1
0,0.598490709,3,276,GO:0065004,protein-DNA complex assembly,1
0,0.766899869,4,135,GO:0070050,neuron cellular homeostasis,1
0,0.800385791,4,85,GO:0070059,intrinsic apoptotic signaling pathway in response to endoplasmic reticulum stress,1
0,0.392067335,3,21,GO:0070071,proton-transporting two-sector ATPase complex assembly,1
0,1,5,6,GO:0070086,ubiquitin-dependent endocytosis,1
0,1,2,15,GO:0070092,regulation of glucagon secretion,1
0,1,2,7,GO:0070094,positive regulation of glucagon secretion,1
0,0.381387684,2,78,GO:0070098,chemokine-mediated signaling pathway,1
0,0.392067335,2,21,GO:0070099;GO:0070100,regulation of chemokine-mediated signaling pathway,1
0,1,4,6,GO:0070105,positive regulation of interleukin-6-mediated signaling pathway,1
0,0.924075932,3,39,GO:0070121,Kupffer's vesicle development,1
0,1,2,8,GO:0070127,tRNA aminoacylation for mitochondrial protein translation,1
0,0.781311787,2,44,GO:0070129;GO:0062125,regulation of mitochondrial gene expression,1
0,1,3,28,GO:0070131,positive regulation of mitochondrial translation,1
0,0.795261829,2,24,GO:0070141,response to UV-A,1
0,1,5,9,GO:0070170,regulation of tooth mineralization,1
0,1,2,11,GO:0070189,kynurenine metabolic process,1
0,0.311735709,4,202,GO:0070192,chromosome organization involved in meiotic cell cycle,1
0,0.41522196,2,66,GO:0070193,synaptonemal complex organization,1
0,0.370255454,2,7,GO:0070200,establishment of protein localization to telomere,1
0,0.526226543,5,154,GO:0070206,protein trimerization,1
0,0.363187938,2,91,GO:0070207,protein homotrimerization,1
0,0.746969679,2,41,GO:0070208,protein heterotrimerization,1
0,1,6,13,GO:0070212,protein poly-ADP-ribosylation,1
0,1,3,8,GO:0070213,protein auto-ADP-ribosylation,1
0,0.894315043,2,34,GO:0070227;GO:0070231,lymphocyte apoptotic process,1
0,1,3,6,GO:0070242,thymocyte apoptotic process,1
0,0.345112283,10,19,GO:0070243,regulation of thymocyte apoptotic process,1
0,0.873419565,3,390,GO:0070252;GO:0030048,actin filament-based movement,1
0,0.441577489,3,38,GO:0070266,necroptotic process,1
0,1,4,22,GO:0070269,pyroptosis,1
0,1,2,7,GO:0070285,pigment cell development,1
0,1,5,48,GO:0070286,axonemal dynein complex assembly,1
0,1,2,9,GO:0070291,N-acylethanolamine metabolic process,1
0,1,6,5,GO:0070292,N-acylphosphatidylethanolamine metabolic process,1
0,0.570601883,4,46,GO:0070293,renal absorption,1
0,0.695590709,4,18,GO:0070294,renal sodium ion absorption,1
0,1,2,11,GO:0070295,renal water absorption,1
0,0.694064825,2,37,GO:0070296,sarcoplasmic reticulum calcium ion transport,1
0,0.522219199,3,27,GO:0070305;GO:0071321,response to cGMP,1
0,0.921895848,4,64,GO:0070306,lens fiber cell differentiation,1
0,0.820621492,5,26,GO:0070307,lens fiber cell development,1
0,1,2,7,GO:0070309,lens fiber cell morphogenesis,1
0,1,2,24,GO:0070314,G1 to G0 transition,1
0,1,4,8,GO:0070315,G1 to G0 transition involved in cell differentiation,1
0,0.323592552,6,73,GO:0070316;GO:0070317,regulation of G0 to G1 transition,1
0,0.547438314,2,12,GO:0070327,thyroid hormone transport,1
0,0.483493607,3,10,GO:0070346,positive regulation of fat cell proliferation,1
0,1,3,8,GO:0070350;GO:0070352,regulation of white fat cell proliferation,1
0,0.370255454,3,7,GO:0070366,regulation of hepatocyte differentiation,1
0,1,2,5,GO:0070368,positive regulation of hepatocyte differentiation,1
0,1,3,7,GO:0070370,cellular heat acclimation,1
0,0.381387684,2,78,GO:0070371,ERK1 and ERK2 cascade,1
0,0.484702975,3,445,GO:0070374,positive regulation of ERK1 and ERK2 cascade,1
0,1,2,6,GO:0070375,ERK5 cascade,1
0,0.576379282,2,13,GO:0070384,Harderian gland development,1
0,0.674789964,2,17,GO:0070424,regulation of nucleotide-binding oligomerization domain containing signaling pathway,1
0,1,8,7,GO:0070426;GO:0070434,positive regulation of nucleotide-binding oligomerization domain containing 2 signaling pathway,1
0,0.547438314,2,12,GO:0070432,regulation of nucleotide-binding oligomerization domain containing 2 signaling pathway,1
0,0.852897647,2,29,GO:0070445,regulation of oligodendrocyte progenitor proliferation,1
0,0.628830106,2,15,GO:0070447,positive regulation of oligodendrocyte progenitor proliferation,1
0,1,2,5,GO:0070459,prolactin secretion,1
0,1,2,35,GO:0070472;GO:0070474,regulation of uterine smooth muscle contraction,1
0,1,7,6,GO:0070473,negative regulation of uterine smooth muscle contraction,1
0,1,4,12,GO:0070475,rRNA base methylation,1
0,1,2,9,GO:0070483,detection of hypoxia,1
0,0.652568745,2,16,GO:0070493,thrombin-activated receptor signaling pathway,1
0,1,7,6,GO:0070494;GO:0070495,negative regulation of thrombin-activated receptor signaling pathway,1
0,0.484371736,9,118,GO:0070509,calcium ion import,1
0,1,2,15,GO:0070525,tRNA threonylcarbamoyladenosine metabolic process,1
0,0.679484687,3,36,GO:0070528,protein kinase C signaling,1
0,0.853588002,5,52,GO:0070536,protein K63-linked deubiquitination,1
0,1,2,5,GO:0070537,histone H2A K63-linked deubiquitination,1
0,0.370255454,2,7,GO:0070541,response to platinum ion,1
0,0.879368974,2,32,GO:0070544,histone H3-K36 demethylation,1
0,1,2,7,GO:0070561,vitamin D receptor signaling pathway,1
0,0.547438314,2,12,GO:0070562,regulation of vitamin D receptor signaling pathway,1
0,0.727573234,2,482,GO:0070588,calcium ion transmembrane transport,1
0,1,4,10,GO:0070602,regulation of centromeric sister chromatid cohesion,1
0,0.887906261,4,79,GO:0070633,transepithelial transport,1
0,1,2,11,GO:0070634,transepithelial ammonium transport,1
0,1,2,20,GO:0070640,vitamin D3 metabolic process,1
0,1,2,12,GO:0070649;GO:0110009,formin-nucleated actin cable assembly,1
0,1,2,7,GO:0070650,actin filament bundle distribution,1
0,1,4,16,GO:0070654;GO:1990399,epithelium regeneration,1
0,1,4,6,GO:0070655;GO:0070656;GO:0070659;GO:0070660,inner ear sensory epithelium regeneration,1
0,0.370255454,7,7,GO:0070666;GO:0070668,positive regulation of mast cell proliferation,1
0,0.963331824,2,50,GO:0070723,response to cholesterol,1
0,0.522219199,2,27,GO:0070734,histone H3-K27 methylation,1
0,1,3,17,GO:0070778,L-aspartate transmembrane transport,1
0,1,5,6,GO:0070781,response to biotin,1
0,1,2,6,GO:0070782,phosphatidylserine exposure on apoptotic cell surface,1
0,1,3,10,GO:0070816,phosphorylation of RNA polymerase II C-terminal domain,1
0,0.363653008,2,150,GO:0070828,heterochromatin organization,1
0,0.518207377,8,90,GO:0070830,bicellular tight junction assembly,1
0,0.424332277,2,37,GO:0070831,basement membrane assembly,1
0,1,3,11,GO:0070836,caveola assembly,1
0,0.652568745,2,16,GO:0070841;GO:0070842,inclusion body assembly,1
0,0.590673551,2,1387,GO:0070848;GO:0071363,response to growth factor,1
0,0.353668383,3,47,GO:0070861,regulation of protein exit from endoplasmic reticulum,1
0,1,2,17,GO:0070862;GO:1904153,negative regulation of protein exit from endoplasmic reticulum,1
0,0.503377688,3,73,GO:0070868,heterochromatin organization involved in chromatin silencing,1
0,0.396711792,3,124,GO:0070873;GO:0032881,regulation of polysaccharide metabolic process,1
0,0.714581312,2,57,GO:0070875,positive regulation of glycogen metabolic process,1
0,0.527641229,3,75,GO:0070884;GO:0106056,regulation of calcineurin-mediated signaling,1
0,0.820621492,6,26,GO:0070885;GO:0106057,negative regulation of calcineurin-NFAT signaling cascade,1
0,1,2,5,GO:0070889,platelet alpha granule organization,1
0,0.960823085,4,49,GO:0070897,transcription preinitiation complex assembly,1
0,1,2,11,GO:0070900;GO:1900864,mitochondrial tRNA modification,1
0,1,7,35,GO:0070911,global genome nucleotide-excision repair,1
0,0.733287994,6,20,GO:0070914,UV-damage excision repair,1
0,0.512416506,2,58,GO:0070920;GO:1903798,regulation of production of small RNA involved in gene silencing by RNA,1
0,1,5,22,GO:0070922,small RNA loading onto RISC,1
0,0.563094604,2,1771,GO:0070925,organelle assembly,1
0,1,5,9,GO:0070940,dephosphorylation of RNA polymerase II C-terminal domain,1
0,1,5,8,GO:0070942;GO:0070943;GO:0070944;GO:0070945,neutrophil-mediated killing of bacterium,1
0,0.750349027,2,21,GO:0070948;GO:0070949,regulation of neutrophil mediated cytotoxicity,1
0,1,6,9,GO:0070950;GO:0070951,regulation of neutrophil mediated killing of bacterium,1
0,0.370255454,7,7,GO:0070953;GO:0070965,positive regulation of neutrophil mediated killing of fungus,1
0,0.547438314,3,12,GO:0070960;GO:0070961,positive regulation of neutrophil mediated killing of symbiont cell,1
0,1,4,5,GO:0070962;GO:0070963;GO:1900135,positive regulation of renin secretion into blood stream,1
0,0.995598922,3,219,GO:0070972,protein localization to endoplasmic reticulum,1
0,0.607971864,3,82,GO:0070983,dendrite guidance,1
0,0.579922037,2,30,GO:0070987,error-free translesion synthesis,1
0,0.751324538,2,115,GO:0070988,demethylation,1
0,1,3,13,GO:0070995,NADPH oxidation,1
0,1,3,15,GO:0071000,response to magnetism,1
0,0.664341412,3,35,GO:0071025;GO:0071027,RNA surveillance,1
0,1,3,26,GO:0071028,nuclear mRNA surveillance,1
0,1,2,11,GO:0071030,nuclear mRNA surveillance of spliceosomal pre-mRNA splicing,1
0,1,2,7,GO:0071033,nuclear retention of pre-mRNA at the site of transcription,1
0,1,5,5,GO:0071034;GO:0071043,CUT catabolic process,1
0,1,4,8,GO:0071035;GO:0071038,nuclear polyadenylation-dependent rRNA catabolic process,1
0,0.327242611,3,6,GO:0071042;GO:0071047,nuclear polyadenylation-dependent mRNA catabolic process,1
0,0.368762764,3,20,GO:0071044,histone mRNA catabolic process,1
0,1,10,10,GO:0071051,polyadenylation-dependent snoRNA 3'-end processing,1
0,0.466115412,3,70,GO:0071071,regulation of phospholipid biosynthetic process,1
0,0.561271862,2,29,GO:0071072,negative regulation of phospholipid biosynthetic process,1
0,0.721576998,3,39,GO:0071073,positive regulation of phospholipid biosynthetic process,1
0,0.370255454,5,7,GO:0071105,response to interleukin-11,1
0,0.746657263,8,60,GO:0071108,protein K48-linked deubiquitination,1
0,1,2,8,GO:0071109,superior temporal gyrus development,1
0,0.368480495,4,48,GO:0071157,negative regulation of cell cycle arrest,1
0,1,2,5,GO:0071163,DNA replication preinitiation complex assembly,1
0,0.674789964,5,17,GO:0071205,protein localization to juxtaparanode region of axon,1
0,0.410519741,2,8,GO:0071224,cellular response to peptidoglycan,1
0,0.516521366,3,11,GO:0071225,cellular response to muramyl dipeptide,1
0,0.527872396,2,170,GO:0071230,cellular response to amino acid stimulus,1
0,0.448211014,3,9,GO:0071233,cellular response to leucine,1
0,0.888915886,2,197,GO:0071242,cellular response to ammonium ion,1
0,1,2,9,GO:0071259,cellular response to magnetism,1
0,0.547438314,2,12,GO:0071265;GO:0071267;GO:0043102,L-methionine biosynthetic process,1
0,0.321177305,6,18,GO:0071280,cellular response to copper ion,1
0,0.695590709,2,18,GO:0071284,cellular response to lead ion,1
0,0.784859532,2,64,GO:0071285,cellular response to lithium ion,1
0,0.820621492,2,26,GO:0071286,cellular response to magnesium ion,1
0,1,2,29,GO:0071294,cellular response to zinc ion,1
0,1,2,6,GO:0071299;GO:0003131,cellular response to vitamin A,1
0,0.865687296,3,172,GO:0071300,cellular response to retinoic acid,1
0,0.561331513,2,94,GO:0071312,cellular response to alkaloid,1
0,0.918883652,6,38,GO:0071313;GO:0071415,cellular response to purine-containing compound,1
0,1,4,8,GO:0071314,cellular response to cocaine,1
0,1,2,13,GO:0071315,cellular response to morphine,1
0,0.766319286,2,22,GO:0071316,cellular response to nicotine,1
0,1,4,18,GO:0071317,cellular response to isoquinoline alkaloid,1
0,1,7,22,GO:0071324;GO:0071329,cellular response to sucrose stimulus,1
0,1,7,9,GO:0071332,cellular response to fructose stimulus,1
0,1,5,6,GO:0071336,regulation of hair follicle cell proliferation,1
0,1,3,17,GO:0071340,skeletal muscle acetylcholine-gated channel clustering,1
0,0.415906557,2,111,GO:0071359,cellular response to dsRNA,1
0,0.929838684,2,66,GO:0071371,cellular response to gonadotropin stimulus,1
0,1,4,10,GO:0071373,cellular response to luteinizing hormone stimulus,1
0,0.703214191,4,56,GO:0071377,cellular response to glucagon stimulus,1
0,0.318050655,7,31,GO:0071389,cellular response to mineralocorticoid stimulus,1
0,0.318050655,2,31,GO:0071391,cellular response to estrogen stimulus,1
0,0.828390926,3,89,GO:0071392,cellular response to estradiol stimulus,1
0,0.808360443,2,25,GO:0071393,cellular response to progesterone stimulus,1
0,1,2,27,GO:0071397,cellular response to cholesterol,1
0,1,4,5,GO:0071403,cellular response to high density lipoprotein particle stimulus,1
0,1,3,10,GO:0071418,cellular response to amine stimulus,1
0,1,2,23,GO:0071420,cellular response to histamine,1
0,0.392067335,2,21,GO:0071421,manganese ion transmembrane transport,1
0,1,2,28,GO:0071425,hematopoietic stem cell proliferation,1
0,0.516521366,2,11,GO:0071440,regulation of histone H3-K14 acetylation,1
0,1,3,7,GO:0071442,positive regulation of histone H3-K14 acetylation,1
0,1,5,6,GO:0071444,cellular response to pheromone,1
0,0.392067335,4,21,GO:0071447,cellular response to hydroperoxide,1
0,0.603470491,2,14,GO:0071454,cellular response to anoxia,1
0,0.766319286,4,22,GO:0071455,cellular response to hyperoxia,1
0,0.370255454,3,7,GO:0071461,cellular response to redox state,1
0,1,2,20,GO:0071462,cellular response to water stimulus,1
0,1,3,11,GO:0071464,cellular response to hydrostatic pressure,1
0,0.612651954,4,359,GO:0071466,cellular response to xenobiotic stimulus,1
0,1,5,6,GO:0071469,cellular response to alkaline pH,1
0,0.484820049,2,87,GO:0071470,cellular response to osmotic stress,1
0,0.561271862,2,29,GO:0071472,cellular response to salt stress,1
0,0.613978598,4,49,GO:0071474,cellular hyperosmotic response,1
0,0.576379282,2,13,GO:0071476,cellular hypotonic response,1
0,0.552743258,3,61,GO:0071480,cellular response to gamma radiation,1
0,0.842841585,2,28,GO:0071481,cellular response to X-ray,1
0,0.319618005,2,292,GO:0071482,cellular response to light stimulus,1
0,1,6,15,GO:0071484,cellular response to light intensity,1
0,0.516521366,3,11,GO:0071492,cellular response to UV-A,1
0,1,7,19,GO:0071493,cellular response to UV-B,1
0,1,7,11,GO:0071494,cellular response to UV-C,1
0,1,3,9,GO:0071500,cellular response to nitrosative stress,1
0,0.547438314,2,12,GO:0071502,cellular response to temperature stimulus,1
0,0.392067335,2,21,GO:0071503;GO:0071504,response to heparin,1
0,1,4,50,GO:0071514,genetic imprinting,1
0,0.44080602,7,68,GO:0071539;GO:1905508,protein localization to microtubule organizing center,1
0,0.486415402,2,196,GO:0071548,response to dexamethasone,1
0,0.362060062,4,135,GO:0071549,cellular response to dexamethasone stimulus,1
0,0.695590709,2,18,GO:0071550,death-inducing signaling complex assembly,1
0,1,2,17,GO:0071557,histone H3-K27 demethylation,1
0,0.427720509,3,449,GO:0071559;GO:0071560,response to transforming growth factor beta,1
0,1,2,5,GO:0071596,ubiquitin-dependent protein catabolic process via the N-end rule pathway,1
0,0.917613463,2,63,GO:0071599,otic vesicle development,1
0,0.960823085,2,49,GO:0071600;GO:0030916,otic vesicle morphogenesis,1
0,1,3,12,GO:0071603,endothelial cell-cell adhesion,1
0,1,4,13,GO:0071623;GO:0090024;GO:1902623,negative regulation of neutrophil chemotaxis,1
0,1,2,53,GO:0071625,vocalization behavior,1
0,1,2,13,GO:0071630,nuclear protein quality control by the ubiquitin-proteasome system,1
0,1,2,28,GO:0071632,optomotor response,1
0,0.733287994,4,20,GO:0071635,negative regulation of transforming growth factor beta production,1
0,0.579922037,3,30,GO:0071637,regulation of monocyte chemotactic protein-1 production,1
0,1,5,10,GO:0071638,negative regulation of monocyte chemotactic protein-1 production,1
0,0.368762764,2,20,GO:0071639,positive regulation of monocyte chemotactic protein-1 production,1
0,0.603470491,2,14,GO:0071651,positive regulation of chemokine (C-C motif) ligand 5 production,1
0,1,5,7,GO:0071670,smooth muscle cell chemotaxis,1
0,1,2,16,GO:0071671,regulation of smooth muscle cell chemotaxis,1
0,1,2,10,GO:0071672,negative regulation of smooth muscle cell chemotaxis,1
0,1,6,7,GO:0071673,positive regulation of smooth muscle cell chemotaxis,1
0,0.30833699,2,100,GO:0071677,positive regulation of mononuclear cell migration,1
0,0.971860609,5,54,GO:0071679,commissural neuron axon guidance,1
0,0.652568745,2,16,GO:0071680;GO:0071681,response to indole-3-methanol,1
0,1,4,24,GO:0071698;GO:0030910;GO:0071699,olfactory placode development,1
0,1,2,20,GO:0071706,tumor necrosis factor superfamily cytokine production,1
0,0.770345782,3,43,GO:0071715;GO:1901571,icosanoid transport,1
0,1,3,6,GO:0071728;GO:0071729,beak morphogenesis,1
0,0.483493607,6,10,GO:0071733;GO:0090202;GO:0090579,dsDNA loop formation,1
0,0.894315043,6,34,GO:0071786,endoplasmic reticulum tubular network organization,1
0,1,2,11,GO:0071787,endoplasmic reticulum tubular network formation,1
0,1,4,13,GO:0071800,podosome assembly,1
0,0.876053587,2,391,GO:0071824,protein-DNA complex subunit organization,1
0,1,5,8,GO:0071847,TNFSF11-mediated signaling pathway,1
0,1,2,14,GO:0071863;GO:0071864,regulation of cell proliferation in bone marrow,1
0,0.448211014,7,9,GO:0071865;GO:0071866,regulation of apoptotic process in bone marrow cell,1
0,0.805499775,5,123,GO:0071867;GO:0071868;GO:0071869;GO:0071870,response to monoamine,1
0,0.955279277,2,47,GO:0071871;GO:0071872,response to epinephrine,1
0,1,3,13,GO:0071873,response to norepinephrine,1
0,1,2,7,GO:0071874,cellular response to norepinephrine stimulus,1
0,1,4,53,GO:0071875;GO:0071880,adenylate cyclase-activating adrenergic receptor signaling pathway,1
0,1,2,6,GO:0071879,positive regulation of adenylate cyclase-activating adrenergic receptor signaling pathway,1
0,1,4,10,GO:0071881,adenylate cyclase-inhibiting adrenergic receptor signaling pathway,1
0,0.948951495,5,45,GO:0071887,leukocyte apoptotic process,1
0,1,2,7,GO:0071888,macrophage apoptotic process,1
0,1,6,9,GO:0071895,odontoblast differentiation,1
0,0.595132403,2,211,GO:0071897,DNA biosynthetic process,1
0,1,3,5,GO:0071898;GO:0071899,regulation of estrogen receptor binding,1
0,0.476344081,6,350,GO:0071901,negative regulation of protein serine/threonine kinase activity,1
0,0.791815219,2,45,GO:0071907,determination of digestive tract left/right asymmetry,1
0,1,4,7,GO:0071918,urea transmembrane transport,1
0,1,4,22,GO:0071922;GO:1905634,regulation of protein localization to chromatin,1
0,1,3,11,GO:0071923;GO:0120186,negative regulation of cohesin loading,1
0,1,4,10,GO:0071931,positive regulation of transcription involved in G1/S transition of mitotic cell cycle,1
0,0.327242611,2,6,GO:0071934,thiamine transmembrane transport,1
0,0.695590709,2,18,GO:0071947,protein deubiquitination involved in ubiquitin-dependent protein catabolic process,1
0,1,2,14,GO:0071965,multicellular organismal locomotion,1
0,0.707786617,2,178,GO:0072002,Malpighian tubule development,1
0,1,2,15,GO:0072003,kidney rudiment formation,1
0,0.986693517,3,342,GO:0072006;GO:0072009,nephron development,1
0,1,2,13,GO:0072007;GO:0072008;GO:0072143;GO:0072144,mesangial cell differentiation,1
0,0.98886306,2,68,GO:0072010;GO:0072112;GO:0072311,glomerular epithelium development,1
0,1,3,6,GO:0072011,glomerular endothelium development,1
0,1,2,30,GO:0072014,proximal tubule development,1
0,1,5,43,GO:0072015;GO:0072310,glomerular epithelial cell development,1
0,0.948951495,2,45,GO:0072017,distal tubule development,1
0,1,2,7,GO:0072019,proximal convoluted tubule development,1
0,1,3,24,GO:0072021;GO:0072218;GO:0072236,metanephric loop of Henle development,1
0,1,3,13,GO:0072023;GO:0072233,metanephric thick ascending limb development,1
0,1,2,29,GO:0072025;GO:0072221;GO:0072235,metanephric distal tubule development,1
0,1,2,15,GO:0072033,renal vesicle formation,1
0,0.370255454,5,7,GO:0072034,renal vesicle induction,1
0,1,2,7,GO:0072038,mesenchymal stem cell maintenance involved in nephron morphogenesis,1
0,1,6,11,GO:0072039;GO:0072040;GO:1904673,regulation of mesenchymal cell apoptotic process involved in nephron morphogenesis,1
0,0.808360443,2,25,GO:0072044,collecting duct development,1
0,1,4,15,GO:0072047;GO:0072081,proximal/distal pattern formation involved in nephron development,1
0,1,3,26,GO:0072049;GO:0072050,S-shaped body morphogenesis,1
0,1,2,42,GO:0072070,loop of Henle development,1
0,1,2,8,GO:0072071;GO:0072141,kidney interstitial fibroblast differentiation,1
0,0.918496006,3,374,GO:0072073,kidney epithelium development,1
0,0.948951495,2,45,GO:0072074;GO:0072075,kidney mesenchyme development,1
0,1,4,7,GO:0072076;GO:0072134,nephrogenic mesenchyme development,1
0,1,2,40,GO:0072077;GO:0072087;GO:0072283,renal vesicle development,1
0,0.965679999,6,51,GO:0072079,nephron tubule formation,1
0,1,3,9,GO:0072086,specification of loop of Henle identity,1
0,1,4,12,GO:0072092;GO:0072093,metanephric renal vesicle formation,1
0,1,3,8,GO:0072095,regulation of branch elongation involved in ureteric bud branching,1
0,1,2,11,GO:0072098,anterior/posterior pattern specification involved in kidney development,1
0,1,2,31,GO:0072102,glomerulus morphogenesis,1
0,1,3,9,GO:0072106;GO:0072107;GO:1905278,positive regulation of ureteric bud formation,1
0,1,5,9,GO:0072108,positive regulation of mesenchymal to epithelial transition involved in metanephros morphogenesis,1
0,1,5,16,GO:0072109,glomerular mesangium development,1
0,1,4,10,GO:0072110,glomerular mesangial cell proliferation,1
0,0.879368974,3,32,GO:0072111;GO:0072203,cell proliferation involved in kidney development,1
0,1,2,14,GO:0072114,pronephros morphogenesis,1
0,0.832098503,6,27,GO:0072124,regulation of glomerular mesangial cell proliferation,1
0,1,2,10,GO:0072125;GO:0090194,negative regulation of glomerular mesangial cell proliferation,1
0,0.674789964,2,17,GO:0072126,positive regulation of glomerular mesangial cell proliferation,1
0,1,5,10,GO:0072131;GO:0072133,kidney mesenchyme morphogenesis,1
0,0.997257179,2,123,GO:0072132,mesenchyme morphogenesis,1
0,0.516521366,4,11,GO:0072135;GO:0072136,kidney mesenchymal cell proliferation,1
0,1,2,6,GO:0072139,glomerular parietal epithelial cell differentiation,1
0,0.93701316,4,68,GO:0072148,epithelial cell fate commitment,1
0,0.516521366,4,11,GO:0072156,distal tubule morphogenesis,1
0,0.750349027,5,21,GO:0072161;GO:2001012,mesenchymal cell differentiation involved in renal system development,1
0,0.628830106,3,15,GO:0072162,metanephric mesenchymal cell differentiation,1
0,1,5,8,GO:0072166,posterior mesonephric tubule development,1
0,0.98728589,4,66,GO:0072170;GO:0072234;GO:0072243,metanephric nephron epithelium development,1
0,1,2,29,GO:0072172,mesonephric tubule formation,1
0,0.879368974,3,32,GO:0072173;GO:0072282,metanephric tubule morphogenesis,1
0,0.652568745,3,16,GO:0072174,metanephric tubule formation,1
0,0.960823085,4,49,GO:0072176,nephric duct development,1
0,1,2,27,GO:0072177,mesonephric duct development,1
0,1,3,34,GO:0072178,nephric duct morphogenesis,1
0,1,4,17,GO:0072179,nephric duct formation,1
0,1,4,9,GO:0072180,mesonephric duct morphogenesis,1
0,1,2,5,GO:0072181,mesonephric duct formation,1
0,0.832098503,4,27,GO:0072182,regulation of nephron tubule epithelial cell differentiation,1
0,0.370255454,2,7,GO:0072183,negative regulation of nephron tubule epithelial cell differentiation,1
0,0.887088899,2,33,GO:0072189,ureter development,1
0,1,3,8,GO:0072190,ureter urothelium development,1
0,1,6,9,GO:0072191;GO:0072193,ureter smooth muscle development,1
0,1,2,6,GO:0072194,kidney smooth muscle tissue development,1
0,0.576379282,2,13,GO:0072197;GO:0072289,ureter morphogenesis,1
0,1,6,13,GO:0072199;GO:2000729,regulation of mesenchymal cell proliferation involved in ureter development,1
0,1,2,15,GO:0072201,negative regulation of mesenchymal cell proliferation,1
0,0.945459578,5,44,GO:0072202,cell differentiation involved in metanephros development,1
0,1,3,18,GO:0072205,metanephric collecting duct development,1
0,0.990869857,4,71,GO:0072207,metanephric epithelium development,1
0,0.996620221,2,86,GO:0072210,metanephric nephron development,1
0,0.975349778,5,56,GO:0072215,regulation of metanephros development,1
0,1,2,36,GO:0072216,positive regulation of metanephros development,1
0,0.832098503,2,27,GO:0072217,negative regulation of metanephros development,1
0,0.448211014,2,9,GO:0072223;GO:0072262;GO:2000491,positive regulation of hepatic stellate cell activation,1
0,1,2,28,GO:0072224,metanephric glomerulus development,1
0,1,3,9,GO:0072237,metanephric proximal tubule development,1
0,1,2,17,GO:0072239,metanephric glomerulus vasculature development,1
0,1,8,9,GO:0072244,metanephric glomerular epithelium development,1
0,1,4,5,GO:0072248;GO:0072312,metanephric glomerular visceral epithelial cell differentiation,1
0,1,2,6,GO:0072268,pattern specification involved in metanephros development,1
0,1,4,7,GO:0072275;GO:0072276;GO:0072277,metanephric glomerulus morphogenesis,1
0,1,4,15,GO:0072278;GO:0072284,metanephric S-shaped body morphogenesis,1
0,1,2,5,GO:0072287,metanephric distal tubule morphogenesis,1
0,1,5,17,GO:0072298,regulation of metanephric glomerulus development,1
0,1,3,5,GO:0072299;GO:0072302;GO:2001074;GO:2001076,positive regulation of metanephric ureteric bud development,1
0,1,6,12,GO:0072300,positive regulation of metanephric glomerulus development,1
0,1,2,8,GO:0072301,regulation of metanephric glomerular mesangial cell proliferation,1
0,0.576379282,2,13,GO:0072307,regulation of metanephric nephron tubule epithelial cell differentiation,1
0,0.808360443,2,25,GO:0072319;GO:0016191;GO:0072318,vesicle uncoating,1
0,1,2,24,GO:0072321,chaperone-mediated protein transport,1
0,0.83789488,5,50,GO:0072337,modified amino acid transport,1
0,1,5,5,GO:0072344,rescue of stalled ribosome,1
0,0.848909572,4,364,GO:0072347,response to anesthetic,1
0,0.723948741,4,76,GO:0072348,sulfur compound transport,1
0,1,7,5,GO:0072355,histone H3-T3 phosphorylation,1
0,1,2,6,GO:0072356,chromosome passenger complex localization to kinetochore,1
0,0.645567379,4,2344,GO:0072359,circulatory system development,1
0,1,-1,7,GO:0072361;GO:0098679,obsolete regulation of glycolytic process by regulation of transcription from RNA polymerase II promoter,1
0,1,-1,5,GO:0072363,obsolete regulation of glycolytic process by positive regulation of transcription from RNA polymerase II promoter,1
0,0.448211014,-1,9,GO:0072367,obsolete regulation of lipid transport by regulation of transcription from RNA polymerase II promoter,1
0,1,-1,5,GO:0072369,obsolete regulation of lipid transport by positive regulation of transcription from RNA polymerase II promoter,1
0,0.985485513,2,64,GO:0072375,medium-term memory,1
0,0.414973589,2,22,GO:0072383;GO:0072386,plus-end-directed organelle transport along microtubule,1
0,0.370255454,2,7,GO:0072387,flavin adenine dinucleotide metabolic process,1
0,0.597982132,2,31,GO:0072393,microtubule anchoring at microtubule organizing center,1
0,0.448211014,6,9,GO:0072396;GO:0072402;GO:0072423,response to DNA damage checkpoint signaling,1
0,0.750349027,4,21,GO:0072425,signal transduction involved in G2 DNA damage checkpoint,1
0,0.369781116,2,77,GO:0072488,ammonium transmembrane transport,1
0,1,2,10,GO:0072513,positive regulation of secondary heart field cardioblast proliferation,1
0,0.963331824,3,50,GO:0072520,seminiferous tubule development,1
0,0.462164963,2,85,GO:0072528,pyrimidine-containing compound biosynthetic process,1
0,1,2,28,GO:0072530,purine-containing compound transmembrane transport,1
0,0.750349027,2,21,GO:0072531,pyrimidine-containing compound transmembrane transport,1
0,1,2,10,GO:0072537,fibroblast activation,1
0,0.902230439,2,82,GO:0072553,terminal button organization,1
0,1,4,9,GO:0072554,blood vessel lumenization,1
0,1,3,8,GO:0072567,chemokine (C-X-C motif) ligand 2 production,1
0,1,3,12,GO:0072577,endothelial cell apoptotic process,1
0,0.971860609,5,54,GO:0072578,neurotransmitter-gated ion channel clustering,1
0,0.433583982,2,189,GO:0072593,reactive oxygen species metabolic process,1
0,0.451553201,5,1121,GO:0072657,protein localization to membrane,1
0,1,2,7,GO:0072658;GO:0072660,maintenance of protein location in membrane,1
0,1,2,7,GO:0072679,thymocyte migration,1
0,0.327242611,3,6,GO:0072683,T cell extravasation,1
0,0.664341412,6,35,GO:0072697,protein localization to cell cortex,1
0,1,5,8,GO:0072708,response to sorbitol,1
0,1,3,12,GO:0072716;GO:0072717,response to actinomycin D,1
0,0.695590709,2,18,GO:0072718,response to cisplatin,1
0,1,2,5,GO:0072720,response to dithiothreitol,1
0,0.483493607,3,10,GO:0072733;GO:0072734,response to staurosporine,1
0,1,2,9,GO:0075525,viral translational termination-reinitiation,1
0,1,2,9,GO:0075713,establishment of integrated proviral latency,1
0,1,7,28,GO:0080009,mRNA methylation,1
0,0.392067335,7,21,GO:0080111,DNA demethylation,1
0,0.516521366,2,11,GO:0080144,amino acid homeostasis,1
0,0.337294174,4,103,GO:0080154,regulation of fertilization,1
0,0.913336501,2,37,GO:0080182,histone H3-K4 trimethylation,1
0,1,3,22,GO:0080184,response to phenylpropanoid,1
0,0.985789569,2,146,GO:0086001,cardiac muscle cell action potential,1
0,0.982286986,6,117,GO:0086002;GO:0086003,cardiac muscle cell contraction,1
0,0.626103388,2,117,GO:0086004;GO:1903115,regulation of actin filament-based movement,1
0,0.973662878,2,55,GO:0086005,ventricular cardiac muscle cell action potential,1
0,1,3,46,GO:0086009;GO:0086011;GO:0086013;GO:0099622,membrane repolarization,1
0,0.87057861,5,116,GO:0086010,membrane depolarization during action potential,1
0,0.736299142,2,59,GO:0086012,membrane depolarization during cardiac muscle cell action potential,1
0,0.924075932,4,39,GO:0086014;GO:0086026;GO:0086066,atrial cardiac muscle cell to AV node cell communication,1
0,0.615451342,3,32,GO:0086015;GO:0086018;GO:0086070,SA node cell to atrial cardiac muscle cell communication,1
0,0.892877673,2,80,GO:0086019,cell-cell signaling involved in cardiac conduction,1
0,1,5,8,GO:0086021;GO:0086053,AV node cell to bundle of His cell communication by electrical coupling,1
0,1,2,12,GO:0086023,adenylate cyclase-activating adrenergic receptor signaling pathway involved in heart process,1
0,0.501834227,2,26,GO:0086029;GO:0086068,Purkinje myocyte to ventricular cardiac muscle cell communication,1
0,0.392067335,2,21,GO:0086042,cardiac muscle cell-cardiac muscle cell adhesion,1
0,0.414973589,2,22,GO:0086046,membrane depolarization during SA node cell action potential,1
0,0.805499775,2,123,GO:0086065,cell communication involved in cardiac conduction,1
0,0.522219199,2,27,GO:0086067,AV node cell to bundle of His cell communication,1
0,0.788260828,2,102,GO:0086091,regulation of heart rate by cardiac conduction,1
0,0.327242611,2,6,GO:0086098,angiotensin-activated signaling pathway involved in heart process,1
0,0.733287994,2,20,GO:0086103,G protein-coupled receptor signaling pathway involved in heart process,1
0,1,3,8,GO:0089700,protein kinase D signaling,1
0,1,3,12,GO:0089709,L-histidine transmembrane transport,1
0,0.795261829,3,24,GO:0090009,primitive streak formation,1
0,1,3,12,GO:0090027,negative regulation of monocyte chemotaxis,1
0,0.853588002,4,52,GO:0090030,regulation of steroid hormone biosynthetic process,1
0,0.852897647,2,29,GO:0090031,positive regulation of steroid hormone biosynthetic process,1
0,1,2,65,GO:0090036,regulation of protein kinase C signaling,1
0,1,4,26,GO:0090037,positive regulation of protein kinase C signaling,1
0,1,4,33,GO:0090038,negative regulation of protein kinase C signaling,1
0,0.695590709,3,18,GO:0090043,regulation of tubulin deacetylation,1
0,1,2,20,GO:0090045,positive regulation of deacetylase activity,1
0,0.561331513,2,94,GO:0090049,regulation of cell migration involved in sprouting angiogenesis,1
0,0.627763259,2,50,GO:0090050,positive regulation of cell migration involved in sprouting angiogenesis,1
0,0.458617577,5,39,GO:0090051,negative regulation of cell migration involved in sprouting angiogenesis,1
0,1,2,16,GO:0090063,positive regulation of microtubule nucleation,1
0,0.632331372,2,33,GO:0090069,regulation of ribosome biogenesis,1
0,0.795261829,6,24,GO:0090070,positive regulation of ribosome biogenesis,1
0,0.370255454,5,7,GO:0090071,negative regulation of ribosome biogenesis,1
0,1,5,19,GO:0090073,positive regulation of protein homodimerization activity,1
0,1,5,13,GO:0090074,negative regulation of protein homodimerization activity,1
0,0.736299142,2,59,GO:0090075,relaxation of muscle,1
0,1,2,5,GO:0090076,relaxation of skeletal muscle,1
0,1,2,11,GO:0090080,positive regulation of MAPKKK cascade by fibroblast growth factor receptor signaling pathway,1
0,1,5,6,GO:0090081;GO:0090082,positive regulation of heart induction by negative regulation of canonical Wnt signaling pathway,1
0,0.913336501,5,37,GO:0090083,regulation of inclusion body assembly,1
0,1,2,20,GO:0090084,negative regulation of inclusion body assembly,1
0,0.484629179,2,56,GO:0090085,regulation of protein deubiquitination,1
0,1,2,24,GO:0090091,positive regulation of extracellular matrix disassembly,1
0,0.949167408,5,664,GO:0090092,regulation of transmembrane receptor protein serine/threonine kinase signaling pathway,1
0,0.79760539,3,315,GO:0090100,positive regulation of transmembrane receptor protein serine/threonine kinase signaling pathway,1
0,0.969299657,2,316,GO:0090101,negative regulation of transmembrane receptor protein serine/threonine kinase signaling pathway,1
0,0.968490783,3,129,GO:0090102,cochlea development,1
0,0.925967793,4,65,GO:0090103,cochlea morphogenesis,1
0,1,2,9,GO:0090118,receptor-mediated endocytosis involved in cholesterol transport,1
0,1,2,5,GO:0090119,vesicle-mediated cholesterol transport,1
0,0.811491596,2,47,GO:0090128;GO:0090129,regulation of synapse maturation,1
0,1,3,11,GO:0090131,mesenchyme migration,1
0,0.874538064,2,55,GO:0090136,epithelial cell-cell adhesion,1
0,0.353668383,3,47,GO:0090140,regulation of mitochondrial fission,1
0,0.353810866,2,33,GO:0090141,positive regulation of mitochondrial fission,1
0,1,4,5,GO:0090149,mitochondrial membrane fission,1
0,0.674789964,3,17,GO:0090158,endoplasmic reticulum membrane organization,1
0,0.795261829,2,24,GO:0090161,Golgi ribbon formation,1
0,0.988830121,4,151,GO:0090162,establishment of epithelial cell polarity,1
0,1,2,23,GO:0090163,establishment of epithelial cell planar polarity,1
0,1,3,8,GO:0090164,asymmetric Golgi ribbon formation,1
0,1,2,7,GO:0090168,Golgi reassembly,1
0,0.715012355,6,213,GO:0090175,regulation of establishment of planar polarity,1
0,1,3,22,GO:0090176,microtubule cytoskeleton organization involved in establishment of planar polarity,1
0,1,2,6,GO:0090177,establishment of planar polarity involved in neural tube closure,1
0,1,2,38,GO:0090178;GO:0090179,regulation of establishment of planar polarity involved in neural tube closure,1
0,0.621515762,4,133,GO:0090183;GO:0090184,regulation of kidney development,1
0,0.955279277,5,47,GO:0090185,negative regulation of kidney development,1
0,1,2,8,GO:0090191,negative regulation of branching involved in ureteric bud morphogenesis,1
0,0.928936032,5,40,GO:0090192;GO:0090193,regulation of glomerulus development,1
0,0.928936032,2,40,GO:0090200,positive regulation of release of cytochrome c from mitochondria,1
0,1,2,9,GO:0090204,protein localization to nuclear pore,1
0,0.677840546,2,123,GO:0090207,regulation of triglyceride metabolic process,1
0,0.312164531,6,58,GO:0090208,positive regulation of triglyceride metabolic process,1
0,0.913336501,2,37,GO:0090209,negative regulation of triglyceride metabolic process,1
0,1,4,8,GO:0090215;GO:0090217,negative regulation of 1-phosphatidylinositol-4-phosphate 5-kinase activity,1
0,0.674789964,2,17,GO:0090237,regulation of arachidonic acid secretion,1
0,1,4,12,GO:0090238,positive regulation of arachidonic acid secretion,1
0,1,2,12,GO:0090240,positive regulation of histone H4 acetylation,1
0,1,3,6,GO:0090242,retinoic acid receptor signaling pathway involved in somitogenesis,1
0,1,5,18,GO:0090244,Wnt signaling pathway involved in somitogenesis,1
0,0.547438314,3,12,GO:0090245,axis elongation involved in somitogenesis,1
0,1,2,5,GO:0090249,regulation of cell migration involved in somitogenic axis elongation,1
0,0.353810866,2,33,GO:0090254,cell elongation involved in imaginal disc-derived wing morphogenesis,1
0,1,2,6,GO:0090256,regulation of cell proliferation involved in imaginal disc-derived wing morphogenesis,1
0,0.87908776,2,720,GO:0090257,regulation of muscle system process,1
0,1,3,9,GO:0090258,negative regulation of mitochondrial fission,1
0,0.795261829,3,24,GO:0090259,regulation of retinal ganglion cell axon guidance,1
0,1,2,11,GO:0090260,negative regulation of retinal ganglion cell axon guidance,1
0,0.628830106,6,15,GO:0090261,positive regulation of inclusion body assembly,1
0,1,2,23,GO:0090270,regulation of fibroblast growth factor production,1
0,1,4,10,GO:0090271,positive regulation of fibroblast growth factor production,1
0,1,3,10,GO:0090272,negative regulation of fibroblast growth factor production,1
0,1,2,18,GO:0090273;GO:0090274,regulation of somatostatin secretion,1
0,1,5,7,GO:0090275,negative regulation of somatostatin secretion,1
0,0.824848374,3,163,GO:0090278,negative regulation of peptide hormone secretion,1
0,0.491063638,3,72,GO:0090279,regulation of calcium ion import,1
0,1,4,11,GO:0090281,negative regulation of calcium ion import,1
0,1,2,6,GO:0090283,regulation of protein glycosylation in Golgi,1
0,1,-1,8,GO:0090286;GO:0043578;GO:0090292,obsolete cytoskeletal anchoring at nuclear membrane,1
0,0.74928981,4,833,GO:0090287,regulation of cellular response to growth factor stimulus,1
0,0.872049201,2,407,GO:0090288,negative regulation of cellular response to growth factor stimulus,1
0,1,6,9,GO:0090296,regulation of mitochondrial DNA replication,1
0,1,2,8,GO:0090297;GO:1901860,positive regulation of mitochondrial DNA metabolic process,1
0,0.992301319,4,399,GO:0090305,nucleic acid phosphodiester bond hydrolysis,1
0,0.808360443,2,25,GO:0090308,regulation of DNA methylation-dependent heterochromatin assembly,1
0,0.695590709,2,18,GO:0090309,positive regulation of DNA methylation-dependent heterochromatin assembly,1
0,0.53059164,2,107,GO:0090311,regulation of protein deacetylation,1
0,0.416183594,4,81,GO:0090313;GO:0090314,regulation of protein targeting to membrane,1
0,1,2,9,GO:0090315,negative regulation of protein targeting to membrane,1
0,0.868938796,3,135,GO:0090317,negative regulation of intracellular protein transport,1
0,1,3,16,GO:0090324,negative regulation of oxidative phosphorylation,1
0,0.933517569,2,67,GO:0090325,regulation of locomotion involved in locomotory behavior,1
0,0.632331372,3,33,GO:0090326,positive regulation of locomotion involved in locomotory behavior,1
0,1,5,10,GO:0090327,negative regulation of locomotion involved in locomotory behavior,1
0,0.918883652,2,38,GO:0090328,regulation of olfactory learning,1
0,0.965482272,2,127,GO:0090329,regulation of DNA-dependent DNA replication,1
0,0.491998306,6,41,GO:0090335;GO:0090336,regulation of brown fat cell differentiation,1
0,1,2,6,GO:0090361,regulation of platelet-derived growth factor production,1
0,0.603470491,3,14,GO:0090370,negative regulation of cholesterol efflux,1
0,0.766319286,2,22,GO:0090381;GO:1901321,regulation of heart induction,1
0,0.628830106,2,15,GO:0090389,phagosome-lysosome fusion involved in apoptotic cell clearance,1
0,0.750349027,2,21,GO:0090399,replicative senescence,1
0,1,2,10,GO:0090403,oxidative stress-induced premature senescence,1
0,1,5,12,GO:0090427,activation of meiosis,1
0,0.327242611,2,6,GO:0090472,dibasic protein processing,1
0,1,2,5,GO:0090480,purine nucleotide-sugar transmembrane transport,1
0,0.516521366,4,11,GO:0090494;GO:0090493,dopamine uptake,1
0,0.994960912,2,216,GO:0090501,RNA phosphodiester bond hydrolysis,1
0,0.542035276,3,28,GO:0090557,establishment of endothelial intestinal barrier,1
0,1,5,6,GO:0090597,nematode male tail mating organ morphogenesis,1
0,0.861285236,3,244,GO:0090598,male anatomical structure morphogenesis,1
0,1,2,10,GO:0090611,ubiquitin-independent protein catabolic process via the multivesicular body sorting pathway,1
0,0.547438314,2,12,GO:0090615,mitochondrial mRNA processing,1
0,0.410519741,4,8,GO:0090616;GO:0097222,mitochondrial mRNA polyadenylation,1
0,0.548064579,2,252,GO:0090630,activation of GTPase activity,1
0,1,2,21,GO:0090646,mitochondrial tRNA processing,1
0,0.674789964,3,17,GO:0090647,modulation of age-related behavioral decline,1
0,1,4,19,GO:0090649;GO:0090650,cellular response to oxygen-glucose deprivation,1
0,1,4,11,GO:0090666;GO:0090670;GO:0090685;GO:1904874,RNA localization to nucleus,1
0,1,2,9,GO:0090669,telomerase RNA stabilization,1
0,1,2,20,GO:0090676,calcium ion transmembrane transport via low voltage-gated calcium channel,1
0,0.331538853,2,88,GO:0097009,energy homeostasis,1
0,1,5,6,GO:0097010,eukaryotic translation initiation factor 4F complex assembly,1
0,1,6,25,GO:0097011;GO:0097012,response to granulocyte macrophage colony-stimulating factor,1
0,0.516521366,3,11,GO:0097029,mature conventional dendritic cell differentiation,1
0,0.547438314,2,12,GO:0097039,protein linear polyubiquitination,1
0,1,2,8,GO:0097049,motor neuron apoptotic process,1
0,1,3,17,GO:0097050,type B pancreatic cell apoptotic process,1
0,1,2,5,GO:0097051,establishment of protein localization to endoplasmic reticulum membrane,1
0,0.815403346,3,143,GO:0097061;GO:0106027,neuron projection organization,1
0,1,2,16,GO:0097064,ncRNA export from nucleus,1
0,0.337814697,2,60,GO:0097067,cellular response to thyroid hormone stimulus,1
0,0.448211014,2,9,GO:0097069;GO:1904387,cellular response to L-phenylalanine derivative,1
0,0.820621492,5,26,GO:0097084,vascular associated smooth muscle cell development,1
0,1,3,12,GO:0097089,methyl-branched fatty acid metabolic process,1
0,0.882729407,2,78,GO:0097090;GO:0097105;GO:0099054,presynaptic membrane organization,1
0,0.448211014,2,9,GO:0097101,blood vessel endothelial cell fate specification,1
0,0.327242611,2,6,GO:0097102,endothelial tip cell fate specification,1
0,0.963331824,4,50,GO:0097106;GO:0099084,postsynaptic density organization,1
0,0.820621492,4,26,GO:0097107;GO:0098698;GO:1904861,excitatory synapse assembly,1
0,1,6,18,GO:0097112,gamma-aminobutyric acid receptor clustering,1
0,1,2,21,GO:0097113,AMPA glutamate receptor clustering,1
0,1,2,16,GO:0097114,NMDA glutamate receptor clustering,1
0,1,5,10,GO:0097116,gephyrin clustering involved in postsynaptic density assembly,1
0,1,2,8,GO:0097117,guanylate kinase-associated protein clustering,1
0,1,2,19,GO:0097118,neuroligin clustering involved in postsynaptic membrane assembly,1
0,1,6,18,GO:0097119,postsynaptic density protein 95 clustering,1
0,0.938796992,5,92,GO:0097120,receptor localization to synapse,1
0,0.87734043,2,77,GO:0097150,neuronal stem cell population maintenance,1
0,0.862310599,2,30,GO:0097151;GO:0098828,modulation of inhibitory postsynaptic potential,1
0,0.965679999,5,51,GO:0097154,GABAergic neuron differentiation,1
0,1,2,9,GO:0097155,fasciculation of sensory neuron axon,1
0,1,2,12,GO:0097167,circadian regulation of translation,1
0,1,2,5,GO:0097176,epoxide metabolic process,1
0,0.928936032,3,40,GO:0097186,amelogenesis,1
0,0.516521366,3,11,GO:0097187,dentinogenesis,1
0,0.751324538,2,115,GO:0097194,execution phase of apoptosis,1
0,1,2,9,GO:0097195,pilomotor reflex,1
0,0.894315043,7,34,GO:0097201,negative regulation of transcription from RNA polymerase II promoter in response to stress,1
0,0.542035276,6,28,GO:0097202,activation of cysteine-type endopeptidase activity,1
0,0.736299142,4,59,GO:0097205,renal filtration,1
0,0.820621492,2,26,GO:0097206,nephrocyte filtration,1
0,1,4,7,GO:0097212;GO:0097213,regulation of lysosomal membrane permeability,1
0,1,4,5,GO:0097214;GO:1904592;GO:1904764;GO:1990832,chaperone-mediated autophagy translocation complex disassembly,1
0,1,4,12,GO:0097240,chromosome attachment to the nuclear envelope,1
0,1,3,19,GO:0097264,self proteolysis,1
0,1,2,5,GO:0097272,ammonium homeostasis,1
0,1,8,10,GO:0097296;GO:2001269,activation of cysteine-type endopeptidase activity involved in apoptotic signaling pathway,1
0,1,2,6,GO:0097298,regulation of nucleus size,1
0,0.470498034,2,55,GO:0097300,programmed necrotic cell death,1
0,0.982296177,2,61,GO:0097320,plasma membrane tubulation,1
0,1,2,12,GO:0097324,melanocyte migration,1
0,1,4,18,GO:0097332;GO:0097338,response to antipsychotic drug,1
0,0.392067335,3,21,GO:0097345;GO:1902110,positive regulation of mitochondrial membrane permeability involved in apoptotic process,1
0,0.516521366,2,11,GO:0097350,neutrophil clearance,1
0,0.645044822,4,169,GO:0097366,response to bronchodilator,1
0,0.321177305,2,18,GO:0097368,establishment of Sertoli cell barrier,1
0,0.69150428,4,55,GO:0097374,sensory neuron axon guidance,1
0,1,3,26,GO:0097376,interneuron axon guidance,1
0,1,6,6,GO:0097377;GO:0097378,dorsal spinal cord interneuron axon guidance,1
0,1,3,11,GO:0097396;GO:0097398,response to interleukin-17,1
0,1,2,8,GO:0097400,interleukin-17-mediated signaling pathway,1
0,1,3,22,GO:0097402,neuroblast migration,1
0,0.547438314,5,12,GO:0097428,protein maturation by iron-sulfur cluster transfer,1
0,0.31036538,2,1319,GO:0097435,supramolecular fiber organization,1
0,0.832098503,2,27,GO:0097475,motor neuron migration,1
0,1,3,9,GO:0097476;GO:0097477,spinal cord motor neuron migration,1
0,0.862310599,2,30,GO:0097484,dendrite extension,1
0,1,4,6,GO:0097498,endothelial tube lumen extension,1
0,0.679484687,6,36,GO:0097499,protein localization to non-motile cilium,1
0,0.820693247,2,48,GO:0097502,mannosylation,1
0,0.758903055,5,42,GO:0097503,sialylation,1
0,0.576379282,2,13,GO:0097527,necroptotic signaling pathway,1
0,0.410519741,3,8,GO:0097532;GO:0097533,cellular stress response to acid chemical,1
0,1,4,5,GO:0097534;GO:0097535,lymphoid lineage cell migration,1
0,1,2,11,GO:0097623,potassium ion export across plasma membrane,1
0,0.547438314,4,12,GO:0097628,distal tip cell migration,1
0,0.750349027,2,21,GO:0097646;GO:0097647,calcitonin family receptor signaling pathway,1
0,0.879368974,6,32,GO:0097688,glutamate receptor clustering,1
0,0.694475269,2,176,GO:0097711,ciliary basal body-plasma membrane docking,1
0,0.887088899,2,33,GO:0097720;GO:0033173,calcineurin-mediated signaling,1
0,1,3,5,GO:0097742;GO:0098535,de novo centriole assembly involved in multi-ciliated epithelial cell differentiation,1
0,0.576379282,5,13,GO:0097749,membrane tubulation,1
0,1,3,18,GO:0097753,membrane bending,1
0,0.899099125,-1,162,GO:0097755,obsolete positive regulation of blood vessel diameter,1
0,1,4,7,GO:0098501,polynucleotide dephosphorylation,1
0,1,4,5,GO:0098508,endothelial to hematopoietic transition,1
0,0.695590709,8,18,GO:0098532,histone H3-K27 trimethylation,1
0,1,2,7,GO:0098582,innate vocalization behavior,1
0,0.798010322,3,917,GO:0098609,cell-cell adhesion,1
0,0.489809572,4,103,GO:0098659;GO:0099587,inorganic ion import across plasma membrane,1
0,1,2,32,GO:0098664,G protein-coupled serotonin receptor signaling pathway,1
0,0.733287994,2,20,GO:0098700,neurotransmitter loading into synaptic vesicle,1
0,0.695590709,2,18,GO:0098703;GO:1902656,calcium ion import across plasma membrane,1
0,0.448211014,2,9,GO:0098706,iron ion import across cell outer membrane,1
0,0.576379282,2,13,GO:0098711,iron ion import across plasma membrane,1
0,1,3,17,GO:0098712,L-glutamate import across plasma membrane,1
0,0.901078974,2,35,GO:0098719,sodium ion import across plasma membrane,1
0,1,4,5,GO:0098724,symmetric stem cell division,1
0,1,6,20,GO:0098735,positive regulation of the force of heart contraction,1
0,0.997775412,4,456,GO:0098742,cell-cell adhesion via plasma-membrane adhesion molecules,1
0,0.337814697,2,60,GO:0098751,bone cell development,1
0,0.820621492,6,26,GO:0098779;GO:1901526;GO:1904925;GO:1904923,regulation of autophagy of mitochondrion in response to mitochondrial depolarization,1
0,0.791815219,2,45,GO:0098780,response to mitochondrial depolarisation,1
0,0.969569982,3,174,GO:0098781,ncRNA transcription,1
0,1,2,26,GO:0098787;GO:0098789,mRNA cleavage involved in mRNA processing,1
0,1,3,9,GO:0098792,xenophagy,1
0,0.576379282,2,13,GO:0098810,neurotransmitter reuptake,1
0,0.864403733,3,134,GO:0098815,modulation of excitatory postsynaptic potential,1
0,1,2,26,GO:0098880;GO:0099562,maintenance of postsynaptic specialization structure,1
0,1,4,15,GO:0098881;GO:0098967,exocytic insertion of neurotransmitter receptor to plasma membrane,1
0,1,3,5,GO:0098884;GO:0140239,postsynaptic neurotransmitter receptor internalization,1
0,1,3,10,GO:0098885,modification of postsynaptic actin cytoskeleton,1
0,1,3,10,GO:0098886,modification of dendritic spine,1
0,0.938018109,3,196,GO:0098900,regulation of action potential,1
0,0.670115957,2,88,GO:0098901,regulation of cardiac muscle cell action potential,1
0,1,2,18,GO:0098902;GO:1900825,regulation of membrane depolarization during action potential,1
0,1,2,24,GO:0098903,regulation of membrane repolarization during action potential,1
0,1,3,19,GO:0098904,regulation of AV node cell action potential,1
0,1,2,5,GO:0098905,regulation of bundle of His cell action potential,1
0,1,4,18,GO:0098907,regulation of SA node cell action potential,1
0,0.632331372,3,33,GO:0098908,regulation of neuronal action potential,1
0,0.522219199,2,27,GO:0098909,regulation of cardiac muscle cell action potential involved in regulation of contraction,1
0,0.842841585,3,28,GO:0098910,regulation of atrial cardiac muscle cell action potential,1
0,0.508302164,6,42,GO:0098911,regulation of ventricular cardiac muscle cell action potential,1
0,0.448211014,3,9,GO:0098912,membrane depolarization during atrial cardiac muscle cell action potential,1
0,1,2,10,GO:0098914;GO:0099624,membrane repolarization during atrial cardiac muscle cell action potential,1
0,1,2,20,GO:0098915;GO:0099625,ventricular cardiac muscle cell membrane repolarization,1
0,1,5,8,GO:0098917,retrograde trans-synaptic signaling,1
0,1,4,13,GO:0098928;GO:0099526,presynaptic signal transduction,1
0,1,5,11,GO:0098953;GO:0098970;GO:0099628,postsynaptic neurotransmitter receptor diffusion trapping,1
0,1,8,7,GO:0098961;GO:0098963;GO:0098964,anterograde dendritic transport of messenger ribonucleoprotein complex,1
0,1,3,11,GO:0098962,regulation of postsynaptic neurotransmitter receptor activity,1
0,1,2,5,GO:0098971,anterograde dendritic transport of neurotransmitter receptor complex,1
0,0.715061732,2,19,GO:0098976,excitatory chemical synaptic transmission,1
0,1,2,11,GO:0098989,NMDA selective glutamate receptor signaling pathway,1
0,0.844839961,4,687,GO:0099003;GO:0099504,vesicle-mediated transport in synapse,1
0,0.448211014,2,9,GO:0099004,calmodulin dependent kinase signaling pathway,1
0,1,2,20,GO:0099010,modification of postsynaptic structure,1
0,0.628830106,3,15,GO:0099011;GO:0099525,presynaptic dense core vesicle exocytosis,1
0,1,2,7,GO:0099039,sphingolipid translocation,1
0,1,2,5,GO:0099050,vesicle scission,1
0,0.952219965,2,46,GO:0099068;GO:0097104,postsynapse assembly,1
0,0.627763259,2,50,GO:0099072,regulation of postsynaptic membrane neurotransmitter receptor levels,1
0,0.327242611,2,6,GO:0099089,establishment of endoplasmic reticulum localization to postsynapse,1
0,1,8,5,GO:0099159;GO:1904266;GO:1904268;GO:1905274,regulation of modification of postsynaptic actin cytoskeleton,1
0,0.963879658,2,126,GO:0099172,presynapse organization,1
0,0.991149924,2,226,GO:0099173,postsynapse organization,1
0,0.332487917,6,117,GO:0099174,regulation of presynapse organization,1
0,0.757260194,2,186,GO:0099175,regulation of postsynapse organization,1
0,1,2,13,GO:0099509,regulation of presynaptic cytosolic calcium ion concentration,1
0,0.579922037,2,30,GO:0099515;GO:0030050,actin filament-based transport,1
0,0.344813357,3,133,GO:0099518;GO:0047496,vesicle cytoskeletal trafficking,1
0,0.547438314,2,12,GO:0099532;GO:0016189,synaptic vesicle endosomal processing,1
0,1,3,6,GO:0099538;GO:0099540;GO:0099551,synaptic signaling via neuropeptide,1
0,0.483493607,5,10,GO:0099541;GO:0099542;GO:0099552;GO:0099553,trans-synaptic signaling by endocannabinoid,1
0,1,4,6,GO:0099545,trans-synaptic signaling by trans-synaptic complex,1
0,0.996388658,6,85,GO:0099558,maintenance of synapse structure,1
0,0.674789964,2,17,GO:0099560,synaptic membrane adhesion,1
0,0.852897647,4,29,GO:0099563,modification of synaptic structure,1
0,1,2,13,GO:0099566,regulation of postsynaptic cytosolic calcium ion concentration,1
0,1,5,12,GO:0099590,neurotransmitter receptor internalization,1
0,0.99995162,2,150,GO:0099601;GO:1900449,regulation of neurotransmitter receptor activity,1
0,0.842841585,2,28,GO:0099612,protein localization to axon,1
0,0.820621492,5,26,GO:0099640,axo-dendritic protein transport,1
0,1,2,7,GO:0099642,retrograde axonal protein transport,1
0,1,3,15,GO:0099645;GO:0099633,neurotransmitter receptor localization to postsynaptic specialization membrane,1
0,1,3,6,GO:0106023;GO:0106024,negative regulation of pupariation,1
0,1,5,8,GO:0106028,neuron projection retraction,1
0,1,2,18,GO:0106036,assembly of apicomedial cortex actomyosin,1
0,0.766319286,2,22,GO:0106049;GO:1902218;GO:1902219,regulation of cellular response to osmotic stress,1
0,0.542035276,2,28,GO:0106070,regulation of adenylate cyclase-activating G protein-coupled receptor signaling pathway,1
0,1,2,13,GO:0106071,positive regulation of adenylate cyclase-activating G protein-coupled receptor signaling pathway,1
0,0.345112283,2,19,GO:0106072,negative regulation of adenylate cyclase-activating G protein-coupled receptor signaling pathway,1
0,0.750349027,5,21,GO:0106104;GO:1904717,regulation of AMPA glutamate receptor clustering,1
0,0.781268471,2,23,GO:0110010,basolateral protein secretion,1
0,0.721576998,2,39,GO:0110011,regulation of basement membrane organization,1
0,0.361106652,2,405,GO:0110020;GO:0032231;GO:0051492,regulation of actomyosin structure organization,1
0,1,6,8,GO:0110022;GO:0110024,regulation of cardiac muscle myoblast proliferation,1
0,1,2,8,GO:0110104,mRNA alternative polyadenylation,1
0,0.520508891,2,106,GO:0110110,positive regulation of animal organ morphogenesis,1
0,0.842841585,5,28,GO:0110156;GO:0110154,RNA decapping,1
0,0.596982215,2,81,GO:0120178,steroid hormone biosynthetic process,1
0,1,2,6,GO:0120253,hydrocarbon catabolic process,1
0,0.795261829,2,24,GO:0120255,olefinic compound biosynthetic process,1
0,1,2,5,GO:0140009,L-aspartate import across plasma membrane,1
0,0.667624401,2,255,GO:0140029,exocytic process,1
0,0.327242611,4,6,GO:0140052,cellular response to oxidised low-density lipoprotein particle stimulus,1
0,0.999579554,2,186,GO:0140053,mitochondrial gene expression,1
0,0.781268471,3,23,GO:0140058,neuron projection arborization,1
0,0.652568745,2,16,GO:0140059,dendrite arborization,1
0,0.721576998,2,39,GO:0140115,export across plasma membrane,1
0,0.632331372,2,33,GO:0140131;GO:1901623,regulation of lymphocyte chemotaxis,1
0,0.670115957,3,88,GO:0140353;GO:0014047,lipid export from cell,1
0,0.456225624,2,54,GO:0140354,lipid import into cell,1
0,1,6,9,GO:0150003,regulation of spontaneous synaptic transmission,1
0,1,6,21,GO:0150011;GO:0150012,regulation of neuron projection arborization,1
0,0.483493607,9,10,GO:0150018;GO:0150019;GO:0150020,basal dendrite arborization,1
0,1,2,28,GO:0150065,regulation of deacetylase activity,1
0,0.327242611,2,6,GO:0150146,cell junction disassembly,1
0,1,2,19,GO:0150172,regulation of phosphatidylcholine metabolic process,1
0,1,6,7,GO:1900003;GO:1902571;GO:1900004;GO:1902572,negative regulation of serine-type peptidase activity,1
0,0.811491596,2,47,GO:1900015,regulation of cytokine production involved in inflammatory response,1
0,1,4,15,GO:1900016,negative regulation of cytokine production involved in inflammatory response,1
0,0.695590709,6,18,GO:1900017,positive regulation of cytokine production involved in inflammatory response,1
0,0.652568745,3,16,GO:1900019;GO:1900020,regulation of protein kinase C activity,1
0,0.406905721,4,36,GO:1900025,negative regulation of substrate adhesion-dependent cell spreading,1
0,0.766319286,3,22,GO:1900029,positive regulation of ruffle assembly,1
0,0.821713369,5,88,GO:1900034,regulation of cellular response to heat,1
0,0.459421222,4,24,GO:1900038,negative regulation of cellular response to hypoxia,1
0,0.392067335,2,21,GO:1900044,regulation of protein K63-linked ubiquitination,1
0,0.628830106,2,15,GO:1900045;GO:1902915,negative regulation of protein polyubiquitination,1
0,1,2,7,GO:1900063,regulation of peroxisome organization,1
0,0.911225719,2,126,GO:1900073,regulation of neuromuscular synaptic transmission,1
0,1,2,19,GO:1900074,negative regulation of neuromuscular synaptic transmission,1
0,0.832098503,2,27,GO:1900075,positive regulation of neuromuscular synaptic transmission,1
0,0.715061732,4,19,GO:1900084;GO:1900086,regulation of peptidyl-tyrosine autophosphorylation,1
0,0.589170527,2,113,GO:1900087;GO:1902808,positive regulation of cell cycle G1/S phase transition,1
0,0.87734043,2,77,GO:1900101,regulation of endoplasmic reticulum unfolded protein response,1
0,0.597982132,3,31,GO:1900102,negative regulation of endoplasmic reticulum unfolded protein response,1
0,0.579922037,3,30,GO:1900103,positive regulation of endoplasmic reticulum unfolded protein response,1
0,1,2,6,GO:1900104;GO:1900106,regulation of hyaluranon cable assembly,1
0,1,2,25,GO:1900107,regulation of nodal signaling pathway,1
0,1,2,5,GO:1900108,negative regulation of nodal signaling pathway,1
0,1,9,11,GO:1900109,regulation of histone H3-K9 dimethylation,1
0,1,2,8,GO:1900111,positive regulation of histone H3-K9 dimethylation,1
0,0.820621492,9,26,GO:1900112,regulation of histone H3-K9 trimethylation,1
0,0.603470491,2,14,GO:1900113,negative regulation of histone H3-K9 trimethylation,1
0,0.353810866,5,33,GO:1900115;GO:1900116,extracellular regulation of signal transduction,1
0,0.926021409,3,88,GO:1900117,regulation of execution phase of apoptosis,1
0,1,3,50,GO:1900119,positive regulation of execution phase of apoptosis,1
0,0.703214191,2,56,GO:1900120,regulation of receptor binding,1
0,1,5,28,GO:1900121,negative regulation of receptor binding,1
0,1,2,5,GO:1900128,regulation of G-protein activated inward rectifier potassium channel activity,1
0,0.483493607,2,10,GO:1900133,regulation of renin secretion into blood stream,1
0,0.448211014,4,9,GO:1900144;GO:2001284,positive regulation of BMP secretion,1
0,1,3,14,GO:1900145;GO:1900175,regulation of nodal signaling pathway involved in determination of left/right asymmetry,1
0,1,2,16,GO:1900147,regulation of Schwann cell migration,1
0,1,3,10,GO:1900149,positive regulation of Schwann cell migration,1
0,1,2,12,GO:1900157,regulation of bone mineralization involved in bone maturation,1
0,1,3,6,GO:1900158,negative regulation of bone mineralization involved in bone maturation,1
0,1,2,6,GO:1900159,positive regulation of bone mineralization involved in bone maturation,1
0,0.603470491,2,14,GO:1900169,regulation of glucocorticoid mediated signaling pathway,1
0,0.327242611,3,6,GO:1900170,negative regulation of glucocorticoid mediated signaling pathway,1
0,0.865754054,3,115,GO:1900181,negative regulation of protein localization to nucleus,1
0,1,4,8,GO:1900186,negative regulation of clathrin-dependent endocytosis,1
0,0.93701316,2,68,GO:1900193,regulation of oocyte maturation,1
0,0.648626126,2,34,GO:1900195,positive regulation of oocyte maturation,1
0,1,2,13,GO:1900211;GO:1900212,regulation of mesenchymal cell apoptotic process involved in metanephros development,1
0,0.795261829,3,24,GO:1900221,regulation of amyloid-beta clearance,1
0,1,2,5,GO:1900222,negative regulation of amyloid-beta clearance,1
0,0.652568745,2,16,GO:1900223,positive regulation of amyloid-beta clearance,1
0,1,2,7,GO:1900224,positive regulation of nodal signaling pathway involved in determination of lateral mesoderm left/right asymmetry,1
0,1,2,17,GO:1900225,regulation of NLRP3 inflammasome complex assembly,1
0,1,3,12,GO:1900227,positive regulation of NLRP3 inflammasome complex assembly,1
0,1,4,12,GO:1900239,regulation of phenotypic switching,1
0,1,5,5,GO:1900241,positive regulation of phenotypic switching,1
0,0.53059164,2,107,GO:1900242;GO:1903421,regulation of synaptic vesicle recycling,1
0,0.793629574,2,65,GO:1900244;GO:1903423,positive regulation of synaptic vesicle recycling,1
0,0.628830106,2,15,GO:1900247,regulation of cytoplasmic translational elongation,1
0,1,4,13,GO:1900262;GO:1900264,regulation of DNA-directed DNA polymerase activity,1
0,1,5,100,GO:1900271,regulation of long-term synaptic potentiation,1
0,1,2,17,GO:1900272,negative regulation of long-term synaptic potentiation,1
0,1,2,63,GO:1900273,positive regulation of long-term synaptic potentiation,1
0,1,3,9,GO:1900275,negative regulation of phospholipase C activity,1
0,0.901078974,9,35,GO:1900363,regulation of mRNA polyadenylation,1
0,1,2,9,GO:1900365,positive regulation of mRNA polyadenylation,1
0,1,2,12,GO:1900368,regulation of RNA interference,1
0,1,2,7,GO:1900369,negative regulation of RNA interference,1
0,1,6,5,GO:1900370,positive regulation of RNA interference,1
0,0.522219199,-1,27,GO:1900402,obsolete regulation of carbohydrate metabolic process by regulation of transcription from RNA polymerase II promoter,1
0,0.935739325,2,113,GO:1900408;GO:1902883;GO:1903202,negative regulation of response to oxidative stress,1
0,0.398018913,3,50,GO:1900409;GO:1902884,positive regulation of response to oxidative stress,1
0,1,3,6,GO:1900450;GO:1904782,negative regulation of glutamate receptor signaling pathway,1
0,0.945459578,3,44,GO:1900451,positive regulation of glutamate receptor signaling pathway,1
0,0.335943988,2,32,GO:1900452,regulation of long-term synaptic depression,1
0,1,6,18,GO:1900454,positive regulation of long-term synaptic depression,1
0,0.327242611,3,6,GO:1900623;GO:1900625,regulation of monocyte aggregation,1
0,1,2,9,GO:1900736,regulation of phospholipase C-activating G protein-coupled receptor signaling pathway,1
0,1,4,5,GO:1900738,positive regulation of phospholipase C-activating G protein-coupled receptor signaling pathway,1
0,0.746969679,2,41,GO:1900746;GO:1902547,regulation of cellular response to vascular endothelial growth factor stimulus,1
0,1,2,13,GO:1900747;GO:1902548,negative regulation of cellular response to vascular endothelial growth factor stimulus,1
0,0.327242611,2,6,GO:1900923,regulation of glycine import across plasma membrane,1
0,0.979236099,2,138,GO:1901016,regulation of potassium ion transmembrane transporter activity,1
0,0.985485513,2,64,GO:1901018,positive regulation of potassium ion transmembrane transporter activity,1
0,0.915552054,3,225,GO:1901019,regulation of calcium ion transmembrane transporter activity,1
0,0.720420025,4,111,GO:1901021,positive regulation of calcium ion transmembrane transporter activity,1
0,0.808360443,6,25,GO:1901029,negative regulation of mitochondrial outer membrane permeabilization involved in apoptotic signaling pathway,1
0,0.982296177,3,61,GO:1901032;GO:1903206,negative regulation of hydrogen peroxide-induced cell death,1
0,0.695590709,3,18,GO:1901033,positive regulation of response to reactive oxygen species,1
0,1,2,9,GO:1901044,protein polyubiquitination involved in nucleus-associated proteasomal ubiquitin-dependent protein catabolic process,1
0,0.85983283,2,74,GO:1901046,positive regulation of oviposition,1
0,1,2,7,GO:1901047,insulin receptor signaling pathway involved in determination of adult lifespan,1
0,0.542035276,2,28,GO:1901048,transforming growth factor beta receptor signaling pathway involved in regulation of multicellular organism growth,1
0,0.85107561,6,150,GO:1901068,guanosine-containing compound metabolic process,1
0,0.4808951,8,25,GO:1901069,guanosine-containing compound catabolic process,1
0,0.459421222,6,24,GO:1901070;GO:0006183,guanosine-containing compound biosynthetic process,1
0,0.52604951,3,59,GO:1901071,glucosamine-containing compound metabolic process,1
0,0.448211014,2,9,GO:1901073,glucosamine-containing compound biosynthetic process,1
0,0.529149926,2,91,GO:1901076;GO:2000427,positive regulation of engulfment of apoptotic cell,1
0,1,2,33,GO:1901077,regulation of relaxation of muscle,1
0,1,5,8,GO:1901078,negative regulation of relaxation of muscle,1
0,1,2,6,GO:1901079,positive regulation of relaxation of muscle,1
0,0.371615316,3,34,GO:1901096,regulation of autophagosome maturation,1
0,1,3,22,GO:1901098,positive regulation of autophagosome maturation,1
0,0.414973589,3,22,GO:1901163,regulation of trophoblast cell migration,1
0,1,2,8,GO:1901165,positive regulation of trophoblast cell migration,1
0,0.414973589,2,22,GO:1901166,neural crest cell migration involved in autonomic nervous system development,1
0,1,2,7,GO:1901187,regulation of ephrin receptor signaling pathway,1
0,0.318050655,2,31,GO:1901203,positive regulation of extracellular matrix assembly,1
0,1,2,6,GO:1901207,regulation of heart looping,1
0,1,3,33,GO:1901213,regulation of transcription from RNA polymerase II promoter involved in heart development,1
0,0.421984743,5,926,GO:1901214,regulation of neuron death,1
0,0.310914651,6,605,GO:1901215,negative regulation of neuron death,1
0,0.656943192,2,286,GO:1901216,positive regulation of neuron death,1
0,1,3,6,GO:1901219;GO:1901220,negative regulation of cardiac chamber morphogenesis,1
0,0.326713259,2,219,GO:1901222,regulation of NIK/NF-kappaB signaling,1
0,0.654299653,4,52,GO:1901223,negative regulation of NIK/NF-kappaB signaling,1
0,0.55116316,2,157,GO:1901224,positive regulation of NIK/NF-kappaB signaling,1
0,1,4,12,GO:1901228,positive regulation of transcription from RNA polymerase II promoter involved in heart development,1
0,0.686004996,2,141,GO:1901264,carbohydrate derivative transport,1
0,1,3,7,GO:1901295;GO:1905066,regulation of canonical Wnt signaling pathway involved in heart development,1
0,0.321177305,2,18,GO:1901298,regulation of hydrogen peroxide-mediated programmed cell death,1
0,0.547438314,4,12,GO:1901299,negative regulation of hydrogen peroxide-mediated programmed cell death,1
0,0.327242611,2,6,GO:1901300,positive regulation of hydrogen peroxide-mediated programmed cell death,1
0,1,6,6,GO:1901301;GO:1901303,regulation of cargo loading into COPII-coated vesicle,1
0,0.664341412,2,35,GO:1901317;GO:1902093;GO:0003353;GO:2000155,regulation of flagellated sperm motility,1
0,0.459421222,4,24,GO:1901374;GO:0015870,acetate ester transport,1
0,0.880883392,2,56,GO:1901380;GO:1901017,negative regulation of potassium ion transmembrane transport,1
0,1,2,7,GO:1901382,regulation of chorionic trophoblast cell proliferation,1
0,0.750413647,2,97,GO:1901385,regulation of voltage-gated calcium channel activity,1
0,0.852897647,5,29,GO:1901386,negative regulation of voltage-gated calcium channel activity,1
0,1,2,30,GO:1901387,positive regulation of voltage-gated calcium channel activity,1
0,1,3,8,GO:1901388,regulation of transforming growth factor beta activation,1
0,1,5,19,GO:1901407,regulation of phosphorylation of RNA polymerase II C-terminal domain,1
0,1,4,14,GO:1901409,positive regulation of phosphorylation of RNA polymerase II C-terminal domain,1
0,0.448211014,4,9,GO:1901419;GO:1901421,regulation of response to alcohol,1
0,1,5,8,GO:1901423,response to benzene,1
0,0.766319286,5,22,GO:1901490,regulation of lymphangiogenesis,1
0,1,2,10,GO:1901491,negative regulation of lymphangiogenesis,1
0,0.547438314,2,12,GO:1901492,positive regulation of lymphangiogenesis,1
0,1,2,7,GO:1901509,regulation of endothelial tube morphogenesis,1
0,0.552743258,2,61,GO:1901522,positive regulation of transcription from RNA polymerase II promoter involved in cellular response to chemical stimulus,1
0,1,5,9,GO:1901523,icosanoid catabolic process,1
0,0.95814281,4,48,GO:1901524,regulation of mitophagy,1
0,1,4,7,GO:1901529,positive regulation of anion channel activity,1
0,0.802090177,2,104,GO:1901532,regulation of hematopoietic progenitor cell differentiation,1
0,0.695590709,3,18,GO:1901533,negative regulation of hematopoietic progenitor cell differentiation,1
0,0.628830106,2,15,GO:1901534,positive regulation of hematopoietic progenitor cell differentiation,1
0,1,2,13,GO:1901535;GO:1901537,regulation of DNA demethylation,1
0,0.516521366,5,11,GO:1901552;GO:1903142,positive regulation of endothelial cell development,1
0,1,3,5,GO:1901558,response to metformin,1
0,1,3,10,GO:1901562,response to paraquat,1
0,0.695590709,2,18,GO:1901569,fatty acid derivative catabolic process,1
0,1,3,15,GO:1901608,regulation of vesicle transport along microtubule,1
0,1,2,11,GO:1901610;GO:1901951;GO:1901953,positive regulation of vesicle transport along microtubule,1
0,1,2,15,GO:1901620;GO:1901621,regulation of smoothened signaling pathway involved in dorsal/ventral neural tube patterning,1
0,0.309315744,4,44,GO:1901626;GO:1903909,regulation of postsynaptic membrane organization,1
0,1,4,6,GO:1901627,negative regulation of postsynaptic membrane organization,1
0,0.321177305,2,18,GO:1901628;GO:1903911,positive regulation of receptor clustering,1
0,1,2,7,GO:1901629,regulation of presynaptic membrane organization,1
0,0.483493607,2,10,GO:1901648,regulation of actomyosin contractile ring localization,1
0,1,3,6,GO:1901656,glycoside transport,1
0,1,2,9,GO:1901668;GO:1901671;GO:1904833,regulation of superoxide dismutase activity,1
0,0.901078974,6,35,GO:1901679,nucleotide transmembrane transport,1
0,1,3,18,GO:1901685;GO:1901687,glutathione derivative metabolic process,1
0,0.918883652,2,38,GO:1901722,regulation of cell proliferation involved in kidney development,1
0,1,6,14,GO:1901723,negative regulation of cell proliferation involved in kidney development,1
0,0.795261829,2,24,GO:1901724,positive regulation of cell proliferation involved in kidney development,1
0,1,2,20,GO:1901725,regulation of histone deacetylase activity,1
0,1,4,12,GO:1901727,positive regulation of histone deacetylase activity,1
0,0.309315744,4,44,GO:1901798,positive regulation of signal transduction by p53 class mediator,1
0,0.827595257,9,108,GO:1901799,negative regulation of proteasomal protein catabolic process,1
0,0.448211014,2,9,GO:1901837,negative regulation of transcription of nucleolar large rRNA by RNA polymerase I,1
0,0.368762764,2,20,GO:1901838,positive regulation of transcription of nucleolar large rRNA by RNA polymerase I,1
0,0.561271862,5,29,GO:1901841,regulation of high voltage-gated calcium channel activity,1
0,1,2,13,GO:1901843,positive regulation of high voltage-gated calcium channel activity,1
0,0.437437224,2,23,GO:1901844,regulation of cell communication by electrical coupling involved in cardiac conduction,1
0,1,6,15,GO:1901858,regulation of mitochondrial DNA metabolic process,1
0,1,2,5,GO:1901859,negative regulation of mitochondrial DNA metabolic process,1
0,1,2,5,GO:1901873,regulation of post-translational protein modification,1
0,0.410840857,7,186,GO:1901880;GO:0043242,negative regulation of protein-containing complex disassembly,1
0,0.613978598,2,49,GO:1901881,positive regulation of protein depolymerization,1
0,0.4808951,5,25,GO:1901894;GO:1901896,regulation of ATPase-coupled calcium transmembrane transporter activity,1
0,1,7,23,GO:1901897,regulation of relaxation of cardiac muscle,1
0,1,3,7,GO:1901963,regulation of cell proliferation involved in outflow tract morphogenesis,1
0,1,5,21,GO:1901977;GO:2000002,negative regulation of cell cycle checkpoint,1
0,1,2,15,GO:1901979,regulation of inward rectifier potassium channel activity,1
0,0.368762764,2,20,GO:1901993;GO:1902102;GO:1905132,regulation of meiotic cell cycle phase transition,1
0,1,2,8,GO:1901994,negative regulation of meiotic cell cycle phase transition,1
0,0.335082406,4,74,GO:1901998,toxin transport,1
0,0.996388658,3,85,GO:1902001,fatty acid transmembrane transport,1
0,0.41522196,3,66,GO:1902003;GO:1902991,regulation of amyloid precursor protein catabolic process,1
0,0.734532051,4,40,GO:1902004;GO:1902993,positive regulation of amyloid precursor protein catabolic process,1
0,0.99989265,2,138,GO:1902017,regulation of cilium assembly,1
0,1,2,25,GO:1902018,negative regulation of cilium assembly,1
0,0.516521366,2,11,GO:1902033,regulation of hematopoietic stem cell proliferation,1
0,0.370255454,7,7,GO:1902035,positive regulation of hematopoietic stem cell proliferation,1
0,0.818163066,2,68,GO:1902036,regulation of hematopoietic stem cell differentiation,1
0,0.370255454,2,7,GO:1902037,negative regulation of hematopoietic stem cell differentiation,1
0,1,2,7,GO:1902038,positive regulation of hematopoietic stem cell differentiation,1
0,1,2,5,GO:1902044,regulation of Fas signaling pathway,1
0,1,5,6,GO:1902064,regulation of transcription from RNA polymerase II promoter involved in spermatogenesis,1
0,0.924075932,2,39,GO:1902065,response to L-glutamate,1
0,0.513112881,2,121,GO:1902074,response to salt,1
0,0.524327146,2,43,GO:1902075,cellular response to salt,1
0,1,2,25,GO:1902083;GO:2000169,regulation of peptidyl-cysteine S-nitrosylation,1
0,0.585392804,2,47,GO:1902101;GO:1905820,positive regulation of chromosome separation,1
0,0.36188548,3,557,GO:1902105,regulation of leukocyte differentiation,1
0,0.787640867,3,209,GO:1902106,negative regulation of leukocyte differentiation,1
0,0.632331372,4,33,GO:1902108,regulation of mitochondrial membrane permeability involved in apoptotic process,1
0,1,4,5,GO:1902109,negative regulation of mitochondrial membrane permeability involved in apoptotic process,1
0,0.498295362,2,479,GO:1902115,regulation of organelle assembly,1
0,0.932688084,2,90,GO:1902116,negative regulation of organelle assembly,1
0,0.780600798,6,225,GO:1902117,positive regulation of organelle assembly,1
0,0.370255454,4,7,GO:1902119;GO:1902120,negative regulation of meiotic spindle elongation,1
0,1,4,8,GO:1902159,regulation of cyclic nucleotide-gated ion channel activity,1
0,0.579922037,2,30,GO:1902165;GO:1902166,regulation of intrinsic apoptotic signaling pathway in response to DNA damage by p53 class mediator,1
0,0.539988621,2,92,GO:1902186,regulation of viral release from host cell,1
0,0.736299142,2,59,GO:1902187,negative regulation of viral release from host cell,1
0,0.424332277,3,37,GO:1902188,positive regulation of viral release from host cell,1
0,0.547438314,2,12,GO:1902202,regulation of hepatocyte growth factor receptor signaling pathway,1
0,1,2,14,GO:1902214,regulation of interleukin-4-mediated signaling pathway,1
0,1,4,7,GO:1902216,positive regulation of interleukin-4-mediated signaling pathway,1
0,0.842841585,3,28,GO:1902224,ketone body metabolic process,1
0,1,2,11,GO:1902226;GO:1902227;GO:1903970;GO:1903973,regulation of macrophage colony-stimulating factor signaling pathway,1
0,0.766319286,3,22,GO:1902231,positive regulation of intrinsic apoptotic signaling pathway in response to DNA damage,1
0,0.793629574,2,65,GO:1902253,regulation of intrinsic apoptotic signaling pathway by p53 class mediator,1
0,0.524327146,3,43,GO:1902254,negative regulation of intrinsic apoptotic signaling pathway by p53 class mediator,1
0,0.652568745,4,16,GO:1902255,positive regulation of intrinsic apoptotic signaling pathway by p53 class mediator,1
0,1,2,6,GO:1902256,regulation of apoptotic process involved in outflow tract morphogenesis,1
0,1,3,31,GO:1902259,regulation of delayed rectifier potassium channel activity,1
0,1,2,17,GO:1902260,negative regulation of delayed rectifier potassium channel activity,1
0,1,2,7,GO:1902261,positive regulation of delayed rectifier potassium channel activity,1
0,1,4,5,GO:1902263,apoptotic process involved in embryonic digit morphogenesis,1
0,0.370255454,4,7,GO:1902267,regulation of polyamine transmembrane transport,1
0,0.76059065,4,524,GO:1902275,regulation of chromatin organization,1
0,0.962014644,2,147,GO:1902305,regulation of sodium ion transmembrane transport,1
0,0.929838684,3,66,GO:1902307;GO:2000651,positive regulation of sodium ion transmembrane transport,1
0,1,4,11,GO:1902308;GO:1902309,regulation of peptidyl-serine dephosphorylation,1
0,0.770345782,3,43,GO:1902337,regulation of apoptotic process involved in morphogenesis,1
0,1,2,17,GO:1902338,negative regulation of apoptotic process involved in morphogenesis,1
0,0.459421222,4,24,GO:1902339,positive regulation of apoptotic process involved in morphogenesis,1
0,1,3,8,GO:1902349;GO:1902350;GO:1904515,response to chloroquine,1
0,1,2,5,GO:1902362,melanocyte apoptotic process,1
0,1,3,9,GO:1902366;GO:1902367,regulation of Notch signaling pathway involved in somitogenesis,1
0,1,2,5,GO:1902380,positive regulation of endoribonuclease activity,1
0,0.715061732,3,19,GO:1902412;GO:1903436,regulation of mitotic cytokinesis,1
0,1,7,19,GO:1902430,negative regulation of amyloid-beta formation,1
0,1,2,18,GO:1902435;GO:1902436,regulation of male mating behavior,1
0,1,2,7,GO:1902442;GO:1902443,regulation of ripoptosome assembly involved in necroptotic process,1
0,1,4,6,GO:1902445,regulation of mitochondrial membrane permeability involved in programmed necrotic cell death,1
0,0.392067335,2,21,GO:1902455,negative regulation of stem cell population maintenance,1
0,0.648626126,5,34,GO:1902459,positive regulation of stem cell population maintenance,1
0,1,5,6,GO:1902464,regulation of histone H3-K27 trimethylation,1
0,0.777038204,5,82,GO:1902473;GO:1902474,regulation of protein localization to synapse,1
0,0.932564163,2,133,GO:1902476,chloride transmembrane transport,1
0,0.410519741,2,8,GO:1902498,regulation of protein autoubiquitination,1
0,1,4,20,GO:1902510;GO:1903624,regulation of DNA catabolic process,1
0,1,2,11,GO:1902512;GO:1903626,positive regulation of DNA catabolic process,1
0,0.585392804,2,47,GO:1902513,regulation of organelle transport along microtubule,1
0,0.459421222,3,24,GO:1902514,regulation of calcium ion transmembrane transport via high voltage-gated calcium channel,1
0,1,2,5,GO:1902523,positive regulation of protein K63-linked ubiquitination,1
0,1,5,14,GO:1902566,regulation of eosinophil activation,1
0,1,2,7,GO:1902567,negative regulation of eosinophil activation,1
0,1,3,6,GO:1902569,negative regulation of activation of Janus kinase activity,1
0,1,6,11,GO:1902570,protein localization to nucleolus,1
0,1,2,7,GO:1902576,negative regulation of nuclear cell cycle DNA replication,1
0,1,2,6,GO:1902595,regulation of DNA replication origin binding,1
0,1,4,8,GO:1902606;GO:1902608,positive regulation of large conductance calcium-activated potassium channel activity,1
0,0.781268471,4,23,GO:1902617,response to fluoride,1
0,1,2,8,GO:1902618,cellular response to fluoride,1
0,1,4,6,GO:1902626,assembly of large subunit precursor of preribosome,1
0,0.674789964,3,17,GO:1902630,regulation of membrane hyperpolarization,1
0,0.547438314,2,12,GO:1902644,tertiary alcohol metabolic process,1
0,1,3,5,GO:1902659;GO:1902661,positive regulation of glucose mediated signaling pathway,1
0,0.863332723,2,316,GO:1902667,regulation of axon guidance,1
0,0.455207154,4,115,GO:1902669,positive regulation of axon guidance,1
0,0.542035276,6,28,GO:1902683,regulation of receptor localization to synapse,1
0,0.4808951,6,25,GO:1902686,mitochondrial outer membrane permeabilization involved in programmed cell death,1
0,0.327242611,3,6,GO:1902721,negative regulation of prolactin secretion,1
0,1,2,9,GO:1902722,positive regulation of prolactin secretion,1
0,1,2,6,GO:1902731,negative regulation of chondrocyte proliferation,1
0,1,2,5,GO:1902732,positive regulation of chondrocyte proliferation,1
0,0.370255454,4,7,GO:1902733;GO:1902738;GO:1903041;GO:1903042,regulation of growth plate cartilage chondrocyte differentiation,1
0,0.542035276,2,28,GO:1902744;GO:0010593,negative regulation of lamellipodium organization,1
0,0.695590709,3,18,GO:1902746,regulation of lens fiber cell differentiation,1
0,1,2,6,GO:1902747,negative regulation of lens fiber cell differentiation,1
0,1,2,6,GO:1902769,regulation of choline O-acetyltransferase activity,1
0,1,5,6,GO:1902774,late endosome to lysosome transport,1
0,0.350683238,7,418,GO:1902806;GO:2000045,regulation of cell cycle G1/S phase transition,1
0,1,4,10,GO:1902809;GO:1902811,positive regulation of skeletal muscle fiber differentiation,1
0,1,2,8,GO:1902841,regulation of netrin-activated signaling pathway,1
0,1,3,62,GO:1902855,regulation of non-motile cilium assembly,1
0,1,4,14,GO:1902856,negative regulation of non-motile cilium assembly,1
0,1,3,38,GO:1902857,positive regulation of non-motile cilium assembly,1
0,1,3,12,GO:1902869,regulation of amacrine cell differentiation,1
0,0.781311787,2,44,GO:1902894,negative regulation of pri-miRNA transcription by RNA polymerase II,1
0,0.597982132,2,31,GO:1902902,negative regulation of autophagosome assembly,1
0,1,2,6,GO:1902908,regulation of melanosome transport,1
0,0.613978598,2,49,GO:1902914,regulation of protein polyubiquitination,1
0,0.871121548,3,31,GO:1902916,positive regulation of protein polyubiquitination,1
0,0.633812938,2,151,GO:1902930,regulation of alcohol biosynthetic process,1
0,1,2,31,GO:1902931,negative regulation of alcohol biosynthetic process,1
0,1,2,6,GO:1902938,regulation of intracellular calcium activated chloride channel activity,1
0,0.603470491,7,14,GO:1902946,protein localization to early endosome,1
0,0.820621492,2,26,GO:1902947,regulation of tau-protein kinase activity,1
0,1,5,18,GO:1902949,positive regulation of tau-protein kinase activity,1
0,1,3,6,GO:1902952,positive regulation of dendritic spine maintenance,1
0,1,2,6,GO:1902953,positive regulation of ER to Golgi vesicle-mediated transport,1
0,0.750349027,2,21,GO:1902959;GO:1905245;GO:1902961;GO:1905247,regulation of aspartic-type endopeptidase activity involved in amyloid precursor protein catabolic process,1
0,1,3,6,GO:1902962;GO:1902963,negative regulation of metalloendopeptidase activity involved in amyloid precursor protein catabolic process,1
0,1,2,5,GO:1902969,mitotic DNA replication,1
0,1,2,27,GO:1902992,negative regulation of amyloid precursor protein catabolic process,1
0,1,2,5,GO:1902994;GO:1902995,regulation of phospholipid efflux,1
0,1,2,6,GO:1902996,regulation of neurofibrillary tangle assembly,1
0,0.327242611,4,6,GO:1903004;GO:1903006,regulation of protein K63-linked deubiquitination,1
0,0.483731828,5,149,GO:1903008,organelle disassembly,1
0,0.781268471,5,23,GO:1903011,negative regulation of bone development,1
0,1,3,29,GO:1903025,regulation of RNA polymerase II regulatory region sequence-specific DNA binding,1
0,1,2,21,GO:1903026,negative regulation of RNA polymerase II regulatory region sequence-specific DNA binding,1
0,0.483493607,6,10,GO:1903031;GO:1903033,positive regulation of microtubule plus-end binding,1
0,0.336680693,2,551,GO:1903034,regulation of response to wounding,1
0,0.671557859,2,206,GO:1903035,negative regulation of response to wounding,1
0,0.597982132,2,31,GO:1903044,protein localization to membrane raft,1
0,1,3,5,GO:1903045,neural crest cell migration involved in sympathetic nervous system development,1
0,1,5,5,GO:1903048,regulation of acetylcholine-gated cation channel activity,1
0,0.805611234,2,195,GO:1903051;GO:1903363,negative regulation of cellular protein catabolic process,1
0,0.327242611,2,6,GO:1903070,negative regulation of ER-associated ubiquitin-dependent protein catabolic process,1
0,0.448211014,2,9,GO:1903071,positive regulation of ER-associated ubiquitin-dependent protein catabolic process,1
0,1,8,5,GO:1903093,regulation of protein K48-linked deubiquitination,1
0,0.370255454,2,7,GO:1903108,regulation of mitochondrial transcription,1
0,0.483493607,2,10,GO:1903116,positive regulation of actin filament-based movement,1
0,1,2,6,GO:1903119,protein localization to actin cytoskeleton,1
0,0.622332552,3,100,GO:1903146,regulation of autophagy of mitochondrion,1
0,0.781268471,4,23,GO:1903147;GO:1901525,negative regulation of autophagy of mitochondrion,1
0,0.740266547,2,369,GO:1903169,regulation of calcium ion transmembrane transport,1
0,0.683641507,3,72,GO:1903170;GO:1901020,negative regulation of calcium ion transmembrane transport,1
0,0.35545571,5,149,GO:1903201,regulation of oxidative stress-induced cell death,1
0,0.441825975,2,53,GO:1903203,regulation of oxidative stress-induced neuron death,1
0,0.694064825,2,37,GO:1903204,negative regulation of oxidative stress-induced neuron death,1
0,1,4,11,GO:1903207;GO:1903208,negative regulation of hydrogen peroxide-induced neuron death,1
0,0.389323909,4,35,GO:1903214,regulation of protein targeting to mitochondrion,1
0,0.370255454,4,7,GO:1903215,negative regulation of protein targeting to mitochondrion,1
0,1,2,10,GO:1903238,positive regulation of leukocyte tethering or rolling,1
0,1,4,9,GO:1903251,multi-ciliated epithelial cell differentiation,1
0,1,4,17,GO:1903265,positive regulation of tumor necrosis factor-mediated signaling pathway,1
0,1,3,12,GO:1903276;GO:1903278,regulation of sodium ion export across plasma membrane,1
0,1,3,10,GO:1903279;GO:1903281,regulation of calcium:sodium antiporter activity,1
0,1,5,20,GO:1903286;GO:1903288,regulation of potassium ion import,1
0,0.32298971,3,145,GO:1903307,positive regulation of regulated secretory pathway,1
0,0.918791078,2,692,GO:1903311,regulation of mRNA metabolic process,1
0,0.944214032,7,179,GO:1903313,positive regulation of mRNA metabolic process,1
0,0.386231138,2,578,GO:1903320;GO:0031396,regulation of protein modification by small protein conjugation or removal,1
0,0.829734874,2,218,GO:1903321;GO:0031397,negative regulation of protein modification by small protein conjugation or removal,1
0,0.34235235,3,311,GO:1903322;GO:0031398,positive regulation of protein modification by small protein conjugation or removal,1
0,1,2,5,GO:1903326,regulation of tRNA metabolic process,1
0,0.820621492,3,26,GO:1903332,regulation of protein folding,1
0,1,2,11,GO:1903334,positive regulation of protein folding,1
0,1,7,11,GO:1903347,negative regulation of bicellular tight junction assembly,1
0,1,2,6,GO:1903348,positive regulation of bicellular tight junction assembly,1
0,0.555487983,3,45,GO:1903350;GO:1903351,response to dopamine,1
0,0.358187613,6,76,GO:1903354;GO:1903356,regulation of distal tip cell migration,1
0,0.309315744,2,44,GO:1903358,regulation of Golgi organization,1
0,1,2,19,GO:1903365;GO:2000822,regulation of fear response,1
0,1,2,11,GO:1903367,positive regulation of fear response,1
0,0.483493607,2,10,GO:1903371;GO:1903373,regulation of endoplasmic reticulum tubular network organization,1
0,0.750349027,2,21,GO:1903385,regulation of homophilic cell adhesion,1
0,1,4,15,GO:1903386,negative regulation of homophilic cell adhesion,1
0,1,4,10,GO:1903406,regulation of sodium:potassium-exchanging ATPase activity,1
0,1,2,6,GO:1903408,positive regulation of sodium:potassium-exchanging ATPase activity,1
0,0.603470491,4,14,GO:1903416,response to glycoside,1
0,0.603470491,2,14,GO:1903422,negative regulation of synaptic vesicle recycling,1
0,0.714135946,6,280,GO:1903429,regulation of cell maturation,1
0,1,4,53,GO:1903430,negative regulation of cell maturation,1
0,0.515577201,2,137,GO:1903432,regulation of TORC1 signaling,1
0,0.483493607,3,10,GO:1903438;GO:1903490,positive regulation of mitotic cytokinetic process,1
0,0.674789964,6,17,GO:1903441;GO:0097500,protein localization to ciliary membrane,1
0,1,4,7,GO:1903445,protein transport from ciliary membrane to plasma membrane,1
0,1,2,5,GO:1903450,regulation of G1 to G0 transition,1
0,1,2,7,GO:1903463,regulation of mitotic cell cycle DNA replication,1
0,1,4,8,GO:1903487;GO:1903488,regulation of lactation,1
0,1,5,5,GO:1903516,regulation of single strand break repair,1
0,0.603470491,5,14,GO:1903519;GO:1903521;GO:0060058,regulation of mammary gland involution,1
0,0.915552054,2,225,GO:1903524,positive regulation of blood circulation,1
0,0.695590709,2,18,GO:1903525,regulation of membrane tubulation,1
0,1,2,5,GO:1903526,negative regulation of membrane tubulation,1
0,0.516521366,2,11,GO:1903527,positive regulation of membrane tubulation,1
0,0.341574935,3,118,GO:1903533,regulation of protein targeting,1
0,0.414973589,4,22,GO:1903538,regulation of meiotic cell cycle process involved in oocyte maturation,1
0,1,2,6,GO:1903544,response to butyrate,1
0,1,2,10,GO:1903546,protein localization to photoreceptor outer segment,1
0,0.410519741,2,8,GO:1903551;GO:1903553,regulation of extracellular exosome assembly,1
0,1,2,14,GO:1903564;GO:1903566,regulation of protein localization to cilium,1
0,1,2,10,GO:1903576,response to L-arginine,1
0,0.632331372,2,33,GO:1903587,regulation of blood vessel endothelial cell proliferation involved in sprouting angiogenesis,1
0,1,5,19,GO:1903589,positive regulation of blood vessel endothelial cell proliferation involved in sprouting angiogenesis,1
0,0.327242611,6,6,GO:1903596,regulation of gap junction assembly,1
0,0.508302164,4,42,GO:1903599,positive regulation of autophagy of mitochondrion,1
0,1,3,6,GO:1903609,negative regulation of inward rectifier potassium channel activity,1
0,1,4,17,GO:1903616,MAPK cascade involved in axon regeneration,1
0,1,3,7,GO:1903630,regulation of aminoacyl-tRNA ligase activity,1
0,1,2,8,GO:1903644,regulation of chaperone-mediated protein folding,1
0,0.603470491,2,14,GO:1903650,negative regulation of cytoplasmic transport,1
0,1,2,7,GO:1903659,regulation of complement-dependent cytotoxicity,1
0,0.349182193,2,163,GO:1903670,regulation of sprouting angiogenesis,1
0,0.707751495,3,92,GO:1903672,positive regulation of sprouting angiogenesis,1
0,1,5,10,GO:1903684;GO:1903688,positive regulation of border follicle cell migration,1
0,0.479487354,2,335,GO:1903707,negative regulation of hemopoiesis,1
0,1,6,8,GO:1903719;GO:1903721,positive regulation of I-kappaB phosphorylation,1
0,0.410519741,2,8,GO:1903722,regulation of centriole elongation,1
0,0.585392804,4,47,GO:1903726,negative regulation of phospholipid metabolic process,1
0,1,2,9,GO:1903742,regulation of anterograde synaptic vesicle transport,1
0,1,2,5,GO:1903744,positive regulation of anterograde synaptic vesicle transport,1
0,1,2,11,GO:1903745,negative regulation of pharyngeal pumping,1
0,0.516521366,3,11,GO:1903748,negative regulation of establishment of protein localization to mitochondrion,1
0,0.448211014,3,9,GO:1903753,negative regulation of p38MAPK cascade,1
0,1,2,8,GO:1903760;GO:1905024;GO:1905031,regulation of membrane repolarization during cardiac muscle cell action potential,1
0,1,8,6,GO:1903764,regulation of potassium ion export across plasma membrane,1
0,0.576379282,5,13,GO:1903772,regulation of viral budding via host ESCRT complex,1
0,0.448211014,3,9,GO:1903774,positive regulation of viral budding via host ESCRT complex,1
0,1,3,15,GO:1903795,regulation of inorganic anion transmembrane transport,1
0,1,3,8,GO:1903797,positive regulation of inorganic anion transmembrane transport,1
0,0.437437224,2,23,GO:1903799,negative regulation of production of miRNAs involved in gene silencing by miRNA,1
0,1,2,23,GO:1903817,negative regulation of voltage-gated potassium channel activity,1
0,1,4,27,GO:1903818,positive regulation of voltage-gated potassium channel activity,1
0,0.321177305,5,18,GO:1903830,magnesium ion transmembrane transport,1
0,1,6,9,GO:1903847;GO:1903849;GO:1905653,positive regulation of artery morphogenesis,1
0,0.510347414,2,105,GO:1903859,regulation of dendrite extension,1
0,1,2,9,GO:1903860,negative regulation of dendrite extension,1
0,0.551365795,2,77,GO:1903861,positive regulation of dendrite extension,1
0,0.483493607,3,10,GO:1903891,regulation of ATF6-mediated unfolded protein response,1
0,0.733287994,3,20,GO:1903894,regulation of IRE1-mediated unfolded protein response,1
0,1,2,9,GO:1903895,negative regulation of IRE1-mediated unfolded protein response,1
0,0.410519741,5,8,GO:1903896,positive regulation of IRE1-mediated unfolded protein response,1
0,0.4808951,3,25,GO:1903897,regulation of PERK-mediated unfolded protein response,1
0,1,5,13,GO:1903899,positive regulation of PERK-mediated unfolded protein response,1
0,1,3,7,GO:1903905,positive regulation of establishment of T cell polarity,1
0,1,4,6,GO:1903929,primary palate development,1
0,0.715061732,2,19,GO:1903935,response to sodium arsenite,1
0,0.448211014,5,9,GO:1903936,cellular response to sodium arsenite,1
0,1,2,8,GO:1903937;GO:0033693,response to acrylamide,1
0,0.628830106,7,15,GO:1903939,regulation of TORC2 signaling,1
0,0.327242611,5,6,GO:1903940,negative regulation of TORC2 signaling,1
0,1,8,7,GO:1903943;GO:1903944,regulation of hepatocyte apoptotic process,1
0,0.715061732,2,19,GO:1903955,positive regulation of protein targeting to mitochondrion,1
0,1,6,5,GO:1903971;GO:1903974,positive regulation of response to macrophage colony-stimulating factor,1
0,1,2,14,GO:1903972;GO:1903969,regulation of cellular response to macrophage colony-stimulating factor stimulus,1
0,0.924075932,3,39,GO:1903975,regulation of glial cell migration,1
0,1,2,12,GO:1903976,negative regulation of glial cell migration,1
0,0.715061732,2,19,GO:1903977,positive regulation of glial cell migration,1
0,1,6,17,GO:1903978;GO:0150077;GO:1903980;GO:0150078,regulation of microglial cell activation,1
0,1,5,20,GO:1903995;GO:1903997,regulation of non-membrane spanning protein tyrosine kinase activity,1
0,1,6,20,GO:1903999,negative regulation of eating behavior,1
0,1,2,11,GO:1904000,positive regulation of eating behavior,1
0,0.842841585,2,28,GO:1904016,response to Thyroglobulin triiodothyronine,1
0,1,4,18,GO:1904017,cellular response to Thyroglobulin triiodothyronine,1
0,1,5,5,GO:1904020,regulation of G protein-coupled receptor internalization,1
0,0.370255454,2,7,GO:1904027,negative regulation of collagen fibril organization,1
0,0.323360287,6,189,GO:1904029;GO:0000079,regulation of cyclin-dependent protein kinase activity,1
0,0.473527268,6,86,GO:1904031;GO:0045737,positive regulation of cyclin-dependent protein kinase activity,1
0,1,2,6,GO:1904048,regulation of spontaneous neurotransmitter secretion,1
0,0.327242611,2,6,GO:1904057,negative regulation of sensory perception of pain,1
0,1,3,32,GO:1904058,positive regulation of sensory perception of pain,1
0,0.98411387,3,754,GO:1904062,regulation of cation transmembrane transport,1
0,0.897016386,2,364,GO:1904064,positive regulation of cation transmembrane transport,1
0,1,4,22,GO:1904081,positive regulation of transcription from RNA polymerase II promoter involved in neuron differentiation,1
0,1,2,5,GO:1904092,regulation of autophagic cell death,1
0,1,2,10,GO:1904106,protein localization to microvillus,1
0,1,2,7,GO:1904107,protein localization to microvillus membrane,1
0,1,3,5,GO:1904109;GO:2000911,positive regulation of cholesterol import,1
0,1,5,7,GO:1904116;GO:1904117,cellular response to vasopressin,1
0,1,6,6,GO:1904139,regulation of microglial cell migration,1
0,1,3,7,GO:1904145,negative regulation of meiotic cell cycle process involved in oocyte maturation,1
0,0.820621492,2,26,GO:1904181,positive regulation of membrane depolarization,1
0,1,8,7,GO:1904192;GO:1904193,regulation of cholangiocyte apoptotic process,1
0,1,2,7,GO:1904217;GO:1904219;GO:1904220;GO:1904222,regulation of serine C-palmitoyltransferase activity,1
0,1,3,17,GO:1904238,pericyte cell differentiation,1
0,0.652568745,3,16,GO:1904259;GO:1904261,positive regulation of basement membrane assembly involved in embryonic body morphogenesis,1
0,0.943487674,2,70,GO:1904263,positive regulation of TORC1 signaling,1
0,1,2,8,GO:1904289;GO:1904290,regulation of mitotic DNA damage checkpoint,1
0,0.398018913,3,50,GO:1904292,regulation of ERAD pathway,1
0,0.795261829,4,24,GO:1904293,negative regulation of ERAD pathway,1
0,0.392067335,2,21,GO:1904304,regulation of gastro-intestinal system smooth muscle contraction,1
0,1,5,13,GO:1904306,positive regulation of gastro-intestinal system smooth muscle contraction,1
0,1,4,8,GO:1904313,response to methamphetamine hydrochloride,1
0,1,3,5,GO:1904323;GO:1904325,regulation of inhibitory G protein-coupled receptor phosphorylation,1
0,0.406905721,3,36,GO:1904338,regulation of dopaminergic neuron differentiation,1
0,1,2,10,GO:1904339,negative regulation of dopaminergic neuron differentiation,1
0,1,2,6,GO:1904349,positive regulation of small intestine smooth muscle contraction,1
0,1,4,14,GO:1904354,negative regulation of telomere capping,1
0,0.516521366,5,11,GO:1904373,response to kainic acid,1
0,1,5,5,GO:1904378,maintenance of unfolded protein involved in ERAD pathway,1
0,1,4,9,GO:1904393,regulation of skeletal muscle acetylcholine-gated channel clustering,1
0,1,2,5,GO:1904395,positive regulation of skeletal muscle acetylcholine-gated channel clustering,1
0,1,3,10,GO:1904400;GO:1904401,response to Thyroid stimulating hormone,1
0,1,2,6,GO:1904412,regulation of cardiac ventricle development,1
0,0.410519741,2,8,GO:1904426,positive regulation of GTP binding,1
0,0.514088625,2,184,GO:1904427,positive regulation of calcium ion transmembrane transport,1
0,0.410519741,5,8,GO:1904428,negative regulation of tubulin deacetylation,1
0,1,2,7,GO:1904429,regulation of t-circle formation,1
0,0.674789964,2,17,GO:1904456,negative regulation of neuronal action potential,1
0,0.603470491,3,14,GO:1904478,regulation of intestinal absorption,1
0,1,2,5,GO:1904479,negative regulation of intestinal absorption,1
0,1,7,11,GO:1904491,protein localization to ciliary transition zone,1
0,0.820621492,2,26,GO:1904526,regulation of microtubule binding,1
0,1,5,8,GO:1904527,negative regulation of microtubule binding,1
0,0.652568745,5,16,GO:1904528,positive regulation of microtubule binding,1
0,0.628830106,2,15,GO:1904529;GO:1904616;GO:1904531;GO:1904618,regulation of actin filament binding,1
0,1,3,11,GO:1904576,response to tunicamycin,1
0,1,2,5,GO:1904577,cellular response to tunicamycin,1
0,0.321177305,3,18,GO:1904582;GO:0045856;GO:1902877,positive regulation of intracellular mRNA localization,1
0,1,3,14,GO:1904588,cellular response to glycoprotein,1
0,1,4,5,GO:1904621,regulation of actin-dependent ATPase activity,1
0,1,2,10,GO:1904627;GO:1904628,response to phorbol 13-acetate 12-myristate,1
0,1,3,16,GO:1904636;GO:1904637,cellular response to ionomycin,1
0,1,2,7,GO:1904640,response to methionine,1
0,0.847184816,5,92,GO:1904645;GO:1904646,response to amyloid-beta,1
0,0.628830106,2,15,GO:1904672,regulation of somatic stem cell population maintenance,1
0,0.321177305,2,18,GO:1904683,regulation of metalloendopeptidase activity,1
0,1,3,8,GO:1904688,regulation of cytoplasmic translational initiation,1
0,1,2,6,GO:1904690;GO:1903677;GO:1903679,positive regulation of cytoplasmic translational initiation,1
0,1,4,7,GO:1904692,positive regulation of type B pancreatic cell proliferation,1
0,1,6,10,GO:1904702;GO:0150106;GO:1904703;GO:0150119,regulation of protein localization to adherens junction,1
0,0.758903055,7,42,GO:1904706,negative regulation of vascular associated smooth muscle cell proliferation,1
0,1,3,11,GO:1904714,regulation of chaperone-mediated autophagy,1
0,0.410519741,3,8,GO:1904719,positive regulation of AMPA glutamate receptor clustering,1
0,0.410519741,2,8,GO:1904729,regulation of intestinal lipid absorption,1
0,1,2,5,GO:1904742,regulation of telomeric DNA binding,1
0,0.887088899,2,33,GO:1904746,negative regulation of apoptotic process involved in development,1
0,1,7,11,GO:1904749;GO:1904751,regulation of protein localization to nucleolus,1
0,1,2,17,GO:1904753,negative regulation of vascular associated smooth muscle cell migration,1
0,1,2,5,GO:1904760,regulation of myofibroblast differentiation,1
0,1,3,8,GO:1904766,negative regulation of macroautophagy by TORC1 signaling,1
0,0.842841585,2,28,GO:1904779,regulation of protein localization to centrosome,1
0,1,3,10,GO:1904780,negative regulation of protein localization to centrosome,1
0,0.695590709,2,18,GO:1904781,positive regulation of protein localization to centrosome,1
0,1,4,7,GO:1904783,positive regulation of NMDA glutamate receptor activity,1
0,1,2,10,GO:1904800,negative regulation of neuron remodeling,1
0,1,7,8,GO:1904806,regulation of protein oxidation,1
0,1,2,26,GO:1904809;GO:1904811,regulation of dense core granule transport,1
0,1,2,10,GO:1904810,negative regulation of dense core granule transport,1
0,1,5,9,GO:1904823,purine nucleobase transmembrane transport,1
0,0.971860609,4,54,GO:1904837,beta-catenin-TCF complex assembly,1
0,1,6,21,GO:1904847;GO:2000544,regulation of endothelial cell chemotaxis to fibroblast growth factor,1
0,1,3,14,GO:1904849;GO:2000546,positive regulation of endothelial cell chemotaxis to fibroblast growth factor,1
0,1,2,8,GO:1904862,inhibitory synapse assembly,1
0,1,2,14,GO:1904872,regulation of telomerase RNA localization to Cajal body,1
0,1,4,8,GO:1904880,response to hydrogen sulfide,1
0,1,2,14,GO:1904885,beta-catenin destruction complex assembly,1
0,1,2,54,GO:1904886,beta-catenin destruction complex disassembly,1
0,0.414973589,2,22,GO:1904896,ESCRT complex disassembly,1
0,1,2,11,GO:1904903,ESCRT III complex disassembly,1
0,0.887088899,2,33,GO:1904948;GO:1904953,midbrain dopaminergic neuron differentiation,1
0,1,8,7,GO:1904954,canonical Wnt signaling pathway involved in midbrain dopaminergic neuron differentiation,1
0,1,2,6,GO:1904997,regulation of leukocyte adhesion to arterial endothelial cell,1
0,0.448829959,2,376,GO:1905039;GO:1903825,organic acid transmembrane transport,1
0,1,5,9,GO:1905051;GO:1905053,regulation of base-excision repair,1
0,0.852897647,7,29,GO:1905063,regulation of vascular associated smooth muscle cell differentiation,1
0,1,2,18,GO:1905064,negative regulation of vascular associated smooth muscle cell differentiation,1
0,0.516521366,2,11,GO:1905065,positive regulation of vascular associated smooth muscle cell differentiation,1
0,1,2,5,GO:1905069,allantois development,1
0,1,3,15,GO:1905073;GO:1905075,regulation of tight junction disassembly,1
0,1,5,7,GO:1905089,regulation of parkin-mediated stimulation of mitophagy in response to mitochondrial depolarization,1
0,0.998175,3,763,GO:1905114,cell surface receptor signaling pathway involved in cell-cell signaling,1
0,1,6,7,GO:1905126,regulation of axo-dendritic protein transport,1
0,0.483493607,5,10,GO:1905150,regulation of voltage-gated sodium channel activity,1
0,1,2,8,GO:1905168,positive regulation of double-strand break repair via homologous recombination,1
0,1,2,6,GO:1905169;GO:1905171,regulation of protein localization to phagocytic vesicle,1
0,1,2,6,GO:1905174,regulation of vascular associated smooth muscle cell dedifferentiation,1
0,0.370255454,5,7,GO:1905203;GO:1905205,regulation of connective tissue replacement,1
0,0.547438314,4,12,GO:1905206;GO:2001040,positive regulation of cellular response to drug,1
0,0.471086599,2,163,GO:1905207,regulation of cardiocyte differentiation,1
0,0.714244838,3,75,GO:1905209,positive regulation of cardiocyte differentiation,1
0,1,5,6,GO:1905225,response to thyrotropin-releasing hormone,1
0,0.603470491,4,14,GO:1905232,cellular response to L-glutamate,1
0,0.715061732,2,19,GO:1905244,regulation of modification of synaptic structure,1
0,0.786879167,6,156,GO:1905268,negative regulation of chromatin organization,1
0,1,2,47,GO:1905276,regulation of epithelial tube formation,1
0,1,5,6,GO:1905277,negative regulation of epithelial tube formation,1
0,1,3,12,GO:1905289,regulation of CAMKK-AMPK signaling cascade,1
0,1,6,7,GO:1905292;GO:1905294;GO:1905310;GO:1905312,regulation of cardiac neural crest cell migration involved in outflow tract morphogenesis,1
0,1,3,7,GO:1905304,regulation of cardiac myofibril assembly,1
0,0.846975001,4,72,GO:1905314,semi-lunar valve development,1
0,1,2,10,GO:1905323,telomerase holoenzyme complex assembly,1
0,0.887049939,5,413,GO:1905330,regulation of morphogenesis of an epithelium,1
0,0.667048073,5,53,GO:1905331,negative regulation of morphogenesis of an epithelium,1
0,0.833103522,2,70,GO:1905332,positive regulation of morphogenesis of an epithelium,1
0,1,3,6,GO:1905333,regulation of gastric motility,1
0,1,3,5,GO:1905371,ceramide phosphoethanolamine metabolic process,1
0,1,2,11,GO:1905383;GO:0099641,protein localization to presynapse,1
0,1,4,10,GO:1905395;GO:1990910,response to flavonoid,1
0,1,3,5,GO:1905407;GO:1905408,regulation of creatine transmembrane transporter activity,1
0,1,9,5,GO:1905435;GO:1905437,regulation of histone H3-K4 trimethylation,1
0,1,3,6,GO:1905443;GO:1905445,positive regulation of clathrin coat assembly,1
0,0.795261829,2,24,GO:1905456;GO:2000973,regulation of lymphoid progenitor cell differentiation,1
0,1,7,5,GO:1905458,positive regulation of lymphoid progenitor cell differentiation,1
0,0.674789964,2,17,GO:1905459,regulation of vascular associated smooth muscle cell apoptotic process,1
0,1,10,6,GO:1905460,negative regulation of vascular associated smooth muscle cell apoptotic process,1
0,0.516521366,2,11,GO:1905461,positive regulation of vascular associated smooth muscle cell apoptotic process,1
0,1,4,21,GO:1905483;GO:1905485,regulation of motor neuron migration,1
0,1,2,7,GO:1905484,negative regulation of motor neuron migration,1
0,1,6,7,GO:1905486;GO:1905488;GO:1905491,regulation of anterior/posterior axon guidance,1
0,0.963331824,3,50,GO:1905489,regulation of sensory neuron axon guidance,1
0,1,2,12,GO:1905490,negative regulation of sensory neuron axon guidance,1
0,1,2,13,GO:1905503,regulation of motile cilium assembly,1
0,0.946482406,2,71,GO:1905515,non-motile cilium assembly,1
0,0.309315744,5,44,GO:1905516,positive regulation of fertilization,1
0,0.615451342,3,32,GO:1905517;GO:0048246,macrophage migration,1
0,1,5,16,GO:1905518,regulation of presynaptic active zone assembly,1
0,1,3,11,GO:1905519,negative regulation of presynaptic active zone assembly,1
0,1,2,5,GO:1905520,positive regulation of presynaptic active zone assembly,1
0,0.516521366,3,11,GO:1905522,negative regulation of macrophage migration,1
0,0.770345782,7,43,GO:1905562,regulation of vascular endothelial cell proliferation,1
0,1,2,12,GO:1905563,negative regulation of vascular endothelial cell proliferation,1
0,0.579922037,5,30,GO:1905564,positive regulation of vascular endothelial cell proliferation,1
0,1,3,5,GO:1905600;GO:1905602,regulation of receptor-mediated endocytosis involved in cholesterol transport,1
0,0.371615316,2,34,GO:1905606,regulation of presynapse assembly,1
0,1,2,15,GO:1905607,negative regulation of presynapse assembly,1
0,1,4,7,GO:1905608,positive regulation of presynapse assembly,1
0,1,4,6,GO:1905616;GO:1905618,positive regulation of miRNA mediated inhibition of translation,1
0,1,2,12,GO:1905664;GO:1905665,regulation of calcium ion import across plasma membrane,1
0,1,2,5,GO:1905696,regulation of polysome binding,1
0,0.694064825,4,37,GO:1905710;GO:0035794,positive regulation of membrane permeability,1
0,1,2,8,GO:1905787,regulation of detection of mechanical stimulus involved in sensory perception of touch,1
0,0.695590709,2,18,GO:1905802;GO:1905803,regulation of cellular response to manganese ion,1
0,1,2,6,GO:1905804,positive regulation of cellular response to manganese ion,1
0,0.368762764,3,20,GO:1905812;GO:1905815,regulation of dorsal/ventral axon guidance,1
0,1,2,8,GO:1905833,negative regulation of microtubule nucleation,1
0,1,5,19,GO:1905852,positive regulation of backward locomotion,1
0,0.652568745,2,16,GO:1905868,regulation of 3'-UTR-mediated mRNA stabilization,1
0,0.483493607,3,10,GO:1905870,positive regulation of 3'-UTR-mediated mRNA stabilization,1
0,1,2,5,GO:1905891;GO:1905894,regulation of cellular response to thapsigargin,1
0,1,3,9,GO:1905905,pharyngeal gland morphogenesis,1
0,0.750349027,2,21,GO:1905906,regulation of amyloid fibril formation,1
0,1,2,9,GO:1905907,negative regulation of amyloid fibril formation,1
0,0.483493607,2,10,GO:1905908,positive regulation of amyloid fibril formation,1
0,0.628830106,2,15,GO:1905910,negative regulation of dauer entry,1
0,1,3,6,GO:1905912,regulation of calcium ion export across plasma membrane,1
0,1,4,27,GO:1905936,regulation of germ cell proliferation,1
0,1,2,14,GO:1905937;GO:2000254,regulation of male germ cell proliferation,1
0,1,2,9,GO:1905938,positive regulation of germ cell proliferation,1
0,0.52604951,4,59,GO:1905939,regulation of gonad development,1
0,1,5,20,GO:1905940;GO:2000195,negative regulation of gonad development,1
0,1,2,10,GO:1990009,retinal cell apoptotic process,1
0,0.603470491,2,14,GO:1990048,anterograde neuronal dense core vesicle transport,1
0,0.628830106,4,15,GO:1990049,retrograde neuronal dense core vesicle transport,1
0,0.547438314,3,12,GO:1990086,lens fiber cell apoptotic process,1
0,1,8,8,GO:1990164,histone H2A phosphorylation,1
0,1,2,15,GO:1990169,stress response to copper ion,1
0,1,2,15,GO:1990170,stress response to cadmium ion,1
0,1,2,5,GO:1990180,mitochondrial tRNA 3'-end processing,1
0,0.448211014,2,9,GO:1990253,cellular response to leucine starvation,1
0,1,3,5,GO:1990267;GO:1990268,response to transition metal nanoparticle,1
0,0.410519741,2,8,GO:1990386,mitotic cleavage furrow ingression,1
0,1,2,6,GO:1990401,embryonic lung development,1
0,0.547438314,5,12,GO:1990402,embryonic liver development,1
0,0.832098503,2,27,GO:1990403,embryonic brain development,1
0,1,4,8,GO:1990408,calcitonin gene-related peptide receptor signaling pathway,1
0,0.448211014,4,9,GO:1990410,adrenomedullin receptor signaling pathway,1
0,1,2,27,GO:1990416,cellular response to brain-derived neurotrophic factor stimulus,1
0,1,2,14,GO:1990418,response to insulin-like growth factor stimulus,1
0,1,2,12,GO:1990441,negative regulation of transcription from RNA polymerase II promoter in response to endoplasmic reticulum stress,1
0,1,3,6,GO:1990478,response to ultrasound,1
0,1,3,6,GO:1990481,mRNA pseudouridine synthesis,1
0,0.547438314,3,12,GO:1990502,dense core granule maturation,1
0,1,4,10,GO:1990511,piRNA biosynthetic process,1
0,1,3,8,GO:1990523,bone regeneration,1
0,0.781268471,2,23,GO:1990535,neuron projection maintenance,1
0,0.396649572,2,154,GO:1990542,mitochondrial transmembrane transport,1
0,1,2,18,GO:1990573,potassium ion import across plasma membrane,1
0,1,3,6,GO:1990636,reproductive senescence,1
0,0.327242611,3,6,GO:1990790;GO:1990792,response to glial cell derived neurotrophic factor,1
0,1,2,5,GO:1990798,pancreas regeneration,1
0,1,2,10,GO:1990809,endoplasmic reticulum tubular network membrane organization,1
0,0.690613644,4,259,GO:1990823,response to leukemia inhibitory factor,1
0,0.67382166,3,173,GO:1990830,cellular response to leukemia inhibitory factor,1
0,1,5,12,GO:1990839,response to endothelin,1
0,1,2,8,GO:1990859,cellular response to endothelin,1
0,1,2,6,GO:1990926,short-term synaptic potentiation,1
0,1,2,7,GO:1990927,calcium ion regulated lysosome exocytosis,1
0,0.928936032,4,40,GO:2000001,regulation of DNA damage checkpoint,1
0,0.948346896,6,118,GO:2000008,regulation of protein localization to cell surface,1
0,0.862310599,2,30,GO:2000009,negative regulation of protein localization to cell surface,1
0,1,2,48,GO:2000010,positive regulation of protein localization to cell surface,1
0,1,4,12,GO:2000015,regulation of determination of dorsal identity,1
0,1,2,5,GO:2000016,negative regulation of determination of dorsal identity,1
0,1,2,7,GO:2000017,positive regulation of determination of dorsal identity,1
0,0.842841585,2,28,GO:2000018;GO:2000020,regulation of male gonad development,1
0,0.955881136,5,830,GO:2000027,regulation of animal organ morphogenesis,1
0,0.795261829,5,24,GO:2000035,regulation of stem cell division,1
0,0.800385791,4,85,GO:2000036,regulation of stem cell population maintenance,1
0,1,5,10,GO:2000040,regulation of planar cell polarity pathway involved in axis elongation,1
0,1,2,6,GO:2000041,negative regulation of planar cell polarity pathway involved in axis elongation,1
0,0.781268471,3,23,GO:2000043;GO:0042686,regulation of cardiac cell fate specification,1
0,0.945459578,2,44,GO:2000047,regulation of cell-cell adhesion mediated by cadherin,1
0,1,2,14,GO:2000048,negative regulation of cell-cell adhesion mediated by cadherin,1
0,1,2,14,GO:2000049,positive regulation of cell-cell adhesion mediated by cadherin,1
0,0.503377688,2,73,GO:2000050,regulation of non-canonical Wnt signaling pathway,1
0,1,4,12,GO:2000051,negative regulation of non-canonical Wnt signaling pathway,1
0,0.715061732,2,19,GO:2000053,regulation of Wnt signaling pathway involved in dorsal/ventral axis specification,1
0,0.483493607,3,10,GO:2000054,negative regulation of Wnt signaling pathway involved in dorsal/ventral axis specification,1
0,1,4,6,GO:2000055,positive regulation of Wnt signaling pathway involved in dorsal/ventral axis specification,1
0,0.483493607,4,10,GO:2000056;GO:2000057,negative regulation of Wnt signaling pathway involved in digestive tract morphogenesis,1
0,0.773432196,9,136,GO:2000059,negative regulation of ubiquitin-dependent protein catabolic process,1
0,1,2,12,GO:2000064,regulation of cortisol biosynthetic process,1
0,0.842841585,3,28,GO:2000074,regulation of type B pancreatic cell development,1
0,1,2,10,GO:2000077,negative regulation of type B pancreatic cell development,1
0,1,2,7,GO:2000078,positive regulation of type B pancreatic cell development,1
0,0.448211014,7,9,GO:2000097,regulation of smooth muscle cell-matrix adhesion,1
0,0.937743292,2,42,GO:2000104,negative regulation of DNA-dependent DNA replication,1
0,0.555487983,8,45,GO:2000105,positive regulation of DNA-dependent DNA replication,1
0,0.448211014,3,9,GO:2000110,negative regulation of macrophage apoptotic process,1
0,0.695590709,3,18,GO:2000121,regulation of removal of superoxide radicals,1
0,1,2,50,GO:2000136,regulation of cell proliferation involved in heart morphogenesis,1
0,1,6,6,GO:2000137,negative regulation of cell proliferation involved in heart morphogenesis,1
0,1,6,22,GO:2000138,positive regulation of cell proliferation involved in heart morphogenesis,1
0,0.652568745,2,16,GO:2000152,regulation of ubiquitin-specific protease activity,1
0,0.327242611,2,6,GO:2000158,positive regulation of ubiquitin-specific protease activity,1
0,0.733287994,5,20,GO:2000172,regulation of branching morphogenesis of a nerve,1
0,0.576379282,2,13,GO:2000173,negative regulation of branching morphogenesis of a nerve,1
0,0.774980967,2,154,GO:2000179,positive regulation of neural precursor cell proliferation,1
0,1,3,7,GO:2000182,regulation of progesterone biosynthetic process,1
0,0.530902588,6,202,GO:2000191;GO:0032890,regulation of organic acid transport,1
0,0.897650235,2,81,GO:2000193,positive regulation of fatty acid transport,1
0,0.475430987,2,40,GO:2000194,regulation of female gonad development,1
0,1,3,18,GO:2000197;GO:0010793,regulation of ribonucleoprotein complex localization,1
0,1,2,7,GO:2000211,regulation of glutamate metabolic process,1
0,1,3,12,GO:2000223,regulation of BMP signaling pathway involved in heart jogging,1
0,1,4,5,GO:2000224,regulation of testosterone biosynthetic process,1
0,1,3,6,GO:2000226,regulation of pancreatic A cell differentiation,1
0,1,4,18,GO:2000232,regulation of rRNA processing,1
0,1,2,8,GO:2000234,positive regulation of rRNA processing,1
0,1,2,44,GO:2000252,negative regulation of feeding behavior,1
0,0.829489615,5,49,GO:2000253,positive regulation of feeding behavior,1
0,0.603470491,8,14,GO:2000270,negative regulation of fibroblast apoptotic process,1
0,1,2,9,GO:2000271,positive regulation of fibroblast apoptotic process,1
0,0.41522196,2,66,GO:2000272,negative regulation of signaling receptor activity,1
0,0.995858723,2,116,GO:2000273,positive regulation of signaling receptor activity,1
0,1,4,6,GO:2000275,regulation of oxidative phosphorylation uncoupler activity,1
0,0.525248376,3,217,GO:2000278,regulation of DNA biosynthetic process,1
0,0.389458391,3,64,GO:2000279,negative regulation of DNA biosynthetic process,1
0,1,7,8,GO:2000286,receptor internalization involved in canonical Wnt signaling pathway,1
0,1,3,21,GO:2000288,positive regulation of myoblast proliferation,1
0,1,4,6,GO:2000290,regulation of myotome development,1
0,1,2,32,GO:2000291,regulation of myoblast proliferation,1
0,0.522219199,4,27,GO:2000292,regulation of defecation,1
0,0.327242611,2,6,GO:2000294,positive regulation of defecation,1
0,1,2,6,GO:2000297,negative regulation of synapse maturation,1
0,1,3,58,GO:2000310,regulation of NMDA receptor activity,1
0,1,3,78,GO:2000311,regulation of AMPA receptor activity,1
0,1,3,5,GO:2000313,regulation of fibroblast growth factor receptor signaling pathway involved in neural plate anterior/posterior pattern formation,1
0,0.862310599,3,30,GO:2000316;GO:2000319,regulation of T-helper 17 type immune response,1
0,1,3,21,GO:2000317;GO:2000320,negative regulation of T-helper 17 type immune response,1
0,0.448211014,2,9,GO:2000318,positive regulation of T-helper 17 type immune response,1
0,1,3,5,GO:2000321,positive regulation of T-helper 17 cell differentiation,1
0,0.887088899,3,33,GO:2000322,regulation of glucocorticoid receptor signaling pathway,1
0,1,4,15,GO:2000323,negative regulation of glucocorticoid receptor signaling pathway,1
0,0.603470491,2,14,GO:2000324,positive regulation of glucocorticoid receptor signaling pathway,1
0,1,-1,8,GO:2000327,obsolete positive regulation of nuclear receptor transcription coactivator activity,1
0,1,2,7,GO:2000328,regulation of T-helper 17 cell lineage commitment,1
0,1,2,5,GO:2000329,negative regulation of T-helper 17 cell lineage commitment,1
0,0.818163066,2,68,GO:2000331,regulation of terminal button organization,1
0,1,4,6,GO:2000332;GO:2000334,regulation of blood microparticle formation,1
0,0.795261829,3,24,GO:2000341,regulation of chemokine (C-X-C motif) ligand 2 production,1
0,1,2,5,GO:2000342,negative regulation of chemokine (C-X-C motif) ligand 2 production,1
0,1,2,11,GO:2000343,positive regulation of chemokine (C-X-C motif) ligand 2 production,1
0,1,5,10,GO:2000344,positive regulation of acrosome reaction,1
0,0.766319286,2,22,GO:2000345,regulation of hepatocyte proliferation,1
0,1,3,6,GO:2000346,negative regulation of hepatocyte proliferation,1
0,0.448211014,7,9,GO:2000347,positive regulation of hepatocyte proliferation,1
0,1,3,17,GO:2000359,regulation of binding of sperm to zona pellucida,1
0,0.405676646,3,95,GO:2000369,regulation of clathrin-dependent endocytosis,1
0,0.570601883,2,46,GO:2000370,positive regulation of clathrin-dependent endocytosis,1
0,1,5,22,GO:2000381,negative regulation of mesoderm development,1
0,0.318050655,3,31,GO:2000382,positive regulation of mesoderm development,1
0,1,4,12,GO:2000383;GO:2000384,regulation of ectoderm development,1
0,0.327242611,2,6,GO:2000394,positive regulation of lamellipodium morphogenesis,1
0,0.61576619,2,66,GO:2000403,positive regulation of lymphocyte migration,1
0,0.309315744,3,44,GO:2000406,positive regulation of T cell migration,1
0,0.516521366,3,11,GO:2000407,regulation of T cell extravasation,1
0,1,4,6,GO:2000409;GO:2000451,positive regulation of T cell extravasation,1
0,1,8,23,GO:2000434,regulation of protein neddylation,1
0,1,2,6,GO:2000435,negative regulation of protein neddylation,1
0,1,5,9,GO:2000437,regulation of monocyte extravasation,1
0,0.992002642,3,73,GO:2000463,positive regulation of excitatory postsynaptic potential,1
0,1,2,16,GO:2000465,regulation of glycogen (starch) synthase activity,1
0,1,3,11,GO:2000466,negative regulation of glycogen (starch) synthase activity,1
0,1,5,9,GO:2000467,positive regulation of glycogen (starch) synthase activity,1
0,0.83789488,5,50,GO:2000479,regulation of cAMP-dependent protein kinase activity,1
0,0.410519741,8,8,GO:2000480,negative regulation of cAMP-dependent protein kinase activity,1
0,0.603470491,6,14,GO:2000481,positive regulation of cAMP-dependent protein kinase activity,1
0,1,2,9,GO:2000501;GO:2000503,regulation of natural killer cell chemotaxis,1
0,1,3,5,GO:2000523,regulation of T cell costimulation,1
0,1,3,6,GO:2000535,regulation of entry of bacterium into host cell,1
0,1,3,28,GO:2000542,negative regulation of gastrulation,1
0,0.524327146,2,43,GO:2000543,positive regulation of gastrulation,1
0,1,6,5,GO:2000553,positive regulation of T-helper 2 cell cytokine production,1
0,0.654638809,2,137,GO:2000573,positive regulation of DNA biosynthetic process,1
0,0.901078974,3,35,GO:2000574,regulation of microtubule motor activity,1
0,0.808360443,3,25,GO:2000576,positive regulation of microtubule motor activity,1
0,1,3,8,GO:2000583,regulation of platelet-derived growth factor receptor-alpha signaling pathway,1
0,1,2,11,GO:2000587,negative regulation of platelet-derived growth factor receptor-beta signaling pathway,1
0,1,6,13,GO:2000589;GO:0035793;GO:1900238;GO:2000591,regulation of metanephric mesenchymal cell migration,1
0,1,2,6,GO:2000609;GO:2000611,regulation of thyroid hormone generation,1
0,0.459421222,2,24,GO:2000615,regulation of histone H3-K9 acetylation,1
0,1,10,5,GO:2000620,positive regulation of histone H4-K16 acetylation,1
0,0.370255454,2,7,GO:2000625;GO:2000627,regulation of miRNA catabolic process,1
0,0.781268471,6,23,GO:2000628,regulation of miRNA metabolic process,1
0,1,2,5,GO:2000629,negative regulation of miRNA metabolic process,1
0,0.576379282,2,13,GO:2000630,positive regulation of miRNA metabolic process,1
0,1,2,6,GO:2000631,regulation of pre-miRNA processing,1
0,1,5,6,GO:2000634;GO:2000635,regulation of primary miRNA processing,1
0,1,2,7,GO:2000638,regulation of SREBP signaling pathway,1
0,1,2,5,GO:2000639,negative regulation of SREBP signaling pathway,1
0,0.483493607,2,10,GO:2000646,positive regulation of receptor catabolic process,1
0,0.641550932,3,102,GO:2000648,positive regulation of stem cell proliferation,1
0,0.964148319,3,103,GO:2000649,regulation of sodium ion transmembrane transporter activity,1
0,0.887088899,2,33,GO:2000650;GO:1902306,negative regulation of sodium ion transmembrane transport,1
0,1,5,7,GO:2000653,regulation of genetic imprinting,1
0,0.410519741,2,8,GO:2000670,positive regulation of dendritic cell apoptotic process,1
0,1,2,22,GO:2000671,regulation of motor neuron apoptotic process,1
0,1,2,13,GO:2000675,negative regulation of type B pancreatic cell apoptotic process,1
0,0.926892031,2,110,GO:2000677,regulation of transcription regulatory region DNA binding,1
0,0.969935085,5,53,GO:2000678,negative regulation of transcription regulatory region DNA binding,1
0,0.570601883,3,46,GO:2000679,positive regulation of transcription regulatory region DNA binding,1
0,1,4,7,GO:2000683,regulation of cellular response to X-ray,1
0,0.928936032,2,40,GO:2000696,regulation of epithelial cell differentiation involved in kidney development,1
0,0.576379282,4,13,GO:2000697;GO:0003340,negative regulation of epithelial cell differentiation involved in kidney development,1
0,1,2,19,GO:2000698,positive regulation of epithelial cell differentiation involved in kidney development,1
0,1,5,6,GO:2000705,regulation of dense core granule biogenesis,1
0,1,3,8,GO:2000721,positive regulation of transcription from RNA polymerase II promoter involved in smooth muscle cell differentiation,1
0,1,2,8,GO:2000722,regulation of cardiac vascular smooth muscle cell differentiation,1
0,0.937743292,3,42,GO:2000726,negative regulation of cardiac muscle cell differentiation,1
0,0.599853625,3,48,GO:2000727,positive regulation of cardiac muscle cell differentiation,1
0,0.941642823,2,237,GO:2000736,regulation of stem cell differentiation,1
0,0.321074719,3,87,GO:2000737,negative regulation of stem cell differentiation,1
0,0.973662878,2,55,GO:2000738,positive regulation of stem cell differentiation,1
0,1,3,13,GO:2000739,regulation of mesenchymal stem cell differentiation,1
0,1,3,9,GO:2000741,positive regulation of mesenchymal stem cell differentiation,1
0,1,3,7,GO:2000742;GO:2000744,regulation of anterior head development,1
0,0.928936032,2,40,GO:2000765,regulation of cytoplasmic translation,1
0,0.547438314,4,12,GO:2000766,negative regulation of cytoplasmic translation,1
0,1,3,9,GO:2000767,positive regulation of cytoplasmic translation,1
0,0.628830106,4,15,GO:2000773,negative regulation of cellular senescence,1
0,0.561271862,2,29,GO:2000781,positive regulation of double-strand break repair,1
0,0.871732569,6,76,GO:2000785,regulation of autophagosome assembly,1
0,0.516521366,3,11,GO:2000786,positive regulation of autophagosome assembly,1
0,1,2,18,GO:2000794,regulation of epithelial cell proliferation involved in lung morphogenesis,1
0,0.335943988,3,32,GO:2000807,regulation of synaptic vesicle clustering,1
0,0.632331372,2,33,GO:2000810,regulation of bicellular tight junction assembly,1
0,1,5,7,GO:2000819,regulation of nucleotide-excision repair,1
0,1,6,7,GO:2000820,negative regulation of transcription from RNA polymerase II promoter involved in smooth muscle cell differentiation,1
0,1,4,9,GO:2000821,regulation of grooming behavior,1
0,1,2,8,GO:2000825,positive regulation of androgen receptor activity,1
0,0.99939714,6,112,GO:2000826,regulation of heart morphogenesis,1
0,1,5,9,GO:2000828,regulation of parathyroid hormone secretion,1
0,0.784859532,3,64,GO:2000831,regulation of steroid hormone secretion,1
0,1,4,10,GO:2000832,negative regulation of steroid hormone secretion,1
0,1,5,34,GO:2000833,positive regulation of steroid hormone secretion,1
0,1,4,7,GO:2000843,regulation of testosterone secretion,1
0,0.928936032,2,40,GO:2000846,regulation of corticosteroid hormone secretion,1
0,1,5,7,GO:2000847;GO:2000850,negative regulation of corticosteroid hormone secretion,1
0,1,2,23,GO:2000848,positive regulation of corticosteroid hormone secretion,1
0,1,3,27,GO:2000849,regulation of glucocorticoid secretion,1
0,1,2,15,GO:2000851,positive regulation of glucocorticoid secretion,1
0,1,6,17,GO:2000852,regulation of corticosterone secretion,1
0,0.576379282,4,13,GO:2000855;GO:2000858,regulation of aldosterone secretion,1
0,1,2,8,GO:2000857,positive regulation of mineralocorticoid secretion,1
0,0.628830106,2,15,GO:2000864,regulation of estradiol secretion,1
0,1,2,10,GO:2000870,regulation of progesterone secretion,1
0,1,2,5,GO:2000872,positive regulation of progesterone secretion,1
0,1,6,28,GO:2000969,positive regulation of AMPA receptor activity,1
0,1,3,12,GO:2000977,regulation of forebrain neuron differentiation,1
0,1,4,14,GO:2000981;GO:0045632,negative regulation of mechanoreceptor differentiation,1
0,1,2,6,GO:2000983,regulation of ATP citrate synthase activity,1
0,1,2,8,GO:2000987,positive regulation of behavioral fear response,1
0,1,2,19,GO:2001015,negative regulation of skeletal muscle cell differentiation,1
0,1,3,19,GO:2001016,positive regulation of skeletal muscle cell differentiation,1
0,0.333696665,2,161,GO:2001022,positive regulation of response to DNA damage stimulus,1
0,0.597961487,4,292,GO:2001023,regulation of response to drug,1
0,0.981417319,2,90,GO:2001024,negative regulation of response to drug,1
0,0.736299142,2,59,GO:2001026,regulation of endothelial cell chemotaxis,1
0,0.941728947,2,43,GO:2001028,positive regulation of endothelial cell chemotaxis,1
0,1,2,7,GO:2001029,regulation of cellular glucuronidation,1
0,1,2,20,GO:2001032,regulation of double-strand break repair via nonhomologous end joining,1
0,1,3,10,GO:2001034,positive regulation of double-strand break repair via nonhomologous end joining,1
0,0.909686285,2,105,GO:2001038;GO:1901031;GO:1903205,regulation of response to reactive oxygen species,1
0,0.842841585,2,28,GO:2001039,negative regulation of cellular response to drug,1
0,0.862310599,2,30,GO:2001044,regulation of integrin-mediated signaling pathway,1
0,1,3,12,GO:2001046,positive regulation of integrin-mediated signaling pathway,1
0,0.721576998,2,39,GO:2001053,regulation of mesenchymal cell apoptotic process,1
0,0.561271862,3,29,GO:2001054,negative regulation of mesenchymal cell apoptotic process,1
0,1,3,7,GO:2001055,positive regulation of mesenchymal cell apoptotic process,1
0,1,6,5,GO:2001109;GO:2001111,regulation of lens epithelial cell proliferation,1
0,1,2,5,GO:2001137,positive regulation of endocytic recycling,1
0,0.414973589,4,22,GO:2001138;GO:2001140,positive regulation of phospholipid transport,1
0,1,4,9,GO:2001166;GO:2001168,regulation of histone H2B ubiquitination,1
0,0.370255454,2,7,GO:2001188,regulation of T cell activation via T cell receptor contact with antigen bound to MHC molecule on antigen presenting cell,1
0,0.516521366,2,11,GO:2001198;GO:2001200,regulation of dendritic cell differentiation,1
0,0.459421222,5,24,GO:2001212,regulation of vasculogenesis,1
0,0.916961121,3,107,GO:2001222,regulation of neuron migration,1
0,1,2,20,GO:2001223,negative regulation of neuron migration,1
0,1,3,31,GO:2001224,positive regulation of neuron migration,1
0,1,2,10,GO:2001225,regulation of chloride transport,1
0,1,4,7,GO:2001241,positive regulation of extrinsic apoptotic signaling pathway in absence of ligand,1
0,1,2,12,GO:2001245,regulation of phosphatidylcholine biosynthetic process,1
0,0.327242611,2,6,GO:2001256,regulation of store-operated calcium entry,1
0,0.999912187,4,402,GO:2001257,regulation of cation channel activity,1
0,0.768791065,2,81,GO:2001258,negative regulation of cation channel activity,1
0,0.962014644,3,147,GO:2001259,positive regulation of cation channel activity,1
0,1,2,13,GO:2001260,regulation of semaphorin-plexin signaling pathway,1
0,0.750349027,3,21,GO:2001270,regulation of cysteine-type endopeptidase activity involved in execution phase of apoptosis,1
0,1,2,9,GO:2001286,regulation of caveolin-mediated endocytosis,1
0,1,2,6,GO:2001293,malonyl-CoA metabolic process,1
0,0.331538853,-1,88,GO:0000060,obsolete protein import into nucleus,
0,0.985154125,2,2762,GO:0000122;GO:0045892,negative regulation of transcription,
0,0.997538463,3,207,GO:0000184,nuclear-transcribed mRNA catabolic process,
0,1,3,115,GO:0000288,nuclear-transcribed mRNA catabolic process,
0,1,3,59,GO:0000291;GO:0043928,nuclear-transcribed mRNA catabolic process,
0,1,3,8,GO:0000294,nuclear-transcribed mRNA catabolic process,
0,1,2,11,GO:0000301,retrograde transport,
0,1,4,12,GO:0000335;GO:0000337,regulation of transposition,
0,0.781311787,8,44,GO:0000380,alternative mRNA splicing,
0,0.599138183,2,260,GO:0000381,regulation of alternative mRNA splicing,
0,0.715061732,3,19,GO:0000394;GO:0006388,RNA splicing,
0,1,9,15,GO:0000447,endonucleolytic cleavage in ITS1 to separate SSU-rRNA from 5.8S rRNA and LSU-rRNA from tricistronic rRNA transcript (SSU-rRNA,
0,1,3,5,GO:0000448,cleavage in ITS2 between 5.8S rRNA and LSU-rRNA of tricistronic rRNA transcript (SSU-rRNA,
0,1,4,10,GO:0000459;GO:0000467,exonucleolytic trimming to generate mature 3'-end of 5.8S rRNA from tricistronic rRNA transcript (SSU-rRNA,
0,1,3,5,GO:0000461,endonucleolytic cleavage to generate mature 3'-end of SSU-rRNA from (SSU-rRNA,
0,1,3,56,GO:0000462,maturation of SSU-rRNA from tricistronic rRNA transcript (SSU-rRNA,
0,1,2,20,GO:0000463,maturation of LSU-rRNA from tricistronic rRNA transcript (SSU-rRNA,
0,1,2,37,GO:0000466,maturation of 5.8S rRNA from tricistronic rRNA transcript (SSU-rRNA,
0,1,2,7,GO:0000480,endonucleolytic cleavage in 5'-ETS of tricistronic rRNA transcript (SSU-rRNA,
0,0.770345782,4,43,GO:0000715,nucleotide-excision repair,
0,1,2,8,GO:0001867,complement activation,
0,1,4,10,GO:0001868;GO:0001869,regulation of complement activation,
0,0.406905721,2,36,GO:0001963,synaptic transmission,
0,0.281293703,7,5,GO:0002304;GO:0002305,CD8-positive,
0,0.108989561,3,9,GO:0002361;GO:0045066,CD4-positive,
0,0.516521366,3,11,GO:0006003,fructose 2,
0,1,3,62,GO:0006120,mitochondrial electron transport,
0,1,6,12,GO:0006121,mitochondrial electron transport,
0,1,6,29,GO:0006122,mitochondrial electron transport,
0,0.852897647,4,29,GO:0006123;GO:0019646,mitochondrial electron transport,
0,0.370255454,5,7,GO:0006269,DNA replication,
0,0.2001467,5,13,GO:0006285;GO:0045008,base-excision repair,
0,1,2,8,GO:0006287,base-excision repair,
0,1,3,32,GO:0006293,nucleotide-excision repair,
0,1,4,42,GO:0006294,nucleotide-excision repair,
0,1,6,5,GO:0006295,nucleotide-excision repair,
0,1,2,55,GO:0006296;GO:0033683,nucleotide-excision repair,
0,1,2,32,GO:0006297,nucleotide-excision repair,
0,0.81069091,3,404,GO:0006352;GO:0006367,DNA-templated transcription,
0,0.860778857,3,114,GO:0006353,DNA-templated transcription,
0,0.864403733,3,134,GO:0006354;GO:0006368,DNA-templated transcription,
0,1,2,16,GO:0006616,SRP-dependent cotranslational protein targeting to membrane,
0,8.23E-09,5,178,GO:0006890,retrograde vesicle-mediated transport,
0,0.871121548,2,31,GO:0006910,phagocytosis,
0,0.057978128,5,163,GO:0006911,phagocytosis,
0,0.137819042,2,43,GO:0006930,substrate-dependent cell migration,
0,0.576379282,5,13,GO:0006957,complement activation,
0,0.652568745,7,16,GO:0006958,complement activation,
0,0.615451342,5,32,GO:0006978;GO:0042772,DNA damage response,
0,0.510991912,2,513,GO:0007187;GO:0007188,G protein-coupled receptor signaling pathway,
0,0.321074719,2,87,GO:0007223,Wnt signaling pathway,
0,0.990981027,2,130,GO:0007271,synaptic transmission,
0,0.758903055,2,42,GO:0007303,cytoplasmic transport,
0,1,3,6,GO:0007311,maternal specification of dorsal/ventral axis,
0,0.674789964,2,17,GO:0007313,maternal specification of dorsal/ventral axis,
0,0.495045163,2,244,GO:0007314;GO:0008358,maternal determination of anterior/posterior axis,
0,0.807714645,2,86,GO:0007354,zygotic determination of anterior/posterior axis,
0,0.389323909,4,35,GO:0007380,specification of segmental identity,
0,0.069165552,2,7,GO:0007381,specification of segmental identity,
0,0.410519741,5,8,GO:0007382,specification of segmental identity,
0,1,5,16,GO:0007385;GO:0035292,specification of segmental identity,
0,0.491998306,3,41,GO:0007394,dorsal closure,
0,0.733405341,3,77,GO:0007395,dorsal closure,
0,1,5,16,GO:0007421;GO:0008071,maternal determination of dorsal/ventral axis,
0,0.628830106,3,15,GO:0007425,epithelial cell fate determination,
0,0.356823309,2,105,GO:0007426,tracheal outgrowth,
0,0.779828763,6,137,GO:0007427,epithelial cell migration,
0,0.036012828,3,39,GO:0007428,primary branching,
0,0.370255454,3,7,GO:0007429,secondary branching,
0,0.042475711,3,51,GO:0007430,terminal branching,
0,1,2,58,GO:0007448,anterior/posterior pattern specification,
0,0.981417319,2,90,GO:0007449;GO:0007479;GO:0035223,proximal/distal pattern formation,
0,0.998963071,2,198,GO:0007450;GO:0048190,dorsal/ventral pattern formation,
0,1,4,38,GO:0007451,dorsal/ventral lineage restriction,
0,1,2,23,GO:0007487;GO:0048099,anterior/posterior lineage restriction,
0,0.674789964,5,17,GO:0007539,primary sex determination,
0,1,3,8,GO:0007541,sex determination,
0,0.758903055,5,42,GO:0007542,primary sex determination,
0,0.459477354,3,177,GO:0007591,molting cycle,
0,0.542035276,3,28,GO:0007597,blood coagulation,
0,0.108989561,3,9,GO:0007598,blood coagulation,
0,0.570038549,2,111,GO:0007603,phototransduction,
0,0.539494854,4,60,GO:0008069,dorsal/ventral axis specification,
0,1,2,9,GO:0008591;GO:0045813,regulation of Wnt signaling pathway,
0,0.051549163,2,6,GO:0009051,pentose-phosphate shunt,
0,1,3,11,GO:0009052,pentose-phosphate shunt,
0,0.478639734,3,71,GO:0009794,regulation of mitotic cell cycle,
0,0.29702923,3,17,GO:0010840,regulation of circadian sleep/wake cycle,
0,1,2,11,GO:0010841,positive regulation of circadian sleep/wake cycle,
0,0.85983283,2,74,GO:0014056;GO:0014057,regulation of acetylcholine secretion,
0,1,2,35,GO:0015014,heparan sulfate proteoglycan biosynthetic process,
0,1,2,26,GO:0015015,heparan sulfate proteoglycan biosynthetic process,
0,0.933485191,2,41,GO:0015985;GO:0015986,energy coupled proton transport,
0,4.59E-07,2,45,GO:0015988,energy coupled proton transmembrane transport,
0,1,8,7,GO:0016267,O-glycan processing,
0,0.092670948,6,38,GO:0016545;GO:0048065;GO:0045433,male courtship behavior,
0,1,2,8,GO:0016560,protein import into peroxisome matrix,
0,0.130667677,3,10,GO:0018990,ecdysis,
0,0.62768515,2,67,GO:0018996,molting cycle,
0,1,3,6,GO:0019254,carnitine metabolic process,
0,0.2001467,7,13,GO:0019367;GO:0019368;GO:0034625;GO:0034626,fatty acid elongation,
0,0.410519741,3,8,GO:0019418;GO:0070221,sulfide oxidation,
0,1,3,6,GO:0019749,cytoskeleton-dependent cytoplasmic transport,
0,0.327242611,3,6,GO:0019918,peptidyl-arginine methylation,
0,0.103844628,3,18,GO:0019919,peptidyl-arginine methylation,
0,0.795261829,3,24,GO:0030388,fructose 1,
0,0.733287994,3,20,GO:0031086,nuclear-transcribed mRNA catabolic process,
0,0.674789964,2,17,GO:0031585,regulation of inositol 1,
0,1,5,9,GO:0031587;GO:0021990;GO:0031454;GO:0033697;GO:1905335;GO:1905337;GO:1905505,positive regulation of inositol 1,
0,0.924051859,2,130,GO:0032222,regulation of synaptic transmission,
0,1,2,15,GO:0032223,negative regulation of synaptic transmission,
0,0.698633948,2,91,GO:0032224,positive regulation of synaptic transmission,
0,0.853588002,3,52,GO:0032225,regulation of synaptic transmission,
0,1,2,23,GO:0032226,positive regulation of synaptic transmission,
0,0.410519741,2,8,GO:0032227,negative regulation of synaptic transmission,
0,0.9847509,3,168,GO:0032228,regulation of synaptic transmission,
0,1,2,22,GO:0032229,negative regulation of synaptic transmission,
0,0.979789742,2,59,GO:0032230,positive regulation of synaptic transmission,
0,0.963879658,2,126,GO:0032784;GO:0034243,regulation of DNA-templated transcription,
0,0.862310599,2,30,GO:0032785;GO:0034244,negative regulation of DNA-templated transcription,
0,0.871732569,2,76,GO:0032786;GO:0032968,positive regulation of DNA-templated transcription,
0,0.368762764,3,20,GO:0032829;GO:0032831,regulation of CD4-positive,
0,0.093284782,-1,61,GO:0033158,obsolete regulation of protein import into nucleus,
0,1,-1,8,GO:0033159,obsolete negative regulation of protein import into nucleus,
0,0.223138138,-1,38,GO:0033160,obsolete positive regulation of protein import into nucleus,
0,1,3,7,GO:0033567;GO:0043137,DNA replication,
0,1,4,15,GO:0034427,nuclear-transcribed mRNA catabolic process,
0,0.00152245,8,61,GO:0034501;GO:0071459,protein localization to chromosome,
0,0.652568745,2,16,GO:0034721,histone H3-K4 demethylation,
0,0.795261829,2,24,GO:0035002,liquid clearance,
0,1,2,11,GO:0035042,fertilization,
0,1,2,10,GO:0035093,spermatogenesis,
0,0.353668383,3,47,GO:0035146;GO:0035147,branch fusion,
0,9.26E-06,3,64,GO:0035149,lumen formation,
0,0.583591235,2,161,GO:0035151,regulation of tube size,
0,0.037560878,3,294,GO:0035152,regulation of tube architecture,
0,0.901078974,2,35,GO:0035153,epithelial cell type specification,
0,1,4,15,GO:0035154,terminal cell fate specification,
0,1,5,29,GO:0035155,negative regulation of terminal cell fate specification,
0,0.335943988,3,32,GO:0035158,regulation of tube diameter,
0,0.445415404,2,114,GO:0035159,regulation of tube length,
0,0.466115412,2,70,GO:0035160,maintenance of epithelial integrity,
0,0.987657574,2,124,GO:0035249,synaptic transmission,
0,0.984817715,3,120,GO:0035277,spiracle morphogenesis,
0,1,2,13,GO:0035291,specification of segmental identity,
0,1,2,26,GO:0035313,wound healing,
0,0.715061732,8,19,GO:0036037;GO:0043374,CD8-positive,
0,0.005335949,4,43,GO:0036507;GO:0036508,protein alpha-1,
0,0.885179461,2,672,GO:0040029,regulation of gene expression,
0,1,2,5,GO:0040030,regulation of molecular function,
0,0.736194307,4,113,GO:0040034,regulation of development,
0,0.048236949,2,159,GO:0042147,retrograde transport,
0,0.321177305,2,18,GO:0042320,regulation of circadian sleep/wake cycle,
0,0.561271862,2,29,GO:0042321,negative regulation of circadian sleep/wake cycle,
0,0.176434934,4,12,GO:0042322,negative regulation of circadian sleep/wake cycle,
0,1,6,5,GO:0042323;GO:0070256,negative regulation of circadian sleep/wake cycle,
0,0.392067335,3,21,GO:0042395,ecdysis,
0,1,4,6,GO:0042747,circadian sleep/wake cycle,
0,1,2,60,GO:0042769,DNA damage response,
0,0.000654449,2,82,GO:0043367;GO:0035710,CD4-positive,
0,0.09045364,4,27,GO:0043369,CD4-positive or CD8-positive,
0,0.015040636,2,115,GO:0043370;GO:2000514,regulation of CD4-positive,
0,0.113165076,2,64,GO:0043372;GO:2000516,positive regulation of CD4-positive,
0,0.576379282,2,13,GO:0043376;GO:0043378;GO:2001187,regulation of CD8-positive,
0,0.030969287,2,80,GO:0043516,regulation of DNA damage response,
0,0.179105419,3,23,GO:0043517,positive regulation of DNA damage response,
0,0.04648539,4,52,GO:0043518,negative regulation of DNA damage response,
0,0.561271862,2,29,GO:0045188,regulation of circadian sleep/wake cycle,
0,1,2,28,GO:0045292,mRNA cis splicing,
0,0.249906785,2,80,GO:0045448,mitotic cell cycle,
0,0.989982861,4,128,GO:0045815,positive regulation of gene expression,
0,0.163004793,2,22,GO:0045977,positive regulation of mitotic cell cycle,
0,1,3,5,GO:0046005,positive regulation of circadian sleep/wake cycle,
0,0.345112283,3,19,GO:0046010,positive regulation of circadian sleep/wake cycle,
0,0.211636252,2,76,GO:0046664,dorsal closure,
0,0.852897647,2,29,GO:0046845,branched duct epithelial cell fate determination,
0,0.967877881,3,52,GO:0048026,positive regulation of mRNA splicing,
0,0.353810866,4,33,GO:0048047,mating behavior,
0,1,2,8,GO:0048203,vesicle targeting,
0,0.674789964,2,17,GO:0048209;GO:0003400;GO:0090113,regulation of vesicle targeting,
0,0.281293703,2,5,GO:0050653,chondroitin sulfate proteoglycan biosynthetic process,
0,1,3,14,GO:0050883;GO:0021750,musculoskeletal movement,
0,0.483493607,4,10,GO:0051728;GO:0060184;GO:0051729,germline cell cycle switching,
0,0.89269225,2,58,GO:0051932,synaptic transmission,
0,0.984887909,2,213,GO:0051966,regulation of synaptic transmission,
0,0.542035276,3,28,GO:0051967,negative regulation of synaptic transmission,
0,0.975358105,2,85,GO:0051968,positive regulation of synaptic transmission,
0,1,2,30,GO:0060012,synaptic transmission,
0,1,2,19,GO:0060069,Wnt signaling pathway,
0,0.978239954,7,137,GO:0060071,Wnt signaling pathway,
0,1,4,6,GO:0060097,cytoskeletal rearrangement involved in phagocytosis,
0,1,3,7,GO:0061534;GO:0061535,gamma-aminobutyric acid secretion,
0,0.795261829,7,24,GO:0070198,protein localization to chromosome,
0,1,7,25,GO:0070202;GO:0070203;GO:1904814;GO:1904816;GO:1904851,regulation of protein localization to chromosome,
0,1,2,5,GO:0070478,nuclear-transcribed mRNA catabolic process,
0,1,3,6,GO:0070966,nuclear-transcribed mRNA catabolic process,
0,1,2,9,GO:0071106,adenosine 3',
0,0.427314113,3,52,GO:0072378,blood coagulation,
0,1,3,113,GO:0090502,RNA phosphodiester bond hydrolysis,
0,0.921895848,3,64,GO:0090503,RNA phosphodiester bond hydrolysis,
0,1,2,5,GO:0098746,fast,
0,0.22419356,2,14,GO:0098887;GO:0099639,neurotransmitter receptor transport,
0,0.368762764,5,20,GO:0099550,trans-synaptic signaling,
0,0.522219199,3,27,GO:0099638;GO:1990126,retrograde transport,
0,1,2,51,GO:1900151;GO:1900153,regulation of nuclear-transcribed mRNA catabolic process,
0,0.130667677,3,10,GO:1902646;GO:1902647;GO:1905749,negative regulation of 1-phosphatidyl-1D-myo-inositol 4,
0,1,2,17,GO:1903294,regulation of glutamate secretion,
0,1,4,7,GO:1903296,positive regulation of glutamate secretion,
0,0.272750522,6,16,GO:1903689;GO:1903690,regulation of wound healing,
0,0.392067335,2,21,GO:1904152,regulation of retrograde protein transport,
0,1,5,8,GO:1904235;GO:1904237,positive regulation of substrate-dependent cell migration,
0,1,5,6,GO:1904612;GO:1905957;GO:1905959,response to 2,
0,1,3,16,GO:1905242,response to 3,
0,1,4,10,GO:1905243,cellular response to 3,
0,0.694064825,2,37,GO:2000095,regulation of Wnt signaling pathway,
0,0.628830106,5,15,GO:2000096,positive regulation of Wnt signaling pathway,
0,0.323444686,4,116,GO:2000142;GO:0060260,regulation of DNA-templated transcription,
0,0.033716783,7,70,GO:2000144;GO:0060261,positive regulation of DNA-templated transcription,
0,0.733287994,2,20,GO:2000274,regulation of epithelial cell migration,
0,0.035867372,4,5,GO:2000431;GO:2000433,positive regulation of cytokinesis,
0,0.410519741,4,8,GO:2000449,regulation of CD8-positive,
0,0.281293703,5,5,GO:2000452,regulation of CD8-positive,
0,0.058662532,3,66,GO:2000515;GO:0046639;GO:0043371,negative regulation of CD4-positive,
0,0.005796135,2,19,GO:2000561,regulation of CD4-positive,
0,0.001304373,3,14,GO:2000562,negative regulation of CD4-positive,
0,0.483493607,3,10,GO:2000563,positive regulation of CD4-positive,
0,1,2,11,GO:2000564,regulation of CD8-positive,
0,1,2,12,GO:2000577,regulation of ATP-dependent microtubule motor activity,
0,0.603470491,2,14,GO:2000580,regulation of ATP-dependent microtubule motor activity,
0,1,2,8,GO:2000622,regulation of nuclear-transcribed mRNA catabolic process,
0,0.212471623,2,25,GO:2001185,regulation of CD8-positive,