delta.rank,pval,level,nseqs,term,name,p.adj
0,1.79E-28,2,2480,GO:0006955,immune response,1.64E-24
0,3.17E-27,2,1671,GO:0002252,immune effector process,1.46E-23
0,4.32E-24,4,1609,GO:0006887;GO:0045055,exocytosis,1.32E-20
0,2.70E-23,2,1952,GO:0001775;GO:0045321,cell activation,6.20E-20
0,1.54E-20,2,1283,GO:0002263;GO:0002274;GO:0002275;GO:0002366;GO:0002283;GO:0042119;GO:0036230;GO:0002443;GO:0002444;GO:0002446;GO:0043299;GO:0043312,cell activation involved in immune response,2.83E-17
0,2.45E-19,4,2516,GO:0032940;GO:0046903;GO:0140352,secretion,3.75E-16
0,4.13E-17,4,1514,GO:0006897;GO:0098657,import into cell,5.42E-14
0,5.44E-17,2,2541,GO:0030334;GO:2000145;GO:0051270,regulation of cellular component movement,6.25E-14
0,8.74E-16,3,701,GO:0007264;GO:0007265,small GTPase mediated signal transduction,8.92E-13
0,4.75E-15,2,1692,GO:0002684,positive regulation of immune system process,4.37E-12
0,1.83E-13,2,1605,GO:0050776,regulation of immune response,1.53E-10
0,2.92E-13,3,1596,GO:0030155,regulation of cell adhesion,2.24E-10
0,5.84E-13,6,759,GO:0110053,regulation of actin filament organization,4.13E-10
0,1.52E-12,3,2423,GO:1902533,positive regulation of intracellular signal transduction,9.99E-10
0,2.62E-12,5,1062,GO:0043405;GO:0043406;GO:0071902,positive regulation of protein serine/threonine kinase activity,1.61E-09
0,3.60E-12,4,532,GO:0006909,phagocytosis,2.07E-09
0,3.87E-12,2,1476,GO:0009611;GO:0042060,response to wounding,2.09E-09
0,4.73E-12,2,2262,GO:0060562,epithelial tube morphogenesis,2.41E-09
0,5.79E-12,3,741,GO:0002253;GO:0002757;GO:0002764,activation of immune response,2.78E-09
0,6.05E-12,2,1190,GO:0007163,establishment or maintenance of cell polarity,2.78E-09
0,1.20E-11,3,1948,GO:0007167,enzyme linked receptor protein signaling pathway,5.24E-09
0,1.28E-11,2,258,GO:0038093,Fc receptor signaling pathway,5.32E-09
0,2.17E-11,4,518,GO:0008360,regulation of cell shape,8.58E-09
0,2.24E-11,4,1366,GO:1902903;GO:0032956;GO:0032970,regulation of actin filament-based process,8.58E-09
0,2.92E-11,2,1926,GO:0061024,membrane organization,1.07E-08
0,3.36E-11,2,500,GO:0002768;GO:0002429,immune response-regulating cell surface receptor signaling pathway,1.19E-08
0,3.53E-11,4,1139,GO:0001667,ameboidal-type cell migration,1.20E-08
0,4.26E-11,2,2210,GO:0044255;GO:0006629,lipid metabolic process,1.40E-08
0,1.07E-10,4,1277,GO:0060541,respiratory system development,3.39E-08
0,1.18E-10,2,860,GO:0030100,regulation of endocytosis,3.62E-08
0,1.42E-10,2,70,GO:0090382,phagosome maturation,4.21E-08
0,2.04E-10,2,1394,GO:0007169,transmembrane receptor protein tyrosine kinase signaling pathway,5.85E-08
0,2.23E-10,6,177,GO:0007040;GO:0080171,lytic vacuole organization,6.20E-08
0,2.56E-10,2,2436,GO:0009607;GO:0051707;GO:0043207,response to biotic stimulus,6.71E-08
0,2.55E-10,2,1222,GO:0071900,regulation of protein serine/threonine kinase activity,6.71E-08
0,2.81E-10,2,1255,GO:0043410,positive regulation of MAPK cascade,7.17E-08
0,2.94E-10,2,1006,GO:0002694;GO:0050865;GO:0051249,regulation of cell activation,7.25E-08
0,3.00E-10,2,1584,GO:0030335;GO:2000147;GO:0040017;GO:0051272,positive regulation of locomotion,7.25E-08
0,3.47E-10,3,1844,GO:0022604,regulation of cell morphogenesis,8.15E-08
0,3.55E-10,4,1600,GO:0060627,regulation of vesicle-mediated transport,8.15E-08
0,4.19E-10,3,172,GO:0002431;GO:0002433;GO:0038094;GO:0038096,immune response-regulating cell surface receptor signaling pathway involved in phagocytosis,9.04E-08
0,4.18E-10,3,1186,GO:0032103,positive regulation of response to external stimulus,9.04E-08
0,4.23E-10,2,1059,GO:0050778,positive regulation of immune response,9.04E-08
0,4.84E-10,2,1557,GO:0098542,defense response to other organism,1.01E-07
0,5.47E-10,2,1699,GO:0007155;GO:0022610,biological adhesion,1.12E-07
0,5.77E-10,2,2656,GO:0016310;GO:0006468,phosphorylation,1.15E-07
0,6.55E-10,2,318,GO:0007033,vacuole organization,1.27E-07
0,6.61E-10,4,502,GO:0008064;GO:0030832;GO:0030833,regulation of actin filament length,1.27E-07
0,7.96E-10,2,2002,GO:0034097;GO:0071345,response to cytokine,1.49E-07
0,1.75E-09,4,500,GO:0030278,regulation of ossification,3.21E-07
0,1.97E-09,2,943,GO:0045785,positive regulation of cell adhesion,3.55E-07
0,2.54E-09,5,887,GO:0022407,regulation of cell-cell adhesion,4.49E-07
0,2.79E-09,3,270,GO:0035088;GO:0061245;GO:0045197,establishment or maintenance of bipolar cell polarity,4.84E-07
0,3.08E-09,2,314,GO:0045667,regulation of osteoblast differentiation,5.24E-07
0,3.63E-09,3,221,GO:0030168,platelet activation,6.07E-07
0,4.63E-09,2,1736,GO:0007507,heart development,7.60E-07
0,5.11E-09,2,1539,GO:0055114,oxidation-reduction process,8.23E-07
0,5.29E-09,4,59,GO:0007220,Notch receptor processing,8.38E-07
0,5.74E-09,2,607,GO:0002696;GO:0050867;GO:0051251,positive regulation of cell activation,8.93E-07
0,6.69E-09,2,2965,GO:0001934;GO:0031401;GO:0042327;GO:0045937;GO:0010562,positive regulation of protein modification process,1.02E-06
0,8.33E-09,4,2344,GO:0072359,circulatory system development,1.25E-06
0,8.58E-09,2,1830,GO:0030029;GO:0030036,actin filament-based process,1.27E-06
0,8.97E-09,3,537,GO:0007596;GO:0007599;GO:0050817,hemostasis,1.31E-06
0,1.07E-08,3,1445,GO:0032535,regulation of cellular component size,1.54E-06
0,1.16E-08,3,1949,GO:0090066,regulation of anatomical structure size,1.64E-06
0,1.28E-08,2,975,GO:0045087,innate immune response,1.75E-06
0,1.27E-08,6,1546,GO:0051493,regulation of cytoskeleton organization,1.75E-06
0,1.34E-08,2,2187,GO:0006952,defense response,1.81E-06
0,1.40E-08,2,2207,GO:0030855,epithelial cell differentiation,1.87E-06
0,1.69E-08,2,21,GO:0046642,negative regulation of alpha-beta T cell proliferation,2.22E-06
0,1.88E-08,2,852,GO:0010631;GO:0090130;GO:0090132,tissue migration,2.44E-06
0,2.08E-08,2,1397,GO:0010976;GO:0031346,positive regulation of cell projection organization,2.66E-06
0,2.19E-08,2,1454,GO:0002064,epithelial cell development,2.75E-06
0,2.32E-08,2,845,GO:0005975,carbohydrate metabolic process,2.88E-06
0,2.71E-08,2,169,GO:0045669,positive regulation of osteoblast differentiation,3.32E-06
0,3.04E-08,3,1122,GO:0043087;GO:0043547,regulation of GTPase activity,3.68E-06
0,3.13E-08,2,1815,GO:0043408,regulation of MAPK cascade,3.73E-06
0,3.27E-08,2,42,GO:0090386,phagosome maturation involved in apoptotic cell clearance,3.80E-06
0,3.24E-08,2,551,GO:1903034,regulation of response to wounding,3.80E-06
0,3.64E-08,4,24,GO:0048227,plasma membrane to endosome transport,4.17E-06
0,4.34E-08,2,450,GO:0001736;GO:0007164;GO:0001738,morphogenesis of a polarized epithelium,4.87E-06
0,4.34E-08,2,815,GO:0010506,regulation of autophagy,4.87E-06
0,4.69E-08,3,138,GO:0045176,apical protein localization,5.19E-06
0,4.86E-08,2,576,GO:0045807,positive regulation of endocytosis,5.32E-06
0,5.69E-08,3,2351,GO:0032101,regulation of response to external stimulus,6.07E-06
0,5.63E-08,2,652,GO:0032872;GO:0070302;GO:0046328,regulation of stress-activated protein kinase signaling cascade,6.07E-06
0,6.85E-08,2,211,GO:0048260,positive regulation of receptor-mediated endocytosis,7.24E-06
0,8.02E-08,3,1509,GO:0045860;GO:0033674;GO:0051347,positive regulation of transferase activity,8.37E-06
0,1.08E-07,2,289,GO:1903036,positive regulation of response to wounding,1.12E-05
0,1.14E-07,2,410,GO:0032874;GO:0070304;GO:0046330,positive regulation of stress-activated protein kinase signaling cascade,1.17E-05
0,1.19E-07,5,310,GO:0034341;GO:0071346,response to interferon-gamma,1.21E-05
0,1.24E-07,5,619,GO:0007162,negative regulation of cell adhesion,1.22E-05
0,1.23E-07,2,944,GO:1903706,regulation of hemopoiesis,1.22E-05
0,1.51E-07,2,1752,GO:0051345,positive regulation of hydrolase activity,1.48E-05
0,1.68E-07,2,255,GO:0045778,positive regulation of ossification,1.62E-05
0,2.18E-07,2,406,GO:0055088,lipid homeostasis,2.08E-05
0,2.57E-07,2,420,GO:1903708,positive regulation of hemopoiesis,2.44E-05
0,2.62E-07,3,546,GO:0016197,endosomal transport,2.45E-05
0,2.67E-07,2,666,GO:0010770,positive regulation of cell morphogenesis involved in differentiation,2.46E-05
0,2.66E-07,3,365,GO:0042335,cuticle development,2.46E-05
0,2.93E-07,2,1177,GO:0001568;GO:0001944;GO:0048514,vasculature development,2.66E-05
0,3.30E-07,3,491,GO:0007297;GO:0007298,ovarian follicle cell migration,2.97E-05
0,3.41E-07,3,267,GO:0002576,platelet degranulation,3.04E-05
0,3.52E-07,3,255,GO:0003158;GO:0045446,endothelium development,3.11E-05
0,3.91E-07,2,874,GO:0016331,morphogenesis of embryonic epithelium,3.42E-05
0,4.19E-07,2,75,GO:0060027,convergent extension involved in gastrulation,3.63E-05
0,4.50E-07,3,1543,GO:0035107;GO:0048736,appendage development,3.87E-05
0,4.66E-07,2,59,GO:0006695,cholesterol biosynthetic process,3.96E-05
0,4.86E-07,2,538,GO:0030010,establishment of cell polarity,4.09E-05
0,5.33E-07,4,508,GO:0030323;GO:0030324,respiratory tube development,4.45E-05
0,5.76E-07,2,2995,GO:0010975;GO:0120035;GO:0031344;GO:0045664,regulation of neuron differentiation,4.76E-05
0,5.87E-07,2,920,GO:0051090,regulation of DNA-binding transcription factor activity,4.82E-05
0,6.02E-07,3,474,GO:0006914;GO:0061919,autophagy,4.90E-05
0,6.26E-07,7,202,GO:0042632;GO:0055092,cholesterol homeostasis,5.04E-05
0,6.41E-07,2,218,GO:0003151,outflow tract morphogenesis,5.12E-05
0,6.74E-07,2,397,GO:0022408,negative regulation of cell-cell adhesion,5.33E-05
0,7.82E-07,3,70,GO:0055094;GO:0071402;GO:0071404,cellular response to lipoprotein particle stimulus,6.14E-05
0,8.30E-07,3,2261,GO:0045859;GO:0043549;GO:0051338,regulation of transferase activity,6.46E-05
0,8.43E-07,2,112,GO:0060026,convergent extension,6.51E-05
0,8.74E-07,2,2582,GO:0032880,regulation of protein localization,6.69E-05
0,9.02E-07,2,1809,GO:0006082;GO:0019752;GO:0043436,organic acid metabolic process,6.85E-05
0,9.37E-07,5,208,GO:0043277,apoptotic cell clearance,7.05E-05
0,9.45E-07,3,45,GO:0001845,phagolysosome assembly,7.05E-05
0,9.57E-07,3,1028,GO:0050878,regulation of body fluid levels,7.08E-05
0,9.63E-07,2,861,GO:0051056,regulation of small GTPase mediated signal transduction,7.08E-05
0,1.01E-06,4,336,GO:0016236,macroautophagy,7.37E-05
0,1.04E-06,5,28,GO:0003174;GO:0003183,mitral valve development,7.56E-05
0,1.13E-06,2,1091,GO:0001666;GO:0036293;GO:0070482,response to oxygen levels,8.13E-05
0,1.17E-06,2,337,GO:0006022;GO:0030203,aminoglycan metabolic process,8.34E-05
0,1.20E-06,4,1167,GO:0002065;GO:0002066;GO:0030707,columnar/cuboidal epithelial cell differentiation,8.39E-05
0,1.19E-06,2,694,GO:0045216,cell-cell junction organization,8.39E-05
0,1.37E-06,4,136,GO:0040003,chitin-based cuticle development,9.49E-05
0,1.37E-06,5,202,GO:0048679;GO:0070570,regulation of neuron projection regeneration,9.49E-05
0,1.41E-06,6,52,GO:1900426,positive regulation of defense response to bacterium,9.63E-05
0,1.51E-06,5,82,GO:0016126;GO:1902653,sterol biosynthetic process,0.000102564
0,1.58E-06,2,1275,GO:0009617,response to bacterium,0.000106055
0,1.58E-06,3,412,GO:0050921,positive regulation of chemotaxis,0.000106055
0,1.67E-06,2,2215,GO:0002165;GO:0007444;GO:0007560;GO:0048563;GO:0009886;GO:0007552;GO:0048569;GO:0048707,imaginal disc development,0.000110682
0,1.68E-06,2,540,GO:0006066,alcohol metabolic process,0.000110682
0,1.71E-06,4,156,GO:0045646,regulation of erythrocyte differentiation,0.000110682
0,1.71E-06,4,430,GO:0048546,digestive tract morphogenesis,0.000110682
0,1.69E-06,2,26,GO:0090387,phagolysosome assembly involved in apoptotic cell clearance,0.000110682
0,1.82E-06,3,1022,GO:0019221,cytokine-mediated signaling pathway,0.000116958
0,1.83E-06,4,1382,GO:0007472;GO:0007476;GO:0035114;GO:0035120;GO:0035220;GO:0048737,wing disc development,0.000117029
0,2.00E-06,3,216,GO:0042067,establishment of ommatidial planar polarity,0.000125969
0,2.02E-06,5,704,GO:0007424,open tracheal system development,0.000126217
0,2.07E-06,2,1146,GO:0008610,lipid biosynthetic process,0.000128296
0,2.29E-06,2,797,GO:0000165,MAPK cascade,0.000141063
0,2.32E-06,2,389,GO:0005996;GO:0019318,monosaccharide metabolic process,0.00014213
0,2.42E-06,8,185,GO:0045582;GO:0045621,positive regulation of lymphocyte differentiation,0.000147039
0,2.52E-06,3,105,GO:0045540;GO:0090181;GO:0106118,regulation of cholesterol metabolic process,0.000152245
0,2.71E-06,6,360,GO:0000187,activation of MAPK activity,0.000162774
0,2.78E-06,2,166,GO:0030193;GO:0050818;GO:1900046,regulation of coagulation,0.00016598
0,3.04E-06,4,1156,GO:0001817,regulation of cytokine production,0.000179561
0,3.05E-06,3,2493,GO:0048598,embryonic morphogenesis,0.000179561
0,3.14E-06,4,151,GO:0090162,establishment of epithelial cell polarity,0.000182395
0,3.14E-06,3,2158,GO:1901135,carbohydrate derivative metabolic process,0.000182395
0,3.35E-06,3,88,GO:0010559;GO:1903018,regulation of glycoprotein metabolic process,0.000192536
0,3.35E-06,3,54,GO:0090330;GO:0034111;GO:0090331,regulation of platelet aggregation,0.000192536
0,3.43E-06,2,551,GO:0061448,connective tissue development,0.000194472
0,3.41E-06,3,885,GO:0071375;GO:1901653,cellular response to peptide,0.000194472
0,3.58E-06,3,2665,GO:0040008,regulation of growth,0.000200403
0,3.56E-06,2,401,GO:0050870;GO:1903039,positive regulation of leukocyte cell-cell adhesion,0.000200403
0,3.74E-06,2,835,GO:0016050,vesicle organization,0.000208306
0,3.83E-06,3,656,GO:0051495;GO:1902905,positive regulation of cytoskeleton organization,0.000211905
0,4.02E-06,4,693,GO:0050920,regulation of chemotaxis,0.000220871
0,4.17E-06,3,477,GO:0008582;GO:1904396,regulation of neuromuscular junction development,0.000227936
0,4.24E-06,4,1294,GO:0043434;GO:1901652,response to peptide,0.000230212
0,4.97E-06,4,130,GO:0035017,cuticle pattern formation,0.000268444
0,5.04E-06,3,627,GO:0050863;GO:1903037,regulation of T cell activation,0.000270828
0,5.13E-06,2,205,GO:0060411,cardiac septum morphogenesis,0.000274065
0,5.88E-06,4,251,GO:0045773,positive regulation of axon extension,0.00031234
0,6.01E-06,4,2686,GO:0051050,positive regulation of transport,0.000317361
0,6.10E-06,3,552,GO:0045637,regulation of myeloid cell differentiation,0.000320418
0,6.27E-06,2,198,GO:0035316;GO:0035317,non-sensory hair organization,0.000326989
0,6.32E-06,2,410,GO:0016241,regulation of macroautophagy,0.000327944
0,6.59E-06,2,450,GO:0008202,steroid metabolic process,0.000340039
0,6.95E-06,2,143,GO:0035330,regulation of hippo signaling,0.000356865
0,7.01E-06,2,2535,GO:0009791,post-embryonic development,0.000357514
0,7.13E-06,7,147,GO:0030032;GO:0097581,lamellipodium organization,0.000361865
0,7.53E-06,2,80,GO:0051125,regulation of actin nucleation,0.000380224
0,7.92E-06,4,858,GO:0032147,activation of protein kinase activity,0.000397463
0,9.36E-06,3,172,GO:0030500;GO:0070167;GO:0110149,regulation of biomineral tissue development,0.000467389
0,9.60E-06,4,440,GO:0007043,cell-cell junction assembly,0.000475111
0,9.62E-06,3,225,GO:0032680;GO:1903555,regulation of tumor necrosis factor superfamily cytokine production,0.000475111
0,9.71E-06,4,250,GO:0019058,viral life cycle,0.000476098
0,9.74E-06,3,449,GO:0071559;GO:0071560,response to transforming growth factor beta,0.000476098
0,1.03E-05,3,263,GO:0030838,positive regulation of actin filament polymerization,0.000502849
0,1.05E-05,4,366,GO:0006665;GO:0006643,membrane lipid metabolic process,0.000505981
0,1.08E-05,2,18,GO:0045906,negative regulation of vasoconstriction,0.000519131
0,1.09E-05,-1,923,GO:0051186,obsolete cofactor metabolic process,0.000520656
0,1.09E-05,3,989,GO:1901615,organic hydroxy compound metabolic process,0.000520656
0,1.19E-05,2,742,GO:0002697,regulation of immune effector process,0.000564368
0,1.26E-05,2,38,GO:0001946;GO:0036303,lymph vessel morphogenesis,0.000589019
0,1.25E-05,2,294,GO:0048259,regulation of receptor-mediated endocytosis,0.000589019
0,1.30E-05,3,290,GO:0003279,cardiac septum development,0.000607231
0,1.34E-05,5,711,GO:0032868,response to insulin,0.000623332
0,1.45E-05,2,922,GO:0051963;GO:1901888,regulation of cell junction assembly,0.000668213
0,1.49E-05,2,382,GO:0031098,stress-activated protein kinase signaling cascade,0.00068499
0,1.54E-05,4,86,GO:0001737,establishment of imaginal disc-derived wing hair orientation,0.000702168
0,1.54E-05,3,2224,GO:0010720;GO:0051962,positive regulation of cell development,0.000702168
0,1.56E-05,3,270,GO:0007034;GO:0007041,vacuolar transport,0.000706696
0,1.59E-05,3,557,GO:1902105,regulation of leukocyte differentiation,0.0007168
0,1.65E-05,2,2156,GO:0008284,positive regulation of cell population proliferation,0.00073736
0,1.71E-05,4,526,GO:0032869,cellular response to insulin stimulus,0.000759027
0,1.70E-05,2,120,GO:1900424,regulation of defense response to bacterium,0.000759027
0,1.83E-05,2,911,GO:0071496,cellular response to external stimulus,0.000809325
0,1.89E-05,4,577,GO:0016055;GO:0198738,cell-cell signaling by wnt,0.000832114
0,1.94E-05,2,1135,GO:0044283,small molecule biosynthetic process,0.000847718
0,1.98E-05,5,113,GO:0032482,Rab protein signal transduction,0.0008602
0,2.00E-05,5,69,GO:0045577,regulation of B cell differentiation,0.000865507
0,2.04E-05,3,213,GO:0007266,Rho protein signal transduction,0.00087789
0,2.19E-05,4,824,GO:0062012,regulation of small molecule metabolic process,0.000939034
0,2.20E-05,2,2680,GO:0051336,regulation of hydrolase activity,0.000941836
0,2.25E-05,2,1238,GO:1901137,carbohydrate derivative biosynthetic process,0.000955614
0,2.27E-05,3,346,GO:0045580;GO:0045619,regulation of lymphocyte differentiation,0.000958883
0,2.29E-05,2,1597,GO:1902532,negative regulation of intracellular signal transduction,0.000964432
0,2.31E-05,5,73,GO:0010543,regulation of platelet activation,0.000970106
0,2.46E-05,6,210,GO:0043535,regulation of blood vessel endothelial cell migration,0.001024982
0,2.50E-05,2,114,GO:0048680;GO:0070572,positive regulation of neuron projection regeneration,0.001038766
0,2.59E-05,5,265,GO:0008203;GO:0016125;GO:1902652,sterol metabolic process,0.001070541
0,2.71E-05,2,365,GO:0050866,negative regulation of cell activation,0.00111558
0,2.75E-05,5,463,GO:0006898,receptor-mediated endocytosis,0.001127813
0,2.78E-05,2,405,GO:0110020;GO:0032231;GO:0051492,regulation of actomyosin structure organization,0.001133614
0,3.19E-05,5,578,GO:0032388,positive regulation of intracellular transport,0.001297214
0,3.27E-05,2,2549,GO:0009725,response to hormone,0.00132317
0,3.38E-05,2,2380,GO:1901701,cellular response to oxygen-containing compound,0.001362783
0,3.41E-05,2,1830,GO:0048638,regulation of developmental growth,0.001367311
0,3.45E-05,2,50,GO:0033197,response to vitamin E,0.001379643
0,3.52E-05,6,1308,GO:0010769,regulation of cell morphogenesis involved in differentiation,0.001400247
0,3.70E-05,4,2168,GO:0009894;GO:0031329,regulation of catabolic process,0.001465628
0,3.78E-05,2,714,GO:0044282,small molecule catabolic process,0.001490869
0,3.82E-05,2,64,GO:0034110,regulation of homotypic cell-cell adhesion,0.001498341
0,3.92E-05,8,47,GO:0034314,Arp2/3 complex-mediated actin nucleation,0.00153046
0,4.06E-05,2,673,GO:0007015,actin filament organization,0.001580895
0,4.08E-05,5,404,GO:2000377,regulation of reactive oxygen species metabolic process,0.001580941
0,4.12E-05,2,535,GO:0022409,positive regulation of cell-cell adhesion,0.0015896
0,4.18E-05,2,172,GO:0046165,alcohol biosynthetic process,0.001605917
0,4.25E-05,4,101,GO:0030859;GO:0035089;GO:0045198,establishment of apical/basal cell polarity,0.001611791
0,4.22E-05,2,128,GO:0032945;GO:0070664;GO:0042130;GO:0050672,negative regulation of leukocyte proliferation,0.001611791
0,4.26E-05,3,1229,GO:0051051,negative regulation of transport,0.001611791
0,4.26E-05,2,6,GO:0080058,protein deglutathionylation,0.001611791
0,4.29E-05,4,243,GO:1903510,mucopolysaccharide metabolic process,0.001615096
0,5.03E-05,4,121,GO:0006625;GO:0043574;GO:0072663;GO:0072662;GO:0007031,peroxisome organization,0.001887341
0,5.24E-05,3,65,GO:0001945,lymph vessel development,0.001947688
0,5.23E-05,3,296,GO:1902107,positive regulation of leukocyte differentiation,0.001947688
0,5.44E-05,5,305,GO:0007254;GO:0051403,stress-activated MAPK cascade,0.002005676
0,5.42E-05,5,1098,GO:0009896;GO:0031331,positive regulation of catabolic process,0.002005676
0,5.76E-05,5,207,GO:0006029;GO:0030166,proteoglycan metabolic process,0.002105957
0,5.78E-05,7,35,GO:0051126,negative regulation of actin nucleation,0.002105957
0,5.78E-05,2,35,GO:0055070,copper ion homeostasis,0.002105957
0,5.86E-05,2,837,GO:0003007,heart morphogenesis,0.002126289
0,5.91E-05,2,394,GO:0007391,dorsal closure,0.002134057
0,5.92E-05,-1,174,GO:0051193,obsolete regulation of cofactor metabolic process,0.002134057
0,6.10E-05,4,32,GO:0006825,copper ion transport,0.00218752
0,6.14E-05,4,885,GO:0002683,negative regulation of immune system process,0.002193652
0,6.22E-05,2,293,GO:0051489,regulation of filopodium assembly,0.002214125
0,6.31E-05,2,216,GO:0016052,carbohydrate catabolic process,0.002238815
0,6.79E-05,8,272,GO:0051092,positive regulation of NF-kappaB transcription factor activity,0.002397098
0,7.05E-05,3,107,GO:1903960,negative regulation of anion transmembrane transport,0.002481056
0,7.54E-05,4,92,GO:0031641,regulation of myelination,0.002642212
0,7.73E-05,2,286,GO:0007179,transforming growth factor beta receptor signaling pathway,0.002698442
0,7.88E-05,7,243,GO:0035567,non-canonical Wnt signaling pathway,0.002741384
0,7.99E-05,2,884,GO:0008544,epidermis development,0.00277033
0,8.31E-05,3,18,GO:0033540,fatty acid beta-oxidation using acyl-CoA oxidase,0.002870156
0,8.63E-05,2,715,GO:0031349,positive regulation of defense response,0.002968395
0,9.00E-05,2,1603,GO:0080135,regulation of cellular response to stress,0.003084657
0,9.20E-05,5,1771,GO:0008285,negative regulation of cell population proliferation,0.003109898
0,9.13E-05,2,89,GO:0033619,membrane protein proteolysis,0.003109898
0,9.21E-05,7,349,GO:0043433,negative regulation of DNA-binding transcription factor activity,0.003109898
0,9.21E-05,2,349,GO:0044262,cellular carbohydrate metabolic process,0.003109898
0,9.32E-05,2,148,GO:0035262,gonad morphogenesis,0.003135642
0,9.51E-05,2,13,GO:0002467,germinal center formation,0.003143334
0,9.51E-05,3,13,GO:0003150,muscular septum morphogenesis,0.003143334
0,9.42E-05,2,367,GO:0043122,regulation of I-kappaB kinase/NF-kappaB signaling,0.003143334
0,9.49E-05,5,768,GO:0050678,regulation of epithelial cell proliferation,0.003143334
0,9.51E-05,3,13,GO:0072160,nephron tubule epithelial cell differentiation,0.003143334
0,0.000100027,4,1674,GO:0048732,gland development,0.003293014
0,0.000103873,2,490,GO:0030178;GO:0090090,negative regulation of Wnt signaling pathway,0.003407407
0,0.000104742,6,610,GO:0120032;GO:0060491,regulation of cell projection assembly,0.003423675
0,0.000106309,5,27,GO:0090385,phagosome-lysosome fusion,0.003462589
0,0.000108204,3,917,GO:0098609,cell-cell adhesion,0.003511858
0,0.000110739,6,302,GO:0001841;GO:0001843;GO:0060606;GO:0014020,neural tube formation,0.003568904
0,0.000110589,3,364,GO:0002685,regulation of leukocyte migration,0.003568904
0,0.000114696,2,450,GO:0046890,regulation of lipid biosynthetic process,0.003659479
0,0.000114243,2,639,GO:0072659;GO:1990778,protein localization to cell periphery,0.003659479
0,0.000115572,3,1009,GO:0051222;GO:1904951,positive regulation of establishment of protein localization,0.003673112
0,0.000117165,2,233,GO:0006694,steroid biosynthetic process,0.003696524
0,0.000117516,4,1890,GO:0006915;GO:0012501;GO:0008219,cell death,0.003696524
0,0.000117308,2,719,GO:0045765;GO:1901342,regulation of vasculature development,0.003696524
0,0.00012046,-1,621,GO:0006732,obsolete coenzyme metabolic process,0.003776184
0,0.000126925,3,552,GO:0010632,regulation of epithelial cell migration,0.003951897
0,0.000126658,4,225,GO:0070542,response to fatty acid,0.003951897
0,0.00012767,4,68,GO:0000038,very long-chain fatty acid metabolic process,0.00396166
0,0.000129216,2,238,GO:0050851;GO:0050852,antigen receptor-mediated signaling pathway,0.00399611
0,0.000131042,2,299,GO:0050764;GO:0050766,regulation of phagocytosis,0.004039003
0,0.000132088,3,1977,GO:0061061,muscle structure development,0.004057626
0,0.000133569,3,150,GO:0060324,face development,0.004089424
0,0.000135773,2,179,GO:0045886;GO:1904397,negative regulation of neuromuscular junction development,0.004143111
0,0.000136991,2,47,GO:0032673;GO:0032753,regulation of interleukin-4 production,0.004166435
0,0.000140369,4,54,GO:0030194;GO:0050820;GO:1900048,positive regulation of coagulation,0.004255094
0,0.000141594,3,2213,GO:0033993,response to lipid,0.004264075
0,0.000141234,2,921,GO:0034329,cell junction assembly,0.004264075
0,0.000145209,3,192,GO:0051491,positive regulation of filopodium assembly,0.004358651
0,0.000147067,2,209,GO:0032675,regulation of interleukin-6 production,0.004400048
0,0.000151604,6,76,GO:0045822;GO:1903523,negative regulation of blood circulation,0.004521061
0,0.000153354,3,95,GO:2000369,regulation of clathrin-dependent endocytosis,0.004558438
0,0.00015712,2,1951,GO:0010942;GO:0043065;GO:0043068,positive regulation of cell death,0.004655309
0,0.000158363,3,44,GO:0032288,myelin assembly,0.004677053
0,0.000161213,2,2759,GO:0010243;GO:1901698,response to nitrogen compound,0.004717782
0,0.000161039,2,923,GO:0030111;GO:0060828,regulation of Wnt signaling pathway,0.004717782
0,0.000161283,6,390,GO:0032944;GO:0070663;GO:0050670,regulation of leukocyte proliferation,0.004717782
0,0.000162381,2,58,GO:0034381;GO:0034383,plasma lipoprotein particle clearance,0.004734816
0,0.000163692,2,214,GO:0002688;GO:0002690,regulation of leukocyte chemotaxis,0.004752054
0,0.000165866,2,1389,GO:0031347,regulation of defense response,0.004775793
0,0.000167821,3,135,GO:0008333,endosome to lysosome transport,0.004816993
0,0.000170107,5,123,GO:0035285;GO:0036011,appendage segmentation,0.004857446
0,0.000170288,2,574,GO:0043393,regulation of protein binding,0.004857446
0,0.000174667,2,189,GO:0072593,reactive oxygen species metabolic process,0.004966929
0,0.000176113,4,28,GO:0002934,desmosome organization,0.004980015
0,0.000176212,5,262,GO:0008286,insulin receptor signaling pathway,0.004980015
0,0.0001789,2,284,GO:0016051,carbohydrate biosynthetic process,0.00504049
0,0.000181029,6,25,GO:0006878,cellular copper ion homeostasis,0.005041482
0,0.000181029,6,25,GO:0035751,regulation of lysosomal lumen pH,0.005041482
0,0.0001818,2,41,GO:0036344;GO:0030220,platelet morphogenesis,0.005041482
0,0.000181029,3,25,GO:0039694,viral RNA genome replication,0.005041482
0,0.000182229,2,271,GO:0048771,tissue remodeling,0.005041482
0,0.000181358,2,219,GO:1901222,regulation of NIK/NF-kappaB signaling,0.005041482
0,0.000190877,5,267,GO:0002687,positive regulation of leukocyte migration,0.005264888
0,0.000193839,5,48,GO:0010544,negative regulation of platelet activation,0.00533057
0,0.000200354,4,9,GO:0003365;GO:0003371;GO:0003379;GO:0003380;GO:0048383,establishment of cell polarity involved in ameboidal cell migration,0.005476948
0,0.000200354,3,9,GO:0061043,regulation of vascular wound healing,0.005476948
0,0.000201109,5,604,GO:0051091,positive regulation of DNA-binding transcription factor activity,0.005481277
0,0.000203061,2,66,GO:0035329,hippo signaling,0.005497143
0,0.000203487,2,108,GO:0045648,positive regulation of erythrocyte differentiation,0.005497143
0,0.000206423,2,116,GO:0019320;GO:0046365,monosaccharide catabolic process,0.005508757
0,0.000205773,2,623,GO:0022612,gland morphogenesis,0.005508757
0,0.000206619,2,581,GO:0042742,defense response to bacterium,0.005508757
0,0.000205371,2,112,GO:0061162;GO:0061339,establishment or maintenance of monopolar cell polarity,0.005508757
0,0.000206916,2,38,GO:0090178;GO:0090179,regulation of establishment of planar polarity involved in neural tube closure,0.005508757
0,0.000207704,2,81,GO:0046636,negative regulation of alpha-beta T cell activation,0.005513766
0,0.000210677,2,233,GO:0001892,embryonic placenta development,0.005560546
0,0.000210072,2,186,GO:0046634,regulation of alpha-beta T cell activation,0.005560546
0,0.00021219,3,1640,GO:0045666;GO:0050769,positive regulation of neurogenesis,0.005584432
0,0.00021791,4,330,GO:0034332,adherens junction organization,0.00571858
0,0.000220366,2,348,GO:0035315,hair cell differentiation,0.005766562
0,0.00022484,2,657,GO:0006790,sulfur compound metabolic process,0.00586691
0,0.000227831,5,5,GO:0002519;GO:0032832;GO:0032834;GO:0043322;GO:0070239;GO:0070241;GO:2001190,negative regulation of natural killer cell degranulation,0.005928136
0,0.000229245,2,225,GO:0010324;GO:0099024,membrane invagination,0.0059313
0,0.000228728,3,52,GO:0048611;GO:0048613,embryonic ectodermal digestive tract development,0.0059313
0,0.000232664,2,353,GO:0061041,regulation of wound healing,0.006002866
0,0.000239684,3,403,GO:0050772,positive regulation of axonogenesis,0.006166654
0,0.000244193,2,63,GO:0035332,positive regulation of hippo signaling,0.006265117
0,0.000245093,2,349,GO:0120034,positive regulation of plasma membrane bounded cell projection assembly,0.006270683
0,0.000247192,4,129,GO:0060711,labyrinthine layer development,0.006306819
0,0.000250191,2,7,GO:0009644,response to high light intensity,0.006365664
0,0.000252618,6,183,GO:0030808;GO:1900371,regulation of nucleotide biosynthetic process,0.006391996
0,0.000251926,2,78,GO:0045010,actin nucleation,0.006391996
0,0.000258612,4,2620,GO:0048878,chemical homeostasis,0.006525691
0,0.000260214,3,252,GO:0000768;GO:0006949;GO:0140253;GO:0007520,syncytium formation,0.006548131
0,0.000261862,2,1590,GO:0071417;GO:1901699,cellular response to nitrogen compound,0.006571589
0,0.000264537,2,82,GO:0060674,placenta blood vessel development,0.006620624
0,0.000270382,4,49,GO:0006509,membrane protein ectodomain proteolysis,0.006748525
0,0.00027203,5,1081,GO:0032386,regulation of intracellular transport,0.006771267
0,0.000275954,3,608,GO:0034599;GO:0062197,cellular response to chemical stress,0.006850365
0,0.000287855,2,138,GO:0032760;GO:1903557,positive regulation of tumor necrosis factor production,0.007126547
0,0.000292367,2,534,GO:0018105;GO:0018209,peptidyl-serine modification,0.007180189
0,0.000291501,4,94,GO:0034109,homotypic cell-cell adhesion,0.007180189
0,0.000292004,5,297,GO:0043467,regulation of generation of precursor metabolites and energy,0.007180189
0,0.000299995,2,675,GO:0030307,positive regulation of cell growth,0.007331499
0,0.000300247,2,26,GO:0032494,response to peptidoglycan,0.007331499
0,0.000300923,3,539,GO:0045089;GO:0002833,positive regulation of response to biotic stimulus,0.007331499
0,0.000303881,4,106,GO:0030501;GO:0070169;GO:0110151,positive regulation of biomineralization,0.007362383
0,0.000304595,2,118,GO:0044088,regulation of vacuole organization,0.007362383
0,0.000303734,3,180,GO:1903391;GO:0051893;GO:0090109;GO:0150116,regulation of adherens junction organization,0.007362383
0,0.000308986,5,23,GO:0010988,regulation of low-density lipoprotein particle clearance,0.007448906
0,0.000312633,4,53,GO:0002230,positive regulation of defense response to virus by host,0.007497485
0,0.000312577,6,619,GO:0032271,regulation of protein polymerization,0.007497485
0,0.000322094,2,64,GO:0071634,regulation of transforming growth factor beta production,0.007704248
0,0.000327925,2,147,GO:0032456,endocytic recycling,0.007823357
0,0.000330485,3,307,GO:0010508,positive regulation of autophagy,0.007864002
0,0.000331941,2,443,GO:0001889;GO:0061008,hepaticobiliary system development,0.007878244
0,0.00033462,2,949,GO:0045088;GO:0002831,regulation of response to biotic stimulus,0.007921354
0,0.00033564,3,686,GO:0031668;GO:0031669,cellular response to extracellular stimulus,0.007925081
0,0.000340732,3,215,GO:0007009,plasma membrane organization,0.008024664
0,0.00034161,2,639,GO:0001763;GO:0048754;GO:0061138,morphogenesis of a branching structure,0.008024777
0,0.000346968,6,36,GO:0033008;GO:0043306,positive regulation of mast cell degranulation,0.008129847
0,0.000350128,2,272,GO:0043123,positive regulation of I-kappaB kinase/NF-kappaB signaling,0.008183016
0,0.000354762,3,131,GO:0038095,Fc-epsilon receptor signaling pathway,0.008270285
0,0.000356484,2,12,GO:0099532;GO:0016189,synaptic vesicle endosomal processing,0.008289389
0,0.000359965,5,127,GO:0000271;GO:0033692;GO:0034637,cellular carbohydrate biosynthetic process,0.008349185
0,0.000366419,4,1213,GO:0001501,skeletal system development,0.008477468
0,0.000367827,3,119,GO:0097006,regulation of plasma lipoprotein particle levels,0.00848866
0,0.000370696,3,72,GO:0033006;GO:0043304,regulation of mast cell degranulation,0.00849089
0,0.000370243,4,115,GO:1902669,positive regulation of axon guidance,0.00849089
0,0.000380271,2,740,GO:0032102,negative regulation of response to external stimulus,0.008688528
0,0.000383206,5,514,GO:0010810,regulation of cell-substrate adhesion,0.008733863
0,0.000388541,2,229,GO:0006023;GO:0006024,aminoglycan biosynthetic process,0.008833535
0,0.000392712,3,33,GO:0010984,regulation of lipoprotein particle clearance,0.008862562
0,0.000392712,4,33,GO:0034058,endosomal vesicle fusion,0.008862562
0,0.000392712,2,33,GO:0097720;GO:0033173,calcineurin-mediated signaling,0.008862562
0,0.000397571,4,1411,GO:0001558,regulation of cell growth,0.00895022
0,0.000399409,2,482,GO:0051896,regulation of protein kinase B signaling,0.008969602
0,0.000405914,2,140,GO:0006672,ceramide metabolic process,0.009071342
0,0.000405033,2,291,GO:0042129,regulation of T cell proliferation,0.009071342
0,0.000408105,2,182,GO:0032233;GO:0051496,positive regulation of actin filament bundle assembly,0.009093306
0,0.000408877,2,2400,GO:0044070,regulation of anion transport,0.009093306
0,0.000421019,5,65,GO:0045071,negative regulation of viral genome replication,0.00934072
0,0.000423763,2,1045,GO:0010256,endomembrane system organization,0.009378948
0,0.000438353,2,30,GO:0006004,fucose metabolic process,0.009677383
0,0.000440408,4,92,GO:0032720;GO:1903556,negative regulation of tumor necrosis factor superfamily cytokine production,0.009677383
0,0.000440001,2,1606,GO:0032870,cellular response to hormone stimulus,0.009677383
0,0.000441486,3,230,GO:0006900,vesicle budding from membrane,0.00967792
0,0.000446565,3,252,GO:0048661,positive regulation of smooth muscle cell proliferation,0.009742746
0,0.000446565,2,252,GO:0060070,canonical Wnt signaling pathway,0.009742746
0,0.000449703,6,69,GO:0008363;GO:0042337;GO:0035293,larval chitin-based cuticle development,0.009764836
0,0.000449009,2,405,GO:0051216,cartilage development,0.009764836
0,0.000456197,2,901,GO:0032787,monocarboxylic acid metabolic process,0.009882483
0,0.000462328,2,681,GO:0042594,response to starvation,0.009954797
0,0.000462787,2,15,GO:0090389,phagosome-lysosome fusion involved in apoptotic cell clearance,0.009954797
0,0.000461371,2,387,GO:0097237,cellular response to toxic substance,0.009954797
0,0.000464389,6,213,GO:0090175,regulation of establishment of planar polarity,0.009965919
0,0.000480331,4,27,GO:2000292,regulation of defecation,0.010284018
0,0.000495352,2,77,GO:0006007;GO:0006735;GO:0061615;GO:0061620;GO:0061621;GO:0061718,glucose catabolic process,0.010556399
0,0.000494731,2,2103,GO:0019637,organophosphate metabolic process,0.010556399
0,0.000502451,4,158,GO:0019395;GO:0034440,lipid oxidation,0.010658219
0,0.000501949,2,356,GO:0030865;GO:0030866,cortical cytoskeleton organization,0.010658219
0,0.000505935,2,37,GO:0034315,regulation of Arp2/3 complex-mediated actin nucleation,0.010682788
0,0.000505935,3,37,GO:0045579,positive regulation of B cell differentiation,0.010682788
0,0.000512572,2,129,GO:0016318,ommatidial rotation,0.010789174
0,0.000513323,2,262,GO:0060349,bone morphogenesis,0.010789174
0,0.000516411,2,18,GO:0036109,alpha-linolenic acid metabolic process,0.010804633
0,0.000516411,6,18,GO:0044860,protein localization to plasma membrane raft,0.010804633
0,0.000531856,2,518,GO:0035148,tube formation,0.011102496
0,0.000537652,2,325,GO:0010634,positive regulation of epithelial cell migration,0.011172698
0,0.000536485,4,89,GO:0035331,negative regulation of hippo signaling,0.011172698
0,0.000543763,2,93,GO:0007257,activation of JUN kinase activity,0.011274176
0,0.00054746,2,109,GO:0016476,regulation of embryonic cell shape,0.011290614
0,0.000548243,5,97,GO:0033003,regulation of mast cell activation,0.011290614
0,0.000547881,2,1255,GO:0048639;GO:0045927,positive regulation of growth,0.011290614
0,0.000550446,3,421,GO:0009267,cellular response to starvation,0.011310617
0,0.000559419,3,10,GO:0033299,secretion of lysosomal enzymes,0.011418363
0,0.000559419,3,10,GO:0043321,regulation of natural killer cell degranulation,0.011418363
0,0.000559419,6,10,GO:1904702;GO:0150106;GO:1904703;GO:0150119,regulation of protein localization to adherens junction,0.011418363
0,0.00056319,4,1133,GO:0002791;GO:0050708,regulation of peptide secretion,0.011467598
0,0.000566155,2,163,GO:0031670,cellular response to nutrient,0.011479331
0,0.000583927,4,454,GO:0060348,bone development,0.011813581
0,0.000585769,5,939,GO:0019216,regulation of lipid metabolic process,0.0118248
0,0.00060552,2,155,GO:0031102,neuron projection regeneration,0.012177453
0,0.00060589,2,1027,GO:0035282,segmentation,0.012177453
0,0.000608541,4,130,GO:0060333,interferon-gamma-mediated signaling pathway,0.012204042
0,0.000616433,3,41,GO:0001977;GO:0003093,renal system process involved in regulation of blood volume,0.012286321
0,0.000614616,2,268,GO:0007525,somatic muscle development,0.012286321
0,0.000616657,2,349,GO:0051897,positive regulation of protein kinase B signaling,0.012286321
0,0.000631474,2,619,GO:0001700,embryonic development via the syncytial blastoderm,0.012554297
0,0.000633263,2,122,GO:0044409;GO:0052126,movement in host environment,0.012562679
0,0.000660184,2,801,GO:0006091,generation of precursor metabolites and energy,0.013068521
0,0.000670966,3,391,GO:0002699,positive regulation of immune effector process,0.013253375
0,0.000680096,2,350,GO:0071236,cellular response to antibiotic,0.013404893
0,0.000693947,2,278,GO:0016525;GO:2000181;GO:1901343,negative regulation of vasculature development,0.013648614
0,0.000695918,-1,323,GO:0006733;GO:0019362;GO:0072524;GO:0046496,obsolete oxidoreduction coenzyme metabolic process,0.01365813
0,0.000729504,4,659,GO:0006954,inflammatory response,0.014286769
0,0.000733341,2,415,GO:0006109,regulation of carbohydrate metabolic process,0.014331347
0,0.000743987,6,28,GO:1902683,regulation of receptor localization to synapse,0.01450854
0,0.000760992,2,579,GO:0008593,regulation of Notch signaling pathway,0.014808703
0,0.000771901,2,448,GO:0051224;GO:1904950,negative regulation of establishment of protein localization,0.014989239
0,0.000774638,3,13,GO:0060696,regulation of phospholipid catabolic process,0.015010648
0,0.000787468,2,191,GO:0002221;GO:0002224,pattern recognition receptor signaling pathway,0.015227148
0,0.000793582,3,111,GO:0050931,pigment cell differentiation,0.015281026
0,0.000802381,5,140,GO:0006826,iron ion transport,0.015418131
0,0.000808064,2,713,GO:0009100;GO:0009101,glycoprotein metabolic process,0.015494915
0,0.000814899,3,99,GO:0034405,response to fluid shear stress,0.015593434
0,0.00082234,2,187,GO:0002011,morphogenesis of an epithelial sheet,0.015648063
0,0.000820746,4,547,GO:0009913,epidermal cell differentiation,0.015648063
0,0.000822865,3,1150,GO:0090407,organophosphate biosynthetic process,0.015648063
0,0.000841207,5,8,GO:1901423,response to benzene,0.015898121
0,0.000841207,7,8,GO:2000286,receptor internalization involved in canonical Wnt signaling pathway,0.015898121
0,0.000841207,2,8,GO:2000670,positive regulation of dendritic cell apoptotic process,0.015898121
0,0.000845566,2,170,GO:0032088,negative regulation of NF-kappaB transcription factor activity,0.015947691
0,0.000858376,2,183,GO:0006901;GO:0048194;GO:0048199;GO:0048207;GO:0048208;GO:0090114,Golgi vesicle budding,0.016156113
0,0.000877838,3,912,GO:1903792;GO:0043271,negative regulation of ion transport,0.016488628
0,0.000882407,2,16,GO:0010985;GO:0010989,negative regulation of lipoprotein particle clearance,0.01654062
0,0.000893372,4,124,GO:0060412,ventricular septum morphogenesis,0.016712061
0,0.00089775,4,321,GO:0002218;GO:0002758,activation of innate immune response,0.016755689
0,0.000899353,2,192,GO:0048566,embryonic digestive tract development,0.016755689
0,0.000907971,6,19,GO:0060753;GO:0060754,regulation of mast cell chemotaxis,0.016847909
0,0.000907971,3,19,GO:1902965;GO:1902966;GO:1905668,regulation of protein localization to early endosome,0.016847909
0,0.000922933,3,1020,GO:0006644;GO:0006650;GO:0046486,glycerolipid metabolic process,0.017056617
0,0.000921532,5,214,GO:0048013,ephrin receptor signaling pathway,0.017056617
0,0.000927077,3,72,GO:0016348,imaginal disc-derived leg joint morphogenesis,0.017098807
0,0.000932601,2,116,GO:0060438,trachea development,0.017166204
0,0.000949774,2,158,GO:0019915,lipid storage,0.017447342
0,0.000965714,2,232,GO:0060840,artery development,0.017704749
0,0.000972188,4,80,GO:0003148,outflow tract septum morphogenesis,0.017787947
0,0.000999498,2,313,GO:0010811,positive regulation of cell-substrate adhesion,0.01825127
0,0.001062188,2,202,GO:0009132;GO:0009135;GO:0009179;GO:0009185,nucleoside diphosphate metabolic process,0.019357529
0,0.001064665,2,655,GO:0016049;GO:0048588,cell growth,0.019364245
0,0.001070438,4,833,GO:0090287,regulation of cellular response to growth factor stimulus,0.019430785
0,0.001074514,2,438,GO:0061025,membrane fusion,0.019466289
0,0.001082605,2,121,GO:0051353,positive regulation of oxidoreductase activity,0.019574258
0,0.00108875,2,65,GO:1900027,regulation of ruffle assembly,0.019646694
0,0.001112492,4,251,GO:0006006,glucose metabolic process,0.020035667
0,0.001114668,2,1097,GO:0051301,cell division,0.020035667
0,0.001129278,3,1240,GO:0043900,regulation of multi-organism process,0.020258631
0,0.001132052,3,113,GO:0030011,maintenance of cell polarity,0.020268815
0,0.001136138,5,360,GO:0010594,regulation of endothelial cell migration,0.02030239
0,0.001147229,2,704,GO:0001819,positive regulation of cytokine production,0.020460779
0,0.001154225,5,6,GO:0033489;GO:0033490,cholesterol biosynthetic process via desmosterol,0.020505906
0,0.001154225,2,6,GO:1902731,negative regulation of chondrocyte proliferation,0.020505906
0,0.001167404,3,453,GO:0003205,cardiac chamber development,0.020700016
0,0.001172856,3,105,GO:0002784;GO:0002759,regulation of antimicrobial humoral response,0.020756615
0,0.001186374,2,77,GO:0072512;GO:0033572,trivalent inorganic cation transport,0.02095548
0,0.001188884,3,101,GO:0009066,aspartate family amino acid metabolic process,0.020959494
0,0.001204876,2,324,GO:1901136,carbohydrate derivative catabolic process,0.021200745
0,0.001209482,4,93,GO:0044319;GO:0090504;GO:0090505,epiboly,0.021241094
0,0.001226196,2,177,GO:0090303,positive regulation of wound healing,0.021493533
0,0.00124491,2,643,GO:0050727,regulation of inflammatory response,0.021780004
0,0.001265019,5,26,GO:0032823,regulation of natural killer cell differentiation,0.021923022
0,0.001261133,3,58,GO:0046640,regulation of alpha-beta T cell proliferation,0.021923022
0,0.001264653,5,375,GO:0048660,regulation of smooth muscle cell proliferation,0.021923022
0,0.001261133,3,58,GO:0060716,labyrinthine layer blood vessel development,0.021923022
0,0.001265019,5,26,GO:2000644,regulation of receptor catabolic process,0.021923022
0,0.001281043,2,173,GO:0002168,instar larval development,0.022158913
0,0.001289549,3,992,GO:0001101,response to acid chemical,0.022180723
0,0.001289457,2,11,GO:0038145,macrophage colony-stimulating factor signaling pathway,0.022180723
0,0.001289457,2,11,GO:2001198;GO:2001200,regulation of dendritic cell differentiation,0.022180723
0,0.001300306,2,658,GO:0048705,skeletal system morphogenesis,0.022282301
0,0.001300262,3,880,GO:0050770,regulation of axonogenesis,0.022282301
0,0.001312168,3,47,GO:0001909,leukocyte mediated cytotoxicity,0.022360416
0,0.001307994,2,334,GO:0090174;GO:0048284;GO:0006906,organelle fusion,0.022360416
0,0.001312061,3,118,GO:1903533,regulation of protein targeting,0.022360416
0,0.001318106,8,156,GO:0046637;GO:0046638;GO:0046635,regulation of alpha-beta T cell differentiation,0.022420011
0,0.001321637,4,139,GO:0006110;GO:0030811;GO:0051196,obsolete regulation of coenzyme metabolic process,0.02243852
0,0.001352417,2,568,GO:0045732,positive regulation of protein catabolic process,0.022876517
0,0.001357353,3,1155,GO:0042692;GO:0051146,muscle cell differentiation,0.022876995
0,0.001357426,3,307,GO:0051964;GO:1901889;GO:1905809,negative regulation of cell junction assembly,0.022876995
0,0.001366676,2,235,GO:0045639,positive regulation of myeloid cell differentiation,0.022990686
0,0.00137442,3,110,GO:0006096;GO:0006757;GO:0046031;GO:0042866,ADP metabolic process,0.023078702
0,0.001379108,3,244,GO:0051701,biological process involved in interaction with host,0.023115161
0,0.001402712,2,23,GO:0010761,fibroblast migration,0.023298204
0,0.001402712,2,23,GO:0046479;GO:0019377,glycolipid catabolic process,0.023298204
0,0.001401948,2,40,GO:0061298,retina vasculature development in camera-type eye,0.023298204
0,0.001402712,2,23,GO:0097062,dendritic spine maintenance,0.023298204
0,0.001402712,3,23,GO:2000668,regulation of dendritic cell apoptotic process,0.023298204
0,0.001426424,2,102,GO:0030204;GO:0050654,chondroitin sulfate proteoglycan metabolic process,0.023649288
0,0.001436554,3,335,GO:0060326,cell chemotaxis,0.023774322
0,0.001454702,6,187,GO:0019229,regulation of vasoconstriction,0.024031357
0,0.001461736,2,1285,GO:0071407,cellular response to organic cyclic compound,0.024104204
0,0.00147687,4,574,GO:0009743,response to carbohydrate,0.024307689
0,0.001479368,2,86,GO:0061028,establishment of endothelial barrier,0.024307689
0,0.001513048,6,20,GO:0003347,epicardial cell to mesenchymal cell transition,0.024553615
0,0.001508064,2,377,GO:0030856,regulation of epithelial cell differentiation,0.024553615
0,0.001513048,7,20,GO:0032287,peripheral nervous system myelin maintenance,0.024553615
0,0.00151147,2,14,GO:0035434,copper ion transmembrane transport,0.024553615
0,0.001513048,3,20,GO:0072526,pyridine-containing compound catabolic process,0.024553615
0,0.00151147,2,14,GO:0086073,bundle of His cell-Purkinje myocyte adhesion involved in cell communication,0.024553615
0,0.001513048,2,20,GO:0090045,positive regulation of deacetylase activity,0.024553615
0,0.001518423,2,157,GO:1901224,positive regulation of NIK/NF-kappaB signaling,0.02459738
0,0.001531352,3,170,GO:0060350,endochondral bone morphogenesis,0.024763154
0,0.001544544,2,608,GO:0001525,angiogenesis,0.024932583
0,0.001564958,11,17,GO:0007042,lysosomal lumen acidification,0.025129616
0,0.001564958,4,17,GO:0010746;GO:0140212;GO:0010748;GO:0140213,regulation of long-chain fatty acid import across plasma membrane,0.025129616
0,0.001564958,3,17,GO:0070358,actin polymerization-dependent cell motility,0.025129616
0,0.001590327,3,115,GO:1900181,negative regulation of protein localization to nucleus,0.025492415
0,0.001593205,2,136,GO:0032008,positive regulation of TOR signaling,0.025494053
0,0.001614574,4,1661,GO:0044057,regulation of system process,0.025791058
0,0.001639973,7,30,GO:0045647,negative regulation of erythrocyte differentiation,0.026105982
0,0.001639973,6,30,GO:1903019;GO:0010561,negative regulation of glycoprotein metabolic process,0.026105982
0,0.001671202,2,37,GO:0043217,myelin maintenance,0.026557073
0,0.001676054,3,710,GO:0002237;GO:0032496,response to molecule of bacterial origin,0.026588177
0,0.00168691,3,662,GO:0002793;GO:0050714,positive regulation of peptide secretion,0.026714258
0,0.001717307,5,246,GO:0031532,actin cytoskeleton reorganization,0.027148819
0,0.001735324,5,99,GO:0048008,platelet-derived growth factor receptor signaling pathway,0.027386513
0,0.001749112,2,171,GO:0071675,regulation of mononuclear cell migration,0.027556758
0,0.00176203,2,95,GO:2000107,negative regulation of leukocyte apoptotic process,0.027712757
0,0.001769594,4,71,GO:0043537,negative regulation of blood vessel endothelial cell migration,0.027784141
0,0.001792489,2,75,GO:0098868;GO:0003416;GO:0003417,bone growth,0.028095586
0,0.001798107,2,87,GO:0032655,regulation of interleukin-12 production,0.028131343
0,0.001803959,2,79,GO:0051452;GO:0045851,pH reduction,0.028131343
0,0.001803959,2,79,GO:0097352,autophagosome maturation,0.028131343
0,0.001813966,3,310,GO:0002695;GO:0051250,negative regulation of leukocyte activation,0.028239459
0,0.001847358,3,384,GO:0001890,placenta development,0.028710635
0,0.001866978,2,52,GO:0033005,positive regulation of mast cell activation,0.028936773
0,0.00186821,2,1760,GO:0034330,cell junction organization,0.028936773
0,0.00189277,-1,27,GO:1900402,obsolete regulation of carbohydrate metabolic process by regulation of transcription from RNA polymerase II promoter,0.029267825
0,0.001912294,4,247,GO:1903578;GO:0006140;GO:1900542,regulation of nucleotide metabolic process,0.029520031
0,0.001938188,2,483,GO:0001818,negative regulation of cytokine production,0.029774607
0,0.00193851,3,366,GO:0032273,positive regulation of protein polymerization,0.029774607
0,0.001933763,3,450,GO:0050679,positive regulation of epithelial cell proliferation,0.029774607
0,0.001963844,2,185,GO:0046662,regulation of oviposition,0.03011336
0,0.00197287,5,56,GO:0033688,regulation of osteoblast proliferation,0.030201355
0,0.00198482,2,34,GO:0043032,positive regulation of macrophage activation,0.030333733
0,0.001993966,-1,441,GO:0009108;GO:0051188,obsolete cofactor biosynthetic process,0.030422894
0,0.001999325,2,225,GO:0002028,regulation of sodium ion transport,0.030454062
0,0.002015789,2,252,GO:0050810;GO:0019218,regulation of steroid metabolic process,0.030654014
0,0.002023796,2,460,GO:0006164;GO:0072522;GO:0009152;GO:0009260;GO:0046390,ribose phosphate biosynthetic process,0.030674198
0,0.002023796,5,460,GO:0006470,protein dephosphorylation,0.030674198
0,0.002058851,6,859,GO:0030336;GO:2000146;GO:0040013;GO:0051271,negative regulation of locomotion,0.031102872
0,0.002056391,2,1387,GO:0070848;GO:0071363,response to growth factor,0.031102872
0,0.002064703,4,1828,GO:0051223;GO:0070201;GO:0090087,regulation of peptide transport,0.031140066
0,0.00207285,1,1813,GO:0040007;GO:0048589,growth,0.031211684
0,0.002086215,5,830,GO:2000027,regulation of animal organ morphogenesis,0.031361514
0,0.002089761,2,155,GO:0043470,regulation of carbohydrate catabolic process,0.031363481
0,0.00210612,4,221,GO:0050868;GO:1903038,negative regulation of leukocyte cell-cell adhesion,0.03150604
0,0.002117249,5,423,GO:0034612;GO:0071356,response to tumor necrosis factor,0.031595771
0,0.002122912,2,9,GO:0014022;GO:0022007,neural plate elongation,0.031602838
0,0.002143297,2,138,GO:0032330,regulation of chondrocyte differentiation,0.03182289
0,0.002144624,3,589,GO:0046578,regulation of Ras protein signal transduction,0.03182289
0,0.00215541,3,24,GO:0060534,trachea cartilage development,0.031931363
0,0.002161677,2,177,GO:0035019,somatic stem cell population maintenance,0.031972623
0,0.002182116,3,151,GO:0060099;GO:1905153;GO:0060100;GO:1905155,regulation of membrane invagination,0.032223048
0,0.002203983,6,76,GO:1903354;GO:1903356,regulation of distal tip cell migration,0.032493711
0,0.002310396,2,331,GO:1903828,negative regulation of cellular protein localization,0.034007988
0,0.002334181,4,182,GO:0046916,cellular transition metal ion homeostasis,0.034255044
0,0.002339598,4,514,GO:0050900,leukocyte migration,0.034255044
0,0.002345827,2,31,GO:0051386,regulation of neurotrophin TRK receptor signaling pathway,0.034255044
0,0.002345827,3,31,GO:0055089,fatty acid homeostasis,0.034255044
0,0.002345827,6,31,GO:1905523;GO:0010759,positive regulation of macrophage migration,0.034255044
0,0.002368784,3,373,GO:0031589,cell-substrate adhesion,0.034535363
0,0.002376784,2,169,GO:0007029,endoplasmic reticulum organization,0.034597088
0,0.0024078,5,21,GO:0002228;GO:0042267,natural killer cell mediated cytotoxicity,0.034664016
0,0.0024078,2,21,GO:0002577,regulation of antigen processing and presentation,0.034664016
0,0.0024078,3,21,GO:0003056,regulation of vascular associated smooth muscle contraction,0.034664016
0,0.0024078,2,21,GO:0033539,fatty acid beta-oxidation using acyl-CoA dehydrogenase,0.034664016
0,0.002407204,5,53,GO:0043302,positive regulation of leukocyte degranulation,0.034664016
0,0.0024078,4,21,GO:0043485;GO:0048757;GO:0035646,endosome to pigment granule transport,0.034664016
0,0.0024078,2,21,GO:0086042,cardiac muscle cell-cardiac muscle cell adhesion,0.034664016
0,0.002482287,2,295,GO:0001952,regulation of cell-matrix adhesion,0.035555545
0,0.00248163,5,218,GO:0002832,negative regulation of response to biotic stimulus,0.035555545
0,0.002477643,3,425,GO:0044242;GO:0016042,lipid catabolic process,0.035555545
0,0.002488226,3,702,GO:0060560,developmental growth involved in morphogenesis,0.035555545
0,0.002489082,2,122,GO:2001169,regulation of ATP biosynthetic process,0.035555545
0,0.002556262,4,501,GO:0002790;GO:0009306;GO:0035592;GO:0071692,peptide secretion,0.036415215
0,0.002557193,2,196,GO:0051341,regulation of oxidoreductase activity,0.036415215
0,0.002577867,2,135,GO:0033059,cellular pigmentation,0.036565564
0,0.002591465,2,61,GO:0097320,plasma membrane tubulation,0.036565564
0,0.002591706,2,205,GO:1900182,positive regulation of protein localization to nucleus,0.036565564
0,0.002595618,4,12,GO:1901727,positive regulation of histone deacetylase activity,0.036565564
0,0.002595618,3,12,GO:1903276;GO:1903278,regulation of sodium ion export across plasma membrane,0.036565564
0,0.002576734,2,118,GO:1903901,negative regulation of viral life cycle,0.036565564
0,0.002595618,4,12,GO:2000383;GO:2000384,regulation of ectoderm development,0.036565564
0,0.002618651,5,250,GO:0001657;GO:0072164;GO:0072163;GO:0001823,mesonephros development,0.036570492
0,0.002616021,2,421,GO:0001838;GO:0072175,epithelial tube formation,0.036570492
0,0.002613505,3,18,GO:0038033;GO:0038089,positive regulation of cell migration by vascular endothelial growth factor signaling pathway,0.036570492
0,0.002613505,2,18,GO:0042984;GO:0042985,regulation of amyloid precursor protein biosynthetic process,0.036570492
0,0.002619857,3,1789,GO:0043009,chordate embryonic development,0.036570492
0,0.00261533,6,89,GO:0046718,viral entry into host cell,0.036570492
0,0.002628669,4,223,GO:0033138,positive regulation of peptidyl-serine phosphorylation,0.036637827
0,0.002663885,2,114,GO:0051898,negative regulation of protein kinase B signaling,0.037072398
0,0.00267951,2,69,GO:0007439;GO:0048567,ectodermal digestive tract development,0.037162804
0,0.002682519,6,131,GO:0043536,positive regulation of blood vessel endothelial cell migration,0.037162804
0,0.00267951,6,69,GO:0048753,pigment granule organization,0.037162804
0,0.002693218,2,77,GO:0030903,notochord development,0.037254825
0,0.002709966,4,15,GO:0009133,nucleoside diphosphate biosynthetic process,0.037317892
0,0.002709966,2,15,GO:0044828,negative regulation by host of viral genome replication,0.037317892
0,0.002709966,3,15,GO:0061945;GO:1902524,regulation of protein K48-linked ubiquitination,0.037317892
0,0.002722956,2,264,GO:0055076,transition metal ion homeostasis,0.03744065
0,0.002730978,3,144,GO:0007249,I-kappaB kinase/NF-kappaB signaling,0.037472316
0,0.002733419,2,157,GO:0014911,positive regulation of smooth muscle cell migration,0.037472316
0,0.002745455,3,35,GO:0019682,glyceraldehyde-3-phosphate metabolic process,0.037525305
0,0.002745455,4,35,GO:1903214,regulation of protein targeting to mitochondrion,0.037525305
0,0.002754356,3,28,GO:0060029,convergent extension involved in organogenesis,0.037591029
0,0.002765172,4,46,GO:0046835,carbohydrate phosphorylation,0.037682644
0,0.002774789,2,237,GO:0009166;GO:1901292,nucleoside phosphate catabolic process,0.037757684
0,0.002875633,2,260,GO:0032092,positive regulation of protein binding,0.039014312
0,0.002873607,2,197,GO:0061035,regulation of cartilage development,0.039014312
0,0.002896721,5,123,GO:0071867;GO:0071868;GO:0071869;GO:0071870,response to monoamine,0.039242456
0,0.002916591,2,413,GO:0031348,negative regulation of defense response,0.03945344
0,0.002926858,2,283,GO:0034614,cellular response to reactive oxygen species,0.039534102
0,0.002931469,2,565,GO:0046777,protein autophosphorylation,0.039538244
0,0.002977156,2,184,GO:0003281,ventricular septum development,0.040095572
0,0.003048662,6,754,GO:0008016;GO:1903522,regulation of blood circulation,0.040998476
0,0.003066944,2,886,GO:0048565;GO:0055123,digestive system development,0.041184038
0,0.003079724,3,325,GO:0007219,Notch signaling pathway,0.041295279
0,0.003116479,2,2489,GO:0043066;GO:0043069;GO:0060548,negative regulation of cell death,0.041727201
0,0.003136095,2,270,GO:0043112,receptor metabolic process,0.041928725
0,0.003148581,2,316,GO:1902667,regulation of axon guidance,0.042034474
0,0.00317998,3,330,GO:0046434,organophosphate catabolic process,0.04239204
0,0.003189595,3,528,GO:0006631,fatty acid metabolic process,0.042397145
0,0.003186667,2,433,GO:0009615,response to virus,0.042397145
0,0.003204866,5,25,GO:0036089,cleavage furrow formation,0.04251108
0,0.003207423,2,252,GO:0090630,activation of GTPase activity,0.04251108
0,0.003239207,2,62,GO:0003071,renal system process involved in regulation of systemic arterial blood pressure,0.042747295
0,0.003239207,2,62,GO:0006739,NADP metabolic process,0.042747295
0,0.003235884,4,82,GO:0034340;GO:0060337;GO:0071357,response to type I interferon,0.042747295
0,0.003293171,2,424,GO:0010950;GO:0010952,positive regulation of peptidase activity,0.043065138
0,0.003292396,3,74,GO:0032331;GO:0061037,negative regulation of cartilage development,0.043065138
0,0.003274119,2,141,GO:0032651;GO:0032652,regulation of interleukin-1 production,0.043065138
0,0.003296112,2,70,GO:0036119;GO:0036120,response to platelet-derived growth factor,0.043065138
0,0.003274119,2,141,GO:0048557,embryonic digestive tract morphogenesis,0.043065138
0,0.003282518,2,32,GO:0060947,cardiac vascular smooth muscle cell differentiation,0.043065138
0,0.003292396,2,74,GO:1901046,positive regulation of oviposition,0.043065138
0,0.003355434,5,1554,GO:0044089,positive regulation of cellular component biogenesis,0.043659396
0,0.003352457,7,185,GO:0048010,vascular endothelial growth factor receptor signaling pathway,0.043659396
0,0.003365362,5,43,GO:0048368,lateral mesoderm development,0.043659396
0,0.003365362,2,43,GO:2001028,positive regulation of endothelial cell chemotaxis,0.043659396
0,0.003414309,3,7,GO:0015679,plasma membrane copper ion transport,0.043860735
0,0.003414309,2,7,GO:0032488,Cdc42 protein signal transduction,0.043860735
0,0.003402808,1,947,GO:0051098,regulation of binding,0.043860735
0,0.003414309,6,7,GO:0060620;GO:2000909,regulation of cholesterol import,0.043860735
0,0.003414309,4,7,GO:1903445,protein transport from ciliary membrane to plasma membrane,0.043860735
0,0.003414309,2,7,GO:1904217;GO:1904219;GO:1904220;GO:1904222,regulation of serine C-palmitoyltransferase activity,0.043860735
0,0.003414309,2,7,GO:2001188,regulation of T cell activation via T cell receptor contact with antigen bound to MHC molecule on antigen presenting cell,0.043860735
0,0.003433963,3,434,GO:0016054;GO:0046395,organic acid catabolic process,0.04401615
0,0.00343665,2,103,GO:0043652,engulfment of apoptotic cell,0.04401615
0,0.003440783,3,221,GO:0060021,roof of mouth development,0.04401615
0,0.003463568,2,1051,GO:0001655;GO:0072001,urogenital system development,0.044245995
0,0.003496204,2,611,GO:0010977;GO:0031345,negative regulation of cell projection organization,0.044539016
0,0.003493709,2,120,GO:0032963,collagen metabolic process,0.044539016
0,0.003530982,5,285,GO:1903900,regulation of viral life cycle,0.044919758
0,0.003577918,3,244,GO:0000041,transition metal ion transport,0.045400473
0,0.00358854,2,47,GO:0030149;GO:0046466,membrane lipid catabolic process,0.045400473
0,0.00358854,2,47,GO:1905276,regulation of epithelial tube formation,0.045400473
0,0.00358049,2,350,GO:2001236,regulation of extrinsic apoptotic signaling pathway,0.045400473
0,0.003605148,7,235,GO:0043507;GO:0043506,regulation of JUN kinase activity,0.045547841
0,0.003628654,4,116,GO:0010712;GO:0032965,regulation of collagen metabolic process,0.045656419
0,0.003622399,4,506,GO:0021915,neural tube development,0.045656419
0,0.003626761,5,208,GO:1903426,regulation of reactive oxygen species biosynthetic process,0.045656419
0,0.003681279,2,22,GO:0017000,antibiotic biosynthetic process,0.046255192
0,0.003716057,3,155,GO:0002062,chondrocyte differentiation,0.046628393
0,0.003750298,2,142,GO:0000045;GO:1905037,autophagosome organization,0.046893781
0,0.00376784,4,186,GO:0014068,positive regulation of phosphatidylinositol 3-kinase signaling,0.046893781
0,0.003750298,2,142,GO:0042074,cell migration involved in gastrulation,0.046893781
0,0.003759744,2,51,GO:0044764,multi-organism cellular process,0.046893781
0,0.00376784,3,186,GO:0045638,negative regulation of myeloid cell differentiation,0.046893781
0,0.003759744,2,51,GO:2000641,regulation of early endosome to late endosome transport,0.046893781
0,0.003843349,3,445,GO:0070374,positive regulation of ERK1 and ERK2 cascade,0.047768824
0,0.003908534,2,29,GO:0010867,positive regulation of triglyceride biosynthetic process,0.048252536
0,0.003908534,6,29,GO:0035542,regulation of SNARE complex assembly,0.048252536
0,0.003898001,2,151,GO:0060135,maternal process involved in female pregnancy,0.048252536
0,0.003908534,4,29,GO:0086069,bundle of His cell to Purkinje myocyte communication,0.048252536
0,0.003908534,4,29,GO:0099563,modification of synaptic structure,0.048252536
0,0.003935168,3,783,GO:0010876;GO:0006869,lipid localization,0.048516135
0,0.003943942,2,277,GO:0017015;GO:1903844,regulation of cellular response to transforming growth factor beta stimulus,0.048559124
0,0.003968444,4,59,GO:0050853,B cell receptor signaling pathway,0.048730154
0,0.003968444,2,59,GO:1902187,negative regulation of viral release from host cell,0.048730154
0,0.004027447,2,720,GO:0090257,regulation of muscle system process,0.049388647
0,0.004060388,4,305,GO:0042542,response to hydrogen peroxide,0.049726213
0,0.004075792,2,375,GO:1900180,regulation of protein localization to nucleus,0.049848399
0,0.004095436,5,40,GO:0007191,adenylate cyclase-activating dopamine receptor signaling pathway,0.050022046
0,0.004138365,2,1035,GO:0006979,response to oxidative stress,0.050401913
0,0.004148486,2,19,GO:0033629,negative regulation of cell adhesion mediated by integrin,0.050401913
0,0.004148486,3,19,GO:0046348,amino sugar catabolic process,0.050401913
0,0.004148486,3,19,GO:0050916,sensory perception of sweet taste,0.050401913
0,0.00415647,2,2483,GO:0014070,response to organic cyclic compound,0.050432204
0,0.004177275,2,241,GO:0030148;GO:0046467,membrane lipid biosynthetic process,0.050617766
0,0.00420171,2,366,GO:0030879,mammary gland development,0.050846786
0,0.004245339,6,223,GO:0014910,regulation of smooth muscle cell migration,0.051307153
0,0.004288704,2,130,GO:0042307;GO:1904591,positive regulation of protein import,0.051763142
0,0.004313855,2,571,GO:0034976,response to endoplasmic reticulum stress,0.051998368
0,0.004328884,2,1185,GO:0051259,protein complex oligomerization,0.052111144
0,0.004380764,3,113,GO:0006929,substrate-dependent cell migration,0.052504913
0,0.004382056,4,552,GO:0035150,regulation of tube size,0.052504913
0,0.00438446,2,44,GO:1902894,negative regulation of pri-miRNA transcription by RNA polymerase II,0.052504913
0,0.00438446,2,44,GO:1903358,regulation of Golgi organization,0.052504913
0,0.004422017,4,92,GO:0032722,positive regulation of chemokine production,0.052885714
0,0.004443283,2,533,GO:0048640,negative regulation of developmental growth,0.053070942
0,0.004468153,2,10,GO:0060375,regulation of mast cell differentiation,0.053298678
0,0.004483272,5,219,GO:0010595,positive regulation of endothelial cell migration,0.053409673
0,0.004515327,2,452,GO:0001503,ossification,0.053500853
0,0.00450818,2,933,GO:0008361,regulation of cell size,0.053500853
0,0.004537525,6,16,GO:0019064;GO:0039663;GO:0044800;GO:0044803,multi-organism membrane organization,0.053500853
0,0.004537525,6,16,GO:0019430;GO:0071450;GO:0071451,cellular response to superoxide,0.053500853
0,0.004537525,3,16,GO:0030913,paranodal junction assembly,0.053500853
0,0.004537525,2,16,GO:0050665,hydrogen peroxide biosynthetic process,0.053500853
0,0.004537525,3,16,GO:0060022,hard palate development,0.053500853
0,0.004501468,2,33,GO:1903587,regulation of blood vessel endothelial cell proliferation involved in sprouting angiogenesis,0.053500853
0,0.004603909,2,48,GO:0032814,regulation of natural killer cell activation,0.054144561
0,0.004603909,2,48,GO:0048384,retinoic acid receptor signaling pathway,0.054144561
0,0.004627421,2,26,GO:0043476;GO:0043482,pigment accumulation,0.054282067
0,0.004627421,2,26,GO:0045730,respiratory burst,0.054282067
0,0.004639304,2,288,GO:0045598,regulation of fat cell differentiation,0.054352053
0,0.004654806,3,405,GO:0003206;GO:0003231,cardiac chamber morphogenesis,0.054464195
0,0.004720094,2,13,GO:0003104,positive regulation of glomerular filtration,0.055017849
0,0.004720094,2,13,GO:0061304,retinal blood vessel morphogenesis,0.055017849
0,0.004734649,2,215,GO:0032479,regulation of type I interferon production,0.055117551
0,0.004750543,2,197,GO:0010611;GO:0014743,regulation of muscle hypertrophy,0.055162751
0,0.004750543,2,197,GO:0010717,regulation of epithelial to mesenchymal transition,0.055162751
0,0.004761796,3,52,GO:0035886,vascular associated smooth muscle cell differentiation,0.055223604
0,0.004801008,3,655,GO:0016311,dephosphorylation,0.055608143
0,0.004826351,5,76,GO:0010714;GO:0032967,positive regulation of collagen metabolic process,0.055831274
0,0.004866146,2,56,GO:0006801,superoxide metabolic process,0.056048161
0,0.00487561,2,118,GO:0007595,lactation,0.056048161
0,0.004858231,2,544,GO:0008654;GO:0046474;GO:0045017,phospholipid biosynthetic process,0.056048161
0,0.004866146,2,56,GO:0019079,viral genome replication,0.056048161
0,0.004873005,5,238,GO:0046580;GO:0051058,negative regulation of small GTPase mediated signal transduction,0.056048161
0,0.004970312,2,220,GO:0015748,organophosphate ester transport,0.057064811
0,0.00497749,4,340,GO:0016482,cytosolic transport,0.057064811
0,0.004982687,2,37,GO:0034143,regulation of toll-like receptor 4 signaling pathway,0.057064811
0,0.005080233,3,114,GO:0031952,regulation of protein autophosphorylation,0.058109511
0,0.005148093,2,127,GO:0071398,cellular response to fatty acid,0.058812477
0,0.005186845,4,5,GO:0006728,pteridine biosynthetic process,0.058816264
0,0.005186845,2,5,GO:0009240;GO:0046490,isopentenyl diphosphate biosynthetic process,0.058816264
0,0.005186845,4,5,GO:0035470,positive regulation of vascular wound healing,0.058816264
0,0.005186845,3,5,GO:0035882,defecation rhythm,0.058816264
0,0.005186845,2,5,GO:0072287,metanephric distal tubule morphogenesis,0.058816264
0,0.005186845,3,5,GO:1904109;GO:2000911,positive regulation of cholesterol import,0.058816264
0,0.005224611,5,1050,GO:0006163;GO:0072521;GO:0009150;GO:0009259;GO:0019693,purine-containing compound metabolic process,0.059171461
0,0.005250817,2,216,GO:0046889,positive regulation of lipid biosynthetic process,0.059395015
0,0.005277016,2,459,GO:0009746;GO:0034284;GO:0009749,response to monosaccharide,0.059617946
0,0.005289307,2,189,GO:0030279,negative regulation of ossification,0.059683393
0,0.005296334,4,271,GO:0033273,response to vitamin,0.059689356
0,0.005359335,4,41,GO:0040002,collagen and cuticulin-based cuticle development,0.060325363
0,0.005395222,2,407,GO:0090288,negative regulation of cellular response to growth factor stimulus,0.060654972
0,0.005420908,7,30,GO:0009215;GO:0009151,purine deoxyribonucleotide metabolic process,0.06086768
0,0.005434023,5,23,GO:0022606;GO:0035320,establishment of proximal/distal cell polarity,0.06086768
0,0.005432321,6,794,GO:0052548;GO:0052547,regulation of peptidase activity,0.06086768
0,0.005487935,3,360,GO:1903076;GO:1904375,regulation of protein localization to cell periphery,0.061396695
0,0.0055773,2,203,GO:0002920,regulation of humoral immune response,0.062320562
0,0.005589403,2,194,GO:0007365;GO:0007367,periodic partitioning,0.062379911
0,0.005642097,2,45,GO:0042743,hydrogen peroxide metabolic process,0.06289158
0,0.005684855,2,154,GO:0034333,adherens junction assembly,0.063291386
0,0.005696922,2,2381,GO:0044092,negative regulation of molecular function,0.063348944
0,0.005742969,3,1072,GO:0046677,response to antibiotic,0.063783759
0,0.005797385,2,356,GO:0014902,myotube differentiation,0.064232783
0,0.005792298,6,77,GO:0035722;GO:0070671;GO:0071349,response to interleukin-12,0.064232783
0,0.005842718,2,49,GO:0010560;GO:1903020,positive regulation of glycoprotein metabolic process,0.064523371
0,0.005851711,2,286,GO:0034766;GO:0034763,negative regulation of transmembrane transport,0.064523371
0,0.005842718,5,49,GO:0071379;GO:0071380,cellular response to prostaglandin stimulus,0.064523371
0,0.005851048,2,172,GO:2000106,regulation of leukocyte apoptotic process,0.064523371
0,0.005871315,2,115,GO:0055090;GO:0070328,acylglycerol homeostasis,0.0646619
0,0.005899549,3,73,GO:0010719,negative regulation of epithelial to mesenchymal transition,0.064895034
0,0.005972729,6,53,GO:0010758;GO:1905521,regulation of macrophage migration,0.065543028
0,0.005972729,5,53,GO:0070527,platelet aggregation,0.065543028
0,0.006042829,4,57,GO:0060253,negative regulation of glial cell proliferation,0.066233156
0,0.006062633,2,61,GO:0035090;GO:0045199,maintenance of apical/basal cell polarity,0.066371021
0,0.006133581,5,94,GO:0033628,regulation of cell adhesion mediated by integrin,0.067067785
0,0.006146631,2,2532,GO:0060341,regulation of cellular localization,0.067130569
0,0.006223916,4,310,GO:0043280;GO:2001056,positive regulation of cysteine-type endopeptidase activity,0.067893903
0,0.006304754,5,20,GO:0046813,receptor-mediated virion attachment to host cell,0.068612753
0,0.006304754,4,20,GO:0071635,negative regulation of transforming growth factor beta production,0.068612753
0,0.006507493,4,27,GO:0006098;GO:0006740,NADPH regeneration,0.070735296
0,0.006553811,2,38,GO:0089718,amino acid import across plasma membrane,0.071070548
0,0.006572601,4,386,GO:0090316,positive regulation of intracellular protein transport,0.071190265
0,0.006739999,2,129,GO:0030837,negative regulation of actin filament polymerization,0.072831638
0,0.006733308,3,82,GO:0050691,regulation of defense response to virus by host,0.072831638
0,0.006855522,3,160,GO:0070301,cellular response to hydrogen peroxide,0.07399291
0,0.006910649,4,99,GO:0030195;GO:0050819;GO:1900047,negative regulation of coagulation,0.074343236
0,0.006912692,3,78,GO:0038179,neurotrophin signaling pathway,0.074343236
0,0.006910649,3,99,GO:1902893,regulation of pri-miRNA transcription by RNA polymerase II,0.074343236
0,0.006920356,2,42,GO:2001135,regulation of endocytic recycling,0.074343236
0,0.00694294,2,178,GO:0042737,drug catabolic process,0.074498721
0,0.006994217,2,228,GO:0045921,positive regulation of exocytosis,0.07496136
0,0.007059598,2,335,GO:1903707,negative regulation of hemopoiesis,0.075573902
0,0.007075323,2,74,GO:0002474,antigen processing and presentation of peptide antigen via MHC class I,0.075654067
0,0.007086673,2,265,GO:0018107;GO:0018210,peptidyl-threonine modification,0.075687318
0,0.007096631,2,219,GO:2000379,positive regulation of reactive oxygen species metabolic process,0.075705635
0,0.007114064,4,1559,GO:0048568,embryonic organ development,0.075803567
0,0.007179806,6,17,GO:0002813;GO:0006964,regulation of biosynthetic process of antibacterial peptides active against Gram-negative bacteria,0.075888082
0,0.007176457,5,46,GO:0006883;GO:0055078,sodium ion homeostasis,0.075888082
0,0.007179806,6,17,GO:0010624;GO:0010626,regulation of Schwann cell proliferation,0.075888082
0,0.007176457,2,46,GO:0034104,negative regulation of tissue remodeling,0.075888082
0,0.00717983,2,1904,GO:0043270;GO:1903793,positive regulation of ion transport,0.075888082
0,0.007176457,3,46,GO:0071318,cellular response to ATP,0.075888082
0,0.007179806,4,17,GO:1903265,positive regulation of tumor necrosis factor-mediated signaling pathway,0.075888082
0,0.007329128,2,66,GO:0030318,melanocyte differentiation,0.077316082
0,0.00733177,3,312,GO:0033135,regulation of peptidyl-serine phosphorylation,0.077316082
0,0.007363065,2,31,GO:0050932,regulation of pigment cell differentiation,0.077557056
0,0.007382772,5,108,GO:0046688,response to copper ion,0.077675562
0,0.00744166,2,58,GO:0001935,endothelial cell proliferation,0.077676688
0,0.007422783,2,54,GO:0002225;GO:0002760,positive regulation of antimicrobial humoral response,0.077676688
0,0.007442078,2,91,GO:0007112,male meiosis cytokinesis,0.077676688
0,0.007407122,8,62,GO:0007464;GO:0048056,R3/R4 cell differentiation,0.077676688
0,0.00744166,3,58,GO:0030813;GO:0045821;GO:0051194;GO:0051197,obsolete positive regulation of cofactor metabolic process,0.077676688
0,0.007422783,3,54,GO:0048745,smooth muscle tissue development,0.077676688
0,0.007422783,2,54,GO:1904886,beta-catenin destruction complex disassembly,0.077676688
0,0.007702811,2,8,GO:0001579,medium-chain fatty acid transport,0.078974512
0,0.007703992,3,87,GO:0001961;GO:0060760,positive regulation of response to cytokine stimulus,0.078974512
0,0.007599363,2,388,GO:0007478;GO:0007480;GO:0035218,leg disc development,0.078974512
0,0.007702811,2,8,GO:0009186;GO:0009189,deoxyribonucleoside diphosphate metabolic process,0.078974512
0,0.007702811,4,8,GO:0018076;GO:0043971,N-terminal peptidyl-lysine acetylation,0.078974512
0,0.007702811,3,8,GO:0018125,peptidyl-cysteine methylation,0.078974512
0,0.007623851,6,1566,GO:0030162,regulation of proteolysis,0.078974512
0,0.007702811,2,8,GO:0043320,natural killer cell degranulation,0.078974512
0,0.007702811,5,8,GO:0044830,modulation by host of viral RNA genome replication,0.078974512
0,0.007702811,3,8,GO:0060214,endocardium formation,0.078974512
0,0.007702811,2,8,GO:0060318,definitive erythrocyte differentiation,0.078974512
0,0.00761586,2,152,GO:0060446,branching involved in open tracheal system development,0.078974512
0,0.007702811,3,8,GO:0070829,heterochromatin maintenance,0.078974512
0,0.007702811,3,8,GO:0090164,asymmetric Golgi ribbon formation,0.078974512
0,0.007595805,2,206,GO:1903035,negative regulation of response to wounding,0.078974512
0,0.007775888,-1,24,GO:0031659,obsolete positive regulation of cyclin-dependent protein serine/threonine kinase activity involved in G1/S transition of mitotic cell cycle,0.079534004
0,0.007775888,4,24,GO:0032736,positive regulation of interleukin-13 production,0.079534004
0,0.007804398,2,905,GO:0035690,cellular response to drug,0.079736817
0,0.007928718,2,14,GO:0070244,negative regulation of thymocyte apoptotic process,0.080737555
0,0.007928718,2,14,GO:1904885,beta-catenin destruction complex assembly,0.080737555
0,0.007928718,2,14,GO:2000643,positive regulation of early endosome to late endosome transport,0.080737555
0,0.00801763,-1,35,GO:0031657,obsolete regulation of cyclin-dependent protein serine/threonine kinase activity involved in G1/S transition of mitotic cell cycle,0.081552526
0,0.008065074,4,126,GO:0030513,positive regulation of BMP signaling pathway,0.081944364
0,0.008179438,7,175,GO:0043618;GO:0043620,regulation of DNA-templated transcription in response to stress,0.083014518
0,0.008205161,3,79,GO:0045601,regulation of endothelial cell differentiation,0.083091951
0,0.008205161,2,79,GO:0060441,epithelial tube branching involved in lung morphogenesis,0.083091951
0,0.008282588,3,11,GO:0009180;GO:0009136;GO:0009188,ribonucleoside diphosphate biosynthetic process,0.083233666
0,0.008282588,2,11,GO:0033025,regulation of mast cell apoptotic process,0.083233666
0,0.008282588,3,11,GO:0051387,negative regulation of neurotrophin TRK receptor signaling pathway,0.083233666
0,0.008282588,3,11,GO:0060448;GO:0060488;GO:0060489;GO:0060490,dichotomous subdivision of terminal units involved in lung branching,0.083233666
0,0.008282588,5,11,GO:0060836,lymphatic endothelial cell differentiation,0.083233666
0,0.008282588,8,11,GO:0090383,phagosome acidification,0.083233666
0,0.008282588,2,11,GO:1904177,regulation of adipose tissue development,0.083233666
0,0.008299418,3,763,GO:1905114,cell surface receptor signaling pathway involved in cell-cell signaling,0.083311643
0,0.008416728,3,442,GO:0043903;GO:0050792,regulation of biological process involved in symbiotic interaction,0.08439699
0,0.008441334,3,267,GO:0045746,negative regulation of Notch signaling pathway,0.084459315
0,0.00843945,5,1377,GO:1903827,regulation of cellular protein localization,0.084459315
0,0.008496134,5,39,GO:0090051,negative regulation of cell migration involved in sprouting angiogenesis,0.084822813
0,0.008496134,2,39,GO:1900150,regulation of defense response to fungus,0.084822813
0,0.008520566,2,328,GO:0044272,sulfur compound biosynthetic process,0.084974378
0,0.008623252,5,162,GO:0007229,integrin-mediated signaling pathway,0.085905177
0,0.008647748,2,71,GO:0042149,cellular response to glucose starvation,0.085962735
0,0.008647748,2,71,GO:0061418,regulation of transcription from RNA polymerase II promoter in response to hypoxia,0.085962735
0,0.008658769,3,258,GO:0043502,regulation of muscle adaptation,0.085979237
0,0.008696565,2,92,GO:1902186,regulation of viral release from host cell,0.08626128
0,0.008824817,6,43,GO:0060544;GO:0062098;GO:0060546;GO:0062099;GO:0060547,negative regulation of necrotic cell death,0.087438986
0,0.008886296,2,118,GO:0006165;GO:0046939,nucleotide phosphorylation,0.087953261
0,0.008935994,5,28,GO:0032486,Rap protein signal transduction,0.088160152
0,0.008935994,2,28,GO:0042118,endothelial cell activation,0.088160152
0,0.008935994,2,28,GO:0150065,regulation of deacetylase activity,0.088160152
0,0.009031009,5,88,GO:0003383,apical constriction,0.08854717
0,0.009028285,4,47,GO:0005978;GO:0009250,glycogen biosynthetic process,0.08854717
0,0.009033065,2,149,GO:0007569,cell aging,0.08854717
0,0.009031009,2,88,GO:0032731;GO:0032732,positive regulation of interleukin-1 production,0.08854717
0,0.009028285,4,47,GO:0035459,vesicle cargo loading,0.08854717
0,0.009028285,4,47,GO:0048011,neurotrophin TRK receptor signaling pathway,0.08854717
0,0.009091438,4,59,GO:0014812,muscle cell migration,0.088834959
0,0.009091438,3,59,GO:0048668,collateral sprouting,0.088834959
0,0.009091438,2,59,GO:2001026,regulation of endothelial cell chemotaxis,0.088834959
0,0.009144111,3,55,GO:0002921,negative regulation of humoral immune response,0.089065384
0,0.00912648,2,167,GO:0010633,negative regulation of epithelial cell migration,0.089065384
0,0.009144111,2,55,GO:0031663,lipopolysaccharide-mediated signaling pathway,0.089065384
0,0.009159956,7,254,GO:0032946;GO:0070665;GO:0050671,positive regulation of leukocyte proliferation,0.089125209
0,0.009185629,2,405,GO:0061333;GO:0061326,renal tubule development,0.089280427
0,0.009227469,2,21,GO:0003330,regulation of extracellular matrix constituent secretion,0.089403275
0,0.009227469,2,21,GO:0032329;GO:0015825,serine transport,0.089403275
0,0.009227469,2,21,GO:0043589,skin morphogenesis,0.089403275
0,0.009291345,3,618,GO:0046394;GO:0016053,carboxylic acid biosynthetic process,0.089927299
0,0.009321306,3,114,GO:0038083,peptidyl-tyrosine autophosphorylation,0.090122314
0,0.009355749,2,904,GO:0001701,in utero embryonic development,0.090360206
0,0.009384911,2,136,GO:1901074;GO:2000425,regulation of apoptotic cell clearance,0.09054665
0,0.009445608,5,259,GO:0042306;GO:1904589,regulation of protein import,0.091036628
0,0.009479003,3,492,GO:0042110,T cell activation,0.091167166
0,0.009479003,4,492,GO:0043409,negative regulation of MAPK cascade,0.091167166
0,0.009526648,5,145,GO:0001885,endothelial cell development,0.091529564
0,0.009576621,2,497,GO:0000302,response to reactive oxygen species,0.091817601
0,0.009572851,2,643,GO:0070372,regulation of ERK1 and ERK2 cascade,0.091817601
0,0.009646114,3,123,GO:0002220;GO:0002223,innate immune response activating cell surface receptor signaling pathway,0.092387445
0,0.009683726,2,292,GO:0014066,regulation of phosphatidylinositol 3-kinase signaling,0.092598056
0,0.009688267,2,80,GO:0046320,regulation of fatty acid oxidation,0.092598056
0,0.009811393,3,32,GO:0008063,Toll signaling pathway,0.093289489
0,0.009794581,3,204,GO:0010676;GO:0045913,positive regulation of carbohydrate metabolic process,0.093289489
0,0.009811393,5,32,GO:0010918,positive regulation of mitochondrial membrane potential,0.093289489
0,0.009794581,2,204,GO:0050864,regulation of B cell activation,0.093289489
0,0.009772378,3,110,GO:1900026,positive regulation of substrate adhesion-dependent cell spreading,0.093289489
0,0.00988402,4,132,GO:0033209,tumor necrosis factor-mediated signaling pathway,0.093882858
0,0.010008207,4,269,GO:0071260,cellular response to mechanical stimulus,0.094964234
0,0.010119007,2,93,GO:0000422;GO:0061726,autophagy of mitochondrion,0.095817604
0,0.010119007,5,93,GO:0015012;GO:0030201,heparan sulfate proteoglycan metabolic process,0.095817604
0,0.010273537,3,321,GO:1900006,positive regulation of dendrite development,0.097080692
0,0.010409421,4,581,GO:0030258,lipid modification,0.09826365
0,0.010441247,4,36,GO:0009068,aspartate family amino acid catabolic process,0.0983619
0,0.010441247,3,36,GO:0071636,positive regulation of transforming growth factor beta production,0.0983619
0,0.010832847,2,18,GO:0006477;GO:0051923,sulfation,0.100504744
0,0.010790676,6,205,GO:0006637;GO:0033875;GO:0034032;GO:0035383;GO:0033865,ribonucleoside bisphosphate metabolic process,0.100504744
0,0.010720852,2,102,GO:0009225,nucleotide-sugar metabolic process,0.100504744
0,0.010820289,2,64,GO:0031954,positive regulation of protein autophosphorylation,0.100504744
0,0.010755371,3,164,GO:0032506,cytokinetic process,0.100504744
0,0.010823237,3,25,GO:0032799;GO:0032802,low-density lipoprotein receptor particle metabolic process,0.100504744
0,0.010832847,-1,18,GO:0035947,obsolete regulation of gluconeogenesis by regulation of transcription from RNA polymerase II promoter,0.100504744
0,0.010832847,4,18,GO:0038110,interleukin-2-mediated signaling pathway,0.100504744
0,0.010747398,2,606,GO:0044706;GO:0007565,multi-multicellular organism process,0.100504744
0,0.010689474,2,902,GO:0045926,negative regulation of growth,0.100504744
0,0.010720852,5,102,GO:0060612,adipose tissue development,0.100504744
0,0.010823237,2,25,GO:0061032,visceral serous pericardium development,0.100504744
0,0.010823237,3,25,GO:0070669;GO:0071352,response to interleukin-2,0.100504744
0,0.010757302,6,155,GO:1900024,regulation of substrate adhesion-dependent cell spreading,0.100504744
0,0.010888287,6,256,GO:0045747,positive regulation of Notch signaling pathway,0.100917174
0,0.010922505,5,1902,GO:0050801;GO:0055082;GO:0055080;GO:0098771,ion homeostasis,0.101132266
0,0.011022438,3,60,GO:0048686;GO:0048690,regulation of sprouting of injured axon,0.101749839
0,0.011022438,2,60,GO:0098751,bone cell development,0.101749839
0,0.011022438,2,60,GO:1904752,regulation of vascular associated smooth muscle cell migration,0.101749839
0,0.011115719,3,187,GO:0019217,regulation of fatty acid metabolic process,0.10250791
0,0.011214356,2,210,GO:0005976;GO:0044264,polysaccharide metabolic process,0.10322202
0,0.011240474,2,48,GO:0007110;GO:0007111,meiosis I cytokinesis,0.10322202
0,0.011248856,3,558,GO:0030516;GO:0061387,regulation of extent of cell growth,0.10322202
0,0.011249346,2,52,GO:0046856,phosphatidylinositol dephosphorylation,0.10322202
0,0.011249346,3,52,GO:0048016,inositol phosphate-mediated signaling,0.10322202
0,0.011395118,5,413,GO:1905330,regulation of morphogenesis of an epithelium,0.104455252
0,0.011419686,2,201,GO:1900407;GO:1902882,regulation of response to oxidative stress,0.104576088
0,0.011507971,3,266,GO:0050728,negative regulation of inflammatory response,0.105279596
0,0.011531234,3,120,GO:0032755,positive regulation of interleukin-6 production,0.105387449
0,0.011687808,2,423,GO:0072330,monocarboxylic acid biosynthetic process,0.106712246
0,0.01171461,5,356,GO:0070555;GO:0071347,response to interleukin-1,0.106850742
0,0.011773172,6,129,GO:0000186,activation of MAPKK activity,0.10727836
0,0.01200833,2,29,GO:0007318,pole plasm protein localization,0.108881057
0,0.01200833,2,29,GO:0016335,morphogenesis of larval imaginal disc epithelium,0.108881057
0,0.01200833,4,29,GO:0030214,hyaluronan catabolic process,0.108881057
0,0.01200833,2,29,GO:0045591,positive regulation of regulatory T cell differentiation,0.108881057
0,0.01200833,2,29,GO:0071072,negative regulation of phospholipid biosynthetic process,0.108881057
0,0.01211975,2,1610,GO:0031667;GO:0009991,response to extracellular stimulus,0.109727339
0,0.012125558,2,309,GO:1903959,regulation of anion transmembrane transport,0.109727339
0,0.012317925,2,103,GO:0002931,response to ischemia,0.111358406
0,0.012463671,3,2157,GO:0006935;GO:0042330,taxis,0.112407184
0,0.012495126,2,15,GO:0015853,adenine transport,0.112407184
0,0.012495126,2,15,GO:0018401,peptidyl-proline hydroxylation to 4-hydroxy-L-proline,0.112407184
0,0.012495126,6,15,GO:0046102,inosine metabolic process,0.112407184
0,0.012471807,2,376,GO:0062013,positive regulation of small molecule metabolic process,0.112407184
0,0.012535334,2,1166,GO:0071396,cellular response to lipid,0.112658558
0,0.012585677,4,69,GO:0002063,chondrocyte development,0.113000432
0,0.012656052,2,742,GO:0001822,kidney development,0.113521323
0,0.012698322,2,286,GO:1901216,positive regulation of neuron death,0.113789352
0,0.012845636,2,33,GO:0008057,eye pigment granule organization,0.114773507
0,0.012845636,7,33,GO:0032816,positive regulation of natural killer cell activation,0.114773507
0,0.012845636,2,33,GO:1903209,positive regulation of oxidative stress-induced cell death,0.114773507
0,0.01294459,2,65,GO:0040037,negative regulation of fibroblast growth factor receptor signaling pathway,0.115433065
0,0.01294459,3,65,GO:0045022;GO:0098927,vesicle-mediated transport between endosomal compartments,0.115433065
0,0.01306714,2,22,GO:0001561,fatty acid alpha-oxidation,0.116157888
0,0.013076457,2,121,GO:0006026;GO:0006027,aminoglycan catabolic process,0.116157888
0,0.01306714,3,22,GO:0006465,signal peptide processing,0.116157888
0,0.013076457,2,121,GO:0007212,dopamine receptor signaling pathway,0.116157888
0,0.013252087,2,6,GO:0009624,response to nematode,0.116478866
0,0.013252087,3,6,GO:0010751,negative regulation of nitric oxide mediated signal transduction,0.116478866
0,0.013252087,4,6,GO:0038113;GO:0071355,interleukin-9-mediated signaling pathway,0.116478866
0,0.013252087,4,6,GO:0038156,interleukin-3-mediated signaling pathway,0.116478866
0,0.013252087,2,6,GO:0042062,long-term strengthening of neuromuscular junction,0.116478866
0,0.013252087,2,6,GO:0048378,regulation of lateral mesodermal cell fate specification,0.116478866
0,0.013252087,2,6,GO:0060819,inactivation of X chromosome by genetic imprinting,0.116478866
0,0.013252087,2,6,GO:0061428,negative regulation of transcription from RNA polymerase II promoter in response to hypoxia,0.116478866
0,0.013252087,3,6,GO:0072011,glomerular endothelium development,0.116478866
0,0.013252087,2,6,GO:0072194,kidney smooth muscle tissue development,0.116478866
0,0.013252087,4,6,GO:0097498,endothelial tube lumen extension,0.116478866
0,0.013281628,2,130,GO:0006094;GO:0019319;GO:0046364,monosaccharide biosynthetic process,0.116498972
0,0.013281628,2,130,GO:0045599,negative regulation of fat cell differentiation,0.116498972
0,0.013305108,2,166,GO:0060033,anatomical structure regression,0.116498972
0,0.013304782,5,82,GO:1902473;GO:1902474,regulation of protein localization to synapse,0.116498972
0,0.013339216,3,937,GO:2001233,regulation of apoptotic signaling pathway,0.116686383
0,0.013397967,2,37,GO:0045779;GO:0046851,negative regulation of bone remodeling,0.116977495
0,0.013393552,4,139,GO:0060972;GO:0070986,left/right pattern formation,0.116977495
0,0.013537139,2,57,GO:0001782,B cell homeostasis,0.117968334
0,0.013537139,3,57,GO:0032689,negative regulation of interferon-gamma production,0.117968334
0,0.013720913,4,41,GO:0070233,negative regulation of T cell apoptotic process,0.119343358
0,0.013720913,2,41,GO:1900746;GO:1902547,regulation of cellular response to vascular endothelial growth factor stimulus,0.119343358
0,0.013741082,4,53,GO:0071875;GO:0071880,adenylate cyclase-activating adrenergic receptor signaling pathway,0.11940571
0,0.013838631,2,78,GO:0006891,intra-Golgi vesicle-mediated transport,0.119433263
0,0.01386128,5,45,GO:0006907,pinocytosis,0.119433263
0,0.01382697,2,596,GO:0007498,mesoderm development,0.119433263
0,0.013857567,2,49,GO:0008631;GO:0036473,cell death in response to oxidative stress,0.119433263
0,0.01386128,3,45,GO:0010663;GO:0010666,positive regulation of striated muscle cell apoptotic process,0.119433263
0,0.013796054,3,508,GO:0016032,viral process,0.119433263
0,0.013777189,6,117,GO:0045907,positive regulation of vasoconstriction,0.119433263
0,0.01386128,5,45,GO:0048687;GO:0048691,positive regulation of sprouting of injured axon,0.119433263
0,0.013777189,2,117,GO:1904705,regulation of vascular associated smooth muscle cell proliferation,0.119433263
0,0.013969558,2,12,GO:0010749,regulation of nitric oxide mediated signal transduction,0.119777878
0,0.013969558,3,12,GO:0021592,fourth ventricle development,0.119777878
0,0.013969558,4,12,GO:0042117,monocyte activation,0.119777878
0,0.013969558,2,12,GO:0044861,protein transport into plasma membrane raft,0.119777878
0,0.013979519,2,1992,GO:0051129,negative regulation of cellular component organization,0.119777878
0,0.013969558,2,12,GO:1905563,negative regulation of vascular endothelial cell proliferation,0.119777878
0,0.014073065,2,397,GO:0048675;GO:1990138,neuron projection extension,0.120467006
0,0.014165246,3,91,GO:0001893,maternal placenta development,0.121030497
0,0.014165246,2,91,GO:0048873,homeostasis of number of cells within a tissue,0.121030497
0,0.014318006,2,297,GO:0001816,cytokine production,0.122222013
0,0.014512076,3,113,GO:0048070,regulation of developmental pigmentation,0.123763623
0,0.014677685,6,9,GO:0002788;GO:0002804;GO:0002810;GO:0006967,regulation of antifungal peptide production,0.12394792
0,0.014695622,4,26,GO:0019732,antifungal humoral response,0.12394792
0,0.014677685,3,9,GO:0034136,negative regulation of toll-like receptor 2 signaling pathway,0.12394792
0,0.014677685,5,9,GO:0046368,GDP-L-fucose metabolic process,0.12394792
0,0.014655645,3,475,GO:0051099,positive regulation of binding,0.12394792
0,0.014695622,2,26,GO:0060600,dichotomous subdivision of an epithelial terminal unit,0.12394792
0,0.014677685,-1,9,GO:0072367,obsolete regulation of lipid transport by regulation of transcription from RNA polymerase II promoter,0.12394792
0,0.014695622,5,26,GO:0097084,vascular associated smooth muscle cell development,0.12394792
0,0.014677685,5,9,GO:0120009,intermembrane lipid transfer,0.12394792
0,0.014695622,2,26,GO:1905666,regulation of protein localization to endosome,0.12394792
0,0.014677685,5,9,GO:2000828,regulation of parathyroid hormone secretion,0.12394792
0,0.014814057,3,100,GO:0010955;GO:1903318,negative regulation of protein maturation,0.124697132
0,0.014825179,2,563,GO:0043281;GO:2000116,regulation of cysteine-type endopeptidase activity,0.124697132
0,0.014814057,2,100,GO:0071677,positive regulation of mononuclear cell migration,0.124697132
0,0.014886905,4,70,GO:0003171;GO:0003181,atrioventricular valve development,0.12495939
0,0.014886905,2,70,GO:0034394,protein localization to cell surface,0.12495939
0,0.014897173,5,158,GO:0048844,artery morphogenesis,0.12495939
0,0.014911378,3,190,GO:0046627;GO:1900077,negative regulation of cellular response to insulin stimulus,0.124964421
0,0.014963624,2,825,GO:0007350;GO:0009880,embryonic pattern specification,0.125287958
0,0.014984446,5,149,GO:1903201,regulation of oxidative stress-induced cell death,0.125348029
0,0.015011333,6,350,GO:0071901,negative regulation of protein serine/threonine kinase activity,0.125458685
0,0.015055083,2,374,GO:0007435,salivary gland morphogenesis,0.125709942
0,0.015165681,6,260,GO:0002761,regulation of myeloid leukocyte differentiation,0.126518422
0,0.015375642,4,761,GO:0048193,Golgi vesicle transport,0.128124461
0,0.015386095,-1,66,GO:0051187,obsolete cofactor catabolic process,0.128124461
0,0.015479106,3,83,GO:0010614;GO:0014741,negative regulation of muscle hypertrophy,0.128665692
0,0.015479106,2,83,GO:0034694;GO:0034695,response to prostaglandin,0.128665692
0,0.015597056,2,118,GO:0010662;GO:0010665,regulation of striated muscle cell apoptotic process,0.129528894
0,0.0156942,5,19,GO:0007563,regulation of eclosion,0.129865968
0,0.0156942,5,19,GO:0010757,negative regulation of plasminogen activation,0.129865968
0,0.0156942,6,19,GO:0015677,copper ion import,0.129865968
0,0.0156942,2,19,GO:0038001,paracrine signaling,0.129865968
0,0.0158221,4,30,GO:0002807,positive regulation of antimicrobial peptide biosynthetic process,0.130220422
0,0.0158221,3,30,GO:0015871,choline transport,0.130220422
0,0.0158221,2,30,GO:0034350;GO:0034351,regulation of glial cell apoptotic process,0.130220422
0,0.0158221,7,30,GO:0050913,sensory perception of bitter taste,0.130220422
0,0.0158221,2,30,GO:0072014,proximal tubule development,0.130220422
0,0.0158221,2,30,GO:2001044,regulation of integrin-mediated signaling pathway,0.130220422
0,0.015855035,2,62,GO:0070229,negative regulation of lymphocyte apoptotic process,0.130374665
0,0.016000114,5,289,GO:0043244;GO:1901879,regulation of protein-containing complex disassembly,0.131449952
0,0.01618995,3,404,GO:0008217,regulation of blood pressure,0.132772049
0,0.016280105,3,58,GO:0032332,positive regulation of chondrocyte differentiation,0.133273406
0,0.016280105,4,58,GO:0050849,negative regulation of calcium-mediated signaling,0.133273406
0,0.016344641,3,997,GO:0098656,anion transmembrane transport,0.133563636
0,0.016342766,2,827,GO:1903829,positive regulation of cellular protein localization,0.133563636
0,0.016547222,4,34,GO:0044827,modulation by host of viral genome replication,0.134978897
0,0.016547222,7,34,GO:0097201,negative regulation of transcription from RNA polymerase II promoter in response to stress,0.134978897
0,0.016576493,4,205,GO:0048525,negative regulation of viral process,0.135097686
0,0.016644084,2,54,GO:0035212,cell competition in a multicellular organism,0.135408244
0,0.016644084,2,54,GO:1903409,reactive oxygen species biosynthetic process,0.135408244
0,0.016680991,5,390,GO:0045834,positive regulation of lipid metabolic process,0.135588406
0,0.016720629,4,487,GO:0003018;GO:0035296;GO:0097746,vascular process in circulatory system,0.135790433
0,0.016768299,2,141,GO:0045069,regulation of viral genome replication,0.136057265
0,0.016830544,4,75,GO:0042098,T cell proliferation,0.136441786
0,0.016925195,2,50,GO:0002335,mature B cell differentiation,0.136528251
0,0.016930395,2,101,GO:0008258,head involution,0.136528251
0,0.016925195,4,50,GO:0010763,positive regulation of fibroblast migration,0.136528251
0,0.016925195,2,50,GO:0051036;GO:0097494,regulation of vesicle size,0.136528251
0,0.016893296,2,773,GO:0051348;GO:0006469;GO:0033673,negative regulation of transferase activity,0.136528251
0,0.016925195,6,50,GO:0051560,mitochondrial calcium ion homeostasis,0.136528251
0,0.017121192,3,42,GO:0007296,vitellogenesis,0.137463414
0,0.017095872,5,46,GO:0030225,macrophage differentiation,0.137463414
0,0.017095872,3,46,GO:0031293,membrane protein intracellular domain proteolysis,0.137463414
0,0.017110959,4,88,GO:0032715,negative regulation of interleukin-6 production,0.137463414
0,0.017121192,6,42,GO:0098911,regulation of ventricular cardiac muscle cell action potential,0.137463414
0,0.017147208,2,224,GO:0045844;GO:0048636;GO:1901863,positive regulation of muscle organ development,0.137552056
0,0.01717318,2,376,GO:1905039;GO:1903825,organic acid transmembrane transport,0.137640194
0,0.01718954,2,468,GO:0042303,molting cycle,0.1376512
0,0.017227075,2,309,GO:0006575,cellular modified amino acid metabolic process,0.137831606
0,0.017292516,3,164,GO:0016322,neuron remodeling,0.138234775
0,0.017348205,2,110,GO:0001906,cell killing,0.13843898
0,0.017348205,2,110,GO:0006635,fatty acid beta-oxidation,0.13843898
0,0.017382959,3,2015,GO:0019725,cellular homeostasis,0.138595899
0,0.017443502,2,729,GO:0031647,regulation of protein stability,0.138957993
0,0.017507352,2,71,GO:0000912;GO:0000915,assembly of actomyosin apparatus involved in cytokinesis,0.139345775
0,0.017557268,2,201,GO:0010470,regulation of gastrulation,0.139622086
0,0.017645845,2,1403,GO:0009117;GO:0006753;GO:0055086,nucleobase-containing small molecule metabolic process,0.13996294
0,0.017640019,4,215,GO:0048678,response to axon injury,0.13996294
0,0.017640019,4,215,GO:0050830,defense response to Gram-positive bacterium,0.13996294
0,0.017716145,2,178,GO:0072002,Malpighian tubule development,0.1403993
0,0.017809665,3,97,GO:0060351,cartilage development involved in endochondral bone morphogenesis,0.141018769
0,0.017974143,5,23,GO:0007523,larval visceral muscle development,0.141467444
0,0.017974143,2,23,GO:0010612;GO:1903242,regulation of cardiac muscle adaptation,0.141467444
0,0.017974143,4,23,GO:0034135,regulation of toll-like receptor 2 signaling pathway,0.141467444
0,0.017974143,6,23,GO:0046514,ceramide catabolic process,0.141467444
0,0.017974143,4,23,GO:0051352,negative regulation of ligase activity,0.141467444
0,0.017974143,2,23,GO:0090163,establishment of epithelial cell planar polarity,0.141467444
0,0.017948348,2,1929,GO:1901565,organonitrogen compound catabolic process,0.141467444
0,0.018037288,2,169,GO:0060976,coronary vasculature development,0.141842885
0,0.018174694,2,67,GO:0048681;GO:0070571,negative regulation of neuron projection regeneration,0.142679118
0,0.018174694,3,67,GO:0060669;GO:0060713,embryonic placenta morphogenesis,0.142679118
0,0.018290794,2,106,GO:0015695,organic cation transport,0.143467929
0,0.018378643,2,1146,GO:0051047;GO:1903532,positive regulation of secretion,0.144012052
0,0.018391523,2,183,GO:0055072,iron ion homeostasis,0.144012052
0,0.018409814,5,572,GO:0033500;GO:0042593,carbohydrate homeostasis,0.144032486
0,0.018474016,2,479,GO:0043901,negative regulation of multi-organism process,0.144411775
0,0.018538583,2,272,GO:0048103,somatic stem cell division,0.144793267
0,0.018684372,3,16,GO:0003105,negative regulation of glomerular filtration,0.144823592
0,0.018598458,5,197,GO:0006754;GO:0009206;GO:0009145;GO:0009201;GO:0009142,nucleoside triphosphate biosynthetic process,0.144823592
0,0.018684372,3,16,GO:0010510;GO:0050812,regulation of acetyl-CoA biosynthetic process from pyruvate,0.144823592
0,0.018684372,2,16,GO:0010616;GO:1903243,negative regulation of cardiac muscle adaptation,0.144823592
0,0.018684372,3,16,GO:0019695;GO:0042426,choline metabolic process,0.144823592
0,0.018684372,2,16,GO:0021769,orbitofrontal cortex development,0.144823592
0,0.018682514,3,211,GO:0030595,leukocyte chemotaxis,0.144823592
0,0.018684372,3,16,GO:0035701,hematopoietic stem cell migration,0.144823592
0,0.018684372,6,16,GO:0060319,primitive erythrocyte differentiation,0.144823592
0,0.018760703,7,80,GO:0048643,positive regulation of skeletal muscle tissue development,0.145234436
0,0.018769001,3,133,GO:0099518;GO:0047496,vesicle cytoskeletal trafficking,0.145234436
0,0.019199751,2,202,GO:0048747,muscle fiber development,0.148442523
0,0.019436104,3,59,GO:0010644;GO:0086064,cell communication by electrical coupling,0.149599281
0,0.019436104,5,59,GO:0030212,hyaluronan metabolic process,0.149599281
0,0.019486183,2,179,GO:0031338,regulation of vesicle fusion,0.149599281
0,0.019436104,2,59,GO:0032735,positive regulation of interleukin-12 production,0.149599281
0,0.019512241,4,407,GO:0035051,cardiocyte differentiation,0.149599281
0,0.019512168,2,27,GO:0043622,cortical microtubule organization,0.149599281
0,0.019436104,2,59,GO:0061912,selective autophagy,0.149599281
0,0.019436104,2,59,GO:0065005,protein-lipid complex assembly,0.149599281
0,0.019512168,2,27,GO:0097475,motor neuron migration,0.149599281
0,0.019512168,3,27,GO:2001171,positive regulation of ATP biosynthetic process,0.149599281
0,0.019534937,4,441,GO:0040014,regulation of multicellular organism growth,0.149648368
0,0.019630564,2,111,GO:0010803,regulation of tumor necrosis factor-mediated signaling pathway,0.1501305
0,0.019630564,2,111,GO:0051145,smooth muscle cell differentiation,0.1501305
0,0.019678212,2,89,GO:0061036,positive regulation of cartilage development,0.150369697
0,0.019813506,3,120,GO:0010765,positive regulation of sodium ion transport,0.15127768
0,0.020035071,2,500,GO:1905475,regulation of protein localization to membrane,0.152842297
0,0.020245936,2,161,GO:0061515,myeloid cell development,0.154322755
0,0.020316876,4,98,GO:0043124,negative regulation of I-kappaB kinase/NF-kappaB signaling,0.154735081
0,0.02047457,3,31,GO:0020027,hemoglobin metabolic process,0.155533453
0,0.020489437,3,51,GO:0043171,peptide catabolic process,0.155533453
0,0.02047457,4,31,GO:0051917;GO:0051918,regulation of fibrinolysis,0.155533453
0,0.02047457,2,31,GO:1903044,protein localization to membrane raft,0.155533453
0,0.020593085,2,245,GO:0009124;GO:0009127;GO:0009156;GO:0009168,nucleoside monophosphate biosynthetic process,0.156062281
0,0.020584586,3,374,GO:0072073,kidney epithelium development,0.156062281
0,0.020725815,2,107,GO:0009435,NAD biosynthetic process,0.156938672
0,0.0207478,2,283,GO:0010565,regulation of cellular ketone metabolic process,0.156975733
0,0.020877553,6,47,GO:0006862,nucleotide transport,0.157697635
0,0.020877553,5,47,GO:0018126,protein hydroxylation,0.157697635
0,0.021013221,2,125,GO:0002886;GO:0043300,regulation of myeloid leukocyte mediated immunity,0.158072428
0,0.020997445,2,35,GO:0006991;GO:0032933;GO:0071501,response to sterol depletion,0.158072428
0,0.020997445,3,35,GO:0007527,adult somatic muscle development,0.158072428
0,0.020997445,2,35,GO:0010310,regulation of hydrogen peroxide metabolic process,0.158072428
0,0.020997445,4,35,GO:0061478;GO:1904321;GO:1904322,response to platelet aggregation inhibitor,0.158072428
0,0.021187325,3,39,GO:0003016,respiratory system process,0.158344653
0,0.021126338,2,43,GO:0017001,antibiotic catabolic process,0.158344653
0,0.021187325,5,39,GO:0032495,response to muramyl dipeptide,0.158344653
0,0.021187325,4,39,GO:0042789,mRNA transcription by RNA polymerase II,0.158344653
0,0.021126338,4,43,GO:0045947,negative regulation of translational initiation,0.158344653
0,0.021126338,4,43,GO:1902043,positive regulation of extrinsic apoptotic signaling pathway via death domain receptors,0.158344653
0,0.021187325,2,39,GO:1903361,protein localization to basolateral plasma membrane,0.158344653
0,0.021126338,4,43,GO:1904754,positive regulation of vascular associated smooth muscle cell migration,0.158344653
0,0.02129508,2,312,GO:0034404,nucleobase-containing small molecule biosynthetic process,0.159020577
0,0.021454311,3,157,GO:0031623,receptor internalization,0.160079486
0,0.021552265,2,194,GO:0003382,epithelial cell morphogenesis,0.160679831
0,0.021897671,3,13,GO:0002051,osteoblast fate commitment,0.161187794
0,0.021897671,3,13,GO:0002604;GO:0002606,regulation of dendritic cell antigen processing and presentation,0.161187794
0,0.021897671,5,13,GO:0003284,septum primum development,0.161187794
0,0.021897671,2,13,GO:0006553;GO:0006554,lysine metabolic process,0.161187794
0,0.02195383,2,20,GO:0006730,one-carbon metabolic process,0.161187794
0,0.021897671,2,13,GO:0030860,regulation of polarized epithelial cell differentiation,0.161187794
0,0.021897671,2,13,GO:0034316,negative regulation of Arp2/3 complex-mediated actin nucleation,0.161187794
0,0.021897671,2,13,GO:0035357,peroxisome proliferator activated receptor signaling pathway,0.161187794
0,0.02195383,2,20,GO:0042744,hydrogen peroxide catabolic process,0.161187794
0,0.021897671,6,13,GO:0050798,activated T cell proliferation,0.161187794
0,0.021897671,6,13,GO:0070212,protein poly-ADP-ribosylation,0.161187794
0,0.021897671,3,13,GO:0070995,NADPH oxidation,0.161187794
0,0.02195383,2,20,GO:0071639,positive regulation of monocyte chemotactic protein-1 production,0.161187794
0,0.021897671,4,13,GO:0071800,podosome assembly,0.161187794
0,0.021897671,2,13,GO:0072007;GO:0072008;GO:0072143;GO:0072144,mesangial cell differentiation,0.161187794
0,0.021897671,2,13,GO:1900747;GO:1902548,negative regulation of cellular response to vascular endothelial growth factor stimulus,0.161187794
0,0.02195383,2,20,GO:1901725,regulation of histone deacetylase activity,0.161187794
0,0.021897671,2,13,GO:1902685,positive regulation of receptor localization to synapse,0.161187794
0,0.02202813,2,139,GO:0032642,regulation of chemokine production,0.16160413
0,0.02212147,3,351,GO:0002703,regulation of leukocyte mediated immunity,0.162159383
0,0.022155899,6,303,GO:0001936,regulation of endothelial cell proliferation,0.16222194
0,0.022200651,2,64,GO:0002753;GO:0035872;GO:0070423,cytoplasmic pattern recognition receptor signaling pathway,0.16222194
0,0.022188333,2,130,GO:0010823,negative regulation of mitochondrion organization,0.16222194
0,0.022200651,2,64,GO:1903671,negative regulation of sprouting angiogenesis,0.16222194
0,0.022488039,2,308,GO:0050777,negative regulation of immune response,0.164191283
0,0.022623597,2,361,GO:0071216;GO:0071219;GO:0071222,cellular response to biotic stimulus,0.165049831
0,0.022676881,3,176,GO:0034121;GO:0062207,regulation of pattern recognition receptor signaling pathway,0.165307264
0,0.022959601,2,1513,GO:0006873;GO:0006875;GO:0030003;GO:0055065,cellular ion homeostasis,0.167235473
0,0.023077734,3,144,GO:0001954,positive regulation of cell-matrix adhesion,0.167672863
0,0.023041962,2,60,GO:0002068,glandular epithelial cell development,0.167672863
0,0.02309267,3,99,GO:0030857,negative regulation of epithelial cell differentiation,0.167672863
0,0.023076506,4,483,GO:0043588,skin development,0.167672863
0,0.023202203,2,256,GO:0030968;GO:0034620,cellular response to unfolded protein,0.168335096
0,0.023451085,2,181,GO:2001237,negative regulation of extrinsic apoptotic signaling pathway,0.170006482
0,0.023530685,3,117,GO:0044062,regulation of excretion,0.170449007
0,0.023668122,4,916,GO:0015711,organic anion transport,0.171309454
0,0.023721624,3,86,GO:0006656,phosphatidylcholine biosynthetic process,0.171561512
0,0.023788509,3,582,GO:0031099,regeneration,0.171909875
0,0.023816169,9,73,GO:0070232,regulation of T cell apoptotic process,0.171974457
0,0.02387809,5,228,GO:0006892,post-Golgi vesicle-mediated transport,0.172051165
0,0.023847794,2,56,GO:0035024,negative regulation of Rho protein signal transduction,0.172051165
0,0.023882987,2,518,GO:0043902,positive regulation of multi-organism process,0.172051165
0,0.024093096,4,24,GO:0006000,fructose metabolic process,0.172080163
0,0.024093096,-1,24,GO:0009109,obsolete coenzyme catabolic process,0.172080163
0,0.024093096,2,24,GO:0015866;GO:0015867,ATP transport,0.172080163
0,0.024093096,3,24,GO:0035988,chondrocyte proliferation,0.172080163
0,0.024093096,5,24,GO:0036376,sodium ion export across plasma membrane,0.172080163
0,0.024093096,2,24,GO:0042760,very long-chain fatty acid catabolic process,0.172080163
0,0.024093096,2,24,GO:0046598;GO:0075294,positive regulation of viral entry into host cell,0.172080163
0,0.024093096,5,24,GO:0048319,axial mesoderm morphogenesis,0.172080163
0,0.024093096,4,24,GO:0048617,embryonic foregut morphogenesis,0.172080163
0,0.024093096,3,24,GO:0060670,branching involved in labyrinthine layer morphogenesis,0.172080163
0,0.024093096,4,24,GO:1900038,negative regulation of cellular response to hypoxia,0.172080163
0,0.02433518,5,1164,GO:0043254,regulation of protein-containing complex assembly,0.17367415
0,0.024887218,3,10,GO:0001922,B-1 B cell homeostasis,0.174284455
0,0.024887218,3,10,GO:0001928;GO:0106020,regulation of vesicle docking,0.174284455
0,0.024914044,4,69,GO:0002092,positive regulation of receptor internalization,0.174284455
0,0.024887218,4,10,GO:0006189,'de novo' IMP biosynthetic process,0.174284455
0,0.024727827,2,131,GO:0006879,cellular iron ion homeostasis,0.174284455
0,0.024795462,2,692,GO:0008037,cell recognition,0.174284455
0,0.024887218,6,10,GO:0010353,response to trehalose,0.174284455
0,0.024887218,4,10,GO:0019889,pteridine metabolic process,0.174284455
0,0.024887218,2,10,GO:0031566;GO:0036212,actomyosin contractile ring maintenance,0.174284455
0,0.024887218,4,10,GO:0032487,regulation of Rap protein signal transduction,0.174284455
0,0.024887218,5,10,GO:0032571;GO:0071307,response to vitamin K,0.174284455
0,0.024887218,2,10,GO:0032792,negative regulation of CREB transcription factor activity,0.174284455
0,0.024887218,2,10,GO:0036155,acylglycerol acyl-chain remodeling,0.174284455
0,0.024887218,3,10,GO:0042997,negative regulation of Golgi to plasma membrane protein transport,0.174284455
0,0.024887218,2,10,GO:0046946;GO:0046947,hydroxylysine metabolic process,0.174284455
0,0.024727827,3,131,GO:0048286,lung alveolus development,0.174284455
0,0.024887218,3,10,GO:0090272,negative regulation of fibroblast growth factor production,0.174284455
0,0.024902047,4,113,GO:0097066,response to thyroid hormone,0.174284455
0,0.024887218,3,10,GO:0098885,modification of postsynaptic actin cytoskeleton,0.174284455
0,0.024887218,2,10,GO:1900133,regulation of renin secretion into blood stream,0.174284455
0,0.024887218,2,10,GO:1901648,regulation of actomyosin contractile ring localization,0.174284455
0,0.024914044,2,69,GO:1902895,positive regulation of pri-miRNA transcription by RNA polymerase II,0.174284455
0,0.024887218,2,10,GO:1990009,retinal cell apoptotic process,0.174284455
0,0.025258044,3,48,GO:0006622,protein targeting to lysosome,0.176154237
0,0.025258044,2,48,GO:0008362,chitin-based embryonic cuticle biosynthetic process,0.176154237
0,0.025258044,4,48,GO:0010286,heat acclimation,0.176154237
0,0.025258044,4,48,GO:0046321,positive regulation of fatty acid oxidation,0.176154237
0,0.02538782,3,28,GO:0001580;GO:0050912,detection of chemical stimulus involved in sensory perception of taste,0.176656914
0,0.025350845,2,1552,GO:0048608;GO:0061458,reproductive system development,0.176656914
0,0.02538782,2,28,GO:1990504,dense core granule exocytosis,0.176656914
0,0.025486997,7,168,GO:1902743;GO:0010591,regulation of lamellipodium organization,0.17721277
0,0.025628162,2,544,GO:0007431;GO:0035272,exocrine system development,0.178059506
0,0.025708661,2,91,GO:1901076;GO:2000427,positive regulation of engulfment of apoptotic cell,0.178483787
0,0.025795239,3,44,GO:0071801;GO:0071803,regulation of podosome assembly,0.178949597
0,0.026369124,2,7,GO:0002238,response to molecule of fungal origin,0.179274909
0,0.026275544,2,36,GO:0002313,mature B cell differentiation involved in immune response,0.179274909
0,0.026350247,3,272,GO:0006661,phosphatidylinositol biosynthetic process,0.179274909
0,0.026060043,4,32,GO:0007185,transmembrane receptor protein tyrosine phosphatase signaling pathway,0.179274909
0,0.026369124,2,7,GO:0007287,Nebenkern assembly,0.179274909
0,0.026369124,2,7,GO:0010808,positive regulation of synaptic vesicle priming,0.179274909
0,0.026369124,2,7,GO:0019405,alditol catabolic process,0.179274909
0,0.026369124,3,7,GO:0035185,preblastoderm mitotic cell cycle,0.179274909
0,0.026369124,4,7,GO:0035479,angioblast cell migration from lateral mesoderm to midline,0.179274909
0,0.026369124,3,7,GO:0035778;GO:0039014,pronephric nephron tubule epithelial cell differentiation,0.179274909
0,0.026369124,2,7,GO:0042904;GO:0042905,9-cis-retinoic acid biosynthetic process,0.179274909
0,0.026160076,2,215,GO:0043407,negative regulation of MAP kinase activity,0.179274909
0,0.026048463,2,733,GO:0046649,lymphocyte activation,0.179274909
0,0.026023807,2,65,GO:0048137,spermatocyte division,0.179274909
0,0.026070668,5,1166,GO:0050807;GO:0050803,regulation of synapse structure or activity,0.179274909
0,0.026369124,2,7,GO:0061443,endocardial cushion cell differentiation,0.179274909
0,0.026281802,3,510,GO:0071229,cellular response to acid chemical,0.179274909
0,0.026369124,6,7,GO:0071673,positive regulation of smooth muscle cell chemotaxis,0.179274909
0,0.026369124,2,7,GO:0071874,cellular response to norepinephrine stimulus,0.179274909
0,0.026369124,2,7,GO:0072334,UDP-galactose transmembrane transport,0.179274909
0,0.026369124,2,7,GO:0097411,hypoxia-inducible factor-1alpha signaling pathway,0.179274909
0,0.026060043,5,32,GO:0150105,protein localization to cell-cell junction,0.179274909
0,0.026369124,2,7,GO:1900063,regulation of peroxisome organization,0.179274909
0,0.026369124,4,7,GO:1903215,negative regulation of protein targeting to mitochondrion,0.179274909
0,0.026060043,3,32,GO:1905517;GO:0048246,macrophage migration,0.179274909
0,0.026369124,2,7,GO:2000638,regulation of SREBP signaling pathway,0.179274909
0,0.026737568,4,17,GO:0001955,blood vessel maturation,0.17991543
0,0.026737568,2,17,GO:0015936,coenzyme A metabolic process,0.17991543
0,0.026737568,3,17,GO:0016558,protein import into peroxisome matrix,0.17991543
0,0.026737568,3,17,GO:0016559,peroxisome fission,0.17991543
0,0.026737568,2,17,GO:0032613,interleukin-10 production,0.17991543
0,0.026737568,2,17,GO:0032623,interleukin-2 production,0.17991543
0,0.026737568,3,17,GO:0032825,positive regulation of natural killer cell differentiation,0.17991543
0,0.026737568,2,17,GO:0032908,regulation of transforming growth factor beta1 production,0.17991543
0,0.026737568,5,17,GO:0034137,positive regulation of toll-like receptor 2 signaling pathway,0.17991543
0,0.026737568,2,17,GO:0035624,receptor transactivation,0.17991543
0,0.026737568,2,17,GO:0070424,regulation of nucleotide-binding oligomerization domain containing signaling pathway,0.17991543
0,0.026737568,4,17,GO:1903616,MAPK cascade involved in axon regeneration,0.17991543
0,0.026737568,3,17,GO:1904238,pericyte cell differentiation,0.17991543
0,0.026737568,6,17,GO:2000812,regulation of barbed-end actin filament capping,0.17991543
0,0.02693732,2,258,GO:0034331;GO:0043954,cellular component maintenance,0.181126853
0,0.027058444,2,330,GO:0051291,protein heterooligomerization,0.1818082
0,0.027117429,2,699,GO:0007584,response to nutrient,0.181917696
0,0.027096395,2,141,GO:1901264,carbohydrate derivative transport,0.181917696
0,0.027559686,2,74,GO:0008625,extrinsic apoptotic signaling pathway via death domain receptors,0.184635822
0,0.027773678,2,123,GO:0086065,cell communication involved in cardiac conduction,0.185798424
0,0.027773678,2,123,GO:0090207,regulation of triglyceride metabolic process,0.185798424
0,0.027808912,2,1102,GO:0001745;GO:0048749,compound eye development,0.185898732
0,0.027892112,3,105,GO:0060325,face morphogenesis,0.186319305
0,0.02791922,6,462,GO:0046488,phosphatidylinositol metabolic process,0.186364852
0,0.028524328,2,235,GO:0001837,epithelial to mesenchymal transition,0.19012769
0,0.028524328,3,235,GO:0010827;GO:0046324,regulation of glucose transmembrane transport,0.19012769
0,0.028586874,3,83,GO:0009826,unidimensional cell growth,0.190268436
0,0.028586874,2,83,GO:0021591,ventricular system development,0.190268436
0,0.028665348,2,160,GO:0015914,phospholipid transport,0.190514633
0,0.028665348,2,160,GO:0032649,regulation of interferon-gamma production,0.190514633
0,0.028737541,4,137,GO:0008637,apoptotic mitochondrial changes,0.190856338
0,0.028924899,3,70,GO:0042116,macrophage activation,0.191684845
0,0.028924899,2,70,GO:0043030,regulation of macrophage activation,0.191684845
0,0.028924899,2,70,GO:0061462,protein localization to lysosome,0.191684845
0,0.029212051,2,92,GO:0015804,neutral amino acid transport,0.193169683
0,0.029212051,5,92,GO:0031294;GO:0031295,T cell costimulation,0.193169683
0,0.02917063,2,856,GO:0045862,positive regulation of proteolysis,0.193169683
0,0.029357992,2,207,GO:0032387,negative regulation of intracellular transport,0.193855611
0,0.029336921,2,151,GO:1902930,regulation of alcohol biosynthetic process,0.193855611
0,0.029548471,2,288,GO:0035265,organ growth,0.194973205
0,0.029578729,3,110,GO:0010799,regulation of peptidyl-threonine phosphorylation,0.195032755
0,0.029785437,3,21,GO:0003223,ventricular compact myocardium morphogenesis,0.195553423
0,0.029785437,5,21,GO:0042554,superoxide anion generation,0.195553423
0,0.029785437,2,21,GO:0045602,negative regulation of endothelial cell differentiation,0.195553423
0,0.029785437,2,21,GO:0046121,deoxyribonucleoside catabolic process,0.195553423
0,0.029785437,2,21,GO:0061356;GO:0061357,regulation of Wnt protein secretion,0.195553423
0,0.029785437,3,21,GO:2000508;GO:2000510,regulation of dendritic cell chemotaxis,0.195553423
0,0.02982231,4,424,GO:0030522,intracellular receptor signaling pathway,0.195655657
0,0.030287665,8,49,GO:0007035,vacuolar acidification,0.197677354
0,0.030287665,2,49,GO:0008299,isoprenoid biosynthetic process,0.197677354
0,0.030324158,2,66,GO:0009642,response to light intensity,0.197677354
0,0.030324158,2,66,GO:0019068,virion assembly,0.197677354
0,0.030287665,2,49,GO:0030219;GO:0035855,megakaryocyte differentiation,0.197677354
0,0.030324158,6,66,GO:0031507,heterochromatin assembly,0.197677354
0,0.030192951,4,231,GO:0034754,cellular hormone metabolic process,0.197677354
0,0.030287665,2,49,GO:1902914,regulation of protein polyubiquitination,0.197677354
0,0.030287665,2,49,GO:2000192,negative regulation of fatty acid transport,0.197677354
0,0.030596735,2,170,GO:0050688,regulation of defense response to virus,0.199312773
0,0.030737431,2,332,GO:0002792;GO:0050709,negative regulation of peptide secretion,0.200087388
0,0.030795826,5,662,GO:0050773,regulation of dendrite development,0.200183764
0,0.030788672,2,279,GO:0050829,defense response to Gram-negative bacterium,0.200183764
0,0.030865727,5,88,GO:0050926;GO:0050927,regulation of positive chemotaxis,0.200496254
0,0.031184768,4,45,GO:0042994,cytoplasmic sequestering of transcription factor,0.202282553
0,0.031184768,4,45,GO:0046209;GO:2001057,reactive nitrogen species metabolic process,0.202282553
0,0.031213046,3,115,GO:0031103,axon regeneration,0.202323099
0,0.031339667,2,222,GO:0002698,negative regulation of immune effector process,0.20257202
0,0.031339667,2,222,GO:0019751,polyol metabolic process,0.20257202
0,0.031338738,2,106,GO:0050909,sensory perception of taste,0.20257202
0,0.031327216,2,474,GO:0051494;GO:1902904,negative regulation of cytoskeleton organization,0.20257202
0,0.031557392,3,25,GO:0002887;GO:0043301,negative regulation of myeloid leukocyte mediated immunity,0.202979446
0,0.031557392,2,25,GO:0003140,determination of left/right asymmetry in lateral mesoderm,0.202979446
0,0.031557392,2,25,GO:0010269,response to selenium ion,0.202979446
0,0.031557392,2,25,GO:0019511,peptidyl-proline hydroxylation,0.202979446
0,0.031557392,2,25,GO:0071360,cellular response to exogenous dsRNA,0.202979446
0,0.031557392,6,25,GO:0097011;GO:0097012,response to granulocyte macrophage colony-stimulating factor,0.202979446
0,0.031557392,6,25,GO:1901029,negative regulation of mitochondrial outer membrane permeabilization involved in apoptotic signaling pathway,0.202979446
0,0.031692605,2,430,GO:0045766;GO:1904018,positive regulation of vasculature development,0.203706494
0,0.031821368,4,208,GO:0009062;GO:0072329,monocarboxylic acid catabolic process,0.204391092
0,0.031930863,3,41,GO:0034377,plasma lipoprotein particle assembly,0.204522302
0,0.031930863,2,41,GO:0034616,response to laminar fluid shear stress,0.204522302
0,0.031930863,3,41,GO:0036295,cellular response to increased oxygen levels,0.204522302
0,0.031930863,2,41,GO:0070208,protein heterotrimerization,0.204522302
0,0.031965876,2,618,GO:0019827;GO:0098727,maintenance of cell number,0.204603881
0,0.032374385,2,14,GO:0002291,T cell activation via T cell receptor contact with antigen bound to MHC molecule on antigen presenting cell,0.204890397
0,0.03245678,3,37,GO:0006727;GO:0008055;GO:0046152;GO:0046158;GO:0033060,ommochrome biosynthetic process,0.204890397
0,0.03245678,3,37,GO:0007295,growth of a germarium-derived egg chamber,0.204890397
0,0.032429657,2,29,GO:0015802,basic amino acid transport,0.204890397
0,0.032429657,2,29,GO:0015919,peroxisomal membrane transport,0.204890397
0,0.032374385,2,14,GO:0016139,glycoside catabolic process,0.204890397
0,0.032374385,3,14,GO:0019673,GDP-mannose metabolic process,0.204890397
0,0.032456653,3,166,GO:0030514,negative regulation of BMP signaling pathway,0.204890397
0,0.032374385,2,14,GO:0032803,regulation of low-density lipoprotein particle receptor catabolic process,0.204890397
0,0.032374385,3,14,GO:0033353,S-adenosylmethionine cycle,0.204890397
0,0.032374385,3,14,GO:0033625,positive regulation of integrin activation,0.204890397
0,0.032429657,2,29,GO:0033690,positive regulation of osteoblast proliferation,0.204890397
0,0.032429657,2,29,GO:0035723;GO:0070672;GO:0071350,response to interleukin-15,0.204890397
0,0.032108692,5,509,GO:0036294;GO:0071453;GO:0071456,cellular response to oxygen levels,0.204890397
0,0.032405881,2,251,GO:0043297;GO:0120192;GO:0120193,apical junction assembly,0.204890397
0,0.032374385,2,14,GO:0043615,astrocyte cell migration,0.204890397
0,0.032374385,2,14,GO:0070431,nucleotide-binding oligomerization domain containing 2 signaling pathway,0.204890397
0,0.032374385,8,14,GO:1900028,negative regulation of ruffle assembly,0.204890397
0,0.032374385,8,14,GO:1903588,negative regulation of blood vessel endothelial cell proliferation involved in sprouting angiogenesis,0.204890397
0,0.032667247,5,33,GO:0030205;GO:0030208;GO:0050651;GO:0050655,dermatan sulfate proteoglycan metabolic process,0.205372115
0,0.032667247,2,33,GO:0031643,positive regulation of myelination,0.205372115
0,0.032667247,7,33,GO:0051127,positive regulation of actin nucleation,0.205372115
0,0.032667247,2,33,GO:0090254,cell elongation involved in imaginal disc-derived wing morphogenesis,0.205372115
0,0.032667247,2,33,GO:1901077,regulation of relaxation of muscle,0.205372115
0,0.032667247,2,33,GO:2000650;GO:1902306,negative regulation of sodium ion transmembrane transport,0.205372115
0,0.032794331,4,120,GO:0031648,protein destabilization,0.205748589
0,0.032794331,2,120,GO:0032677;GO:0032757,regulation of interleukin-8 production,0.205748589
0,0.032794331,2,120,GO:0035206,regulation of hemocyte proliferation,0.205748589
0,0.032919356,2,256,GO:0002573,myeloid leukocyte differentiation,0.206392005
0,0.032966983,4,280,GO:0042476,odontogenesis,0.206549618
0,0.033130082,2,814,GO:0007369,gastrulation,0.206644342
0,0.033184584,5,58,GO:0008210,estrogen metabolic process,0.206644342
0,0.033096983,2,111,GO:0010043,response to zinc ion,0.206644342
0,0.033020938,3,569,GO:0030099,myeloid cell differentiation,0.206644342
0,0.033184584,3,58,GO:0030949,positive regulation of vascular endothelial growth factor receptor signaling pathway,0.206644342
0,0.033067303,3,93,GO:0046839,phospholipid dephosphorylation,0.206644342
0,0.033184584,2,58,GO:0062009,secondary palate development,0.206644342
0,0.033184584,6,58,GO:0090208,positive regulation of triglyceride metabolic process,0.206644342
0,0.033142096,2,309,GO:2001235,positive regulation of apoptotic signaling pathway,0.206644342
0,0.033611415,5,664,GO:0090092,regulation of transmembrane receptor protein serine/threonine kinase signaling pathway,0.209160463
0,0.033723784,2,134,GO:0045429;GO:1903428;GO:1904407,positive regulation of reactive oxygen species biosynthetic process,0.20971764
0,0.034273927,2,247,GO:0006942;GO:0055117,regulation of striated muscle contraction,0.212994599
0,0.034322399,5,125,GO:0035904,aorta development,0.213151615
0,0.03437902,4,176,GO:0042102,positive regulation of T cell proliferation,0.213358985
0,0.034437416,2,80,GO:0050873,brown fat cell differentiation,0.213577088
0,0.034614916,4,54,GO:0002805,regulation of antimicrobial peptide biosynthetic process,0.214388405
0,0.034614916,2,54,GO:0015721,bile acid and bile salt transport,0.214388405
0,0.034794426,2,116,GO:0007566,embryo implantation,0.215209968
0,0.034794426,2,116,GO:0010907,positive regulation of glucose metabolic process,0.215209968
0,0.035100281,2,107,GO:0030834,regulation of actin filament depolymerization,0.216664032
0,0.035100281,5,107,GO:0033866;GO:0034030;GO:0034033;GO:0071616;GO:0035384,ribonucleoside bisphosphate biosynthetic process,0.216664032
0,0.035084013,3,233,GO:0050729,positive regulation of inflammatory response,0.216664032
0,0.035147614,3,214,GO:0002244,hematopoietic progenitor cell differentiation,0.216810501
0,0.03536368,2,506,GO:0008038,neuron recognition,0.217996913
0,0.03567754,5,238,GO:0046579;GO:0051057,positive regulation of small GTPase mediated signal transduction,0.219784175
0,0.035829217,4,262,GO:0045444,fat cell differentiation,0.220570616
0,0.036014438,2,50,GO:0051769;GO:0051770,regulation of nitric-oxide synthase biosynthetic process,0.221414067
0,0.036014438,3,50,GO:1900409;GO:1902884,positive regulation of response to oxidative stress,0.221414067
0,0.036179968,2,186,GO:0007442;GO:0061525,hindgut development,0.222282945
0,0.036359755,6,76,GO:2000785,regulation of autophagosome assembly,0.223238203
0,0.036431154,3,121,GO:0045668,negative regulation of osteoblast differentiation,0.223527152
0,0.036490954,2,224,GO:0042551,neuron maturation,0.22359534
0,0.036468398,2,172,GO:0061337,cardiac conduction,0.22359534
0,0.036858754,2,18,GO:0015809;GO:1903826;GO:1990822,basic amino acid transmembrane transport,0.224799242
0,0.036858754,3,18,GO:0016336,establishment or maintenance of polarity of larval imaginal disc epithelium,0.224799242
0,0.036858754,3,18,GO:0043970,histone H3-K9 acetylation,0.224799242
0,0.036858754,2,18,GO:0048601,oocyte morphogenesis,0.224799242
0,0.036858754,2,18,GO:0060426,lung vasculature development,0.224799242
0,0.036858754,5,18,GO:0090244,Wnt signaling pathway involved in somitogenesis,0.224799242
0,0.036858754,2,18,GO:1901298,regulation of hydrogen peroxide-mediated programmed cell death,0.224799242
0,0.03691884,5,63,GO:0042771,intrinsic apoptotic signaling pathway in response to DNA damage by p53 class mediator,0.225016291
0,0.037036331,2,85,GO:0071827;GO:0071825,protein-lipid complex subunit organization,0.22558269
0,0.037082627,2,2080,GO:0051046;GO:1903530,regulation of secretion,0.225714995
0,0.037220183,3,135,GO:0090317,negative regulation of intracellular protein transport,0.226402237
0,0.03734866,2,46,GO:0048570,notochord morphogenesis,0.226883231
0,0.03734866,3,46,GO:0050855,regulation of B cell receptor signaling pathway,0.226883231
0,0.03743366,4,177,GO:0007032,endosome organization,0.227249283
0,0.037649813,3,772,GO:0045665,negative regulation of neuron differentiation,0.228410522
0,0.038023386,3,1208,GO:0017144,drug metabolic process,0.230524618
0,0.038374605,3,72,GO:0001502;GO:0098743,cell aggregation,0.230663416
0,0.038724409,6,11,GO:0002713;GO:0002890,negative regulation of immunoglobulin mediated immune response,0.230663416
0,0.038569682,4,42,GO:0006555,methionine metabolic process,0.230663416
0,0.038569682,3,42,GO:0009067,aspartate family amino acid biosynthetic process,0.230663416
0,0.038724409,2,11,GO:0010360,negative regulation of anion channel activity,0.230663416
0,0.038650337,5,326,GO:0010675;GO:0010906,regulation of cellular carbohydrate metabolic process,0.230663416
0,0.038724409,2,11,GO:0010877,lipid transport involved in lipid storage,0.230663416
0,0.038569682,5,42,GO:0031953,negative regulation of protein autophosphorylation,0.230663416
0,0.038724409,2,11,GO:0032615,interleukin-12 production,0.230663416
0,0.038374605,5,72,GO:0033189,response to vitamin A,0.230663416
0,0.038374605,4,72,GO:0034113,heterotypic cell-cell adhesion,0.230663416
0,0.038724409,3,11,GO:0034144,negative regulation of toll-like receptor 4 signaling pathway,0.230663416
0,0.038692262,3,168,GO:0035006;GO:0035010;GO:0035011,melanization defense response,0.230663416
0,0.038724409,2,11,GO:0035426,extracellular matrix-cell signaling,0.230663416
0,0.038724409,2,11,GO:0035626,juvenile hormone mediated signaling pathway,0.230663416
0,0.038374605,3,72,GO:0036342,post-anal tail morphogenesis,0.230663416
0,0.038749445,2,59,GO:0040015,negative regulation of multicellular organism growth,0.230663416
0,0.038569682,3,42,GO:0045576,mast cell activation,0.230663416
0,0.038749445,3,59,GO:0045622,regulation of T-helper cell differentiation,0.230663416
0,0.038724409,2,11,GO:0046124;GO:0046122,purine deoxyribonucleoside metabolic process,0.230663416
0,0.038724409,5,11,GO:0046495;GO:0070637,nicotinamide riboside metabolic process,0.230663416
0,0.038724409,2,11,GO:0060030,dorsal convergence,0.230663416
0,0.038749445,4,59,GO:0060914,heart formation,0.230663416
0,0.038724409,2,11,GO:0097359,UDP-glucosylation,0.230663416
0,0.038749445,2,59,GO:1900745,positive regulation of p38MAPK cascade,0.230663416
0,0.038724409,3,11,GO:1901075,negative regulation of engulfment of apoptotic cell,0.230663416
0,0.038724409,4,11,GO:1903297;GO:1903298,negative regulation of hypoxia-induced intrinsic apoptotic signaling pathway,0.230663416
0,0.03919182,2,81,GO:0002704,negative regulation of leukocyte mediated immunity,0.232994737
0,0.03919182,2,81,GO:0120178,steroid hormone biosynthetic process,0.232994737
0,0.039333888,3,273,GO:0007173;GO:0038127,ERBB signaling pathway,0.233414998
0,0.03933875,4,22,GO:0061009,common bile duct development,0.233414998
0,0.03933875,3,22,GO:0080184,response to phenylpropanoid,0.233414998
0,0.039610558,6,38,GO:0030382,sperm mitochondrion organization,0.234724503
0,0.039680862,1,449,GO:0043473,pigmentation,0.234989502
0,0.039857092,2,2114,GO:0045596,negative regulation of cell differentiation,0.235881052
0,0.039887842,2,613,GO:0033157,regulation of intracellular protein transport,0.23591103
0,0.040135539,2,192,GO:0046824,positive regulation of nucleocytoplasmic transport,0.237223249
0,0.040484212,5,26,GO:0001881,receptor recycling,0.238211075
0,0.040484212,2,26,GO:0003159;GO:0061154,morphogenesis of an endothelium,0.238211075
0,0.040484212,4,26,GO:0006012,galactose metabolic process,0.238211075
0,0.040484212,5,26,GO:0034145,positive regulation of toll-like receptor 4 signaling pathway,0.238211075
0,0.040376823,4,34,GO:0060413,atrial septum morphogenesis,0.238211075
0,0.040376823,2,34,GO:0061864;GO:0070278,extracellular matrix constituent secretion,0.238211075
0,0.040550771,2,259,GO:0032091,negative regulation of protein binding,0.238449958
0,0.040733435,2,30,GO:0001911;GO:0031342;GO:0002716;GO:0045953,negative regulation of cell killing,0.239064921
0,0.040733435,2,30,GO:0034505;GO:0070166,tooth mineralization,0.239064921
0,0.040733435,5,30,GO:0048012,hepatocyte growth factor receptor signaling pathway,0.239064921
0,0.04086625,2,2597,GO:0032269;GO:0051248,negative regulation of protein metabolic process,0.239691253
0,0.041466416,3,298,GO:0022416,chaeta development,0.242908896
0,0.041467735,3,77,GO:0045932,negative regulation of muscle contraction,0.242908896
0,0.041600957,5,221,GO:0051607;GO:0140546,defense response to virus,0.243428437
0,0.041609433,2,104,GO:1901532,regulation of hematopoietic progenitor cell differentiation,0.243428437
0,0.041639187,5,599,GO:0009165;GO:1901293,nucleoside phosphate biosynthetic process,0.243447442
0,0.041897255,2,86,GO:0006623;GO:0072666,establishment of protein localization to vacuole,0.244800438
0,0.042290934,3,1084,GO:0034762;GO:0034765,regulation of transmembrane transport,0.246943568
0,0.04238678,2,141,GO:0061045,negative regulation of wound healing,0.247345979
0,0.042483189,2,51,GO:0050765,negative regulation of phagocytosis,0.247593966
0,0.042483189,4,51,GO:0061067,negative regulation of dauer larval development,0.247593966
0,0.042563501,2,207,GO:0010660,regulation of muscle cell apoptotic process,0.247904728
0,0.042678132,2,64,GO:0060439,trachea morphogenesis,0.248414856
0,0.042878769,3,118,GO:0010596,negative regulation of endothelial cell migration,0.249109105
0,0.042878769,2,118,GO:0070228,regulation of lymphocyte apoptotic process,0.249109105
0,0.042853286,2,255,GO:0140029,exocytic process,0.249109105
0,0.043165808,2,174,GO:0051881,regulation of mitochondrial membrane potential,0.25061817
0,0.043470987,2,630,GO:0060485,mesenchyme development,0.252230587
0,0.045027755,2,151,GO:0001776;GO:0002260,leukocyte homeostasis,0.253773301
0,0.045035436,5,8,GO:0002032,desensitization of G protein-coupled receptor signaling pathway by arrestin,0.253773301
0,0.045035436,2,8,GO:0002522,leukocyte migration involved in immune response,0.253773301
0,0.044336403,2,47,GO:0002532,production of molecular mediator involved in inflammatory response,0.253773301
0,0.04495938,3,60,GO:0002707,negative regulation of lymphocyte mediated immunity,0.253773301
0,0.045035436,4,8,GO:0003428,chondrocyte intercalation involved in growth plate cartilage morphogenesis,0.253773301
0,0.045035436,2,8,GO:0006127,glycerophosphate shuttle,0.253773301
0,0.045035436,2,8,GO:0006172,ADP biosynthetic process,0.253773301
0,0.045035436,4,8,GO:0006701,progesterone biosynthetic process,0.253773301
0,0.045035436,5,8,GO:0006880;GO:0097577,intracellular sequestering of iron ion,0.253773301
0,0.044607068,2,123,GO:0007379,segment specification,0.253773301
0,0.045035436,2,8,GO:0007624,ultradian rhythm,0.253773301
0,0.045035436,2,8,GO:0010724,regulation of definitive erythrocyte differentiation,0.253773301
0,0.045035436,2,8,GO:0010986,positive regulation of lipoprotein particle clearance,0.253773301
0,0.045035436,2,8,GO:0014816,skeletal muscle satellite cell differentiation,0.253773301
0,0.044336403,2,47,GO:0018198,peptidyl-cysteine modification,0.253773301
0,0.0441599,2,179,GO:0032570,response to progesterone,0.253773301
0,0.045035436,3,8,GO:0032713,negative regulation of interleukin-4 production,0.253773301
0,0.044185883,3,100,GO:0032729,positive regulation of interferon-gamma production,0.253773301
0,0.043868354,2,73,GO:0032891,negative regulation of organic acid transport,0.253773301
0,0.045035436,4,8,GO:0033026,negative regulation of mast cell apoptotic process,0.253773301
0,0.045035436,2,8,GO:0033152,immunoglobulin V(D)J recombination,0.253773301
0,0.045035436,2,8,GO:0034384,high-density lipoprotein particle clearance,0.253773301
0,0.044607068,2,123,GO:0036296;GO:0055093,response to increased oxygen levels,0.253773301
0,0.044476971,5,91,GO:0043491,protein kinase B signaling,0.253773301
0,0.045035436,2,8,GO:0045630;GO:0060010,positive regulation of T-helper 2 cell differentiation,0.253773301
0,0.045035436,2,8,GO:0045919,positive regulation of cytolysis,0.253773301
0,0.045035436,2,8,GO:0046725,negative regulation by virus of viral protein levels in host cell,0.253773301
0,0.045035436,-1,8,GO:0051088,obsolete PMA-inducible membrane protein ectodomain proteolysis,0.253773301
0,0.045035436,2,8,GO:0051389,inactivation of MAPKK activity,0.253773301
0,0.045035436,4,8,GO:0061334;GO:0061352;GO:0061353,cell chemotaxis involved in Malpighian tubule morphogenesis,0.253773301
0,0.044412134,4,82,GO:0070593,dendrite self-avoidance,0.253773301
0,0.044907704,3,822,GO:0071214;GO:0104004,cellular response to environmental stimulus,0.253773301
0,0.044879604,2,309,GO:0071322;GO:0071326;GO:0001678;GO:0071331;GO:0071333,cellular response to carbohydrate stimulus,0.253773301
0,0.044336403,2,47,GO:0071871;GO:0071872,response to epinephrine,0.253773301
0,0.045035436,2,8,GO:0072071;GO:0072141,kidney interstitial fibroblast differentiation,0.253773301
0,0.045035436,5,8,GO:0086021;GO:0086053,AV node cell to bundle of His cell communication by electrical coupling,0.253773301
0,0.044833788,2,275,GO:0097306,cellular response to alcohol,0.253773301
0,0.045035436,3,8,GO:0097532;GO:0097533,cellular stress response to acid chemical,0.253773301
0,0.045035436,6,8,GO:0110022;GO:0110024,regulation of cardiac muscle myoblast proliferation,0.253773301
0,0.045035436,4,8,GO:0110112,regulation of lipid transporter activity,0.253773301
0,0.045035436,3,8,GO:1901329,regulation of odontoblast differentiation,0.253773301
0,0.044336403,2,47,GO:1902513,regulation of organelle transport along microtubule,0.253773301
0,0.044412134,2,82,GO:1903077;GO:1904376;GO:1905476,negative regulation of protein localization to membrane,0.253773301
0,0.044336403,4,47,GO:1903726,negative regulation of phospholipid metabolic process,0.253773301
0,0.045035436,2,8,GO:1904179,positive regulation of adipose tissue development,0.253773301
0,0.045627224,2,15,GO:0006451,translational readthrough,0.255696191
0,0.045627224,3,15,GO:0032377;GO:0032380;GO:0032383,regulation of intracellular sterol transport,0.255696191
0,0.045627224,2,15,GO:0035655;GO:0070673;GO:0071351,response to interleukin-18,0.255696191
0,0.045627224,2,15,GO:0042473,outer ear morphogenesis,0.255696191
0,0.045627224,4,15,GO:0044789;GO:0044791,modulation by host of viral release from host cell,0.255696191
0,0.045627224,5,15,GO:0045313,rhabdomere membrane biogenesis,0.255696191
0,0.045627224,4,15,GO:0051683,establishment of Golgi localization,0.255696191
0,0.045627224,2,15,GO:0072201,negative regulation of mesenchymal cell proliferation,0.255696191
0,0.045627224,3,15,GO:1905073;GO:1905075,regulation of tight junction disassembly,0.255696191
0,0.046128464,2,43,GO:0043116,negative regulation of vascular permeability,0.258347525
0,0.046267849,4,457,GO:0050821,protein stabilization,0.258655015
0,0.046261548,2,128,GO:0050871,positive regulation of B cell activation,0.258655015
0,0.046261548,2,128,GO:0060425,lung morphogenesis,0.258655015
0,0.046397157,3,69,GO:0046039,GTP metabolic process,0.258747959
0,0.046397157,2,69,GO:0060037,pharyngeal system development,0.258747959
0,0.046394239,2,383,GO:1903364,positive regulation of cellular protein catabolic process,0.258747959
0,0.046357737,2,105,GO:2001038;GO:1901031;GO:1903205,regulation of response to reactive oxygen species,0.258747959
0,0.046455003,4,142,GO:1903053,regulation of extracellular matrix organization,0.258913353
0,0.047286886,2,242,GO:0000132;GO:0051294,establishment of spindle orientation,0.261242349
0,0.048054468,3,223,GO:0001570,vasculogenesis,0.261242349
0,0.047079854,4,78,GO:0002711,positive regulation of T cell mediated immunity,0.261242349
0,0.048351877,2,5,GO:0002924,negative regulation of humoral immune response mediated by circulating immunoglobulin,0.261242349
0,0.048351877,2,5,GO:0006059,hexitol metabolic process,0.261242349
0,0.047844531,2,133,GO:0006081,cellular aldehyde metabolic process,0.261242349
0,0.04746087,2,161,GO:0006090,pyruvate metabolic process,0.261242349
0,0.048351877,2,5,GO:0006154,adenosine catabolic process,0.261242349
0,0.047316355,2,56,GO:0008592,regulation of Toll signaling pathway,0.261242349
0,0.048351877,2,5,GO:0009182,purine deoxyribonucleoside diphosphate metabolic process,0.261242349
0,0.047079854,4,78,GO:0010800,positive regulation of peptidyl-threonine phosphorylation,0.261242349
0,0.048351877,2,5,GO:0010920,negative regulation of inositol phosphate biosynthetic process,0.261242349
0,0.048351877,2,5,GO:0019747,regulation of isoprenoid metabolic process,0.261242349
0,0.047316355,4,56,GO:0032692,negative regulation of interleukin-1 production,0.261242349
0,0.048351877,4,5,GO:0042350,GDP-L-fucose biosynthetic process,0.261242349
0,0.048351877,3,5,GO:0042360,vitamin E metabolic process,0.261242349
0,0.048351877,6,5,GO:0044338;GO:0072497,canonical Wnt signaling pathway involved in mesenchymal stem cell differentiation,0.261242349
0,0.048351877,4,5,GO:0045338,farnesyl diphosphate metabolic process,0.261242349
0,0.047408371,2,119,GO:0045744,negative regulation of G protein-coupled receptor signaling pathway,0.261242349
0,0.048351877,3,5,GO:0046292,formaldehyde metabolic process,0.261242349
0,0.048351877,2,5,GO:0048669,collateral sprouting in absence of injury,0.261242349
0,0.047798662,3,39,GO:0051639,actin filament network formation,0.261242349
0,0.047316355,3,56,GO:0055012,ventricular cardiac muscle cell differentiation,0.261242349
0,0.048351877,3,5,GO:0060051,negative regulation of protein glycosylation,0.261242349
0,0.047798662,6,39,GO:0060215,primitive hemopoiesis,0.261242349
0,0.047798662,4,39,GO:0060269,centripetally migrating follicle cell migration,0.261242349
0,0.048351877,2,5,GO:0060352,cell adhesion molecule production,0.261242349
0,0.047079854,3,78,GO:0060512;GO:0060740,prostate gland morphogenesis,0.261242349
0,0.048351877,2,5,GO:0060574,intestinal epithelial cell maturation,0.261242349
0,0.048351877,2,5,GO:0061341;GO:0061346,non-canonical Wnt signaling pathway involved in heart development,0.261242349
0,0.048351877,2,5,GO:0070563,negative regulation of vitamin D receptor signaling pathway,0.261242349
0,0.047316355,4,56,GO:0071295,cellular response to vitamin,0.261242349
0,0.047209834,2,87,GO:0071470,cellular response to osmotic stress,0.261242349
0,0.048010456,3,315,GO:0090100,positive regulation of transmembrane receptor protein serine/threonine kinase signaling pathway,0.261242349
0,0.048351877,3,5,GO:0090210,regulation of establishment of blood-brain barrier,0.261242349
0,0.048351877,2,5,GO:0090249,regulation of cell migration involved in somitogenic axis elongation,0.261242349
0,0.048351877,2,5,GO:0097051,establishment of protein localization to endoplasmic reticulum membrane,0.261242349
0,0.048351877,2,5,GO:0097176,epoxide metabolic process,0.261242349
0,0.048351877,2,5,GO:0098905,regulation of bundle of His cell action potential,0.261242349
0,0.047798662,2,39,GO:0110011,regulation of basement membrane organization,0.261242349
0,0.047798662,2,39,GO:0140115,export across plasma membrane,0.261242349
0,0.048351877,6,5,GO:1900161;GO:1900163;GO:0110113,regulation of phospholipid scramblase activity,0.261242349
0,0.048351877,5,5,GO:1900241,positive regulation of phenotypic switching,0.261242349
0,0.048351877,2,5,GO:1901873,regulation of post-translational protein modification,0.261242349
0,0.048351877,2,5,GO:1902581;GO:1902583,multi-organism cellular localization,0.261242349
0,0.048351877,3,5,GO:1903027,regulation of opsonization,0.261242349
0,0.048351877,5,5,GO:1904351;GO:1905166,negative regulation of lysosomal protein catabolic process,0.261242349
0,0.048351877,4,5,GO:1904425,negative regulation of GTP binding,0.261242349
0,0.048351877,2,5,GO:1904732,regulation of electron transfer activity,0.261242349
0,0.048351877,3,5,GO:1905407;GO:1905408,regulation of creatine transmembrane transporter activity,0.261242349
0,0.048351877,4,5,GO:2001027,negative regulation of endothelial cell chemotaxis,0.261242349
0,0.048422123,2,252,GO:0006903,vesicle targeting,0.261468076
0,0.049056384,3,65,GO:0002888,positive regulation of myeloid leukocyte mediated immunity,0.263202019
0,0.049204745,3,19,GO:0006188,IMP biosynthetic process,0.263202019
0,0.049259039,2,35,GO:0015865;GO:0015868;GO:0051503,purine nucleotide transport,0.263202019
0,0.049259039,3,35,GO:0030497;GO:0042761,very long-chain fatty acid biosynthetic process,0.263202019
0,0.049204745,2,19,GO:0033689,negative regulation of osteoblast proliferation,0.263202019
0,0.049259039,2,35,GO:0043555,regulation of translation in response to stress,0.263202019
0,0.049056384,2,65,GO:0051220,cytoplasmic sequestering of protein,0.263202019
0,0.049204745,5,19,GO:0060315,negative regulation of ryanodine-sensitive calcium-release channel activity,0.263202019
0,0.049204745,10,19,GO:0070243,regulation of thymocyte apoptotic process,0.263202019
0,0.049171008,3,124,GO:0070873;GO:0032881,regulation of polysaccharide metabolic process,0.263202019
0,0.049259039,4,35,GO:0071107;GO:0071374,response to parathyroid hormone,0.263202019
0,0.049259039,2,35,GO:0071305,cellular response to vitamin D,0.263202019
0,0.049259039,3,35,GO:0090153;GO:1905038;GO:2000303,regulation of sphingolipid biosynthetic process,0.263202019
0,0.049204745,2,19,GO:0097210;GO:0097211,response to gonadotropin-releasing hormone,0.263202019
0,0.049134093,1,152,GO:0098754;GO:0098869;GO:1990748,detoxification,0.263202019
0,0.049204745,4,19,GO:1900084;GO:1900086,regulation of peptidyl-tyrosine autophosphorylation,0.263202019
0,0.049259039,6,35,GO:1901679,nucleotide transmembrane transport,0.263202019
0,0.049204745,5,19,GO:1903589,positive regulation of blood vessel endothelial cell proliferation involved in sprouting angiogenesis,0.263202019
0,0.049374748,3,209,GO:1902106,negative regulation of leukocyte differentiation,0.263666894
0,0.049699567,2,171,GO:0016239,positive regulation of macroautophagy,0.265247254
0,0.049908601,3,74,GO:0002715;GO:0042269,regulation of natural killer cell mediated immunity,0.26574522
0,0.049908601,2,74,GO:0046940,nucleoside monophosphate phosphorylation,0.26574522
0,0.04986459,3,92,GO:0071526,semaphorin-plexin signaling pathway,0.26574522
0,0.04986459,5,92,GO:1904645;GO:1904646,response to amyloid-beta,0.26574522
0,0.050213383,2,1597,GO:0007568,aging,0.267213165
0,0.050401128,2,115,GO:0006195;GO:0072523,purine-containing compound catabolic process,0.267901829
0,0.050380514,3,31,GO:1902916,positive regulation of protein polyubiquitination,0.267901829
0,0.050970234,2,27,GO:0002786;GO:0002803;GO:0002808;GO:0006963,regulation of antibacterial peptide production,0.268287452
0,0.050970234,3,27,GO:0006085,acetyl-CoA biosynthetic process,0.268287452
0,0.050733207,3,23,GO:0010248,establishment or maintenance of transmembrane electrochemical gradient,0.268287452
0,0.050733207,2,23,GO:0014745,negative regulation of muscle adaptation,0.268287452
0,0.050970234,2,27,GO:0030730,sequestering of triglyceride,0.268287452
0,0.050733207,5,23,GO:0032025,response to cobalt ion,0.268287452
0,0.050970234,2,27,GO:0032695,negative regulation of interleukin-12 production,0.268287452
0,0.050733207,6,23,GO:0033623,regulation of integrin activation,0.268287452
0,0.050854342,4,219,GO:0035023,regulation of Rho protein signal transduction,0.268287452
0,0.050970234,3,27,GO:0046655,folic acid metabolic process,0.268287452
0,0.050733207,2,23,GO:0060056,mammary gland involution,0.268287452
0,0.050733207,2,23,GO:0071896,protein localization to adherens junction,0.268287452
0,0.050970234,2,27,GO:0072177,mesonephric duct development,0.268287452
0,0.050970234,7,27,GO:0090026,positive regulation of monocyte chemotaxis,0.268287452
0,0.050916649,2,316,GO:0090101,negative regulation of transmembrane receptor protein serine/threonine kinase signaling pathway,0.268287452
0,0.050733207,2,23,GO:0090270,regulation of fibroblast growth factor production,0.268287452
0,0.050733207,2,23,GO:0110010,basolateral protein secretion,0.268287452
0,0.051301415,2,479,GO:1902115,regulation of organelle assembly,0.269876001
0,0.051490813,2,106,GO:0046849,bone remodeling,0.270717295
0,0.051590576,4,162,GO:0019359;GO:0019363;GO:0072525,pyridine-containing compound biosynthetic process,0.271086635
0,0.051846397,2,61,GO:0018149,peptide cross-linking,0.271964112
0,0.051846397,2,61,GO:0060314,regulation of ryanodine-sensitive calcium-release channel activity,0.271964112
0,0.051846397,2,61,GO:1901522,positive regulation of transcription from RNA polymerase II promoter involved in cellular response to chemical stimulus,0.271964112
0,0.052192198,2,48,GO:0001914;GO:0001916,regulation of T cell mediated cytotoxicity,0.27330977
0,0.052192198,3,48,GO:0010866,regulation of triglyceride biosynthetic process,0.27330977
0,0.052166311,6,292,GO:0032006,regulation of TOR signaling,0.27330977
0,0.052279717,2,120,GO:0033077,T cell differentiation in thymus,0.27361208
0,0.052381248,2,97,GO:0045687,positive regulation of glial cell differentiation,0.273831394
0,0.052381248,3,97,GO:0098586,cellular response to virus,0.273831394
0,0.052629615,2,695,GO:0044403,biological process involved in symbiotic interaction,0.274973272
0,0.052753019,2,263,GO:0007160,cell-matrix adhesion,0.275461331
0,0.05290643,5,70,GO:0030041,actin filament polymerization,0.275948642
0,0.05290643,2,70,GO:0032653;GO:0032733,regulation of interleukin-10 production,0.275948642
0,0.052993133,5,88,GO:0034334,adherens junction maintenance,0.276087312
0,0.052993133,3,88,GO:1901985,positive regulation of protein acetylation,0.276087312
0,0.053383383,2,361,GO:0007447,imaginal disc pattern formation,0.277852503
0,0.053422702,2,455,GO:0016202;GO:0048634;GO:1901861,regulation of muscle organ development,0.277852503
0,0.053422702,3,455,GO:0048762,mesenchymal cell differentiation,0.277852503
0,0.053510739,2,153,GO:0046470,phosphatidylcholine metabolic process,0.278152879
0,0.053600378,2,111,GO:0072665,protein localization to vacuole,0.278461241
0,0.053805183,4,600,GO:0048872,homeostasis of number of cells,0.279367216
0,0.053953649,2,317,GO:0030510,regulation of BMP signaling pathway,0.279979813
0,0.053988964,2,139,GO:0002040,sprouting angiogenesis,0.280004877
0,0.0546553,4,44,GO:0010447,response to acidic pH,0.28298136
0,0.0546553,4,44,GO:0032483,regulation of Rab protein signal transduction,0.28298136
0,0.0546553,3,44,GO:2000406,positive regulation of T cell migration,0.28298136
0,0.054764758,2,57,GO:0042694,muscle cell fate specification,0.283388341
0,0.054873859,4,2783,GO:0015031;GO:0015833;GO:0045184;GO:0042886,establishment of protein localization,0.283793015
0,0.055392873,2,293,GO:0002262;GO:0030218;GO:0034101,myeloid cell homeostasis,0.286316001
0,0.055603362,2,116,GO:0002709,regulation of T cell mediated immunity,0.287080877
0,0.055603362,2,116,GO:0008154,actin polymerization or depolymerization,0.287080877
0,0.055707124,2,93,GO:0070498,interleukin-1-mediated signaling pathway,0.287455019
0,0.056519516,3,712,GO:0002521,leukocyte differentiation,0.288118076
0,0.056406445,5,12,GO:0007383;GO:2000495;GO:2000497,regulation of cell proliferation involved in compound eye morphogenesis,0.288118076
0,0.056518227,6,75,GO:0009744;GO:0034285,response to disaccharide,0.288118076
0,0.056518227,2,75,GO:0010661,positive regulation of muscle cell apoptotic process,0.288118076
0,0.056406445,3,12,GO:0022614,membrane to membrane docking,0.288118076
0,0.056518227,3,75,GO:0031063,regulation of histone deacetylation,0.288118076
0,0.056080969,3,66,GO:0032743,positive regulation of interleukin-2 production,0.288118076
0,0.056406445,3,12,GO:0035964;GO:0048200;GO:0048205,Golgi transport vesicle coating,0.288118076
0,0.056406445,2,12,GO:0038063,collagen-activated tyrosine kinase receptor signaling pathway,0.288118076
0,0.056525724,2,367,GO:0042440,pigment metabolic process,0.288118076
0,0.055979077,6,163,GO:0061178,regulation of insulin secretion involved in cellular response to glucose stimulus,0.288118076
0,0.056406445,2,12,GO:0071409,cellular response to cycloheximide,0.288118076
0,0.056406445,2,12,GO:0072656,maintenance of protein location in mitochondrion,0.288118076
0,0.056406445,2,12,GO:0072741;GO:1905345,protein localization to cell division site,0.288118076
0,0.056406445,4,12,GO:1901299,negative regulation of hydrogen peroxide-mediated programmed cell death,0.288118076
0,0.056406445,2,12,GO:1901492,positive regulation of lymphangiogenesis,0.288118076
0,0.056080969,3,66,GO:1902003;GO:1902991,regulation of amyloid precursor protein catabolic process,0.288118076
0,0.055979077,2,163,GO:1903670,regulation of sprouting angiogenesis,0.288118076
0,0.056406445,7,12,GO:1904508,regulation of protein localization to basolateral plasma membrane,0.288118076
0,0.056406445,4,12,GO:1905206;GO:2001040,positive regulation of cellular response to drug,0.288118076
0,0.056406445,4,12,GO:2000015,regulation of determination of dorsal identity,0.288118076
0,0.056406445,4,12,GO:2000051,negative regulation of non-canonical Wnt signaling pathway,0.288118076
0,0.057063623,4,778,GO:0051648;GO:0051650,vesicle localization,0.290266701
0,0.057022617,2,107,GO:0090311,regulation of protein deacetylation,0.290266701
0,0.05707367,3,40,GO:0097186,amelogenesis,0.290266701
0,0.05707367,4,40,GO:1902004;GO:1902993,positive regulation of amyloid precursor protein catabolic process,0.290266701
0,0.057130459,3,168,GO:0031076;GO:0048048;GO:0048596,embryonic camera-type eye development,0.290394725
0,0.0573882,2,135,GO:0010939,regulation of necrotic cell death,0.291382318
0,0.0573882,3,135,GO:0033627,cell adhesion mediated by integrin,0.291382318
0,0.057426074,2,323,GO:0048066,developmental pigmentation,0.291413529
0,0.057504518,3,121,GO:0045824,negative regulation of innate immune response,0.291650469
0,0.057788038,4,3057,GO:0000904;GO:0048812;GO:0120039;GO:0048858;GO:0032990;GO:0048667,cell morphogenesis involved in differentiation,0.292527719
0,0.057713249,4,216,GO:0001938,positive regulation of endothelial cell proliferation,0.292527719
0,0.057804879,2,53,GO:0045986,negative regulation of smooth muscle contraction,0.292527719
0,0.057804879,2,53,GO:0055115;GO:0043053,entry into diapause,0.292527719
0,0.058187454,2,936,GO:0010959,regulation of metal ion transport,0.294301635
0,0.058268884,2,98,GO:0061951,establishment of protein localization to plasma membrane,0.294551293
0,0.058591248,2,587,GO:0051235,maintenance of location,0.296017939
0,0.05892784,3,140,GO:0006767,water-soluble vitamin metabolic process,0.297391322
0,0.05892784,3,140,GO:0051124,synaptic growth at neuromuscular junction,0.297391322
0,0.059159154,5,112,GO:0006687,glycosphingolipid metabolic process,0.297843519
0,0.059264687,2,89,GO:0007585,respiratory gaseous exchange by respiratory system,0.297843519
0,0.059438995,2,62,GO:0019731,antibacterial humoral response,0.297843519
0,0.059438995,2,62,GO:0030574,collagen catabolic process,0.297843519
0,0.059438995,2,62,GO:0030713,ovarian follicle cell stalk formation,0.297843519
0,0.059308577,2,126,GO:0030810;GO:0045981;GO:1900373;GO:1900544;GO:1903580,positive regulation of nucleotide metabolic process,0.297843519
0,0.059264687,4,89,GO:0034123;GO:0062208,positive regulation of pattern recognition receptor signaling pathway,0.297843519
0,0.059371777,3,36,GO:0034755,iron ion transmembrane transport,0.297843519
0,0.059438995,2,62,GO:0042339;GO:0018146,keratan sulfate metabolic process,0.297843519
0,0.059063143,3,1810,GO:0051656;GO:0051640,organelle localization,0.297843519
0,0.059308577,4,126,GO:0061005;GO:0035850,cell differentiation involved in kidney development,0.297843519
0,0.059264687,2,89,GO:1900744,regulation of p38MAPK cascade,0.297843519
0,0.059438995,2,62,GO:1903306,negative regulation of regulated secretory pathway,0.297843519
0,0.060032914,3,71,GO:0032418,lysosome localization,0.300655569
0,0.060391994,3,145,GO:1903307,positive regulation of regulated secretory pathway,0.302289081
0,0.060954011,2,49,GO:0002479;GO:0042590,antigen processing and presentation of exogenous peptide antigen via MHC class I,0.304770054
0,0.060954011,4,49,GO:0033564,anterior/posterior axon guidance,0.304770054
0,0.061031732,5,912,GO:0042176,regulation of protein catabolic process,0.304992631
0,0.061433332,4,553,GO:0007178,transmembrane receptor protein serine/threonine kinase signaling pathway,0.305513258
0,0.061435273,3,32,GO:0016137,glycoside metabolic process,0.305513258
0,0.061435273,2,32,GO:0030708,germarium-derived female germ-line cyst encapsulation,0.305513258
0,0.061435273,4,32,GO:0038066,p38MAPK cascade,0.305513258
0,0.061435273,3,32,GO:0038111;GO:0098760;GO:0098761,cellular response to interleukin-7,0.305513258
0,0.061435273,4,32,GO:0038180,nerve growth factor signaling pathway,0.305513258
0,0.061435273,8,32,GO:0045186,zonula adherens assembly,0.305513258
0,0.061435273,3,32,GO:0045624,positive regulation of T-helper cell differentiation,0.305513258
0,0.061435273,2,32,GO:0048382,mesendoderm development,0.305513258
0,0.061792936,3,16,GO:0003160,endocardium morphogenesis,0.305801787
0,0.061792936,4,16,GO:0008611;GO:0046504;GO:0097384;GO:1901503,cellular lipid biosynthetic process,0.305801787
0,0.061792936,2,16,GO:0010512,negative regulation of phosphatidylinositol biosynthetic process,0.305801787
0,0.061792936,3,16,GO:0031649,heat generation,0.305801787
0,0.061792936,2,16,GO:0045678;GO:0110117,positive regulation of R7 cell differentiation,0.305801787
0,0.061677875,4,488,GO:0060173,limb development,0.305801787
0,0.061792936,4,16,GO:0060831,smoothened signaling pathway involved in dorsal/ventral neural tube patterning,0.305801787
0,0.061792936,2,16,GO:0070391;GO:0071223,response to lipoteichoic acid,0.305801787
0,0.061792936,2,16,GO:0070493,thrombin-activated receptor signaling pathway,0.305801787
0,0.06308822,2,28,GO:0002507,tolerance induction,0.309804557
0,0.06308822,4,28,GO:0019400;GO:0006071,alditol metabolic process,0.309804557
0,0.063072687,2,85,GO:0030511;GO:1903846,positive regulation of transforming growth factor beta receptor signaling pathway,0.309804557
0,0.063072687,2,85,GO:0032509;GO:0071985,multivesicular body sorting pathway,0.309804557
0,0.06308822,4,28,GO:0033129,positive regulation of histone phosphorylation,0.309804557
0,0.063072687,3,85,GO:0033198,response to ATP,0.309804557
0,0.062643829,2,136,GO:0034698,response to gonadotropin,0.309804557
0,0.063107711,2,155,GO:0045428;GO:0080164,regulation of nitric oxide metabolic process,0.309804557
0,0.06308822,3,28,GO:0050667,homocysteine metabolic process,0.309804557
0,0.063107711,2,155,GO:0050994,regulation of lipid catabolic process,0.309804557
0,0.06308822,2,28,GO:0061057,peptidoglycan recognition protein signaling pathway,0.309804557
0,0.06308822,3,28,GO:0061930;GO:0061931;GO:0090086;GO:1902838,negative regulation of protein deubiquitination,0.309804557
0,0.06308822,3,28,GO:0090110,COPII-coated vesicle cargo loading,0.309804557
0,0.06308822,5,28,GO:1990314,cellular response to insulin-like growth factor stimulus,0.309804557
0,0.063268357,2,1570,GO:0010638,positive regulation of organelle organization,0.310427274
0,0.063776024,6,67,GO:0009262;GO:0009394;GO:0019692,deoxyribonucleotide metabolic process,0.311093485
0,0.063878314,3,20,GO:0010041,response to iron(III) ion,0.311093485
0,0.063717682,2,76,GO:0034629,cellular protein-containing complex localization,0.311093485
0,0.063878314,5,20,GO:0035507;GO:0035509,regulation of myosin-light-chain-phosphatase activity,0.311093485
0,0.063878314,5,20,GO:0036005;GO:0036006,response to macrophage colony-stimulating factor,0.311093485
0,0.063878314,8,20,GO:0036289,peptidyl-serine autophosphorylation,0.311093485
0,0.063878314,2,20,GO:0048682,sprouting of injured axon,0.311093485
0,0.063878314,5,20,GO:0060373,regulation of ventricular cardiac muscle cell membrane depolarization,0.311093485
0,0.063878314,2,20,GO:0060484,lung-associated mesenchyme development,0.311093485
0,0.063878314,2,20,GO:0060978,angiogenesis involved in coronary vascular morphogenesis,0.311093485
0,0.063878314,2,20,GO:0099010,modification of postsynaptic structure,0.311093485
0,0.063878314,3,20,GO:1905812;GO:1905815,regulation of dorsal/ventral axon guidance,0.311093485
0,0.063878314,5,20,GO:2000489,regulation of hepatic stellate cell activation,0.311093485
0,0.064053262,4,24,GO:0001993;GO:0003321,regulation of systemic arterial blood pressure by norepinephrine-epinephrine,0.311285296
0,0.064053262,2,24,GO:0002830;GO:0032754,positive regulation of type 2 immune response,0.311285296
0,0.064053262,3,24,GO:0019852,L-ascorbic acid metabolic process,0.311285296
0,0.064053262,2,24,GO:0060049,regulation of protein glycosylation,0.311285296
0,0.064190204,2,45,GO:0014733,regulation of skeletal muscle adaptation,0.311456431
0,0.064190204,6,45,GO:0030851,granulocyte differentiation,0.311456431
0,0.064190204,2,45,GO:0032656;GO:0032674,regulation of interleukin-13 production,0.311456431
0,0.064300754,2,444,GO:0046620,regulation of organ growth,0.3118281
0,0.064365869,4,160,GO:0008630,intrinsic apoptotic signaling pathway in response to DNA damage,0.31197916
0,0.064610481,5,99,GO:0060251,regulation of glial cell proliferation,0.312999616
0,0.065561721,2,165,GO:0001910;GO:0031341,regulation of cell killing,0.317440384
0,0.066040281,5,90,GO:0060428,lung epithelium development,0.319252621
0,0.066040281,2,90,GO:1903747,regulation of establishment of protein localization to mitochondrion,0.319252621
0,0.066040281,2,90,GO:2001024,negative regulation of response to drug,0.319252621
0,0.066107714,2,218,GO:1903725,regulation of phospholipid metabolic process,0.319410498
0,0.066579784,4,257,GO:0006855,drug transmembrane transport,0.321522247
0,0.066614793,2,132,GO:0043647,inositol phosphate metabolic process,0.321522265
0,0.066698209,2,170,GO:0001752;GO:0042706;GO:0046552,photoreceptor cell fate commitment,0.321711712
0,0.066724095,5,54,GO:0071679,commissural neuron axon guidance,0.321711712
0,0.067163041,6,425,GO:0007528,neuromuscular junction development,0.322811373
0,0.067151762,2,81,GO:0032374;GO:0032371,regulation of cholesterol transport,0.322811373
0,0.067151762,2,81,GO:0038034;GO:0097192,signal transduction in absence of ligand,0.322811373
0,0.067144491,4,118,GO:0050918,positive chemotaxis,0.322811373
0,0.067151762,3,81,GO:0060765,regulation of androgen receptor signaling pathway,0.322811373
0,0.067151762,4,81,GO:0090313;GO:0090314,regulation of protein targeting to membrane,0.322811373
0,0.067251581,2,1428,GO:0009636,response to toxic substance,0.323067873
0,0.06747759,4,41,GO:0060841,venous blood vessel development,0.323984144
0,0.067797213,3,72,GO:0009154;GO:0009261,ribonucleotide catabolic process,0.32467018
0,0.067797213,2,72,GO:0035337;GO:0046949,fatty-acyl-CoA metabolic process,0.32467018
0,0.067797213,2,72,GO:1904707,positive regulation of vascular associated smooth muscle cell proliferation,0.32467018
0,0.067797213,4,72,GO:1905314,semi-lunar valve development,0.32467018
0,0.067778132,4,175,GO:1905953,negative regulation of lipid localization,0.32467018
0,0.068063046,2,233,GO:0001942;GO:0022405;GO:0042633;GO:0098773,hair cycle,0.325773359
0,0.069321637,6,9,GO:0001514,selenocysteine incorporation,0.327530471
0,0.069321637,2,9,GO:0001923;GO:0002337,B-1 B cell differentiation,0.327530471
0,0.069321637,2,9,GO:0002554,serotonin secretion by platelet,0.327530471
0,0.069321637,7,9,GO:0006148;GO:0006149;GO:0046094;GO:0006161;GO:0042453;GO:0006738;GO:0070638;GO:0008617;GO:0046115,guanosine metabolic process,0.327530471
0,0.069321637,3,9,GO:0006532;GO:0006533;GO:0019550,aspartate catabolic process,0.327530471
0,0.069321637,3,9,GO:0014005,microglia development,0.327530471
0,0.069321637,2,9,GO:0021775;GO:0021910;GO:0021776,smoothened signaling pathway involved in ventral spinal cord patterning,0.327530471
0,0.069321637,3,9,GO:0030309;GO:0030311,poly-N-acetyllactosamine metabolic process,0.327530471
0,0.069321637,4,9,GO:0032379;GO:0032382;GO:0032385,positive regulation of intracellular cholesterol transport,0.327530471
0,0.069321637,2,9,GO:0035074,pupation,0.327530471
0,0.069321637,3,9,GO:0038189;GO:0038190;GO:1902336,neuropilin signaling pathway,0.327530471
0,0.069321637,3,9,GO:0043366,beta selection,0.327530471
0,0.069321637,2,9,GO:0050941,negative regulation of pigment cell differentiation,0.327530471
0,0.069321637,2,9,GO:0060035,notochord cell development,0.327530471
0,0.069321637,2,9,GO:0061734,parkin-mediated stimulation of mitophagy in response to mitochondrial depolarization,0.327530471
0,0.069321637,4,9,GO:0071104,response to interleukin-9,0.327530471
0,0.069321637,2,9,GO:0071593,lymphocyte aggregation,0.327530471
0,0.069321637,2,9,GO:0072223;GO:0072262;GO:2000491,positive regulation of hepatic stellate cell activation,0.327530471
0,0.069321637,3,9,GO:0072237,metanephric proximal tubule development,0.327530471
0,0.069321637,8,9,GO:0072244,metanephric glomerular epithelium development,0.327530471
0,0.069321637,3,9,GO:0098713;GO:1903801,leucine import across plasma membrane,0.327530471
0,0.068973578,5,926,GO:1901214,regulation of neuron death,0.327530471
0,0.069321637,4,9,GO:1990410,adrenomedullin receptor signaling pathway,0.327530471
0,0.069321637,7,9,GO:2000097,regulation of smooth muscle cell-matrix adhesion,0.327530471
0,0.069321637,2,9,GO:2000271,positive regulation of fibroblast apoptotic process,0.327530471
0,0.069765189,2,142,GO:0048538,thymus development,0.329456692
0,0.0699216,3,214,GO:0019730,antimicrobial humoral response,0.33002564
0,0.070351742,2,86,GO:0045920,negative regulation of exocytosis,0.331714965
0,0.070351742,6,86,GO:1904031;GO:0045737,positive regulation of cyclin-dependent protein kinase activity,0.331714965
0,0.0704075,5,307,GO:0001959;GO:0060759,regulation of response to cytokine stimulus,0.331807537
0,0.070652733,2,50,GO:0006084,acetyl-CoA metabolic process,0.332451514
0,0.070652733,2,50,GO:0010042,response to manganese ion,0.332451514
0,0.070652733,5,50,GO:0048009,insulin-like growth factor receptor signaling pathway,0.332451514
0,0.07075889,3,37,GO:0036065,fucosylation,0.332610239
0,0.07075889,2,37,GO:0060218,hematopoietic stem cell differentiation,0.332610239
0,0.071194069,4,263,GO:0061097,regulation of protein tyrosine kinase activity,0.334405287
0,0.071213581,2,147,GO:1902305,regulation of sodium ion transmembrane transport,0.334405287
0,0.071284742,4,224,GO:0072384,organelle transport along microtubule,0.3345684
0,0.071524681,3,77,GO:0000096,sulfur amino acid metabolic process,0.33518071
0,0.071482886,2,114,GO:0051055,negative regulation of lipid biosynthetic process,0.33518071
0,0.071524681,6,77,GO:1904385;GO:1990776,response to angiotensin,0.33518071
0,0.071918105,3,1410,GO:0010817,regulation of hormone levels,0.33685252
0,0.072003947,6,59,GO:0045453,bone resorption,0.337082698
0,0.072162046,4,68,GO:0010829;GO:0046325,negative regulation of glucose transmembrane transport,0.337650736
0,0.072239004,2,347,GO:0040001;GO:0051293;GO:0051653,spindle localization,0.337838721
0,0.072417851,2,200,GO:0006633,fatty acid biosynthetic process,0.33850278
0,0.072949578,3,176,GO:0005977;GO:0006073;GO:0006112;GO:0044042,energy reserve metabolic process,0.340814789
0,0.073622692,3,244,GO:0090598,male anatomical structure morphogenesis,0.343784661
0,0.073943111,2,33,GO:0002544,chronic inflammatory response,0.344056472
0,0.073943111,4,33,GO:0008348,negative regulation of antimicrobial humoral response,0.344056472
0,0.073943111,3,33,GO:0021670,lateral ventricle development,0.344056472
0,0.073943111,2,33,GO:0021785,branchiomotor neuron axon guidance,0.344056472
0,0.073853247,3,105,GO:0030850,prostate gland development,0.344056472
0,0.073943111,5,33,GO:0042762,regulation of sulfur metabolic process,0.344056472
0,0.073853247,2,105,GO:0043114,regulation of vascular permeability,0.344056472
0,0.074166086,3,138,GO:0010862;GO:0060393,regulation of pathway-restricted SMAD protein phosphorylation,0.344919241
0,0.074764145,2,46,GO:0001553,luteinization,0.346822563
0,0.074764145,2,46,GO:0010896,regulation of triglyceride catabolic process,0.346822563
0,0.074764145,4,46,GO:0048714,positive regulation of oligodendrocyte differentiation,0.346822563
0,0.074764145,3,46,GO:0051895;GO:0150118;GO:1903392,negative regulation of focal adhesion assembly,0.346822563
0,0.074764145,2,46,GO:0070168;GO:0110150,negative regulation of biomineral tissue development,0.346822563
0,0.074907709,3,186,GO:1990089;GO:1990090,response to nerve growth factor,0.34731313
0,0.075132885,9,568,GO:0000209,protein polyubiquitination,0.347830418
0,0.075104061,-1,162,GO:0097755,obsolete positive regulation of blood vessel diameter,0.347830418
0,0.075077292,4,259,GO:1990823,response to leukemia inhibitory factor,0.347830418
0,0.075278629,3,2596,GO:0003002;GO:0007389,pattern specification process,0.348329577
0,0.075349394,5,220,GO:0007156,homophilic cell adhesion via plasma membrane adhesion molecules,0.348481462
0,0.075403681,2,124,GO:1902742,apoptotic process involved in development,0.348557025
0,0.075989698,3,225,GO:0008587,imaginal disc-derived wing margin morphogenesis,0.351089224
0,0.076158751,3,353,GO:0007030,Golgi organization,0.35125425
0,0.076132873,2,110,GO:0030947,regulation of vascular endothelial growth factor receptor signaling pathway,0.35125425
0,0.076216627,2,73,GO:0032925,regulation of activin receptor signaling pathway,0.35125425
0,0.076216627,2,73,GO:0046596;GO:0052372,modulation by symbiont of entry into host,0.35125425
0,0.076216627,2,73,GO:0060117,auditory receptor cell development,0.35125425
0,0.07659623,2,230,GO:0016999,antibiotic metabolic process,0.352826668
0,0.076884574,2,29,GO:0006863;GO:0015851,nucleobase transport,0.353092405
0,0.076884574,7,29,GO:0007175,negative regulation of epidermal growth factor-activated receptor activity,0.353092405
0,0.076884574,2,29,GO:0033089,positive regulation of T cell differentiation in thymus,0.353092405
0,0.076834427,4,64,GO:0033333;GO:0033339,fin development,0.353092405
0,0.076884574,2,29,GO:0035106,operant conditioning,0.353092405
0,0.076884574,2,29,GO:0048073;GO:0048076,regulation of eye pigmentation,0.353092405
0,0.076952498,6,468,GO:2001234,negative regulation of apoptotic signaling pathway,0.353227733
0,0.077072995,2,408,GO:0043524,negative regulation of neuron apoptotic process,0.353604126
0,0.077474168,3,201,GO:0001649,osteoblast differentiation,0.353676608
0,0.077974429,2,13,GO:0003199;GO:0090500,endocardial cushion to mesenchymal transition,0.353676608
0,0.077974429,2,13,GO:0003331,positive regulation of extracellular matrix constituent secretion,0.353676608
0,0.077357729,2,172,GO:0006487,protein N-linked glycosylation,0.353676608
0,0.077974429,7,13,GO:0006868,glutamine transport,0.353676608
0,0.077344636,2,289,GO:0007272;GO:0008366;GO:0042552,ensheathment of neurons,0.353676608
0,0.077974429,2,13,GO:0014004,microglia differentiation,0.353676608
0,0.077936704,2,299,GO:0019748,secondary metabolic process,0.353676608
0,0.077974429,3,13,GO:0032815,negative regulation of natural killer cell activation,0.353676608
0,0.077974429,4,13,GO:0034418,urate biosynthetic process,0.353676608
0,0.077974429,2,13,GO:0035156,fusion cell fate specification,0.353676608
0,0.077974429,3,13,GO:0035321,maintenance of imaginal disc-derived wing hair orientation,0.353676608
0,0.077974429,3,13,GO:0035983;GO:0035984,cellular response to trichostatin A,0.353676608
0,0.077974429,2,13,GO:0042822;GO:0042816,vitamin B6 metabolic process,0.353676608
0,0.077974429,7,13,GO:0055118,negative regulation of cardiac muscle contraction,0.353676608
0,0.077974429,2,13,GO:0060031,mediolateral intercalation,0.353676608
0,0.077974429,2,13,GO:0060304,regulation of phosphatidylinositol dephosphorylation,0.353676608
0,0.077974429,2,13,GO:0060364,frontal suture morphogenesis,0.353676608
0,0.077974429,2,13,GO:0060948,cardiac vascular smooth muscle cell development,0.353676608
0,0.077974429,3,13,GO:0070827,chromatin maintenance,0.353676608
0,0.077974429,3,13,GO:0071873,response to norepinephrine,0.353676608
0,0.077974429,4,13,GO:1903223,positive regulation of oxidative stress-induced neuron death,0.353676608
0,0.077357729,2,172,GO:1904035,regulation of epithelial cell apoptotic process,0.353676608
0,0.078184388,3,87,GO:0010762,regulation of fibroblast migration,0.354279034
0,0.078184388,4,87,GO:0046058,cAMP metabolic process,0.354279034
0,0.07826782,2,115,GO:0030593;GO:0071621;GO:1990266,granulocyte chemotaxis,0.354307503
0,0.07826782,3,115,GO:0065002;GO:0071806,protein transmembrane transport,0.354307503
0,0.078562103,2,554,GO:0010001,glial cell differentiation,0.355464489
0,0.079040754,3,42,GO:0010766,negative regulation of sodium ion transport,0.357102471
0,0.078964813,2,211,GO:0016203,muscle attachment,0.357102471
0,0.079040754,3,42,GO:0051156,glucose 6-phosphate metabolic process,0.357102471
0,0.079345436,2,25,GO:0006657,CDP-choline pathway,0.357248934
0,0.079345436,3,25,GO:0045651,positive regulation of macrophage differentiation,0.357248934
0,0.07919866,2,529,GO:0048738,cardiac muscle tissue development,0.357248934
0,0.079345436,3,25,GO:0061299,retina vasculature morphogenesis in camera-type eye,0.357248934
0,0.079345436,2,25,GO:0061883,clathrin-dependent endocytosis involved in vitellogenesis,0.357248934
0,0.079345436,2,25,GO:0071393,cellular response to progesterone stimulus,0.357248934
0,0.079345436,2,25,GO:1902083;GO:2000169,regulation of peptidyl-cysteine S-nitrosylation,0.357248934
0,0.079479604,2,334,GO:1901617,organic hydroxy compound biosynthetic process,0.357677688
0,0.079650188,5,216,GO:0043255,regulation of carbohydrate biosynthetic process,0.358269823
0,0.080914046,2,17,GO:0001757,somite specification,0.358386619
0,0.080914046,2,17,GO:0006054,N-acetylneuraminate metabolic process,0.358386619
0,0.080914046,2,17,GO:0006116,NADH oxidation,0.358386619
0,0.080693286,2,429,GO:0006486;GO:0043413;GO:0070085,glycosylation,0.358386619
0,0.08090223,4,1008,GO:0010038,response to metal ion,0.358386619
0,0.080914046,4,17,GO:0010742;GO:0090077,foam cell differentiation,0.358386619
0,0.080914046,2,17,GO:0010966,regulation of phosphate transport,0.358386619
0,0.080914046,2,17,GO:0016264,gap junction assembly,0.358386619
0,0.080924752,2,21,GO:0032060,bleb assembly,0.358386619
0,0.079953931,4,78,GO:0032480,negative regulation of type I interferon production,0.358386619
0,0.080924752,4,21,GO:0032596,protein transport into membrane raft,0.358386619
0,0.080914046,3,17,GO:0033007;GO:0043305,negative regulation of mast cell activation involved in immune response,0.358386619
0,0.080924752,4,21,GO:0034380,high-density lipoprotein particle assembly,0.358386619
0,0.080914046,5,17,GO:0034699,response to luteinizing hormone,0.358386619
0,0.080914046,6,17,GO:0035469;GO:0071910,determination of pancreatic left/right asymmetry,0.358386619
0,0.080631224,3,1637,GO:0043086,negative regulation of catalytic activity,0.358386619
0,0.080267661,4,120,GO:0045217,cell-cell junction maintenance,0.358386619
0,0.080914046,2,17,GO:0045343;GO:0045345,regulation of MHC class I biosynthetic process,0.358386619
0,0.080924752,2,21,GO:0045542;GO:0090205;GO:0106120,positive regulation of cholesterol metabolic process,0.358386619
0,0.080267661,2,120,GO:0045806,negative regulation of endocytosis,0.358386619
0,0.079721179,2,158,GO:0045887;GO:1904398,positive regulation of neuromuscular junction development,0.358386619
0,0.079953931,3,78,GO:0046173,polyol biosynthetic process,0.358386619
0,0.080914046,2,17,GO:0048548,regulation of pinocytosis,0.358386619
0,0.080924752,3,21,GO:0060305,regulation of cell diameter,0.358386619
0,0.080914046,2,17,GO:0060368,regulation of Fc receptor mediated stimulatory signaling pathway,0.358386619
0,0.079953931,2,78,GO:0070371,ERK1 and ERK2 cascade,0.358386619
0,0.080914046,5,17,GO:0071205,protein localization to juxtaparanode region of axon,0.358386619
0,0.080914046,2,17,GO:0072126,positive regulation of glomerular mesangial cell proliferation,0.358386619
0,0.080924752,3,21,GO:0072576,liver morphogenesis,0.358386619
0,0.080914046,2,17,GO:1905050,positive regulation of metallopeptidase activity,0.358386619
0,0.080924752,2,21,GO:2000811,negative regulation of anoikis,0.358386619
0,0.083451668,2,6,GO:0001828,inner cell mass cellular morphogenesis,0.359018066
0,0.083451668,3,6,GO:0001880,Mullerian duct regression,0.359018066
0,0.083451668,2,6,GO:0002408,myeloid dendritic cell chemotaxis,0.359018066
0,0.083451668,2,6,GO:0002538,arachidonic acid metabolite production involved in inflammatory response,0.359018066
0,0.083451668,2,6,GO:0002669;GO:0002913,positive regulation of T cell anergy,0.359018066
0,0.083448951,7,38,GO:0003161,cardiac conduction system development,0.359018066
0,0.083451668,6,6,GO:0003165,Purkinje myocyte development,0.359018066
0,0.083451668,2,6,GO:0003169,coronary vein morphogenesis,0.359018066
0,0.083451668,4,6,GO:0003193;GO:0035922,pulmonary valve formation,0.359018066
0,0.083451668,6,6,GO:0006001;GO:0061624,fructose catabolic process to hydroxyacetone phosphate and glyceraldehyde-3-phosphate,0.359018066
0,0.083451668,2,6,GO:0006667;GO:0046511,sphinganine metabolic process,0.359018066
0,0.083451668,2,6,GO:0006742;GO:0019364,pyridine nucleotide catabolic process,0.359018066
0,0.083451668,2,6,GO:0006864;GO:1990519,pyrimidine nucleotide transport,0.359018066
0,0.081255537,5,69,GO:0007176,regulation of epidermal growth factor-activated receptor activity,0.359018066
0,0.083451668,4,6,GO:0007231,osmosensory signaling pathway,0.359018066
0,0.081255537,2,69,GO:0008206;GO:0006699,bile acid metabolic process,0.359018066
0,0.083448951,3,38,GO:0009200,deoxyribonucleoside triphosphate metabolic process,0.359018066
0,0.083451668,2,6,GO:0010813,neuropeptide catabolic process,0.359018066
0,0.083451668,2,6,GO:0010998,regulation of translational initiation by eIF2 alpha phosphorylation,0.359018066
0,0.083451668,2,6,GO:0014805,smooth muscle adaptation,0.359018066
0,0.083451668,2,6,GO:0015786;GO:0015789,UDP-glucose transmembrane transport,0.359018066
0,0.083451668,2,6,GO:0015790,UDP-xylose transmembrane transport,0.359018066
0,0.083451668,3,6,GO:0015819,lysine transport,0.359018066
0,0.083451668,2,6,GO:0015880;GO:0035349;GO:0080121,coenzyme A transport,0.359018066
0,0.083448951,2,38,GO:0021681,cerebellar granular layer development,0.359018066
0,0.083451668,2,6,GO:0022615,protein to membrane docking,0.359018066
0,0.083448951,2,38,GO:0030852,regulation of granulocyte differentiation,0.359018066
0,0.081255537,3,69,GO:0031579,membrane raft organization,0.359018066
0,0.08131148,5,51,GO:0032376;GO:0032373,positive regulation of sterol transport,0.359018066
0,0.081838335,2,60,GO:0032801,receptor catabolic process,0.359018066
0,0.083451668,4,6,GO:0035593,positive regulation of Wnt signaling pathway by establishment of Wnt protein localization to extracellular region,0.359018066
0,0.083451668,2,6,GO:0035607,fibroblast growth factor receptor signaling pathway involved in orbitofrontal cortex development,0.359018066
0,0.083451668,4,6,GO:0042126,nitrate metabolic process,0.359018066
0,0.083451668,2,6,GO:0042365,water-soluble vitamin catabolic process,0.359018066
0,0.083448951,2,38,GO:0043101,purine-containing compound salvage,0.359018066
0,0.083451668,2,6,GO:0045053,protein retention in Golgi apparatus,0.359018066
0,0.083451668,5,6,GO:0045108,regulation of intermediate filament polymerization or depolymerization,0.359018066
0,0.083451668,2,6,GO:0046370,fructose biosynthetic process,0.359018066
0,0.083451668,3,6,GO:0046477,glycosylceramide catabolic process,0.359018066
0,0.083451668,2,6,GO:0046687,response to chromate,0.359018066
0,0.083451668,2,6,GO:0051563,smooth endoplasmic reticulum calcium ion homeostasis,0.359018066
0,0.083451668,3,6,GO:0060032,notochord regression,0.359018066
0,0.083448951,2,38,GO:0060536,cartilage morphogenesis,0.359018066
0,0.083451668,2,6,GO:0070427,nucleotide-binding oligomerization domain containing 1 signaling pathway,0.359018066
0,0.083451668,4,6,GO:0070655;GO:0070656;GO:0070659;GO:0070660,inner ear sensory epithelium regeneration,0.359018066
0,0.083451668,3,6,GO:0071728;GO:0071729,beak morphogenesis,0.359018066
0,0.083451668,2,6,GO:0090177,establishment of planar polarity involved in neural tube closure,0.359018066
0,0.083451668,2,6,GO:0090283,regulation of protein glycosylation in Golgi,0.359018066
0,0.083451668,5,6,GO:0090597,nematode male tail mating organ morphogenesis,0.359018066
0,0.081838335,2,60,GO:0097067,cellular response to thyroid hormone stimulus,0.359018066
0,0.083451668,7,6,GO:1904920;GO:1904922,regulation of MAPK cascade involved in axon regeneration,0.359018066
0,0.083451668,2,6,GO:1904978,regulation of endosome organization,0.359018066
0,0.083451668,2,6,GO:1905174,regulation of vascular associated smooth muscle cell dedifferentiation,0.359018066
0,0.083451668,3,6,GO:1990478,response to ultrasound,0.359018066
0,0.083451668,3,6,GO:1990790;GO:1990792,response to glial cell derived neurotrophic factor,0.359018066
0,0.083110525,3,173,GO:1990830,cellular response to leukemia inhibitory factor,0.359018066
0,0.083451668,2,6,GO:2000041,negative regulation of planar cell polarity pathway involved in axis elongation,0.359018066
0,0.083451668,2,6,GO:2000294,positive regulation of defecation,0.359018066
0,0.083451668,2,6,GO:2000983,regulation of ATP citrate synthase activity,0.359018066
0,0.083868525,4,345,GO:1901655,cellular response to ketone,0.360642509
0,0.084640897,5,154,GO:0070206,protein trimerization,0.363793467
0,0.085058381,4,183,GO:0001676,long-chain fatty acid metabolic process,0.365416851
0,0.0851638,3,1298,GO:0007548,sex differentiation,0.365698692
0,0.085304854,2,74,GO:0050996,positive regulation of lipid catabolic process,0.365962207
0,0.085304854,3,74,GO:2000300,regulation of synaptic vesicle exocytosis,0.365962207
0,0.085479238,2,116,GO:0061383,trabecula morphogenesis,0.366539123
0,0.085542395,2,135,GO:0008078,mesodermal cell migration,0.366638775
0,0.085948656,5,188,GO:0006919,activation of cysteine-type endopeptidase activity involved in apoptotic process,0.368208209
0,0.086049554,2,227,GO:0045833,negative regulation of lipid metabolic process,0.368468602
0,0.086398282,3,47,GO:0032928;GO:0032930,regulation of superoxide anion generation,0.369445169
0,0.086398282,4,47,GO:0045200,establishment of neuroblast polarity,0.369445169
0,0.086398282,4,47,GO:0060644,mammary gland epithelial cell differentiation,0.369445169
0,0.086476882,3,102,GO:0036498,IRE1-mediated unfolded protein response,0.369609196
0,0.086581473,3,88,GO:2001238,positive regulation of extrinsic apoptotic signaling pathway,0.369884106
0,0.086672483,3,65,GO:0031065;GO:0090312,positive regulation of protein deacetylation,0.369928791
0,0.086672483,4,65,GO:0090103,cochlea morphogenesis,0.369928791
0,0.087084592,2,140,GO:1902041,regulation of extrinsic apoptotic signaling pathway via death domain receptors,0.371515083
0,0.087141438,2,311,GO:0046626;GO:1900076,regulation of cellular response to insulin stimulus,0.371585009
0,0.087929065,2,34,GO:0006152;GO:0046130,purine nucleoside catabolic process,0.373556178
0,0.087929065,4,34,GO:0016114,terpenoid biosynthetic process,0.373556178
0,0.087929065,2,34,GO:0030502,negative regulation of bone mineralization,0.373556178
0,0.087929065,2,34,GO:0031272;GO:0031274,regulation of pseudopodium assembly,0.373556178
0,0.087929065,2,34,GO:0036010,protein localization to endosome,0.373556178
0,0.087929065,6,34,GO:0071786,endoplasmic reticulum tubular network organization,0.373556178
0,0.087929065,4,34,GO:2000251,positive regulation of actin cytoskeleton reorganization,0.373556178
0,0.088001195,4,441,GO:0032355,response to estradiol,0.373689773
0,0.088291586,3,1119,GO:0002164,larval development,0.374749639
0,0.08843351,2,396,GO:0042445,hormone metabolic process,0.375178655
0,0.08901689,2,79,GO:0090398,cellular senescence,0.377479289
0,0.089151448,2,174,GO:0014015,positive regulation of gliogenesis,0.377875425
0,0.089276525,3,126,GO:0034446,substrate adhesion-dependent cell spreading,0.378231034
0,0.089518847,2,93,GO:0120033,negative regulation of plasma membrane bounded cell projection assembly,0.379082807
0,0.089895322,2,272,GO:0002822;GO:0002819,regulation of adaptive immune response,0.380326364
0,0.089885117,3,150,GO:0003170;GO:0003179,heart valve development,0.380326364
0,0.090841345,2,578,GO:1903320;GO:0031396,regulation of protein modification by small protein conjugation or removal,0.38415182
0,0.091067699,2,112,GO:0022617,extracellular matrix disassembly,0.384228712
0,0.091068689,3,70,GO:0032594,protein transport within lipid bilayer,0.384228712
0,0.09101932,4,184,GO:0061098,positive regulation of protein tyrosine kinase activity,0.384228712
0,0.091067699,5,112,GO:0098801,regulation of renal system process,0.384228712
0,0.091068689,2,70,GO:1904263,positive regulation of TORC1 signaling,0.384228712
0,0.091155138,2,155,GO:0098739,import across plasma membrane,0.384416871
0,0.091780995,3,43,GO:0009226,nucleotide-sugar biosynthetic process,0.386523815
0,0.091780995,4,43,GO:0060872,semicircular canal development,0.386523815
0,0.091780995,7,43,GO:1905562,regulation of vascular endothelial cell proliferation,0.386523815
0,0.091918755,2,233,GO:0070613;GO:1903317,regulation of protein maturation,0.386926564
0,0.092377919,2,30,GO:0001573,ganglioside metabolic process,0.387627709
0,0.092377919,2,30,GO:0003149,membranous septum morphogenesis,0.387627709
0,0.092218916,2,422,GO:0008356,asymmetric cell division,0.387627709
0,0.092231599,2,332,GO:0021782,glial cell development,0.387627709
0,0.092422938,2,84,GO:0032232;GO:0051497,negative regulation of actin filament bundle assembly,0.387627709
0,0.092422513,3,407,GO:0051100,negative regulation of binding,0.387627709
0,0.092377919,3,30,GO:0071637,regulation of monocyte chemotactic protein-1 production,0.387627709
0,0.092233245,2,98,GO:0072583,clathrin-dependent endocytosis,0.387627709
0,0.092608272,2,367,GO:0006888,endoplasmic reticulum to Golgi vesicle-mediated transport,0.388227738
0,0.092665834,4,194,GO:0007589,body fluid secretion,0.388291828
0,0.092869571,3,982,GO:0008406;GO:0045137,development of primary sexual characteristics,0.388968084
0,0.092945033,4,52,GO:1901223,negative regulation of NIK/NF-kappaB signaling,0.389106712
0,0.093413477,2,199,GO:0032024,positive regulation of insulin secretion,0.390889651
0,0.094743195,2,103,GO:0042308;GO:0046823;GO:1904590,negative regulation of nucleocytoplasmic transport,0.396092968
0,0.094743195,6,103,GO:0071622;GO:0090022;GO:1902622,regulation of granulocyte chemotaxis,0.396092968
0,0.095071745,2,75,GO:0060977,coronary vasculature morphogenesis,0.397105039
0,0.095069134,2,630,GO:1903050;GO:1903362,regulation of cellular protein catabolic process,0.397105039
0,0.095346566,2,625,GO:0031334,positive regulation of protein-containing complex assembly,0.398071911
0,0.095484282,2,175,GO:0033206,meiotic cytokinesis,0.398465756
0,0.095551164,5,89,GO:0033280,response to vitamin D,0.398563777
0,0.09661709,3,26,GO:0006577;GO:0009437,amino-acid betaine metabolic process,0.4017329
0,0.096591589,2,318,GO:0009116;GO:1901657,glycosyl compound metabolic process,0.4017329
0,0.09661709,5,26,GO:0014909,smooth muscle cell migration,0.4017329
0,0.09661709,2,26,GO:0034138,toll-like receptor 3 signaling pathway,0.4017329
0,0.09661709,2,26,GO:0035907,dorsal aorta development,0.4017329
0,0.09661709,4,26,GO:0086036,regulation of cardiac muscle cell membrane potential,0.4017329
0,0.09661709,2,26,GO:1904526,regulation of microtubule binding,0.4017329
0,0.097454422,2,39,GO:0002755,MyD88-dependent toll-like receptor signaling pathway,0.403934507
0,0.097454422,3,39,GO:0010755,regulation of plasminogen activation,0.403934507
0,0.097257796,2,185,GO:0043525,positive regulation of neuron apoptotic process,0.403934507
0,0.097454422,2,39,GO:0045606,positive regulation of epidermal cell differentiation,0.403934507
0,0.097285866,2,66,GO:0046697,decidualization,0.403934507
0,0.097257796,3,185,GO:0061180,mammary gland epithelium development,0.403934507
0,0.097454422,2,39,GO:1904424,regulation of GTP binding,0.403934507
0,0.09764222,2,1319,GO:0097435,supramolecular fiber organization,0.404530351
0,0.098944583,2,10,GO:0002155,regulation of thyroid hormone mediated signaling pathway,0.405355038
0,0.098944583,3,10,GO:0003294;GO:0010643;GO:0010645;GO:0010652,cell communication by chemical coupling,0.405355038
0,0.098944583,3,10,GO:0006689,ganglioside catabolic process,0.405355038
0,0.098944583,5,10,GO:0007161,calcium-independent cell-matrix adhesion,0.405355038
0,0.098721558,2,80,GO:0010288,response to lead ion,0.405355038
0,0.098944583,2,10,GO:0016060,metarhodopsin inactivation,0.405355038
0,0.098721558,3,80,GO:0016082,synaptic vesicle priming,0.405355038
0,0.098944583,2,10,GO:0019401,alditol biosynthetic process,0.405355038
0,0.098944583,3,10,GO:0021678,third ventricle development,0.405355038
0,0.098707446,3,1854,GO:0031400;GO:0001933;GO:0042326;GO:0045936;GO:0010563,negative regulation of protein modification process,0.405355038
0,0.098944583,3,10,GO:0032056,positive regulation of translation in response to stress,0.405355038
0,0.098944583,4,10,GO:0032763;GO:0032765,regulation of mast cell cytokine production,0.405355038
0,0.098944583,5,10,GO:0032911,negative regulation of transforming growth factor beta1 production,0.405355038
0,0.098426825,2,94,GO:0035924,cellular response to vascular endothelial growth factor stimulus,0.405355038
0,0.098944583,2,10,GO:0035999,tetrahydrofolate interconversion,0.405355038
0,0.098783283,2,57,GO:0045056,transcytosis,0.405355038
0,0.098809051,3,195,GO:0046622,positive regulation of organ growth,0.405355038
0,0.098944583,6,10,GO:0060990,lipid tube assembly involved in organelle fission,0.405355038
0,0.098944583,2,10,GO:0061888,regulation of astrocyte activation,0.405355038
0,0.098783283,2,57,GO:0070875,positive regulation of glycogen metabolic process,0.405355038
0,0.098426825,2,94,GO:0090049,regulation of cell migration involved in sprouting angiogenesis,0.405355038
0,0.098944583,2,10,GO:1903371;GO:1903373,regulation of endoplasmic reticulum tubular network organization,0.405355038
0,0.098944583,2,10,GO:1905908,positive regulation of amyloid fibril formation,0.405355038
0,0.098944583,5,10,GO:2000040,regulation of planar cell polarity pathway involved in axis elongation,0.405355038
0,0.098944583,2,10,GO:2000646,positive regulation of receptor catabolic process,0.405355038
0,0.099215184,2,113,GO:0003197,endocardial cushion development,0.405559175
0,0.099103399,3,48,GO:0035336;GO:0035338,long-chain fatty-acyl-CoA metabolic process,0.405559175
0,0.099135765,2,161,GO:0048582;GO:0061063,positive regulation of post-embryonic development,0.405559175
0,0.099103399,2,48,GO:0097094,craniofacial suture morphogenesis,0.405559175
0,0.099508981,2,200,GO:0055006;GO:0055013,cardiac cell development,0.406579177
0,0.100331553,4,22,GO:0002315,marginal zone B cell differentiation,0.406683723
0,0.100197289,2,166,GO:0007530,sex determination,0.406683723
0,0.100331553,3,22,GO:0030853,negative regulation of granulocyte differentiation,0.406683723
0,0.100331553,6,22,GO:0035635,entry of bacterium into host cell,0.406683723
0,0.100331553,3,22,GO:0035900,response to isolation stress,0.406683723
0,0.100331553,5,22,GO:0035989,tendon development,0.406683723
0,0.100331553,5,22,GO:0036090,cleavage furrow ingression,0.406683723
0,0.100010365,2,137,GO:0040036,regulation of fibroblast growth factor receptor signaling pathway,0.406683723
0,0.100018404,2,713,GO:0045995,regulation of embryonic development,0.406683723
0,0.09969108,3,667,GO:0055001;GO:0055002,muscle cell development,0.406683723
0,0.100331553,2,22,GO:0060028,convergent extension involved in axis elongation,0.406683723
0,0.100331553,5,22,GO:0060312,regulation of blood vessel remodeling,0.406683723
0,0.100331553,2,22,GO:0072383;GO:0072386,plus-end-directed organelle transport along microtubule,0.406683723
0,0.100331553,3,22,GO:0090176,microtubule cytoskeleton organization involved in establishment of planar polarity,0.406683723
0,0.100331553,3,22,GO:1900029,positive regulation of ruffle assembly,0.406683723
0,0.100331553,2,22,GO:1900122,positive regulation of receptor binding,0.406683723
0,0.100331553,5,22,GO:1901490,regulation of lymphangiogenesis,0.406683723
0,0.100010365,2,137,GO:1903432,regulation of TORC1 signaling,0.406683723
0,0.100570878,2,284,GO:0055067;GO:0030004,monovalent inorganic cation homeostasis,0.40747398
0,0.101072529,2,99,GO:0072499,photoreceptor cell axon guidance,0.409325918
0,0.101654484,2,349,GO:0007616,long-term memory,0.411138896
0,0.10164201,3,354,GO:0032368,regulation of lipid transport,0.411138896
0,0.101609141,5,71,GO:0043330,response to exogenous dsRNA,0.411138896
0,0.103307787,2,14,GO:0000101,sulfur amino acid transport,0.411304518
0,0.103307787,4,14,GO:0001997;GO:0003099,positive regulation of the force of heart contraction by chemical signal,0.411304518
0,0.102941692,4,18,GO:0002043,blood vessel endothelial cell proliferation involved in sprouting angiogenesis,0.411304518
0,0.102941692,2,18,GO:0003057,regulation of the force of heart contraction by chemical signal,0.411304518
0,0.102941692,2,18,GO:0006067,ethanol metabolic process,0.411304518
0,0.103307787,3,14,GO:0006686,sphingomyelin biosynthetic process,0.411304518
0,0.103307787,2,14,GO:0006714,sesquiterpenoid metabolic process,0.411304518
0,0.103307787,2,14,GO:0010891,negative regulation of sequestering of triglyceride,0.411304518
0,0.103307787,2,14,GO:0017062;GO:0034551,respiratory chain complex III assembly,0.411304518
0,0.102941692,6,18,GO:0031104,dendrite regeneration,0.411304518
0,0.103050525,2,123,GO:0031214;GO:0110148,biomineral tissue development,0.411304518
0,0.103307787,2,14,GO:0031642,negative regulation of myelination,0.411304518
0,0.102941692,2,18,GO:0032474,otolith morphogenesis,0.411304518
0,0.103397075,2,35,GO:0035518,histone H2A monoubiquitination,0.411304518
0,0.102941692,2,18,GO:0035912,dorsal aorta morphogenesis,0.411304518
0,0.103397075,2,35,GO:0043519,regulation of myosin II filament organization,0.411304518
0,0.102899846,2,617,GO:0043523,regulation of neuron apoptotic process,0.411304518
0,0.102808789,2,230,GO:0043627,response to estrogen,0.411304518
0,0.103397075,4,35,GO:0044794,positive regulation by host of viral process,0.411304518
0,0.103307787,2,14,GO:0045317,equator specification,0.411304518
0,0.102941692,2,18,GO:0045916,negative regulation of complement activation,0.411304518
0,0.102941692,7,18,GO:0046007,negative regulation of activated T cell proliferation,0.411304518
0,0.103397075,2,35,GO:0048318,axial mesoderm development,0.411304518
0,0.102941692,2,18,GO:0060017,parathyroid gland development,0.411304518
0,0.102941692,2,18,GO:0060353;GO:0060355,regulation of cell adhesion molecule production,0.411304518
0,0.103307787,4,14,GO:0060526;GO:0060527,prostate epithelial cord arborization involved in prostate glandular acinus morphogenesis,0.411304518
0,0.102941692,3,18,GO:0060586,multicellular organismal iron ion homeostasis,0.411304518
0,0.103307787,3,14,GO:0061312,BMP signaling pathway involved in heart development,0.411304518
0,0.102941692,3,18,GO:0072205,metanephric collecting duct development,0.411304518
0,0.102941692,6,18,GO:0097112,gamma-aminobutyric acid receptor clustering,0.411304518
0,0.102941692,2,18,GO:0097368,establishment of Sertoli cell barrier,0.411304518
0,0.103307787,4,14,GO:0110028;GO:1902846,positive regulation of mitotic spindle organization,0.411304518
0,0.102941692,3,18,GO:1901033,positive regulation of response to reactive oxygen species,0.411304518
0,0.102941692,2,18,GO:1905064,negative regulation of vascular associated smooth muscle cell differentiation,0.411304518
0,0.103307787,8,14,GO:2000270,negative regulation of fibroblast apoptotic process,0.411304518
0,0.103397075,2,35,GO:2001240,negative regulation of extrinsic apoptotic signaling pathway in absence of ligand,0.411304518
0,0.103508499,5,104,GO:0001702,gastrulation with mouth forming second,0.411391417
0,0.103508499,3,104,GO:0010592;GO:1902745,positive regulation of lamellipodium organization,0.411391417
0,0.103616781,2,240,GO:0002706,regulation of lymphocyte mediated immunity,0.411643655
0,0.104002358,4,62,GO:0042759,long-chain fatty acid biosynthetic process,0.412818348
0,0.104002358,6,62,GO:1903651,positive regulation of cytoplasmic transport,0.412818348
0,0.104523983,3,191,GO:0050775,positive regulation of dendrite morphogenesis,0.414709626
0,0.104759765,2,128,GO:0046631;GO:0046632,alpha-beta T cell activation,0.415465649
0,0.104839755,3,2102,GO:0007409;GO:0061564,axon development,0.415603432
0,0.105098802,2,90,GO:0032885,regulation of polysaccharide biosynthetic process,0.416450603
0,0.105174875,3,157,GO:0015807;GO:1902475,L-amino acid transport,0.416572328
0,0.105559447,2,53,GO:0032924,activin receptor signaling pathway,0.417555349
0,0.105559447,2,53,GO:1903203,regulation of oxidative stress-induced neuron death,0.417555349
0,0.105703131,4,44,GO:0006817;GO:0035435,phosphate ion transport,0.417584196
0,0.105703131,2,44,GO:0010801,negative regulation of peptidyl-threonine phosphorylation,0.417584196
0,0.105703131,3,44,GO:0050687,negative regulation of defense response to virus,0.417584196
0,0.105752837,3,109,GO:0009268,response to pH,0.417600948
0,0.105865177,2,201,GO:0035335,peptidyl-tyrosine dephosphorylation,0.417864912
0,0.106538284,6,340,GO:0031333,negative regulation of protein-containing complex assembly,0.420173085
0,0.106541439,4,325,GO:0032526,response to retinoic acid,0.420173085
0,0.107821759,2,114,GO:0007026;GO:0031114,regulation of microtubule depolymerization,0.424857511
0,0.107821759,3,114,GO:0032481,positive regulation of type I interferon production,0.424857511
0,0.108009334,3,221,GO:0010507,negative regulation of autophagy,0.425231775
0,0.107996937,4,456,GO:0098742,cell-cell adhesion via plasma-membrane adhesion molecules,0.425231775
0,0.108447074,2,226,GO:0009620;GO:0050832,response to fungus,0.426772224
0,0.108679212,2,67,GO:0005979;GO:0010962,regulation of glycogen biosynthetic process,0.427502596
0,0.10907231,3,81,GO:0060317,cardiac epithelial to mesenchymal transition,0.428681716
0,0.10907231,3,81,GO:0061343,cell adhesion involved in heart morphogenesis,0.428681716
0,0.109558675,2,31,GO:0006171,cAMP biosynthetic process,0.430041211
0,0.109558675,2,31,GO:0007252,I-kappaB phosphorylation,0.430041211
0,0.109558675,2,31,GO:1902931,negative regulation of alcohol biosynthetic process,0.430041211
0,0.109729818,2,119,GO:1903902,positive regulation of viral life cycle,0.430528994
0,0.109836808,2,182,GO:0097529,myeloid leukocyte migration,0.430764766
0,0.110434836,2,148,GO:0043949,regulation of cAMP-mediated signaling,0.432740602
0,0.110395099,2,256,GO:0048644,muscle organ morphogenesis,0.432740602
0,0.111270785,3,58,GO:0060445,branching involved in salivary gland morphogenesis,0.435830344
0,0.111490088,2,124,GO:0045604,regulation of epidermal cell differentiation,0.436503179
0,0.11158832,2,341,GO:1903305,regulation of regulated secretory pathway,0.436701629
0,0.111639799,2,860,GO:0030198;GO:0043062,extracellular structure organization,0.436716267
0,0.111687154,2,306,GO:0050680,negative regulation of epithelial cell proliferation,0.436716267
0,0.112295591,2,86,GO:0010039,response to iron ion,0.438721823
0,0.112295591,6,86,GO:1903649,regulation of cytoplasmic transport,0.438721823
0,0.112775766,2,105,GO:0006734,NADH metabolic process,0.439136301
0,0.11248387,4,202,GO:0007455;GO:0035214,eye-antennal disc development,0.439136301
0,0.112879783,3,72,GO:0016601,Rac protein signal transduction,0.439136301
0,0.112879568,4,49,GO:0033522,histone H2A ubiquitination,0.439136301
0,0.112879783,2,72,GO:0035066;GO:2000758,positive regulation of peptidyl-lysine acetylation,0.439136301
0,0.112879783,3,72,GO:0038061,NIK/NF-kappaB signaling,0.439136301
0,0.112879568,3,49,GO:0045722,positive regulation of gluconeogenesis,0.439136301
0,0.112771259,2,40,GO:0046174,polyol catabolic process,0.439136301
0,0.112771259,2,40,GO:0060232,delamination,0.439136301
0,0.112879568,2,49,GO:0060390,regulation of SMAD protein signal transduction,0.439136301
0,0.113131967,3,442,GO:0030177;GO:0090263,positive regulation of Wnt signaling pathway,0.43993104
0,0.113687645,4,163,GO:0030512;GO:1903845,negative regulation of transforming growth factor beta receptor signaling pathway,0.441904791
0,0.114614372,2,168,GO:0006690;GO:0033559,icosanoid metabolic process,0.445318532
0,0.114870553,2,1440,GO:0050768;GO:0010721;GO:0051961,negative regulation of nervous system development,0.44612517
0,0.114920921,5,110,GO:0048169,regulation of long-term neuronal synaptic plasticity,0.446132146
0,0.115226789,4,91,GO:0006726;GO:0042441;GO:0043324;GO:0043474;GO:0048069,eye pigmentation,0.44656458
0,0.115126068,2,397,GO:0019722,calcium-mediated signaling,0.44656458
0,0.115226789,2,91,GO:0043243,positive regulation of protein-containing complex disassembly,0.44656458
0,0.115226789,-1,91,GO:0051181,obsolete cofactor transport,0.44656458
0,0.115836819,2,27,GO:0001555,oocyte growth,0.447042515
0,0.115836819,5,27,GO:0010713;GO:0032966,negative regulation of collagen metabolic process,0.447042515
0,0.115836819,6,27,GO:0042448,progesterone metabolic process,0.447042515
0,0.115836819,2,27,GO:0043651,linoleic acid metabolic process,0.447042515
0,0.115836819,5,27,GO:0051547;GO:0051549,regulation of keratinocyte migration,0.447042515
0,0.115836819,2,27,GO:0060346;GO:0061430,bone trabecula morphogenesis,0.447042515
0,0.115836819,2,27,GO:0061140,lung secretory cell differentiation,0.447042515
0,0.115836819,2,27,GO:0086067,AV node cell to bundle of His cell communication,0.447042515
0,0.115836819,2,27,GO:0110096;GO:1904044;GO:1904045,cellular response to aldehyde,0.447042515
0,0.115836819,2,27,GO:1901550;GO:1903140,regulation of endothelial cell development,0.447042515
0,0.116660513,3,77,GO:0030206;GO:0050650,chondroitin sulfate proteoglycan biosynthetic process,0.449654557
0,0.116588536,4,463,GO:0061640;GO:0000910,cytokinesis,0.449654557
0,0.116660513,2,77,GO:0072488,ammonium transmembrane transport,0.449654557
0,0.117096934,2,800,GO:0042063,gliogenesis,0.451147374
0,0.118448964,4,149,GO:0007443;GO:0048619,embryonic hindgut morphogenesis,0.456165087
0,0.11915182,2,54,GO:0042332,gravitaxis,0.458679577
0,0.119366294,2,203,GO:0060415;GO:0055008,muscle tissue morphogenesis,0.459312699
0,0.119533654,6,154,GO:0010812,negative regulation of cell-substrate adhesion,0.459764074
0,0.120329882,2,36,GO:0006198;GO:0009214,cyclic nucleotide catabolic process,0.461281288
0,0.120069778,3,82,GO:0009164;GO:1901658,glycosyl compound catabolic process,0.461281288
0,0.120329882,2,36,GO:0030836,positive regulation of actin filament depolymerization,0.461281288
0,0.120329882,3,36,GO:0033630,positive regulation of cell adhesion mediated by integrin,0.461281288
0,0.120069778,2,82,GO:0048846;GO:1902284,axon extension involved in axon guidance,0.461281288
0,0.120329882,3,36,GO:0070528,protein kinase C signaling,0.461281288
0,0.120329882,4,36,GO:1900025,negative regulation of substrate adhesion-dependent cell spreading,0.461281288
0,0.120327541,3,101,GO:2000351,regulation of endothelial cell apoptotic process,0.461281288
0,0.12079874,3,45,GO:0003188,heart valve formation,0.461537617
0,0.12079874,3,45,GO:0005981;GO:0043471,regulation of cellular carbohydrate catabolic process,0.461537617
0,0.120532824,3,159,GO:0010828;GO:1903961;GO:0046326,positive regulation of anion transmembrane transport,0.461537617
0,0.12079874,4,45,GO:0019062;GO:0044650;GO:0044406,adhesion of symbiont to host,0.461537617
0,0.12079874,2,45,GO:0031101,fin regeneration,0.461537617
0,0.12079874,7,45,GO:0050930,induction of positive chemotaxis,0.461537617
0,0.12079874,2,45,GO:0061000,negative regulation of dendritic spine development,0.461537617
0,0.12079874,3,45,GO:0061437;GO:0061440;GO:0072012,kidney vasculature development,0.461537617
0,0.1208516,2,68,GO:1902036,regulation of hematopoietic stem cell differentiation,0.461547589
0,0.121336778,3,228,GO:0006638;GO:0006639;GO:0006641,neutral lipid metabolic process,0.463015501
0,0.121336778,2,228,GO:0048145,regulation of fibroblast proliferation,0.463015501
0,0.121433268,5,1121,GO:0072657,protein localization to membrane,0.463191264
0,0.12203083,2,23,GO:0007378,amnioserosa formation,0.463353937
0,0.12203083,3,23,GO:0044829,positive regulation by host of viral genome replication,0.463353937
0,0.12203083,6,23,GO:0046439,L-cysteine metabolic process,0.463353937
0,0.12203083,3,23,GO:0060158,phospholipase C-activating dopamine receptor signaling pathway,0.463353937
0,0.12203083,2,23,GO:0061307;GO:0061308,cardiac neural crest cell differentiation involved in heart development,0.463353937
0,0.12203083,3,23,GO:0090154;GO:2000304,positive regulation of sphingolipid biosynthetic process,0.463353937
0,0.12203083,2,23,GO:1901844,regulation of cell communication by electrical coupling involved in cardiac conduction,0.463353937
0,0.12203083,7,23,GO:1901897,regulation of relaxation of cardiac muscle,0.463353937
0,0.12203083,4,23,GO:1902804,negative regulation of synaptic vesicle transport,0.463353937
0,0.12203083,5,23,GO:1903011,negative regulation of bone development,0.463353937
0,0.12203083,6,23,GO:2000628,regulation of miRNA metabolic process,0.463353937
0,0.122548152,2,510,GO:0017157,regulation of exocytosis,0.465125941
0,0.123278541,2,135,GO:0055081,anion homeostasis,0.467704832
0,0.126263576,3,7,GO:0002025,norepinephrine-epinephrine-mediated vasodilation involved in regulation of systemic arterial blood pressure,0.469907191
0,0.124657207,3,59,GO:0002456,T cell mediated immunity,0.469907191
0,0.125032614,2,189,GO:0006664;GO:1903509,glycolipid metabolic process,0.469907191
0,0.126263576,6,7,GO:0006716,juvenile hormone metabolic process,0.469907191
0,0.126263576,2,7,GO:0010572,positive regulation of platelet activation,0.469907191
0,0.126263576,4,7,GO:0010899,regulation of phosphatidylcholine catabolic process,0.469907191
0,0.126263576,4,7,GO:0015910,long-chain fatty acid import into peroxisome,0.469907191
0,0.126263576,6,7,GO:0018057,peptidyl-lysine oxidation,0.469907191
0,0.124878634,2,73,GO:0023058,adaptation of signaling pathway,0.469907191
0,0.126263576,2,7,GO:0031247,actin rod assembly,0.469907191
0,0.126263576,5,7,GO:0032914,positive regulation of transforming growth factor beta1 production,0.469907191
0,0.126263576,7,7,GO:0035711,T-helper 1 cell activation,0.469907191
0,0.126263576,4,7,GO:0035787,cell migration involved in kidney development,0.469907191
0,0.126263576,2,7,GO:0035801;GO:0035802,adrenal cortex development,0.469907191
0,0.124657207,2,59,GO:0035909,aorta morphogenesis,0.469907191
0,0.126263576,4,7,GO:0036515,serotonergic neuron axon guidance,0.469907191
0,0.126263576,5,7,GO:0039529,RIG-I signaling pathway,0.469907191
0,0.126263576,2,7,GO:0043314;GO:0060313,negative regulation of neutrophil degranulation,0.469907191
0,0.126263576,2,7,GO:0043402,glucocorticoid mediated signaling pathway,0.469907191
0,0.126263576,6,7,GO:0044339,canonical Wnt signaling pathway involved in osteoblast differentiation,0.469907191
0,0.124878634,6,73,GO:0045616,regulation of keratinocyte differentiation,0.469907191
0,0.126263576,7,7,GO:0046103,inosine biosynthetic process,0.469907191
0,0.126263576,4,7,GO:0070120,ciliary neurotrophic factor-mediated signaling pathway,0.469907191
0,0.126263576,8,7,GO:0070426;GO:0070434,positive regulation of nucleotide-binding oligomerization domain containing 2 signaling pathway,0.469907191
0,0.126263576,2,7,GO:0070650,actin filament bundle distribution,0.469907191
0,0.126263576,7,7,GO:0070666;GO:0070668,positive regulation of mast cell proliferation,0.469907191
0,0.126263576,3,7,GO:0071442,positive regulation of histone H3-K14 acetylation,0.469907191
0,0.126263576,5,7,GO:0071670,smooth muscle cell chemotaxis,0.469907191
0,0.126263576,2,7,GO:0072183,negative regulation of nephron tubule epithelial cell differentiation,0.469907191
0,0.126263576,-1,7,GO:0072361;GO:0098679,obsolete regulation of glycolytic process by regulation of transcription from RNA polymerase II promoter,0.469907191
0,0.126263576,3,7,GO:0072574;GO:0072575,epithelial cell proliferation involved in liver morphogenesis,0.469907191
0,0.124657207,2,59,GO:0090075,relaxation of muscle,0.469907191
0,0.126263576,7,7,GO:0090170,regulation of Golgi inheritance,0.469907191
0,0.126263576,2,7,GO:1900060,negative regulation of ceramide biosynthetic process,0.469907191
0,0.125934497,2,92,GO:1902042,negative regulation of extrinsic apoptotic signaling pathway via death domain receptors,0.469907191
0,0.126263576,2,7,GO:1902261,positive regulation of delayed rectifier potassium channel activity,0.469907191
0,0.126263576,2,7,GO:1902442;GO:1902443,regulation of ripoptosome assembly involved in necroptotic process,0.469907191
0,0.126263576,3,7,GO:1903905,positive regulation of establishment of T cell polarity,0.469907191
0,0.126263576,8,7,GO:1903943;GO:1903944,regulation of hepatocyte apoptotic process,0.469907191
0,0.126263576,3,7,GO:1904145,negative regulation of meiotic cell cycle process involved in oocyte maturation,0.469907191
0,0.126263576,8,7,GO:1904192;GO:1904193,regulation of cholangiocyte apoptotic process,0.469907191
0,0.126263576,5,7,GO:1905203;GO:1905205,regulation of connective tissue replacement,0.469907191
0,0.126263576,2,7,GO:2000017,positive regulation of determination of dorsal identity,0.469907191
0,0.126263576,2,7,GO:2000211,regulation of glutamate metabolic process,0.469907191
0,0.126263576,4,7,GO:2000683,regulation of cellular response to X-ray,0.469907191
0,0.126263576,5,7,GO:2000847;GO:2000850,negative regulation of corticosteroid hormone secretion,0.469907191
0,0.126418385,2,116,GO:0045776,negative regulation of blood pressure,0.470292776
0,0.127743359,3,19,GO:0001913,T cell mediated cytotoxicity,0.471213958
0,0.127743359,5,19,GO:0003175;GO:0003186,tricuspid valve development,0.471213958
0,0.127743359,3,19,GO:0006086;GO:0061732,acetyl-CoA biosynthetic process from pyruvate,0.471213958
0,0.126821126,3,150,GO:0006513,protein monoubiquitination,0.471213958
0,0.127743359,2,19,GO:0007053,spindle assembly involved in male meiosis,0.471213958
0,0.127684391,2,344,GO:0010821,regulation of mitochondrion organization,0.471213958
0,0.127716023,2,50,GO:0032438,melanosome organization,0.471213958
0,0.127743359,2,19,GO:0032645;GO:0032725,regulation of granulocyte macrophage colony-stimulating factor production,0.471213958
0,0.127743359,2,19,GO:0033212,iron import into cell,0.471213958
0,0.127743359,5,19,GO:0034205;GO:0035333,amyloid-beta formation,0.471213958
0,0.127743359,6,19,GO:0034379,very-low-density lipoprotein particle assembly,0.471213958
0,0.127743359,4,19,GO:0039532,negative regulation of viral-induced cytoplasmic pattern recognition receptor signaling pathway,0.471213958
0,0.127716023,-1,50,GO:0051195,obsolete negative regulation of cofactor metabolic process,0.471213958
0,0.127743359,7,19,GO:0060054,positive regulation of epithelial cell proliferation involved in wound healing,0.471213958
0,0.127743359,5,19,GO:0060155,platelet dense granule organization,0.471213958
0,0.127743359,5,19,GO:0070486,leukocyte aggregation,0.471213958
0,0.127716023,2,50,GO:0071467,cellular response to pH,0.471213958
0,0.126821126,6,150,GO:1901068,guanosine-containing compound metabolic process,0.471213958
0,0.127743359,2,19,GO:1903955,positive regulation of protein targeting to mitochondrion,0.471213958
0,0.127743359,4,19,GO:1990001,inhibition of cysteine-type endopeptidase activity involved in apoptotic process,0.471213958
0,0.127810721,2,155,GO:0045138,nematode male tail tip morphogenesis,0.471273172
0,0.128389572,5,32,GO:0001921,positive regulation of receptor recycling,0.47213926
0,0.128135756,2,229,GO:0003073,regulation of systemic arterial blood pressure,0.47213926
0,0.128456833,3,97,GO:0006111,regulation of gluconeogenesis,0.47213926
0,0.128389572,3,32,GO:0006700,C21-steroid hormone biosynthetic process,0.47213926
0,0.128456833,2,97,GO:0010718,positive regulation of epithelial to mesenchymal transition,0.47213926
0,0.128456833,5,97,GO:0031929,TOR signaling,0.47213926
0,0.128389572,2,32,GO:0046641,positive regulation of alpha-beta T cell proliferation,0.47213926
0,0.128749007,2,309,GO:0035264,multicellular organism growth,0.473023851
0,0.128939312,3,299,GO:0007050,cell cycle arrest,0.473533619
0,0.129378938,2,41,GO:0032525,somite rostral/caudal axis specification,0.474236587
0,0.129508013,3,64,GO:0035069;GO:0035096,larval midgut histolysis,0.474236587
0,0.129543777,3,165,GO:0043542,endothelial cell migration,0.474236587
0,0.129378938,3,41,GO:0045751,negative regulation of Toll signaling pathway,0.474236587
0,0.129508013,5,64,GO:0046827,positive regulation of protein export from nucleus,0.474236587
0,0.129508013,2,64,GO:0071285,cellular response to lithium ion,0.474236587
0,0.129508013,2,64,GO:0071361,cellular response to ethanol,0.474236587
0,0.129378938,3,41,GO:0090025,regulation of monocyte chemotaxis,0.474236587
0,0.132148068,3,15,GO:0000423,mitophagy,0.478467141
0,0.132148068,3,15,GO:0001743,optic placode formation,0.478467141
0,0.133356111,2,11,GO:0002085;GO:0045608,inhibition of neuroepithelial cell differentiation,0.478467141
0,0.133356111,2,11,GO:0002159,desmosome assembly,0.478467141
0,0.132148068,3,15,GO:0002634,regulation of germinal center formation,0.478467141
0,0.133356111,5,11,GO:0002667;GO:0002911,regulation of lymphocyte anergy,0.478467141
0,0.133356111,2,11,GO:0003100,regulation of systemic arterial blood pressure by endothelin,0.478467141
0,0.133356111,3,11,GO:0003422,growth plate cartilage morphogenesis,0.478467141
0,0.132346216,3,365,GO:0006986;GO:0035966;GO:0035967,response to topologically incorrect protein,0.478467141
0,0.133356111,3,11,GO:0007260,tyrosine phosphorylation of STAT protein,0.478467141
0,0.132148068,4,15,GO:0007299,ovarian follicle cell-cell adhesion,0.478467141
0,0.132148068,4,15,GO:0009092;GO:0019346;GO:0070813;GO:0009403;GO:0070814,homoserine metabolic process,0.478467141
0,0.133356111,3,11,GO:0010085,polarity specification of proximal/distal axis,0.478467141
0,0.132148068,7,15,GO:0010727,negative regulation of hydrogen peroxide metabolic process,0.478467141
0,0.132148068,5,15,GO:0010886,positive regulation of cholesterol storage,0.478467141
0,0.133356111,2,11,GO:0014744,positive regulation of muscle adaptation,0.478467141
0,0.131710765,2,83,GO:0018196;GO:0018279,peptidyl-asparagine modification,0.478467141
0,0.132148068,2,15,GO:0019101,female somatic sex determination,0.478467141
0,0.132148068,2,15,GO:0019388,galactose catabolic process,0.478467141
0,0.133356111,5,11,GO:0030091,protein repair,0.478467141
0,0.133356111,5,11,GO:0034242,negative regulation of syncytium formation by plasma membrane fusion,0.478467141
0,0.133356111,2,11,GO:0034756,regulation of iron ion transport,0.478467141
0,0.133356111,2,11,GO:0035376;GO:0070508,sterol import,0.478467141
0,0.132148068,2,15,GO:0035871,protein K11-linked deubiquitination,0.478467141
0,0.133356111,4,11,GO:0035929,steroid hormone secretion,0.478467141
0,0.132148068,5,15,GO:0036015;GO:0036016,response to interleukin-3,0.478467141
0,0.132148068,2,15,GO:0038155,interleukin-23-mediated signaling pathway,0.478467141
0,0.133146573,2,195,GO:0040025,vulval development,0.478467141
0,0.133356111,4,11,GO:0042488,positive regulation of odontogenesis of dentin-containing tooth,0.478467141
0,0.133356111,3,11,GO:0042810;GO:0042811,pheromone metabolic process,0.478467141
0,0.132148068,4,15,GO:0045991;GO:0045990;GO:0000429;GO:0000436;GO:0046016,carbon catabolite regulation of transcription,0.478467141
0,0.13098615,2,175,GO:0048524,positive regulation of viral process,0.478467141
0,0.133356111,6,11,GO:0048550,negative regulation of pinocytosis,0.478467141
0,0.132148068,2,15,GO:0050861,positive regulation of B cell receptor signaling pathway,0.478467141
0,0.132148068,2,15,GO:0051238,sequestering of metal ion,0.478467141
0,0.132148068,2,15,GO:0060340,positive regulation of type I interferon-mediated signaling pathway,0.478467141
0,0.132148068,4,15,GO:0060687,regulation of branching involved in prostate gland morphogenesis,0.478467141
0,0.133356111,3,11,GO:0061502,early endosome to recycling endosome transport,0.478467141
0,0.132176306,2,185,GO:0062014,negative regulation of small molecule metabolic process,0.478467141
0,0.132148068,6,15,GO:0071484,cellular response to light intensity,0.478467141
0,0.133356111,2,11,GO:0071787,endoplasmic reticulum tubular network formation,0.478467141
0,0.133356111,4,11,GO:0072156,distal tubule morphogenesis,0.478467141
0,0.133356111,3,11,GO:0097187,dentinogenesis,0.478467141
0,0.132148068,4,15,GO:1900016,negative regulation of cytokine production involved in inflammatory response,0.478467141
0,0.133356111,5,11,GO:1901552;GO:1903142,positive regulation of endothelial cell development,0.478467141
0,0.132148068,2,15,GO:1903376,regulation of oxidative stress-induced neuron intrinsic apoptotic signaling pathway,0.478467141
0,0.133356111,3,11,GO:1903593;GO:1903595,positive regulation of histamine secretion by mast cell,0.478467141
0,0.133356111,3,11,GO:1903748,negative regulation of establishment of protein localization to mitochondrion,0.478467141
0,0.132148068,2,15,GO:1904778,positive regulation of protein localization to cell cortex,0.478467141
0,0.132148068,4,15,GO:2000323,negative regulation of glucocorticoid receptor signaling pathway,0.478467141
0,0.132148068,4,15,GO:2000617,positive regulation of histone H3-K9 acetylation,0.478467141
0,0.133710227,5,55,GO:0017004,cytochrome complex assembly,0.479550347
0,0.133796468,5,69,GO:0030890,positive regulation of B cell proliferation,0.479672348
0,0.133924305,2,205,GO:0032410;GO:0032413;GO:1904063,negative regulation of transporter activity,0.479943324
0,0.134610669,4,88,GO:0010613;GO:0014742,positive regulation of cardiac muscle hypertrophy,0.48196654
0,0.13469876,2,112,GO:0042661;GO:1905770;GO:1905902;GO:2000380,regulation of mesoderm development,0.48196654
0,0.134684098,2,1001,GO:0048562,embryonic organ morphogenesis,0.48196654
0,0.134610669,2,88,GO:0098901,regulation of cardiac muscle cell action potential,0.48196654
0,0.134991965,2,225,GO:1903524,positive regulation of blood circulation,0.482827571
0,0.137046245,2,46,GO:0001836,release of cytochrome c from mitochondria,0.48695155
0,0.136936259,2,28,GO:0001886,endothelial cell morphogenesis,0.48695155
0,0.136936259,2,28,GO:0002279;GO:0002448;GO:0043303,mast cell mediated immunity,0.48695155
0,0.137046245,2,46,GO:0003283,atrial septum development,0.48695155
0,0.137046245,2,46,GO:0006471,protein ADP-ribosylation,0.48695155
0,0.136936259,6,28,GO:0010807,regulation of synaptic vesicle priming,0.48695155
0,0.136936259,2,28,GO:0016332,establishment or maintenance of polarity of embryonic epithelium,0.48695155
0,0.136936259,3,28,GO:0021683;GO:0021684;GO:0021707,cerebellar granular layer morphogenesis,0.48695155
0,0.136936259,4,28,GO:0032075,positive regulation of nuclease activity,0.48695155
0,0.136936259,3,28,GO:0032463,negative regulation of protein homooligomerization,0.48695155
0,0.136936259,2,28,GO:0035814,negative regulation of renal sodium excretion,0.48695155
0,0.136936259,3,28,GO:0045035,sensory organ precursor cell division,0.48695155
0,0.137046245,3,46,GO:0050857,positive regulation of antigen receptor-mediated signaling pathway,0.48695155
0,0.136936259,2,28,GO:0071712,ER-associated misfolded protein catabolic process,0.48695155
0,0.136936259,3,28,GO:0090557,establishment of endothelial intestinal barrier,0.48695155
0,0.136936259,2,28,GO:2000018;GO:2000020,regulation of male gonad development,0.48695155
0,0.137046245,2,46,GO:2000370,positive regulation of clathrin-dependent endocytosis,0.48695155
0,0.13721822,2,93,GO:0006040,amino sugar metabolic process,0.486997429
0,0.13721822,4,93,GO:0061844,antimicrobial humoral immune response mediated by antimicrobial peptide,0.486997429
0,0.13721822,6,93,GO:2000401;GO:2000404,regulation of lymphocyte migration,0.486997429
0,0.138184723,2,631,GO:0097190,apoptotic signaling pathway,0.490238191
0,0.138689508,5,37,GO:0007091;GO:0044784,metaphase/anaphase transition of cell cycle,0.490513336
0,0.138689508,5,37,GO:0030202,heparin metabolic process,0.490513336
0,0.138689508,2,37,GO:0048490;GO:0099517;GO:0099514,synaptic vesicle transport along microtubule,0.490513336
0,0.138689508,2,37,GO:0061327,anterior Malpighian tubule development,0.490513336
0,0.138689508,2,37,GO:0090209,negative regulation of triglyceride metabolic process,0.490513336
0,0.138689508,3,37,GO:1902188,positive regulation of viral release from host cell,0.490513336
0,0.138689508,2,37,GO:1904776,regulation of protein localization to cell cortex,0.490513336
0,0.138689508,7,37,GO:2000052,positive regulation of non-canonical Wnt signaling pathway,0.490513336
0,0.138930164,4,60,GO:0034067,protein localization to Golgi apparatus,0.491175348
0,0.139363501,2,127,GO:0002526,acute inflammatory response,0.491949946
0,0.139363501,3,127,GO:0016198;GO:0016199,axon choice point recognition,0.491949946
0,0.139207335,3,346,GO:0016485,protein processing,0.491949946
0,0.139294589,4,770,GO:1901654,response to ketone,0.491949946
0,0.1395654,2,98,GO:1901616,organic hydroxy compound catabolic process,0.492473377
0,0.140638864,8,132,GO:0010656,negative regulation of muscle cell apoptotic process,0.495689932
0,0.140638864,3,132,GO:0042446,hormone biosynthetic process,0.495689932
0,0.140638864,2,132,GO:1902803,regulation of synaptic vesicle transport,0.495689932
0,0.141339403,4,1091,GO:0007517,muscle organ development,0.497967939
0,0.141679817,6,103,GO:0030316,osteoclast differentiation,0.498975888
0,0.143591261,2,51,GO:0000188,inactivation of MAPK activity,0.504933282
0,0.143585412,2,108,GO:0002762,negative regulation of myeloid leukocyte differentiation,0.504933282
0,0.143495125,3,65,GO:0006953,acute-phase response,0.504933282
0,0.143495125,5,65,GO:0014044;GO:0022011;GO:0032292,Schwann cell development,0.504933282
0,0.143784263,2,147,GO:0042733,embryonic digit morphogenesis,0.505418468
0,0.144830762,2,792,GO:0009612,response to mechanical stimulus,0.508902277
0,0.145303047,6,113,GO:0001912;GO:0031343,positive regulation of cell killing,0.509942065
0,0.145903946,2,24,GO:0010917;GO:0045837,negative regulation of membrane potential,0.509942065
0,0.145474758,3,566,GO:0030098;GO:1903131,mononuclear cell differentiation,0.509942065
0,0.145903946,3,24,GO:0033601,positive regulation of mammary gland epithelial cell proliferation,0.509942065
0,0.145903946,3,24,GO:0034498,early endosome to Golgi transport,0.509942065
0,0.145903946,7,24,GO:0036058;GO:0036059,filtration diaphragm assembly,0.509942065
0,0.145903946,2,24,GO:0044351,macropinocytosis,0.509942065
0,0.145903946,2,24,GO:0048845,venous blood vessel morphogenesis,0.509942065
0,0.145401809,3,157,GO:0060443,mammary gland morphogenesis,0.509942065
0,0.145544588,3,342,GO:0072006;GO:0072009,nephron development,0.509942065
0,0.145303047,2,113,GO:1900408;GO:1902883;GO:1903202,negative regulation of response to oxidative stress,0.509942065
0,0.145903946,5,24,GO:1990440,positive regulation of transcription from RNA polymerase II promoter in response to endoplasmic reticulum stress,0.509942065
0,0.145903946,4,24,GO:2000426;GO:0060101;GO:1905154,negative regulation of membrane invagination,0.509942065
0,0.145903946,5,24,GO:2001212,regulation of vasculogenesis,0.509942065
0,0.146088681,2,162,GO:0015696,ammonium transport,0.510393507
0,0.146850972,3,118,GO:0019991,septate junction assembly,0.512666735
0,0.146850972,4,118,GO:0045620;GO:0045581,negative regulation of lymphocyte differentiation,0.512666735
0,0.14711076,2,317,GO:0022404,molting cycle process,0.513378546
0,0.147240874,2,42,GO:0048484,enteric nervous system development,0.513637457
0,0.147501604,4,70,GO:0001958;GO:0036075,endochondral ossification,0.51376649
0,0.147501604,4,70,GO:0007259;GO:0097696,receptor signaling pathway via JAK-STAT,0.51376649
0,0.147501604,3,70,GO:0071071,regulation of phospholipid biosynthetic process,0.51376649
0,0.147501604,6,70,GO:1901099,negative regulation of signal transduction in absence of ligand,0.51376649
0,0.147731598,6,177,GO:0032873;GO:0070303;GO:0046329,negative regulation of stress-activated protein kinase signaling cascade,0.514372527
0,0.147932567,2,302,GO:0000281,mitotic cytokinesis,0.514877086
0,0.148156426,2,182,GO:0046686,response to cadmium ion,0.515460898
0,0.148526994,2,187,GO:0002285,lymphocyte activation involved in immune response,0.516355211
0,0.148806994,3,33,GO:0003298;GO:0003301;GO:0061049,physiological muscle hypertrophy,0.516355211
0,0.148806994,3,33,GO:0038007,netrin-activated signaling pathway,0.516355211
0,0.148806994,2,33,GO:0061179,negative regulation of insulin secretion involved in cellular response to glucose stimulus,0.516355211
0,0.148806994,4,33,GO:0090038,negative regulation of protein kinase C signaling,0.516355211
0,0.148806994,3,33,GO:1901213,regulation of transcription from RNA polymerase II promoter involved in heart development,0.516355211
0,0.148806994,4,33,GO:1902108,regulation of mitochondrial membrane permeability involved in apoptotic process,0.516355211
0,0.149213816,4,56,GO:0002029;GO:0022401,negative adaptation of signaling pathway,0.516985629
0,0.149213816,5,56,GO:0032354;GO:0071372,response to follicle-stimulating hormone,0.516985629
0,0.149213816,2,56,GO:0038202,TORC1 signaling,0.516985629
0,0.149213816,6,56,GO:0045589,regulation of regulatory T cell differentiation,0.516985629
0,0.149349037,6,202,GO:2000191;GO:0032890,regulation of organic acid transport,0.517259013
0,0.149880489,3,222,GO:1901568,fatty acid derivative metabolic process,0.518903991
0,0.149939399,2,237,GO:2000736,regulation of stem cell differentiation,0.518912351
0,0.150394821,5,1902,GO:0018193,peptidyl-amino acid modification,0.52029244
0,0.151028367,2,75,GO:0010664;GO:0010667,negative regulation of striated muscle cell apoptotic process,0.521894489
0,0.151028367,3,75,GO:0070884;GO:0106056,regulation of calcineurin-mediated signaling,0.521894489
0,0.151028367,4,75,GO:0090342,regulation of cell aging,0.521894489
0,0.153354099,2,148,GO:0060323,head morphogenesis,0.529732003
0,0.15407368,3,153,GO:0032835,glomerulus development,0.531817644
0,0.154069738,3,61,GO:1901032;GO:1903206,negative regulation of hydrogen peroxide-induced cell death,0.531817644
0,0.154711242,2,158,GO:0006805,xenobiotic metabolic process,0.532208796
0,0.15441126,2,47,GO:0010523,negative regulation of calcium ion transport into cytosol,0.532208796
0,0.155114093,7,20,GO:0010897,negative regulation of triglyceride catabolic process,0.532208796
0,0.155114093,3,20,GO:0019370,leukotriene biosynthetic process,0.532208796
0,0.155114093,2,20,GO:0032909,regulation of transforming growth factor beta2 production,0.532208796
0,0.155114093,3,20,GO:0034115;GO:0070587,regulation of cell-cell adhesion involved in gastrulation,0.532208796
0,0.155114093,2,20,GO:0035171;GO:0042387,lamellocyte differentiation,0.532208796
0,0.155114093,3,20,GO:0035844,cloaca development,0.532208796
0,0.154845107,2,109,GO:0042693,muscle cell fate commitment,0.532208796
0,0.155114093,3,20,GO:0045634,regulation of melanocyte differentiation,0.532208796
0,0.15441126,2,47,GO:0051000,positive regulation of nitric-oxide synthase activity,0.532208796
0,0.155114093,2,20,GO:0060020,Bergmann glial cell differentiation,0.532208796
0,0.155114093,2,20,GO:0086103,G protein-coupled receptor signaling pathway involved in heart process,0.532208796
0,0.155114093,5,20,GO:1903286;GO:1903288,regulation of potassium ion import,0.532208796
0,0.155114093,3,20,GO:2000586,regulation of platelet-derived growth factor receptor-beta signaling pathway,0.532208796
0,0.155824132,3,369,GO:0097164,ammonium ion metabolic process,0.534445352
0,0.157170084,2,466,GO:0018108;GO:0018212,peptidyl-tyrosine modification,0.53886048
0,0.157500109,5,589,GO:1903531;GO:0051048,negative regulation of secretion,0.539790485
0,0.157788872,3,213,GO:0006885;GO:0030641;GO:0051453,regulation of pH,0.540243183
0,0.157745224,4,119,GO:0060142;GO:1901739,regulation of syncytium formation by plasma membrane fusion,0.540243183
0,0.157808651,2,218,GO:1903321;GO:0031397,negative regulation of protein modification by small protein conjugation or removal,0.540243183
0,0.158418279,2,38,GO:0002756;GO:0035666,MyD88-independent toll-like receptor signaling pathway,0.540517047
0,0.158418279,3,38,GO:0003157,endocardium development,0.540517047
0,0.158418279,6,38,GO:0006044,N-acetylglucosamine metabolic process,0.540517047
0,0.158418279,4,38,GO:0006534,cysteine metabolic process,0.540517047
0,0.158418279,2,38,GO:0033344,cholesterol efflux,0.540517047
0,0.158418279,3,38,GO:0034356,NAD biosynthesis via nicotinamide riboside salvage pathway,0.540517047
0,0.158282088,2,66,GO:0048041,focal adhesion assembly,0.540517047
0,0.158282088,2,66,GO:2000403,positive regulation of lymphocyte migration,0.540517047
0,0.158965474,2,124,GO:2000378,negative regulation of reactive oxygen species metabolic process,0.54218265
0,0.159813091,2,29,GO:0006896,Golgi to vacuole transport,0.542455006
0,0.159813091,6,29,GO:0021859;GO:0021860,pyramidal neuron differentiation,0.542455006
0,0.159813091,2,29,GO:0030950,establishment or maintenance of actin cytoskeleton polarity,0.542455006
0,0.159326229,2,90,GO:0031146,SCF-dependent proteasomal ubiquitin-dependent protein catabolic process,0.542455006
0,0.159813091,2,29,GO:0034142,toll-like receptor 4 signaling pathway,0.542455006
0,0.159813091,2,29,GO:0045618,positive regulation of keratinocyte differentiation,0.542455006
0,0.159326229,2,90,GO:0045923,positive regulation of fatty acid metabolic process,0.542455006
0,0.159813091,2,29,GO:0046519;GO:0006670,sphingoid metabolic process,0.542455006
0,0.159813091,2,29,GO:0051280,negative regulation of release of sequestered calcium ion into cytosol,0.542455006
0,0.159813091,2,29,GO:0061476,response to anticoagulant,0.542455006
0,0.159813091,2,29,GO:0090031,positive regulation of steroid hormone biosynthetic process,0.542455006
0,0.159326229,2,90,GO:1901028,regulation of mitochondrial outer membrane permeabilization involved in apoptotic signaling pathway,0.542455006
0,0.159813091,7,29,GO:1905063,regulation of vascular associated smooth muscle cell differentiation,0.542455006
0,0.160051775,2,129,GO:0045661,regulation of myoblast differentiation,0.543064483
0,0.160124621,2,677,GO:0046661,male sex differentiation,0.54311102
0,0.160473337,5,52,GO:0006895,Golgi to endosome transport,0.543491004
0,0.160473337,3,52,GO:0008207,C21-steroid hormone metabolic process,0.543491004
0,0.160473337,2,52,GO:0046533,negative regulation of photoreceptor cell differentiation,0.543491004
0,0.160473337,2,52,GO:2000352,negative regulation of endothelial cell apoptotic process,0.543491004
0,0.160576416,3,1644,GO:0048592;GO:0090596,sensory organ morphogenesis,0.543639653
0,0.161016452,6,134,GO:0045600,positive regulation of fat cell differentiation,0.544928561
0,0.161949232,2,71,GO:1903427,negative regulation of reactive oxygen species biosynthetic process,0.547883496
0,0.162623389,3,144,GO:0030858,positive regulation of epithelial cell differentiation,0.549961645
0,0.164127674,3,16,GO:0001957;GO:0036072,direct ossification,0.550187111
0,0.163311499,2,279,GO:0002700,regulation of production of molecular mediator of immune response,0.550187111
0,0.164127674,5,16,GO:0006990,positive regulation of transcription from RNA polymerase II promoter involved in unfolded protein response,0.550187111
0,0.164127674,2,16,GO:0009631,cold acclimation,0.550187111
0,0.164127674,2,16,GO:0014028,notochord formation,0.550187111
0,0.164127674,3,16,GO:0019800,peptide cross-linking via chondroitin 4-sulfate glycosaminoglycan,0.550187111
0,0.164127674,3,16,GO:0019883;GO:0002483;GO:0019885,antigen processing and presentation of endogenous antigen,0.550187111
0,0.164127674,2,16,GO:0030845,phospholipase C-inhibiting G protein-coupled receptor signaling pathway,0.550187111
0,0.164127674,2,16,GO:0032077;GO:0032079,positive regulation of deoxyribonuclease activity,0.550187111
0,0.164127674,2,16,GO:0032602,chemokine production,0.550187111
0,0.163394897,2,100,GO:0032897;GO:0046782,regulation of viral transcription,0.550187111
0,0.164127674,3,16,GO:0033860;GO:0033864,regulation of NAD(P)H oxidase activity,0.550187111
0,0.164127674,3,16,GO:0035627,ceramide transport,0.550187111
0,0.164127674,2,16,GO:0036353,histone H2A-K119 monoubiquitination,0.550187111
0,0.164127674,2,16,GO:0042268,regulation of cytolysis,0.550187111
0,0.164127674,2,16,GO:0042364,water-soluble vitamin biosynthetic process,0.550187111
0,0.163860021,2,154,GO:0048581,negative regulation of post-embryonic development,0.550187111
0,0.163380911,2,462,GO:0051604,protein maturation,0.550187111
0,0.164127674,2,16,GO:0051660,establishment of centrosome localization,0.550187111
0,0.164127674,3,16,GO:0061386,closure of optic fissure,0.550187111
0,0.164127674,3,16,GO:0061771,response to caloric restriction,0.550187111
0,0.164127674,6,16,GO:0090241;GO:2000619,negative regulation of histone H4 acetylation,0.550187111
0,0.164127674,5,16,GO:1904528,positive regulation of microtubule binding,0.550187111
0,0.164127674,3,16,GO:1904636;GO:1904637,cellular response to ionomycin,0.550187111
0,0.165088381,4,105,GO:0001937,negative regulation of endothelial cell proliferation,0.552802326
0,0.165088381,3,105,GO:0001974,blood vessel remodeling,0.552802326
0,0.165040098,2,249,GO:0009119;GO:0042278;GO:0046128,ribonucleoside metabolic process,0.552802326
0,0.165267292,3,244,GO:0007189,adenylate cyclase-activating G protein-coupled receptor signaling pathway,0.553199738
0,0.165447013,3,174,GO:0034103,regulation of tissue remodeling,0.553599567
0,0.16563306,2,57,GO:0043090,amino acid import,0.554020267
0,0.166028686,2,189,GO:0042475,odontogenesis of dentin-containing tooth,0.555141419
0,0.166305207,5,43,GO:0046339,diacylglycerol metabolic process,0.555459391
0,0.166207738,3,204,GO:0097191,extrinsic apoptotic signaling pathway,0.555459391
0,0.166305207,2,43,GO:1900037,regulation of cellular response to hypoxia,0.555459391
0,0.166587515,3,110,GO:0019048;GO:0044003,modulation by symbiont of host process,0.556200046
0,0.167139291,2,320,GO:0010771,negative regulation of cell morphogenesis involved in differentiation,0.557839531
0,0.167951429,2,81,GO:0007483;GO:0035126;GO:0048803;GO:0048805,genital disc morphogenesis,0.56014302
0,0.167912772,2,115,GO:0050854,regulation of antigen receptor-mediated signaling pathway,0.56014302
0,0.171830944,3,12,GO:0000820,regulation of glutamine family amino acid metabolic process,0.563399659
0,0.17500046,4,8,GO:0001550;GO:0048165,fused antrum stage,0.563399659
0,0.17500046,4,8,GO:0001835,blastocyst hatching,0.563399659
0,0.171830944,5,12,GO:0002069,columnar/cuboidal epithelial cell maturation,0.563399659
0,0.17500046,6,8,GO:0002349;GO:0002441;GO:0002553,histamine secretion by mast cell,0.563399659
0,0.171830944,5,12,GO:0002905;GO:0002906,regulation of mature B cell apoptotic process,0.563399659
0,0.17500046,2,8,GO:0003250,regulation of cell proliferation involved in heart valve morphogenesis,0.563399659
0,0.171787812,2,25,GO:0003348;GO:0060956,cardiac endothelial cell differentiation,0.563399659
0,0.172847214,2,48,GO:0003381;GO:0003384,epithelial cell morphogenesis involved in gastrulation,0.563399659
0,0.17500046,5,8,GO:0006228;GO:0046051,UTP metabolic process,0.563399659
0,0.17500046,4,8,GO:0006578;GO:0045329,carnitine biosynthetic process,0.563399659
0,0.174747625,3,215,GO:0006720;GO:0006721,isoprenoid metabolic process,0.563399659
0,0.17500046,2,8,GO:0006808,regulation of nitrogen utilization,0.563399659
0,0.171787812,4,25,GO:0007436,larval salivary gland morphogenesis,0.563399659
0,0.170723049,2,34,GO:0007522,visceral muscle development,0.563399659
0,0.171787812,5,25,GO:0009113,purine nucleobase biosynthetic process,0.563399659
0,0.171958246,2,928,GO:0010259;GO:0008340,multicellular organism aging,0.563399659
0,0.17500046,2,8,GO:0014834,skeletal muscle satellite cell maintenance involved in skeletal muscle regeneration,0.563399659
0,0.172847214,2,48,GO:0014854,response to inactivity,0.563399659
0,0.17500046,2,8,GO:0015854,guanine transport,0.563399659
0,0.17500046,3,8,GO:0015917,aminophospholipid transport,0.563399659
0,0.17500046,5,8,GO:0017014;GO:0018119,protein nitrosylation,0.563399659
0,0.170723049,2,34,GO:0018904,ether metabolic process,0.563399659
0,0.174840994,2,170,GO:0019674,NAD metabolic process,0.563399659
0,0.171830944,11,12,GO:0021965,spinal cord ventral commissure morphogenesis,0.563399659
0,0.17500046,2,8,GO:0030167;GO:0030200,proteoglycan catabolic process,0.563399659
0,0.17500046,2,8,GO:0030242,autophagy of peroxisome,0.563399659
0,0.174904243,2,210,GO:0030952;GO:0030951,establishment or maintenance of cytoskeleton polarity,0.563399659
0,0.170723049,2,34,GO:0031664,regulation of lipopolysaccharide-mediated signaling pathway,0.563399659
0,0.171787812,2,25,GO:0034035;GO:0050427,purine ribonucleoside bisphosphate metabolic process,0.563399659
0,0.171787812,2,25,GO:0034139;GO:0034141,regulation of toll-like receptor 3 signaling pathway,0.563399659
0,0.170723049,2,34,GO:0035168,larval lymph gland hemocyte differentiation,0.563399659
0,0.171830944,3,12,GO:0035298;GO:1902766,skeletal muscle satellite cell migration,0.563399659
0,0.17500046,4,8,GO:0036474,cell death in response to hydrogen peroxide,0.563399659
0,0.17500046,6,8,GO:0039689,negative stranded viral RNA replication,0.563399659
0,0.173843774,2,67,GO:0042558,pteridine-containing compound metabolic process,0.563399659
0,0.17500046,2,8,GO:0043096;GO:0043103,purine nucleobase salvage,0.563399659
0,0.17500046,2,8,GO:0043363;GO:0048823,nucleate erythrocyte differentiation,0.563399659
0,0.171787812,2,25,GO:0043497,regulation of protein heterodimerization activity,0.563399659
0,0.171787812,2,25,GO:0045572,positive regulation of imaginal disc growth,0.563399659
0,0.171787812,4,25,GO:0045719;GO:0070874,negative regulation of glycogen metabolic process,0.563399659
0,0.170723049,4,34,GO:0045725,positive regulation of glycogen biosynthetic process,0.563399659
0,0.172556061,5,91,GO:0045792,negative regulation of cell size,0.563399659
0,0.171830944,2,12,GO:0045805,positive regulation of eclosion,0.563399659
0,0.173843774,2,67,GO:0046164,alcohol catabolic process,0.563399659
0,0.171787812,5,25,GO:0046498,S-adenosylhomocysteine metabolic process,0.563399659
0,0.171830944,2,12,GO:0046629,gamma-delta T cell activation,0.563399659
0,0.172847214,4,48,GO:0048139,female germ-line cyst encapsulation,0.563399659
0,0.171830944,5,12,GO:0048674,collateral sprouting of injured axon,0.563399659
0,0.171830944,5,12,GO:0048696,regulation of collateral sprouting in absence of injury,0.563399659
0,0.172847214,2,48,GO:0051043;GO:0051044,regulation of membrane protein ectodomain proteolysis,0.563399659
0,0.171787812,2,25,GO:0051601,exocyst localization,0.563399659
0,0.174840994,4,170,GO:0051865,protein autoubiquitination,0.563399659
0,0.170723049,2,34,GO:0055119,relaxation of cardiac muscle,0.563399659
0,0.171830944,3,12,GO:0060161,positive regulation of dopamine receptor signaling pathway,0.563399659
0,0.171787812,6,25,GO:0060394,negative regulation of pathway-restricted SMAD protein phosphorylation,0.563399659
0,0.171787812,4,25,GO:0060525,prostate glandular acinus development,0.563399659
0,0.171830944,2,12,GO:0061073,ciliary body morphogenesis,0.563399659
0,0.17500046,2,8,GO:0061113,pancreas morphogenesis,0.563399659
0,0.171798713,4,135,GO:0070050,neuron cellular homeostasis,0.563399659
0,0.17500046,3,8,GO:0070213,protein auto-ADP-ribosylation,0.563399659
0,0.171830944,2,12,GO:0070432,regulation of nucleotide-binding oligomerization domain containing 2 signaling pathway,0.563399659
0,0.17500046,2,8,GO:0071109,superior temporal gyrus development,0.563399659
0,0.17500046,2,8,GO:0071224,cellular response to peptidoglycan,0.563399659
0,0.17500046,2,8,GO:0071569;GO:1990564,protein ufmylation,0.563399659
0,0.17500046,5,8,GO:0072166,posterior mesonephric tubule development,0.563399659
0,0.17500046,3,8,GO:0072190,ureter urothelium development,0.563399659
0,0.171830944,5,12,GO:0072385,minus-end-directed organelle transport along microtubule,0.563399659
0,0.17500046,3,8,GO:0072567,chemokine (C-X-C motif) ligand 2 production,0.563399659
0,0.171830944,2,12,GO:0086023,adenylate cyclase-activating adrenergic receptor signaling pathway involved in heart process,0.563399659
0,0.17500046,3,8,GO:0089700,protein kinase D signaling,0.563399659
0,0.171830944,3,12,GO:0089709,L-histidine transmembrane transport,0.563399659
0,0.172847214,2,48,GO:0090522;GO:0099022,vesicle tethering,0.563399659
0,0.171830944,2,12,GO:0097039,protein linear polyubiquitination,0.563399659
0,0.171830944,2,12,GO:0097324,melanocyte migration,0.563399659
0,0.171830944,2,12,GO:1900157,regulation of bone mineralization involved in bone maturation,0.563399659
0,0.17500046,5,8,GO:1901078,negative regulation of relaxation of muscle,0.563399659
0,0.171762776,2,397,GO:1901605,alpha-amino acid metabolic process,0.563399659
0,0.171830944,3,12,GO:1902172,regulation of keratinocyte apoptotic process,0.563399659
0,0.171830944,4,12,GO:1902262,apoptotic process involved in blood vessel morphogenesis,0.563399659
0,0.17500046,3,8,GO:1902349;GO:1902350;GO:1904515,response to chloroquine,0.563399659
0,0.170723049,5,34,GO:1902459,positive regulation of stem cell population maintenance,0.563399659
0,0.17500046,2,8,GO:1902841,regulation of netrin-activated signaling pathway,0.563399659
0,0.17500046,4,8,GO:1903377,negative regulation of oxidative stress-induced neuron intrinsic apoptotic signaling pathway,0.563399659
0,0.17500046,6,8,GO:1903719;GO:1903721,positive regulation of I-kappaB phosphorylation,0.563399659
0,0.17500046,2,8,GO:1903760;GO:1905024;GO:1905031,regulation of membrane repolarization during cardiac muscle cell action potential,0.563399659
0,0.17500046,2,8,GO:1904170,regulation of bleb assembly,0.563399659
0,0.171787812,2,25,GO:1904350;GO:1905165,regulation of protein catabolic process in the vacuole,0.563399659
0,0.17500046,5,8,GO:1904428,negative regulation of tubulin deacetylation,0.563399659
0,0.17500046,2,8,GO:1904685,positive regulation of metalloendopeptidase activity,0.563399659
0,0.17500046,7,8,GO:1904806,regulation of protein oxidation,0.563399659
0,0.17500046,4,8,GO:1904880,response to hydrogen sulfide,0.563399659
0,0.171830944,2,12,GO:1905490,negative regulation of sensory neuron axon guidance,0.563399659
0,0.171830944,2,12,GO:1905664;GO:1905665,regulation of calcium ion import across plasma membrane,0.563399659
0,0.17500046,2,8,GO:1990386,mitotic cleavage furrow ingression,0.563399659
0,0.17500046,2,8,GO:2000118,regulation of sodium-dependent phosphate transport,0.563399659
0,0.175244072,3,311,GO:1903322;GO:0031398,positive regulation of protein modification by small protein conjugation or removal,0.563986266
0,0.177539885,2,106,GO:0030325,adrenal gland development,0.571174726
0,0.178320352,2,53,GO:0007512,adult heart development,0.573484744
0,0.178801874,2,111,GO:0060043,regulation of cardiac muscle cell proliferation,0.574832066
0,0.179440298,2,39,GO:0001765,membrane raft assembly,0.575675564
0,0.179440298,2,39,GO:0002407;GO:0036336,dendritic cell migration,0.575675564
0,0.179440298,2,39,GO:0015949,nucleobase-containing small molecule interconversion,0.575675564
0,0.179440298,3,39,GO:0048840,otolith development,0.575675564
0,0.179440298,3,39,GO:1903975,regulation of glial cell migration,0.575675564
0,0.179900039,2,116,GO:0002067,glandular epithelial cell differentiation,0.576747596
0,0.179900039,2,116,GO:2000273,positive regulation of signaling receptor activity,0.576747596
0,0.180263367,3,383,GO:0017156;GO:0016079,calcium-ion regulated exocytosis,0.577710756
0,0.180851548,2,121,GO:1902074,response to salt,0.579393607
0,0.181509456,2,246,GO:0031016,pancreas development,0.58129859
0,0.181671339,3,126,GO:0043268;GO:1901381,positive regulation of potassium ion transport,0.581411584
0,0.181671339,2,126,GO:0045124;GO:0046850,regulation of bone remodeling,0.581411584
0,0.182391927,5,82,GO:0033762,response to glucagon,0.583311229
0,0.182391927,3,82,GO:2000171,negative regulation of dendrite development,0.583311229
0,0.184511255,2,87,GO:0002922,positive regulation of humoral immune response,0.584266639
0,0.18478983,3,21,GO:0006983,ER overload response,0.584266639
0,0.182930147,4,58,GO:0007221,positive regulation of transcription of Notch receptor target,0.584266639
0,0.183182877,4,307,GO:0014031;GO:0014032;GO:0048864;GO:0014033,stem cell development,0.584266639
0,0.184334972,3,30,GO:0014883,transition between fast and slow fiber,0.584266639
0,0.182930147,2,58,GO:0014912,negative regulation of smooth muscle cell migration,0.584266639
0,0.18478983,2,21,GO:0015801,aromatic amino acid transport,0.584266639
0,0.184200485,2,151,GO:0021575,hindbrain morphogenesis,0.584266639
0,0.18346326,4,141,GO:0032007,negative regulation of TOR signaling,0.584266639
0,0.184765317,2,186,GO:0032272,negative regulation of protein polymerization,0.584266639
0,0.184334972,3,30,GO:0032964,collagen biosynthetic process,0.584266639
0,0.18478983,4,21,GO:0035767,endothelial cell chemotaxis,0.584266639
0,0.184511255,2,87,GO:0042304,regulation of fatty acid biosynthetic process,0.584266639
0,0.18478983,5,21,GO:0044752,response to human chorionic gonadotropin,0.584266639
0,0.18478983,2,21,GO:0046322,negative regulation of fatty acid oxidation,0.584266639
0,0.184334972,6,30,GO:0048671,negative regulation of collateral sprouting,0.584266639
0,0.184334972,4,30,GO:0060363,cranial suture morphogenesis,0.584266639
0,0.184334972,4,30,GO:0070106;GO:0070757,interleukin-27-mediated signaling pathway,0.584266639
0,0.184334972,2,30,GO:0071394,cellular response to testosterone stimulus,0.584266639
0,0.18478983,4,21,GO:0071447,cellular response to hydroperoxide,0.584266639
0,0.18478983,5,21,GO:0071468,cellular response to acidic pH,0.584266639
0,0.18478983,2,21,GO:0071503;GO:0071504,response to heparin,0.584266639
0,0.184334972,4,30,GO:0090527,actin filament reorganization,0.584266639
0,0.18478983,4,21,GO:0093002;GO:1901244;GO:1902097,obsolete positive regulation of transcription from RNA polymerase II promoter involved in defense response to fungus,0.584266639
0,0.18478983,3,21,GO:0097345;GO:1902110,positive regulation of mitochondrial membrane permeability involved in apoptotic process,0.584266639
0,0.18478983,2,21,GO:0097646;GO:0097647,calcitonin family receptor signaling pathway,0.584266639
0,0.184334972,2,30,GO:0099515;GO:0030050,actin filament-based transport,0.584266639
0,0.18478983,6,21,GO:0150011;GO:0150012,regulation of neuron projection arborization,0.584266639
0,0.18478983,2,21,GO:1902959;GO:1905245;GO:1902961;GO:1905247,regulation of aspartic-type endopeptidase activity involved in amyloid precursor protein catabolic process,0.584266639
0,0.18478983,2,21,GO:1905906,regulation of amyloid fibril formation,0.584266639
0,0.18478983,2,21,GO:1990000,amyloid fibril formation,0.584266639
0,0.184334972,3,30,GO:2000316;GO:2000319,regulation of T-helper 17 type immune response,0.584266639
0,0.18478983,3,21,GO:2000317;GO:2000320,negative regulation of T-helper 17 type immune response,0.584266639
0,0.186505899,2,44,GO:0042135,neurotransmitter catabolic process,0.589489567
0,0.186878004,6,605,GO:1901215,negative regulation of neuron death,0.590462493
0,0.189297736,5,102,GO:0048536,spleen development,0.5976967
0,0.189297736,2,102,GO:0086091,regulation of heart rate by cardiac conduction,0.5976967
0,0.190149059,2,68,GO:0032400;GO:0051875;GO:0032401;GO:0051905;GO:0032402;GO:0051904,pigment granule localization,0.59997221
0,0.190149059,2,68,GO:1904037,positive regulation of epithelial cell apoptotic process,0.59997221
0,0.190471831,2,107,GO:0006893,Golgi to plasma membrane transport,0.600784261
0,0.190932313,3,237,GO:0010623,programmed cell death involved in cell development,0.602029966
0,0.191475183,2,112,GO:0034260,negative regulation of GTPase activity,0.602913799
0,0.191475183,3,112,GO:0046676,negative regulation of insulin secretion,0.602913799
0,0.191475183,2,112,GO:0061064,negative regulation of nematode larval development,0.602913799
0,0.191475183,3,112,GO:0071711,basement membrane organization,0.602913799
0,0.19229618,2,49,GO:0000185,activation of MAPKKK activity,0.604669776
0,0.19229618,2,49,GO:0050872,white fat cell differentiation,0.604669776
0,0.19229618,2,49,GO:1901881,positive regulation of protein depolymerization,0.604669776
0,0.19229618,5,49,GO:1902170;GO:0071732,cellular response to reactive nitrogen species,0.604669776
0,0.192689247,2,217,GO:0002705,positive regulation of leukocyte mediated immunity,0.605698402
0,0.19297397,4,73,GO:0045167,asymmetric protein localization involved in cell fate determination,0.606178493
0,0.19297397,2,73,GO:0048147,negative regulation of fibroblast proliferation,0.606178493
0,0.193161356,2,503,GO:0006937,regulation of muscle contraction,0.606559678
0,0.194028194,5,35,GO:0006011,UDP-glucose metabolic process,0.608034446
0,0.194028194,2,35,GO:0042088,T-helper 1 type immune response,0.608034446
0,0.194028194,2,35,GO:0043276,anoikis,0.608034446
0,0.194028194,2,35,GO:0046415,urate metabolic process,0.608034446
0,0.194028194,6,35,GO:0072697,protein localization to cell cortex,0.608034446
0,0.194028194,3,35,GO:2001267,regulation of cysteine-type endopeptidase activity involved in apoptotic signaling pathway,0.608034446
0,0.198800019,2,17,GO:0002645,positive regulation of tolerance induction,0.615014541
0,0.198800019,2,17,GO:0003402,planar cell polarity pathway involved in axis elongation,0.615014541
0,0.198800019,3,17,GO:0006222;GO:0009174;GO:0046049;GO:0009173,pyrimidine ribonucleoside monophosphate biosynthetic process,0.615014541
0,0.198800019,3,17,GO:0006703,estrogen biosynthetic process,0.615014541
0,0.198800019,2,17,GO:0015803;GO:0015820,branched-chain amino acid transport,0.615014541
0,0.198800019,5,17,GO:0021824;GO:0021828;GO:0021856;GO:0021886;GO:0021888;GO:0036484;GO:0036486;GO:0097490;GO:0097491;GO:1903375,trunk neural crest cell migration,0.615014541
0,0.198800019,2,17,GO:0030035,microspike assembly,0.615014541
0,0.198800019,5,17,GO:0031665,negative regulation of lipopolysaccharide-mediated signaling pathway,0.615014541
0,0.198800019,2,17,GO:0032490,detection of molecule of bacterial origin,0.615014541
0,0.197437897,3,83,GO:0035774,positive regulation of insulin secretion involved in cellular response to glucose stimulus,0.615014541
0,0.1973722,3,258,GO:0040018,positive regulation of multicellular organism growth,0.615014541
0,0.198800019,2,17,GO:0042338,cuticle development involved in collagen and cuticulin-based cuticle molting cycle,0.615014541
0,0.198800019,2,17,GO:0043558,regulation of translational initiation in response to stress,0.615014541
0,0.198800019,5,17,GO:0044333,Wnt signaling pathway involved in digestive tract morphogenesis,0.615014541
0,0.198800019,2,17,GO:0045578,negative regulation of B cell differentiation,0.615014541
0,0.197437897,4,83,GO:0045838,positive regulation of membrane potential,0.615014541
0,0.198800019,3,17,GO:0046060,dATP metabolic process,0.615014541
0,0.197081105,4,54,GO:0046528;GO:0046529,imaginal disc fusion,0.615014541
0,0.198800019,2,17,GO:0048688;GO:0048692,negative regulation of sprouting of injured axon,0.615014541
0,0.198800019,4,17,GO:0048919,posterior lateral line neuromast development,0.615014541
0,0.197437897,2,83,GO:0050995,negative regulation of lipid catabolic process,0.615014541
0,0.198800019,3,17,GO:0051388,positive regulation of neurotrophin TRK receptor signaling pathway,0.615014541
0,0.198800019,3,17,GO:0060316,positive regulation of ryanodine-sensitive calcium-release channel activity,0.615014541
0,0.198800019,2,17,GO:0060371,regulation of atrial cardiac muscle cell membrane depolarization,0.615014541
0,0.198800019,4,17,GO:0060770,negative regulation of epithelial cell proliferation involved in prostate gland development,0.615014541
0,0.198800019,2,17,GO:0061056,sclerotome development,0.615014541
0,0.198800019,3,17,GO:0070234,positive regulation of T cell apoptotic process,0.615014541
0,0.198800019,3,17,GO:0071340,skeletal muscle acetylcholine-gated channel clustering,0.615014541
0,0.198800019,2,17,GO:0071689,muscle thin filament assembly,0.615014541
0,0.198800019,2,17,GO:0072239,metanephric glomerulus vasculature development,0.615014541
0,0.198800019,2,17,GO:0072673,lamellipodium morphogenesis,0.615014541
0,0.198800019,3,17,GO:0090160,Golgi to lysosome transport,0.615014541
0,0.197437897,7,83,GO:0090199,regulation of release of cytochrome c from mitochondria,0.615014541
0,0.198800019,2,17,GO:1900272,negative regulation of long-term synaptic potentiation,0.615014541
0,0.198800019,6,17,GO:1903978;GO:0150077;GO:1903980;GO:0150078,regulation of microglial cell activation,0.615014541
0,0.198800019,2,17,GO:1904753,negative regulation of vascular associated smooth muscle cell migration,0.615014541
0,0.197081105,4,54,GO:1904837,beta-catenin-TCF complex assembly,0.615014541
0,0.198800019,4,17,GO:2001170,negative regulation of ATP biosynthetic process,0.615014541
0,0.199482288,2,26,GO:0010898,positive regulation of triglyceride catabolic process,0.61567366
0,0.199482288,3,26,GO:0035209,pupal development,0.61567366
0,0.199187898,2,88,GO:0060122,inner ear receptor cell stereocilium organization,0.61567366
0,0.199187898,2,88,GO:0060419;GO:0055017,heart growth,0.61567366
0,0.199482288,6,26,GO:0061002,negative regulation of dendritic spine morphogenesis,0.61567366
0,0.199482288,6,26,GO:0070885;GO:0106057,negative regulation of calcineurin-NFAT signaling cascade,0.61567366
0,0.199482288,2,26,GO:0097206,nephrocyte filtration,0.61567366
0,0.199915479,2,794,GO:0019932,second-messenger-mediated signaling,0.616803384
0,0.200376136,2,233,GO:0006766,vitamin metabolic process,0.618017062
0,0.200674339,2,93,GO:0044550,secondary metabolite biosynthetic process,0.618729038
0,0.201059506,2,59,GO:0036003,positive regulation of transcription from RNA polymerase II promoter in response to stress,0.618877871
0,0.201059506,2,59,GO:0045663,positive regulation of myoblast differentiation,0.618877871
0,0.201059506,3,59,GO:0061311,cell surface receptor signaling pathway involved in heart development,0.618877871
0,0.201059506,3,59,GO:1901071,glucosamine-containing compound metabolic process,0.618877871
0,0.201059506,6,59,GO:2000249,regulation of actin cytoskeleton reorganization,0.618877871
0,0.201326585,4,422,GO:0035270,endocrine system development,0.619492356
0,0.201663311,2,40,GO:0007440,foregut morphogenesis,0.619698065
0,0.201663311,4,40,GO:0016057,regulation of membrane potential in photoreceptor cell,0.619698065
0,0.201663311,2,40,GO:0046033,AMP metabolic process,0.619698065
0,0.201663311,2,40,GO:0048087,positive regulation of developmental pigmentation,0.619698065
0,0.201931435,3,98,GO:0035070;GO:0035071;GO:0048102,autophagic cell death,0.620107066
0,0.201931435,8,98,GO:1904036,negative regulation of epithelial cell apoptotic process,0.620107066
0,0.202987887,3,103,GO:2000649,regulation of sodium ion transmembrane transporter activity,0.623142963
0,0.204381171,2,64,GO:1901018,positive regulation of potassium ion transmembrane transporter activity,0.62721051
0,0.204592267,2,113,GO:0010464;GO:0002053,regulation of mesenchymal cell proliferation,0.62764862
0,0.205997899,3,168,GO:0006904;GO:0048278,vesicle docking,0.631749816
0,0.206251134,6,133,GO:0042491,inner ear auditory receptor cell differentiation,0.632104325
0,0.206251134,3,133,GO:0070849;GO:0071364,response to epidermal growth factor,0.632104325
0,0.207764097,4,45,GO:0006760,folic acid-containing compound metabolic process,0.634834742
0,0.207764097,-1,45,GO:0010869,obsolete regulation of receptor biosynthetic process,0.634834742
0,0.207467754,4,249,GO:0031100,animal organ regeneration,0.634834742
0,0.207764097,3,45,GO:0031340,positive regulation of vesicle fusion,0.634834742
0,0.207764097,2,45,GO:0032462,regulation of protein homooligomerization,0.634834742
0,0.207764097,2,45,GO:0045655,regulation of monocyte differentiation,0.634834742
0,0.207764097,2,45,GO:0046323;GO:1904659,glucose transmembrane transport,0.634834742
0,0.207764097,2,45,GO:0090201,negative regulation of release of cytochrome c from mitochondria,0.634834742
0,0.207764097,3,45,GO:1903350;GO:1903351,response to dopamine,0.634834742
0,0.210344119,2,31,GO:0002281,macrophage activation involved in immune response,0.640587114
0,0.210344119,4,31,GO:0010037;GO:0071244,response to carbon dioxide,0.640587114
0,0.210344119,2,31,GO:0015886;GO:1901678,iron coordination entity transport,0.640587114
0,0.210344119,2,31,GO:0043653,mitochondrial fragmentation involved in apoptotic process,0.640587114
0,0.210344119,2,31,GO:0048752,semicircular canal morphogenesis,0.640587114
0,0.210344119,2,31,GO:0071391,cellular response to estrogen stimulus,0.640587114
0,0.210344119,2,31,GO:0072102,glomerulus morphogenesis,0.640587114
0,0.210344119,7,31,GO:0097340;GO:0097341,zymogen inhibition,0.640587114
0,0.210344119,2,31,GO:1902410,mitotic cytokinetic process,0.640587114
0,0.210344119,2,31,GO:1902902,negative regulation of autophagosome assembly,0.640587114
0,0.213544951,3,13,GO:0001767,establishment of lymphocyte polarity,0.644193622
0,0.213544951,5,13,GO:0001996,positive regulation of heart rate by epinephrine-norepinephrine,0.644193622
0,0.213544951,3,13,GO:0002351;GO:0002442,serotonin production involved in inflammatory response,0.644193622
0,0.212689914,2,50,GO:0003085,negative regulation of systemic arterial blood pressure,0.644193622
0,0.213544951,3,13,GO:0007481;GO:0048735,haltere morphogenesis,0.644193622
0,0.212689914,2,50,GO:0010738,regulation of protein kinase A signaling,0.644193622
0,0.213061651,5,84,GO:0014037,Schwann cell differentiation,0.644193622
0,0.213544951,3,13,GO:0015808,L-alanine transport,0.644193622
0,0.213544951,3,13,GO:0015822;GO:1902022;GO:1903352;GO:1903401,L-lysine transmembrane transport,0.644193622
0,0.213544951,4,13,GO:0019043,establishment of viral latency,0.644193622
0,0.213544951,3,13,GO:0019530;GO:0019694,taurine metabolic process,0.644193622
0,0.213544951,3,13,GO:0032620,interleukin-17 production,0.644193622
0,0.213544951,2,13,GO:0035622,intrahepatic bile duct development,0.644193622
0,0.213562284,5,316,GO:0042659;GO:0010453,regulation of cell fate commitment,0.644193622
0,0.212726495,2,362,GO:0045185,maintenance of protein location,0.644193622
0,0.213544951,2,13,GO:0046070,dGTP metabolic process,0.644193622
0,0.213544951,4,13,GO:0048086,negative regulation of developmental pigmentation,0.644193622
0,0.213544951,3,13,GO:0060034,notochord cell differentiation,0.644193622
0,0.213544951,3,13,GO:0060666,dichotomous subdivision of terminal units involved in salivary gland branching,0.644193622
0,0.212352798,2,275,GO:0060993;GO:0072080,kidney morphogenesis,0.644193622
0,0.213544951,2,13,GO:0061156,pulmonary artery morphogenesis,0.644193622
0,0.213544951,2,13,GO:0070384,Harderian gland development,0.644193622
0,0.213544951,2,13,GO:0071476,cellular hypotonic response,0.644193622
0,0.212689914,4,50,GO:0071514,genetic imprinting,0.644193622
0,0.213544951,2,13,GO:0098711,iron ion import across plasma membrane,0.644193622
0,0.213544951,4,13,GO:1901072,glucosamine-containing compound catabolic process,0.644193622
0,0.213544951,6,13,GO:1903903,regulation of establishment of T cell polarity,0.644193622
0,0.213544951,2,13,GO:2000630,positive regulation of miRNA metabolic process,0.644193622
0,0.213544951,4,13,GO:2000697;GO:0003340,negative regulation of epithelial cell differentiation involved in kidney development,0.644193622
0,0.21440956,2,89,GO:0006984,ER-nucleus signaling pathway,0.646537035
0,0.216695901,2,55,GO:0002076,osteoblast development,0.647058469
0,0.216695901,3,55,GO:0006103,2-oxoglutarate metabolic process,0.647058469
0,0.215065408,2,1503,GO:0007411;GO:0097485,neuron projection guidance,0.647058469
0,0.216461683,2,22,GO:0007441;GO:0048615,anterior midgut (ectodermal) morphogenesis,0.647058469
0,0.216461683,5,22,GO:0009313,oligosaccharide catabolic process,0.647058469
0,0.216461683,7,22,GO:0014043,negative regulation of neuron maturation,0.647058469
0,0.216421972,5,99,GO:0014065,phosphatidylinositol 3-kinase signaling,0.647058469
0,0.216461683,2,22,GO:0032661,regulation of interleukin-18 production,0.647058469
0,0.216695901,8,55,GO:0032793,positive regulation of CREB transcription factor activity,0.647058469
0,0.216461683,2,22,GO:0032808,lacrimal gland development,0.647058469
0,0.215519093,4,94,GO:0032878;GO:2000114,regulation of establishment or maintenance of cell polarity,0.647058469
0,0.216461683,4,22,GO:0032958,inositol phosphate biosynthetic process,0.647058469
0,0.215156038,2,189,GO:0035094,response to nicotine,0.647058469
0,0.216461683,5,22,GO:0036017;GO:0036018,response to erythropoietin,0.647058469
0,0.216461683,3,22,GO:0042541,hemoglobin biosynthetic process,0.647058469
0,0.216461683,6,22,GO:0045988,negative regulation of striated muscle contraction,0.647058469
0,0.216167422,3,179,GO:0046148,pigment biosynthetic process,0.647058469
0,0.216461683,3,22,GO:0046349,amino sugar biosynthetic process,0.647058469
0,0.216461683,3,22,GO:0048264,determination of ventral identity,0.647058469
0,0.216461683,2,22,GO:0048631;GO:0048633,regulation of skeletal muscle tissue growth,0.647058469
0,0.215702027,2,255,GO:0050848,regulation of calcium-mediated signaling,0.647058469
0,0.216461683,2,22,GO:0060625,regulation of protein deneddylation,0.647058469
0,0.216461683,2,22,GO:0060839,endothelial cell fate commitment,0.647058469
0,0.216461683,2,22,GO:0061626,pharyngeal arch artery morphogenesis,0.647058469
0,0.216461683,2,22,GO:0071316,cellular response to nicotine,0.647058469
0,0.216461683,4,22,GO:0071455,cellular response to hyperoxia,0.647058469
0,0.216695901,2,55,GO:0090136,epithelial cell-cell adhesion,0.647058469
0,0.216461683,2,22,GO:0090343,positive regulation of cell aging,0.647058469
0,0.216461683,2,22,GO:1904896,ESCRT complex disassembly,0.647058469
0,0.216461683,4,22,GO:2001138;GO:2001140,positive regulation of phospholipid transport,0.647058469
0,0.217144721,2,104,GO:0034308,primary alcohol metabolic process,0.647977343
0,0.217144721,6,104,GO:0035025,positive regulation of Rho protein signal transduction,0.647977343
0,0.217793521,2,159,GO:0042180,cellular ketone metabolic process,0.649702335
0,0.218135863,4,114,GO:0048708,astrocyte differentiation,0.650301169
0,0.218096348,3,154,GO:1901570,fatty acid derivative biosynthetic process,0.650301169
0,0.218249356,2,291,GO:0001756;GO:0061053,somite development,0.650428402
0,0.218732527,2,129,GO:0070936,protein K48-linked ubiquitination,0.651445609
0,0.218679395,2,139,GO:0090224;GO:0060236,regulation of spindle organization,0.651445609
0,0.218980032,4,235,GO:0008347,glial cell migration,0.651971342
0,0.219191135,2,286,GO:0030509;GO:0071772;GO:0071773,response to BMP,0.652388391
0,0.219834659,3,824,GO:0046883,regulation of hormone secretion,0.654091786
0,0.219968437,2,60,GO:0034122,negative regulation of toll-like receptor signaling pathway,0.65427788
0,0.220773186,2,1762,GO:0010035,response to inorganic substance,0.656458955
0,0.222646985,4,65,GO:0031529,ruffle organization,0.66160225
0,0.222646985,7,65,GO:0033032,regulation of myeloid cell apoptotic process,0.66160225
0,0.227839872,4,9,GO:0001660,fever generation,0.663772184
0,0.227839872,5,9,GO:0001768,establishment of T cell polarity,0.663772184
0,0.236168481,8,5,GO:0001865,NK T cell differentiation,0.663772184
0,0.233951038,2,51,GO:0002093;GO:0060088,auditory receptor cell morphogenesis,0.663772184
0,0.236168481,2,5,GO:0002154,thyroid hormone mediated signaling pathway,0.663772184
0,0.223906392,3,261,GO:0002250;GO:0002460,adaptive immune response,0.663772184
0,0.227839872,2,9,GO:0002265,astrocyte activation involved in immune response,0.663772184
0,0.236168481,2,5,GO:0002317,plasma cell differentiation,0.663772184
0,0.228758202,4,27,GO:0002320,lymphoid progenitor cell differentiation,0.663772184
0,0.230147655,4,90,GO:0002385;GO:0002251,organ or tissue specific immune response,0.663772184
0,0.236168481,6,5,GO:0002414;GO:0002415,immunoglobulin transcytosis in epithelial cells mediated by polymeric immunoglobulin receptor,0.663772184
0,0.235668606,2,18,GO:0003062,regulation of heart rate by chemical signal,0.663772184
0,0.227839872,2,9,GO:0003289,atrial septum primum morphogenesis,0.663772184
0,0.227839872,5,9,GO:0006069,ethanol oxidation,0.663772184
0,0.226492307,2,185,GO:0006493,protein O-linked glycosylation,0.663772184
0,0.225810125,4,190,GO:0006582,melanin metabolic process,0.663772184
0,0.236168481,2,5,GO:0006850,mitochondrial pyruvate transmembrane transport,0.663772184
0,0.227839872,2,9,GO:0006973,intracellular accumulation of glycerol,0.663772184
0,0.236168481,2,5,GO:0007285,primary spermatocyte growth,0.663772184
0,0.227839872,2,9,GO:0007495,visceral mesoderm-endoderm interaction involved in midgut development,0.663772184
0,0.236168481,2,5,GO:0007504,larval fat body development,0.663772184
0,0.227839872,5,9,GO:0007553;GO:0007554;GO:0045966;GO:0045998,positive regulation of ecdysteroid biosynthetic process,0.663772184
0,0.236168481,2,5,GO:0008228,opsonization,0.663772184
0,0.224980851,2,41,GO:0009110,vitamin biosynthetic process,0.663772184
0,0.227839872,4,9,GO:0009155;GO:0009217;GO:0009146;GO:0046061,purine deoxyribonucleotide catabolic process,0.663772184
0,0.225551228,4,1102,GO:0009952,anterior/posterior pattern specification,0.663772184
0,0.236168481,5,5,GO:0010421;GO:0097468;GO:0036481,hydrogen peroxide-mediated programmed cell death,0.663772184
0,0.227839872,2,9,GO:0010728;GO:0010730,regulation of hydrogen peroxide biosynthetic process,0.663772184
0,0.235668606,-1,18,GO:0010870,obsolete positive regulation of receptor biosynthetic process,0.663772184
0,0.235668606,5,18,GO:0010944,negative regulation of transcription by competitive promoter binding,0.663772184
0,0.224768767,2,477,GO:0014074;GO:0046683,response to purine-containing compound,0.663772184
0,0.236168481,3,5,GO:0015734;GO:0042918,taurine transport,0.663772184
0,0.236168481,2,5,GO:0015743,malate transport,0.663772184
0,0.224980851,2,41,GO:0016059,deactivation of rhodopsin mediated signaling,0.663772184
0,0.235668606,2,18,GO:0017185,peptidyl-lysine hydroxylation,0.663772184
0,0.227839872,2,9,GO:0019050;GO:0033668;GO:0052041;GO:0060154,negative regulation by symbiont of host apoptotic process,0.663772184
0,0.236168481,4,5,GO:0019563,glycerol catabolic process,0.663772184
0,0.231129674,2,313,GO:0019882,antigen processing and presentation,0.663772184
0,0.226923518,2,369,GO:0019933;GO:0019935,cyclic-nucleotide-mediated signaling,0.663772184
0,0.236168481,4,5,GO:0021691;GO:0021699,cerebellar cortex maturation,0.663772184
0,0.236168481,2,5,GO:0021693,cerebellar Purkinje cell layer structural organization,0.663772184
0,0.227839872,4,9,GO:0021747,cochlear nucleus development,0.663772184
0,0.227839872,4,9,GO:0021847,ventricular zone neuroblast division,0.663772184
0,0.235668606,3,18,GO:0021869,forebrain ventricular zone progenitor cell division,0.663772184
0,0.235668606,2,18,GO:0030037,actin filament reorganization involved in cell cycle,0.663772184
0,0.236168481,4,5,GO:0030505,inorganic diphosphate transport,0.663772184
0,0.231378326,7,100,GO:0030888,regulation of B cell proliferation,0.663772184
0,0.236168481,2,5,GO:0031632,positive regulation of synaptic vesicle fusion to presynaptic active zone membrane,0.663772184
0,0.224838067,6,70,GO:0032148,activation of protein kinase B activity,0.663772184
0,0.236168481,3,5,GO:0032187;GO:0036214,contractile ring localization,0.663772184
0,0.236168481,3,5,GO:0032310,prostaglandin secretion,0.663772184
0,0.23174589,2,105,GO:0032369,negative regulation of lipid transport,0.663772184
0,0.224980851,2,41,GO:0032460,negative regulation of protein oligomerization,0.663772184
0,0.236168481,2,5,GO:0032485,regulation of Ral protein signal transduction,0.663772184
0,0.229989708,5,46,GO:0033127,regulation of histone phosphorylation,0.663772184
0,0.231367967,2,221,GO:0033143,regulation of intracellular steroid hormone receptor signaling pathway,0.663772184
0,0.236168481,2,5,GO:0033499,galactose catabolic process via UDP-galactose,0.663772184
0,0.227839872,2,9,GO:0034382;GO:0071830,chylomicron remnant clearance,0.663772184
0,0.227839872,4,9,GO:0034433;GO:0034434;GO:0034435,cholesterol esterification,0.663772184
0,0.236168481,3,5,GO:0035122,embryonic medial fin morphogenesis,0.663772184
0,0.235668606,4,18,GO:0035157,negative regulation of fusion cell fate specification,0.663772184
0,0.227839872,2,9,GO:0035408,histone H3-T6 phosphorylation,0.663772184
0,0.236168481,2,5,GO:0035513,oxidative RNA demethylation,0.663772184
0,0.236168481,2,5,GO:0035776,pronephric proximal tubule development,0.663772184
0,0.236168481,2,5,GO:0035930,corticosteroid hormone secretion,0.663772184
0,0.227839872,2,9,GO:0036146;GO:0071505;GO:0071506,cellular response to mycotoxin,0.663772184
0,0.236168481,2,5,GO:0036363;GO:0071604,transforming growth factor beta activation,0.663772184
0,0.236168481,2,5,GO:0036462,TRAIL-activated apoptotic signaling pathway,0.663772184
0,0.235668606,3,18,GO:0038065,collagen-activated signaling pathway,0.663772184
0,0.227839872,3,9,GO:0038086;GO:0038091,positive regulation of cell proliferation by VEGF-activated platelet derived growth factor receptor signaling pathway,0.663772184
0,0.235668606,5,18,GO:0038114;GO:0098756;GO:0098757,response to interleukin-21,0.663772184
0,0.235668606,2,18,GO:0038203,TORC2 signaling,0.663772184
0,0.228758202,2,27,GO:0039531;GO:0039535,regulation of viral-induced cytoplasmic pattern recognition receptor signaling pathway,0.663772184
0,0.228758202,2,27,GO:0042159,lipoprotein catabolic process,0.663772184
0,0.224980851,3,41,GO:0042451;GO:0046129,purine nucleoside biosynthetic process,0.663772184
0,0.227839872,3,9,GO:0042483;GO:0110111,negative regulation of odontogenesis,0.663772184
0,0.235668606,2,18,GO:0042726;GO:0006771,flavin-containing compound metabolic process,0.663772184
0,0.236168481,2,5,GO:0042727,flavin-containing compound biosynthetic process,0.663772184
0,0.235668606,2,18,GO:0043031,negative regulation of macrophage activation,0.663772184
0,0.236168481,3,5,GO:0043095,regulation of GTP cyclohydrolase I activity,0.663772184
0,0.236168481,2,5,GO:0043323,positive regulation of natural killer cell degranulation,0.663772184
0,0.227839872,2,9,GO:0043385;GO:0046222;GO:1901376,mycotoxin metabolic process,0.663772184
0,0.229989708,2,46,GO:0043496,regulation of protein homodimerization activity,0.663772184
0,0.227839872,2,9,GO:0043974,histone H3-K27 acetylation,0.663772184
0,0.233951038,2,51,GO:0044320;GO:0044321,response to leptin,0.663772184
0,0.235668606,4,18,GO:0045628,regulation of T-helper 2 cell differentiation,0.663772184
0,0.231588186,2,135,GO:0045670,regulation of osteoclast differentiation,0.663772184
0,0.236168481,3,5,GO:0045901,positive regulation of translational elongation,0.663772184
0,0.23439838,2,2763,GO:0045944,positive regulation of transcription by RNA polymerase II,0.663772184
0,0.233951038,4,51,GO:0046112,nucleobase biosynthetic process,0.663772184
0,0.236168481,6,5,GO:0046633,alpha-beta T cell proliferation,0.663772184
0,0.236168481,5,5,GO:0046814;GO:0060370,coreceptor-mediated virion attachment to host cell,0.663772184
0,0.236168481,4,5,GO:0048389;GO:0061227,pattern specification involved in mesonephros development,0.663772184
0,0.228758202,2,27,GO:0048499,synaptic vesicle membrane organization,0.663772184
0,0.231378326,3,100,GO:0048808,male genitalia morphogenesis,0.663772184
0,0.228758202,8,27,GO:0048936,peripheral nervous system neuron axonogenesis,0.663772184
0,0.232091501,2,120,GO:0050732,negative regulation of peptidyl-tyrosine phosphorylation,0.663772184
0,0.227839872,2,9,GO:0050747;GO:1903059;GO:1903061,regulation of protein lipidation,0.663772184
0,0.227839872,9,9,GO:0051135;GO:0051140;GO:0051142,regulation of NK T cell proliferation,0.663772184
0,0.236168481,6,5,GO:0051176,positive regulation of sulfur metabolic process,0.663772184
0,0.227839872,4,9,GO:0051664,nuclear pore localization,0.663772184
0,0.227839872,2,9,GO:0060018,astrocyte fate commitment,0.663772184
0,0.236168481,2,5,GO:0060188;GO:0060189,regulation of protein desumoylation,0.663772184
0,0.227839872,3,9,GO:0060369,positive regulation of Fc receptor mediated stimulatory signaling pathway,0.663772184
0,0.236168481,5,5,GO:0060532;GO:0061145,bronchus cartilage development,0.663772184
0,0.236168481,3,5,GO:0060545;GO:0062100,positive regulation of necroptotic process,0.663772184
0,0.235668606,2,18,GO:0060613,fat pad development,0.663772184
0,0.227839872,2,9,GO:0060689,cell differentiation involved in salivary gland development,0.663772184
0,0.228758202,3,27,GO:0060710,chorio-allantoic fusion,0.663772184
0,0.236168481,3,5,GO:0060935;GO:0060936;GO:0060938;GO:0060939,cardiac fibroblast cell development,0.663772184
0,0.235668606,3,18,GO:0060988,lipid tube assembly,0.663772184
0,0.230853556,7,95,GO:0061065,regulation of dauer larval development,0.663772184
0,0.227839872,2,9,GO:0061082,myeloid leukocyte cytokine production,0.663772184
0,0.236168481,3,5,GO:0061444,endocardial cushion cell development,0.663772184
0,0.227839872,2,9,GO:0061833;GO:1901483;GO:1901485,protein localization to tricellular tight junction,0.663772184
0,0.236168481,4,5,GO:0070318,positive regulation of G0 to G1 transition,0.663772184
0,0.230147655,8,90,GO:0070830,bicellular tight junction assembly,0.663772184
0,0.235668606,6,18,GO:0071280,cellular response to copper ion,0.663772184
0,0.228974884,3,165,GO:0071320,cellular response to cAMP,0.663772184
0,0.236168481,4,5,GO:0071403,cellular response to high density lipoprotein particle stimulus,0.663772184
0,0.236168481,2,5,GO:0071529,cementum mineralization,0.663772184
0,0.235668606,2,18,GO:0071550,death-inducing signaling complex assembly,0.663772184
0,0.227839872,3,9,GO:0071640;GO:0071642,regulation of macrophage inflammatory protein 1 alpha production,0.663772184
0,0.235668606,2,18,GO:0071947,protein deubiquitination involved in ubiquitin-dependent protein catabolic process,0.663772184
0,0.228758202,6,27,GO:0072124,regulation of glomerular mesangial cell proliferation,0.663772184
0,0.235668606,2,18,GO:0072718,response to cisplatin,0.663772184
0,0.235668606,3,18,GO:0090043,regulation of tubulin deacetylation,0.663772184
0,0.227839872,2,9,GO:0090118,receptor-mediated endocytosis involved in cholesterol transport,0.663772184
0,0.227839872,4,9,GO:0090155;GO:0090156,negative regulation of sphingolipid biosynthetic process,0.663772184
0,0.236168481,2,5,GO:0090187,positive regulation of pancreatic juice secretion,0.663772184
0,0.236168481,2,5,GO:0090289,regulation of osteoclast proliferation,0.663772184
0,0.236168481,2,5,GO:0097017,renal protein absorption,0.663772184
0,0.231832247,3,130,GO:0097530,granulocyte migration,0.663772184
0,0.227839872,2,9,GO:0098706,iron ion import across cell outer membrane,0.663772184
0,0.227839872,2,9,GO:0099004,calmodulin dependent kinase signaling pathway,0.663772184
0,0.235668606,2,18,GO:0106036,assembly of apicomedial cortex actomyosin,0.663772184
0,0.227839872,6,9,GO:0150003,regulation of spontaneous synaptic transmission,0.663772184
0,0.235668606,2,18,GO:1901628;GO:1903911,positive regulation of receptor clustering,0.663772184
0,0.227839872,2,9,GO:1901837,negative regulation of transcription of nucleolar large rRNA by RNA polymerase I,0.663772184
0,0.236168481,2,5,GO:1901859,negative regulation of mitochondrial DNA metabolic process,0.663772184
0,0.236168481,2,5,GO:1902026,regulation of cartilage condensation,0.663772184
0,0.236168481,2,5,GO:1902044,regulation of Fas signaling pathway,0.663772184
0,0.224980851,3,41,GO:1902236,negative regulation of endoplasmic reticulum stress-induced intrinsic apoptotic signaling pathway,0.663772184
0,0.236168481,2,5,GO:1902362,melanocyte apoptotic process,0.663772184
0,0.236168481,2,5,GO:1902380,positive regulation of endoribonuclease activity,0.663772184
0,0.235668606,2,18,GO:1902950,regulation of dendritic spine maintenance,0.663772184
0,0.236168481,2,5,GO:1902994;GO:1902995,regulation of phospholipid efflux,0.663772184
0,0.236168481,3,5,GO:1903045,neural crest cell migration involved in sympathetic nervous system development,0.663772184
0,0.236168481,5,5,GO:1903048,regulation of acetylcholine-gated cation channel activity,0.663772184
0,0.236168481,3,5,GO:1903109,positive regulation of mitochondrial transcription,0.663772184
0,0.236168481,3,5,GO:1903610,regulation of calcium-dependent ATPase activity,0.663772184
0,0.228758202,4,27,GO:1903818,positive regulation of voltage-gated potassium channel activity,0.663772184
0,0.236168481,6,5,GO:1903971;GO:1903974,positive regulation of response to macrophage colony-stimulating factor,0.663772184
0,0.236168481,5,5,GO:1904020,regulation of G protein-coupled receptor internalization,0.663772184
0,0.235668606,5,18,GO:1904251;GO:0070857,regulation of bile acid metabolic process,0.663772184
0,0.236168481,3,5,GO:1904323;GO:1904325,regulation of inhibitory G protein-coupled receptor phosphorylation,0.663772184
0,0.227839872,4,9,GO:1904393,regulation of skeletal muscle acetylcholine-gated channel clustering,0.663772184
0,0.236168481,2,5,GO:1904395,positive regulation of skeletal muscle acetylcholine-gated channel clustering,0.663772184
0,0.235668606,4,18,GO:1904502;GO:1904504,regulation of lipophagy,0.663772184
0,0.236168481,3,5,GO:1905600;GO:1905602,regulation of receptor-mediated endocytosis involved in cholesterol transport,0.663772184
0,0.236168481,2,5,GO:1905891;GO:1905894,regulation of cellular response to thapsigargin,0.663772184
0,0.227839872,2,9,GO:1990253,cellular response to leucine starvation,0.663772184
0,0.236168481,2,5,GO:2000016,negative regulation of determination of dorsal identity,0.663772184
0,0.233951038,3,51,GO:2000108,positive regulation of leukocyte apoptotic process,0.663772184
0,0.236168481,2,5,GO:2000111,positive regulation of macrophage apoptotic process,0.663772184
0,0.236168481,3,5,GO:2000120,positive regulation of sodium-dependent phosphate transport,0.663772184
0,0.236168481,3,5,GO:2000321,positive regulation of T-helper 17 cell differentiation,0.663772184
0,0.236168481,3,5,GO:2000523,regulation of T cell costimulation,0.663772184
0,0.236168481,2,5,GO:2000629,negative regulation of miRNA metabolic process,0.663772184
0,0.236168481,2,5,GO:2000639,negative regulation of SREBP signaling pathway,0.663772184
0,0.231378326,2,100,GO:2001239,regulation of extrinsic apoptotic signaling pathway in absence of ligand,0.663772184
0,0.237097462,2,56,GO:0003176;GO:0003180,aortic valve development,0.664716274
0,0.237662302,5,32,GO:0009120,deoxyribonucleoside metabolic process,0.664716274
0,0.237662302,3,32,GO:0019471,4-hydroxyproline metabolic process,0.664716274
0,0.237662302,5,32,GO:0032691,negative regulation of interleukin-1 beta production,0.664716274
0,0.237562733,2,186,GO:0035162,embryonic hemopoiesis,0.664716274
0,0.237662302,2,32,GO:0035268;GO:0035269,protein mannosylation,0.664716274
0,0.237662302,3,32,GO:0035455,response to interferon-alpha,0.664716274
0,0.237662302,3,32,GO:0042249,establishment of planar polarity of embryonic epithelium,0.664716274
0,0.237662302,3,32,GO:0045623,negative regulation of T-helper cell differentiation,0.664716274
0,0.237662302,4,32,GO:0046040,IMP metabolic process,0.664716274
0,0.237662302,6,32,GO:0061723,glycophagy,0.664716274
0,0.237662302,2,32,GO:0071281,cellular response to iron ion,0.664716274
0,0.237097462,4,56,GO:0071377,cellular response to glucagon stimulus,0.664716274
0,0.237097462,2,56,GO:0090085,regulation of protein deubiquitination,0.664716274
0,0.237097462,2,56,GO:1900120,regulation of receptor binding,0.664716274
0,0.237097462,2,56,GO:1904262,negative regulation of TORC1 signaling,0.664716274
0,0.239597837,3,61,GO:0009299,mRNA transcription,0.669925762
0,0.24011724,3,1079,GO:0003013;GO:0008015,circulatory system process,0.671173721
0,0.241364797,4,376,GO:0010466;GO:0010951,negative regulation of peptidase activity,0.674249039
0,0.241542038,2,407,GO:0035108;GO:0030326;GO:0035113,limb morphogenesis,0.674249039
0,0.241577837,2,66,GO:0090322,regulation of superoxide metabolic process,0.674249039
0,0.241577837,2,66,GO:1903010,regulation of bone development,0.674249039
0,0.241584495,2,222,GO:1903078;GO:1904377,positive regulation of protein localization to cell periphery,0.674249039
0,0.242669226,2,433,GO:0048814,regulation of dendrite morphogenesis,0.677070729
0,0.243133001,5,71,GO:0008293,torso signaling pathway,0.677747077
0,0.243133001,2,71,GO:0030449,regulation of complement activation,0.677747077
0,0.243133001,2,71,GO:0030878,thyroid gland development,0.677747077
0,0.243591984,3,146,GO:0046532,regulation of photoreceptor cell differentiation,0.678820502
0,0.24427798,4,37,GO:0008050,female courtship behavior,0.678837887
0,0.243690804,2,212,GO:0009063;GO:1901606,cellular amino acid catabolic process,0.678837887
0,0.24427798,3,37,GO:0009218,pyrimidine ribonucleotide metabolic process,0.678837887
0,0.244337295,3,76,GO:0010893;GO:0045940,positive regulation of steroid metabolic process,0.678837887
0,0.244202161,2,141,GO:0021695,cerebellar cortex development,0.678837887
0,0.24427798,2,37,GO:0070831,basement membrane assembly,0.678837887
0,0.24427798,3,37,GO:0070886;GO:0106058,positive regulation of calcineurin-mediated signaling,0.678837887
0,0.24427798,3,37,GO:0097734;GO:0140112;GO:1990182,extracellular vesicle biogenesis,0.678837887
0,0.24427798,2,37,GO:1903204,negative regulation of oxidative stress-induced neuron death,0.678837887
0,0.245248892,3,81,GO:0060216,definitive hemopoiesis,0.681164523
0,0.245914189,3,86,GO:0009629,response to gravity,0.682187201
0,0.245914189,2,86,GO:0022611,dormancy process,0.682187201
0,0.245804774,4,325,GO:0030217,T cell differentiation,0.682187201
0,0.245790521,2,289,GO:0055007,cardiac muscle cell differentiation,0.682187201
0,0.246423722,4,116,GO:0009311,oligosaccharide metabolic process,0.68339429
0,0.246810606,3,1727,GO:0002520;GO:0030097;GO:0048534,immune system development,0.684260613
0,0.24979022,10,23,GO:0002903,negative regulation of B cell apoptotic process,0.689192902
0,0.24979022,3,23,GO:0006002,fructose 6-phosphate metabolic process,0.689192902
0,0.24979022,3,23,GO:0006662;GO:0046485,glycerol ether metabolic process,0.689192902
0,0.24979022,2,23,GO:0033004,negative regulation of mast cell activation,0.689192902
0,0.24979022,2,23,GO:0033591,response to L-ascorbic acid,0.689192902
0,0.24979022,3,23,GO:0045586;GO:0046643;GO:0045588;GO:0046645,positive regulation of gamma-delta T cell activation,0.689192902
0,0.24979022,4,23,GO:0045819,positive regulation of glycogen catabolic process,0.689192902
0,0.24979022,2,23,GO:0046653,tetrahydrofolate metabolic process,0.689192902
0,0.249274594,4,42,GO:0048800,antennal morphogenesis,0.689192902
0,0.24979022,2,23,GO:0060982,coronary artery morphogenesis,0.689192902
0,0.249613756,4,233,GO:0060998,regulation of dendritic spine development,0.689192902
0,0.24979022,6,23,GO:0061355,Wnt protein secretion,0.689192902
0,0.249274594,2,42,GO:1902175,regulation of oxidative stress-induced intrinsic apoptotic signaling pathway,0.689192902
0,0.24979022,4,23,GO:1903147;GO:1901525,negative regulation of autophagy of mitochondrion,0.689192902
0,0.249274594,7,42,GO:1904706,negative regulation of vascular associated smooth muscle cell proliferation,0.689192902
0,0.24979022,2,23,GO:1990535,neuron projection maintenance,0.689192902
0,0.249903987,2,491,GO:0009141;GO:0009144;GO:0009199;GO:0009205;GO:0046034,nucleoside triphosphate metabolic process,0.689299737
0,0.250826162,3,269,GO:0030718,germ-line stem cell population maintenance,0.691619053
0,0.250895447,2,177,GO:2001243,negative regulation of intrinsic apoptotic signaling pathway,0.691619053
0,0.251243233,5,486,GO:0030308,negative regulation of cell growth,0.692369966
0,0.251416245,2,898,GO:0009798,axis specification,0.692638934
0,0.251886458,2,172,GO:0002449,lymphocyte mediated immunity,0.693310494
0,0.25175398,2,336,GO:0043200,response to amino acid,0.693310494
0,0.251886458,3,172,GO:0120254,olefinic compound metabolic process,0.693310494
0,0.253083123,5,47,GO:0006658,phosphatidylserine metabolic process,0.695354019
0,0.253083123,3,47,GO:0030809;GO:1900372;GO:0030812;GO:0045820;GO:0051198,negative regulation of purine nucleotide biosynthetic process,0.695354019
0,0.253083123,5,47,GO:0038084,vascular endothelial growth factor signaling pathway,0.695354019
0,0.253083123,7,47,GO:0090280,positive regulation of calcium ion import,0.695354019
0,0.253083123,2,47,GO:1900015,regulation of cytokine production involved in inflammatory response,0.695354019
0,0.253205201,3,218,GO:0007224,smoothened signaling pathway,0.695481391
0,0.253822058,3,162,GO:0032943;GO:0070661;GO:0046651,leukocyte proliferation,0.696967296
0,0.254630421,2,388,GO:0008277,regulation of G protein-coupled receptor signaling pathway,0.69897801
0,0.257639816,8,14,GO:0000414,regulation of histone H3-K36 methylation,0.699090609
0,0.257639816,2,14,GO:0002175,protein localization to paranode region of axon,0.699090609
0,0.257639816,2,14,GO:0002679,respiratory burst involved in defense response,0.699090609
0,0.257639816,2,14,GO:0006995;GO:0043562,cellular response to nitrogen starvation,0.699090609
0,0.257639816,3,14,GO:0007183,SMAD protein complex assembly,0.699090609
0,0.257639816,2,14,GO:0008335,female germline ring canal stabilization,0.699090609
0,0.257639816,4,14,GO:0009209;GO:0009148;GO:0009208,pyrimidine nucleoside triphosphate biosynthetic process,0.699090609
0,0.25743259,3,142,GO:0009409,response to cold,0.699090609
0,0.257639816,3,14,GO:0010641,positive regulation of platelet-derived growth factor receptor signaling pathway,0.699090609
0,0.257639816,2,14,GO:0022605,mammalian oogenesis stage,0.699090609
0,0.257281153,2,643,GO:0022898;GO:0032409;GO:0032412,regulation of transporter activity,0.699090609
0,0.257639816,3,14,GO:0031666,positive regulation of lipopolysaccharide-mediated signaling pathway,0.699090609
0,0.257639816,3,14,GO:0032640,tumor necrosis factor production,0.699090609
0,0.257639816,2,14,GO:0035511,oxidative DNA demethylation,0.699090609
0,0.257639816,-1,14,GO:0035625;GO:0007211;GO:0071927,obsolete epidermal growth factor-activated receptor transactivation by G-protein coupled receptor signaling pathway,0.699090609
0,0.257639816,3,14,GO:0042092,type 2 immune response,0.699090609
0,0.257639816,2,14,GO:0042247,establishment of planar polarity of follicular epithelium,0.699090609
0,0.257639816,2,14,GO:0042683,negative regulation of compound eye cone cell fate specification,0.699090609
0,0.255990913,2,249,GO:0043154;GO:2000117,negative regulation of cysteine-type endopeptidase activity,0.699090609
0,0.257639816,2,14,GO:0045636;GO:0050942,positive regulation of pigment cell differentiation,0.699090609
0,0.257639816,3,14,GO:0048052,R1/R6 cell differentiation,0.699090609
0,0.257639816,2,14,GO:0048081,positive regulation of cuticle pigmentation,0.699090609
0,0.257639816,4,14,GO:0048320,axial mesoderm formation,0.699090609
0,0.257639816,2,14,GO:0048625,myoblast fate commitment,0.699090609
0,0.257639816,4,14,GO:0048883;GO:0048920,neuromast primordium migration,0.699090609
0,0.255994348,2,52,GO:0051340,regulation of ligase activity,0.699090609
0,0.255994348,6,52,GO:0060297,regulation of sarcomere organization,0.699090609
0,0.257639816,2,14,GO:0061470,T follicular helper cell differentiation,0.699090609
0,0.257639816,3,14,GO:0070777;GO:0070779,D-aspartate import across plasma membrane,0.699090609
0,0.255994348,4,52,GO:0090030,regulation of steroid hormone biosynthetic process,0.699090609
0,0.257639816,2,14,GO:0097267,omega-hydroxylase P450 pathway,0.699090609
0,0.257639816,2,14,GO:1900169,regulation of glucocorticoid mediated signaling pathway,0.699090609
0,0.257639816,2,14,GO:1903422,negative regulation of synaptic vesicle recycling,0.699090609
0,0.257639816,3,14,GO:1904849;GO:2000546,positive regulation of endothelial cell chemotaxis to fibroblast growth factor,0.699090609
0,0.257639816,2,14,GO:1905937;GO:2000254,regulation of male germ cell proliferation,0.699090609
0,0.257639816,2,14,GO:1990048,anterograde neuronal dense core vesicle transport,0.699090609
0,0.257639816,6,14,GO:2000481,positive regulation of cAMP-dependent protein kinase activity,0.699090609
0,0.257639816,4,14,GO:2000981;GO:0045632,negative regulation of mechanoreceptor differentiation,0.699090609
0,0.258211944,3,57,GO:0002820;GO:0002823,negative regulation of adaptive immune response,0.699609648
0,0.258211944,2,57,GO:0010640,regulation of platelet-derived growth factor receptor signaling pathway,0.699609648
0,0.258211944,2,57,GO:0048339,paraxial mesoderm development,0.699609648
0,0.258211944,2,57,GO:0060292,long-term synaptic depression,0.699609648
0,0.258211944,3,57,GO:0060343,trabecula formation,0.699609648
0,0.259365516,4,28,GO:0032926,negative regulation of activin receptor signaling pathway,0.700462294
0,0.259365516,2,28,GO:0060601,lateral sprouting from an epithelium,0.700462294
0,0.259365516,2,28,GO:0060896;GO:0060897,neural plate pattern specification,0.700462294
0,0.259365516,2,28,GO:0070262,peptidyl-serine dephosphorylation,0.700462294
0,0.259365516,2,28,GO:0071481,cellular response to X-ray,0.700462294
0,0.259365516,2,28,GO:0072530,purine-containing compound transmembrane transport,0.700462294
0,0.259365516,2,28,GO:1901048,transforming growth factor beta receptor signaling pathway involved in regulation of multicellular organism growth,0.700462294
0,0.259365516,2,28,GO:1901660;GO:0070839,divalent metal ion export,0.700462294
0,0.259365516,2,28,GO:1904016,response to Thyroglobulin triiodothyronine,0.700462294
0,0.259365516,2,28,GO:2001039,negative regulation of cellular response to drug,0.700462294
0,0.259883004,2,62,GO:0014002,astrocyte development,0.701035359
0,0.259883004,4,62,GO:0032528,microvillus organization,0.701035359
0,0.259883004,6,62,GO:0043457,regulation of cellular respiration,0.701035359
0,0.259883004,4,62,GO:0060479;GO:0060487,lung cell differentiation,0.701035359
0,0.260452813,3,270,GO:0007293,germarium-derived egg chamber formation,0.702257147
0,0.260488851,4,122,GO:0048483,autonomic nervous system development,0.702257147
0,0.261124006,2,117,GO:0086004;GO:1903115,regulation of actin filament-based movement,0.703556466
0,0.261691531,2,112,GO:0010677;GO:0045912,negative regulation of carbohydrate metabolic process,0.704878801
0,0.261805316,3,332,GO:0003014,renal system process,0.704978549
0,0.261994958,2,72,GO:0030588;GO:0030589,pseudocleavage,0.705282442
0,0.262581975,5,77,GO:0002312,B cell activation involved in immune response,0.706241711
0,0.262581975,2,77,GO:0043029,T cell homeostasis,0.706241711
0,0.262581975,3,77,GO:0045745,positive regulation of G protein-coupled receptor signaling pathway,0.706241711
0,0.262927414,2,82,GO:0003209;GO:0003230,cardiac atrium development,0.706756891
0,0.263044278,3,92,GO:1903672,positive regulation of sprouting angiogenesis,0.706864157
0,0.263219038,5,597,GO:0045471,response to ethanol,0.707126897
0,0.264148953,4,384,GO:0008584;GO:0046546,development of primary male sexual characteristics,0.709417582
0,0.26467424,2,255,GO:0035222,wing disc pattern formation,0.710620548
0,0.266096,3,33,GO:0006743;GO:0006744;GO:1901663,ubiquinone metabolic process,0.713395144
0,0.266096,3,33,GO:0006809,nitric oxide biosynthetic process,0.713395144
0,0.266096,2,33,GO:0015693,magnesium ion transport,0.713395144
0,0.266096,5,33,GO:0035634,response to stilbenoid,0.713395144
0,0.266096,2,33,GO:2000810,regulation of bicellular tight junction assembly,0.713395144
0,0.266266735,2,1158,GO:0016567;GO:0032446,protein modification by small protein conjugation,0.713644576
0,0.266371835,3,163,GO:0090278,negative regulation of peptide hormone secretion,0.713717999
0,0.267545375,2,245,GO:0050673,epithelial cell proliferation,0.71665333
0,0.270924095,2,38,GO:0001839;GO:0001840,neural plate development,0.72409124
0,0.270924095,4,38,GO:0015740,C4-dicarboxylate transport,0.72409124
0,0.270924095,4,38,GO:0048711,positive regulation of astrocyte differentiation,0.72409124
0,0.270924095,2,38,GO:0060378,regulation of brood size,0.72409124
0,0.270924095,2,38,GO:0061158,3'-UTR-mediated mRNA destabilization,0.72409124
0,0.270952813,3,143,GO:0097061;GO:0106027,neuron projection organization,0.72409124
0,0.270924095,2,38,GO:1901722,regulation of cell proliferation involved in kidney development,0.72409124
0,0.270924095,2,38,GO:1990845,adaptive thermogenesis,0.72409124
0,0.271569067,3,928,GO:0014706;GO:0060537,muscle tissue development,0.725527016
0,0.274213337,3,19,GO:0002084;GO:0098734,macromolecule depalmitoylation,0.727212525
0,0.274213337,2,19,GO:0002327,immature B cell differentiation,0.727212525
0,0.274213337,3,19,GO:0006072;GO:0052646,alditol phosphate metabolic process,0.727212525
0,0.274213337,4,19,GO:0007415,defasciculation of motor neuron axon,0.727212525
0,0.274213337,2,19,GO:0007488,histoblast morphogenesis,0.727212525
0,0.274416833,4,43,GO:0010155,regulation of proton transport,0.727212525
0,0.274416833,3,43,GO:0010889,regulation of sequestering of triglyceride,0.727212525
0,0.274416833,5,43,GO:0014029,neural crest formation,0.727212525
0,0.274213337,2,19,GO:0021555,midbrain-hindbrain boundary morphogenesis,0.727212525
0,0.274213337,2,19,GO:0030709,border follicle cell delamination,0.727212525
0,0.274416833,2,43,GO:0032647;GO:0032727,regulation of interferon-alpha production,0.727212525
0,0.274416833,2,43,GO:0033599,regulation of mammary gland epithelial cell proliferation,0.727212525
0,0.273583753,2,184,GO:0042133,neurotransmitter metabolic process,0.727212525
0,0.274213337,4,19,GO:0043313;GO:1902563,regulation of neutrophil activation,0.727212525
0,0.274213337,2,19,GO:0043619,regulation of transcription from RNA polymerase II promoter in response to oxidative stress,0.727212525
0,0.274213337,4,19,GO:0045625;GO:0045627,regulation of T-helper 1 cell differentiation,0.727212525
0,0.274213337,4,19,GO:0046520;GO:0046512,sphingoid biosynthetic process,0.727212525
0,0.274213337,4,19,GO:0048280,vesicle fusion with Golgi apparatus,0.727212525
0,0.274213337,-1,19,GO:0051182,obsolete coenzyme transport,0.727212525
0,0.274213337,3,19,GO:0051581,negative regulation of neurotransmitter uptake,0.727212525
0,0.274213337,3,19,GO:0098904,regulation of AV node cell action potential,0.727212525
0,0.274416833,2,43,GO:1901661,quinone metabolic process,0.727212525
0,0.274416833,2,43,GO:1902075,cellular response to salt,0.727212525
0,0.273427215,6,225,GO:1902117,positive regulation of organelle assembly,0.727212525
0,0.274213337,2,19,GO:1903365;GO:2000822,regulation of fear response,0.727212525
0,0.274213337,2,19,GO:1903977,positive regulation of glial cell migration,0.727212525
0,0.274213337,3,19,GO:2001016,positive regulation of skeletal muscle cell differentiation,0.727212525
0,0.275190096,2,123,GO:1903779,regulation of cardiac conduction,0.72905135
0,0.276937042,5,48,GO:0000303;GO:0000305,response to oxygen radical,0.732622906
0,0.276937042,5,48,GO:0000916;GO:0036213,actomyosin contractile ring contraction,0.732622906
0,0.276937042,4,48,GO:0031998,regulation of fatty acid beta-oxidation,0.732622906
0,0.276937042,4,48,GO:0045676;GO:0110116,regulation of compound eye photoreceptor cell differentiation,0.732622906
0,0.276937042,2,48,GO:0051354,negative regulation of oxidoreductase activity,0.732622906
0,0.277089085,3,113,GO:0002090,regulation of receptor internalization,0.732814065
0,0.278728201,2,53,GO:0003177;GO:0003184,pulmonary valve development,0.735764171
0,0.278728201,4,53,GO:0006491,N-glycan processing,0.735764171
0,0.278762515,2,2576,GO:0007281;GO:0007292;GO:0048477,germ cell development,0.735764171
0,0.278765304,2,103,GO:0034198;GO:1990928,response to amino acid starvation,0.735764171
0,0.278765304,2,103,GO:0044837,actomyosin contractile ring organization,0.735764171
0,0.278728201,5,53,GO:0045671,negative regulation of osteoclast differentiation,0.735764171
0,0.278728201,5,53,GO:2000678,negative regulation of transcription regulatory region DNA binding,0.735764171
0,0.279960019,4,58,GO:0001919,regulation of receptor recycling,0.736571196
0,0.28308071,2,10,GO:0006566;GO:0006567,threonine metabolic process,0.736571196
0,0.28308071,3,10,GO:0006572,tyrosine catabolic process,0.736571196
0,0.28308071,2,10,GO:0006620,posttranslational protein targeting to endoplasmic reticulum membrane,0.736571196
0,0.280131932,5,93,GO:0006778;GO:0042168,porphyrin-containing compound metabolic process,0.736571196
0,0.28308071,2,10,GO:0007341,penetration of zona pellucida,0.736571196
0,0.280566317,3,159,GO:0007494,midgut development,0.736571196
0,0.279318635,3,417,GO:0008045,motor neuron axon guidance,0.736571196
0,0.281962909,4,154,GO:0008049,male courtship behavior,0.736571196
0,0.28308071,3,10,GO:0010499,proteasomal ubiquitin-independent protein catabolic process,0.736571196
0,0.28308071,3,10,GO:0015811,L-cystine transport,0.736571196
0,0.280131932,2,93,GO:0016081,synaptic vesicle docking,0.736571196
0,0.28308071,6,10,GO:0016480,negative regulation of transcription by RNA polymerase III,0.736571196
0,0.28308071,2,10,GO:0019087,transformation of host cell by virus,0.736571196
0,0.28308071,6,10,GO:0032364,oxygen homeostasis,0.736571196
0,0.280754499,6,63,GO:0033081,regulation of T cell differentiation in thymus,0.736571196
0,0.28308071,2,10,GO:0033211,adiponectin-activated signaling pathway,0.736571196
0,0.28308071,2,10,GO:0034378,chylomicron assembly,0.736571196
0,0.28308071,2,10,GO:0035519,protein K29-linked ubiquitination,0.736571196
0,0.28308071,3,10,GO:0035905;GO:0035910,ascending aorta development,0.736571196
0,0.28308071,4,10,GO:0038162,erythropoietin-mediated signaling pathway,0.736571196
0,0.28308071,3,10,GO:0039528,cytoplasmic pattern recognition receptor signaling pathway in response to virus,0.736571196
0,0.281958103,3,355,GO:0042058;GO:1901184,regulation of ERBB signaling pathway,0.736571196
0,0.279960019,3,58,GO:0043951,negative regulation of cAMP-mediated signaling,0.736571196
0,0.28066186,2,88,GO:0044273,sulfur compound catabolic process,0.736571196
0,0.28308071,5,10,GO:0045541;GO:0090206;GO:0106119,negative regulation of sterol biosynthetic process,0.736571196
0,0.279494058,3,98,GO:0045570,regulation of imaginal disc growth,0.736571196
0,0.282604297,2,195,GO:0045682,regulation of epidermis development,0.736571196
0,0.279168058,6,164,GO:0045793,positive regulation of cell size,0.736571196
0,0.281062972,2,83,GO:0046513,ceramide biosynthetic process,0.736571196
0,0.28308071,3,10,GO:0046836,glycolipid transport,0.736571196
0,0.279960019,4,58,GO:0050779;GO:0061157,RNA destabilization,0.736571196
0,0.281045281,2,200,GO:0051017;GO:0061572,actin filament bundle organization,0.736571196
0,0.28308071,2,10,GO:0051572,negative regulation of histone H3-K4 methylation,0.736571196
0,0.281201636,6,68,GO:0051894;GO:0150117;GO:1903393,positive regulation of cell-substrate junction organization,0.736571196
0,0.281201636,3,68,GO:0071624;GO:0090023;GO:1902624,positive regulation of neutrophil migration,0.736571196
0,0.28308071,4,10,GO:0071881,adenylate cyclase-inhibiting adrenergic receptor signaling pathway,0.736571196
0,0.28308071,4,10,GO:0072110,glomerular mesangial cell proliferation,0.736571196
0,0.28308071,5,10,GO:0072131;GO:0072133,kidney mesenchyme morphogenesis,0.736571196
0,0.28308071,4,10,GO:0075044;GO:0075071,modulation by symbiont of host autophagy,0.736571196
0,0.280754499,2,63,GO:1900273,positive regulation of long-term synaptic potentiation,0.736571196
0,0.28308071,6,10,GO:1903031;GO:1903033,positive regulation of microtubule plus-end binding,0.736571196
0,0.28308071,2,10,GO:1903116,positive regulation of actin filament-based movement,0.736571196
0,0.28308071,3,10,GO:1903279;GO:1903281,regulation of calcium:sodium antiporter activity,0.736571196
0,0.28308071,5,10,GO:1903684;GO:1903688,positive regulation of border follicle cell migration,0.736571196
0,0.28308071,3,10,GO:1905870,positive regulation of 3'-UTR-mediated mRNA stabilization,0.736571196
0,0.28308071,2,10,GO:1990809,endoplasmic reticulum tubular network membrane organization,0.736571196
0,0.281369271,2,73,GO:2000050,regulation of non-canonical Wnt signaling pathway,0.736571196
0,0.28308071,3,10,GO:2000054,negative regulation of Wnt signaling pathway involved in dorsal/ventral axis specification,0.736571196
0,0.28308071,4,10,GO:2000832,negative regulation of steroid hormone secretion,0.736571196
0,0.284418978,3,24,GO:0002024,diet induced thermogenesis,0.736714131
0,0.284418978,2,24,GO:0002363,alpha-beta T cell lineage commitment,0.736714131
0,0.284418978,2,24,GO:0006642,triglyceride mobilization,0.736714131
0,0.284418978,2,24,GO:0006684,sphingomyelin metabolic process,0.736714131
0,0.284418978,2,24,GO:0007521,muscle cell fate determination,0.736714131
0,0.284418978,2,24,GO:0016102,diterpenoid biosynthetic process,0.736714131
0,0.284418978,3,24,GO:0021553,olfactory nerve development,0.736714131
0,0.284418978,2,24,GO:0042559,pteridine-containing compound biosynthetic process,0.736714131
0,0.284418978,3,24,GO:0045657,positive regulation of monocyte differentiation,0.736714131
0,0.284418978,5,24,GO:0061081,positive regulation of myeloid leukocyte cytokine production involved in immune response,0.736714131
0,0.284418978,3,24,GO:1900221,regulation of amyloid-beta clearance,0.736714131
0,0.284418978,6,24,GO:1901070;GO:0006183,guanosine-containing compound biosynthetic process,0.736714131
0,0.284418978,4,24,GO:1901374;GO:0015870,acetate ester transport,0.736714131
0,0.284418978,2,24,GO:1901724,positive regulation of cell proliferation involved in kidney development,0.736714131
0,0.284418978,2,24,GO:1905456;GO:2000973,regulation of lymphoid progenitor cell differentiation,0.736714131
0,0.284642012,3,501,GO:0030902,hindbrain development,0.73708398
0,0.285362645,4,616,GO:0050796;GO:0090276,regulation of peptide hormone secretion,0.738741797
0,0.291041287,5,29,GO:0000098,sulfur amino acid catabolic process,0.750692003
0,0.29018852,3,2124,GO:0001654,eye development,0.750692003
0,0.291041287,3,29,GO:0003406,retinal pigment epithelium development,0.750692003
0,0.291041287,2,29,GO:0009083,branched-chain amino acid catabolic process,0.750692003
0,0.291041287,3,29,GO:0009264;GO:0046386,deoxyribonucleotide catabolic process,0.750692003
0,0.291041287,4,29,GO:0010885,regulation of cholesterol storage,0.750692003
0,0.291041287,2,29,GO:0031987,locomotion involved in locomotory behavior,0.750692003
0,0.291041287,4,29,GO:0045607;GO:2000980;GO:0045631,regulation of inner ear receptor cell differentiation,0.750692003
0,0.291041287,4,29,GO:0051764,actin crosslink formation,0.750692003
0,0.291041287,3,29,GO:0071362,cellular response to ether,0.750692003
0,0.291041287,3,29,GO:1903025,regulation of RNA polymerase II regulatory region sequence-specific DNA binding,0.750692003
0,0.291041287,3,29,GO:1905048,regulation of metallopeptidase activity,0.750692003
0,0.291041287,2,29,GO:2000353,positive regulation of endothelial cell apoptotic process,0.750692003
0,0.291625692,3,596,GO:0050730;GO:0050731,regulation of peptidyl-tyrosine phosphorylation,0.751988204
0,0.292195294,2,165,GO:0098876,vesicle-mediated transport to the plasma membrane,0.753245517
0,0.292809944,3,114,GO:0060603,mammary gland duct morphogenesis,0.754618221
0,0.293773297,3,497,GO:0015980,energy derivation by oxidation of organic compounds,0.756823477
0,0.293830432,2,160,GO:0048641,regulation of skeletal muscle tissue development,0.756823477
0,0.294073132,2,109,GO:2000725,regulation of cardiac muscle cell differentiation,0.757236253
0,0.294298186,4,346,GO:0097327,response to antineoplastic agent,0.757603375
0,0.29459312,2,196,GO:0071548,response to dexamethasone,0.758150128
0,0.295441524,2,34,GO:0016201,synaptic target inhibition,0.759694959
0,0.295441524,2,34,GO:0033033,negative regulation of myeloid cell apoptotic process,0.759694959
0,0.295441524,3,34,GO:0055062;GO:0072506;GO:0072505,trivalent inorganic anion homeostasis,0.759694959
0,0.297127418,2,150,GO:0070828,heterochromatin organization,0.763816215
0,0.297372864,4,222,GO:0050771,negative regulation of axonogenesis,0.764233284
0,0.298369234,4,39,GO:0009081,branched-chain amino acid metabolic process,0.765081355
0,0.298369234,3,39,GO:0021542,dentate gyrus development,0.765081355
0,0.298369234,5,39,GO:0031017,exocrine pancreas development,0.765081355
0,0.298369234,2,39,GO:0035073;GO:0035210,prepupal development,0.765081355
0,0.298369234,2,39,GO:0044804,autophagy of nucleus,0.765081355
0,0.298369234,2,39,GO:0045989,positive regulation of striated muscle contraction,0.765081355
0,0.298369234,5,39,GO:0060979,vasculogenesis involved in coronary vascular morphogenesis,0.765081355
0,0.298131269,7,186,GO:1901880;GO:0043242,negative regulation of protein-containing complex disassembly,0.765081355
0,0.298644627,2,89,GO:0001953,negative regulation of cell-matrix adhesion,0.765360184
0,0.298644627,3,89,GO:0071392,cellular response to estradiol stimulus,0.765360184
0,0.298787599,6,145,GO:0048841,regulation of axon extension involved in axon guidance,0.765512999
0,0.303273179,3,15,GO:0001826,inner cell mass cell differentiation,0.766317511
0,0.301198207,3,74,GO:0002052,positive regulation of neuroblast proliferation,0.766317511
0,0.302055943,2,54,GO:0002089,lens morphogenesis in camera-type eye,0.766317511
0,0.303273179,2,15,GO:0002579,positive regulation of antigen processing and presentation,0.766317511
0,0.301059138,6,212,GO:0003333,amino acid transmembrane transport,0.766317511
0,0.303273179,2,15,GO:0006013,mannose metabolic process,0.766317511
0,0.303273179,2,15,GO:0006573,valine metabolic process,0.766317511
0,0.299608787,2,84,GO:0007526,larval somatic muscle development,0.766317511
0,0.30027299,2,44,GO:0009404,toxin metabolic process,0.766317511
0,0.303273179,3,15,GO:0009812,flavonoid metabolic process,0.766317511
0,0.303273179,2,15,GO:0009838,abscission,0.766317511
0,0.303273179,2,15,GO:0010657;GO:0010658;GO:0010659,muscle cell apoptotic process,0.766317511
0,0.299608787,2,84,GO:0010888,negative regulation of lipid storage,0.766317511
0,0.301438344,4,49,GO:0010894;GO:0045939,negative regulation of steroid metabolic process,0.766317511
0,0.303273179,6,15,GO:0019317;GO:0042354;GO:0042355,L-fucose metabolic process,0.766317511
0,0.301768435,5,69,GO:0019433;GO:0046464;GO:0046461,neutral lipid catabolic process,0.766317511
0,0.302257989,4,59,GO:0021535,cell migration in hindbrain,0.766317511
0,0.303273179,3,15,GO:0031999,negative regulation of fatty acid beta-oxidation,0.766317511
0,0.299608787,6,84,GO:0032459,regulation of protein oligomerization,0.766317511
0,0.302125772,2,135,GO:0032922,circadian regulation of gene expression,0.766317511
0,0.303273179,2,15,GO:0033133;GO:1903301,positive regulation of hexokinase activity,0.766317511
0,0.303273179,2,15,GO:0035476,angioblast cell migration,0.766317511
0,0.303273179,2,15,GO:0038030;GO:0038031,non-canonical Wnt signaling pathway via MAPK cascade,0.766317511
0,0.302055943,4,54,GO:0042402;GO:0009310,cellular biogenic amine catabolic process,0.766317511
0,0.303273179,4,15,GO:0042439,ethanolamine-containing compound metabolic process,0.766317511
0,0.301768435,2,69,GO:0043001,Golgi to plasma membrane protein transport,0.766317511
0,0.301438344,2,49,GO:0045649,regulation of macrophage differentiation,0.766317511
0,0.301768435,2,69,GO:0048670,regulation of collateral sprouting,0.766317511
0,0.303273179,4,15,GO:0050859,negative regulation of B cell receptor signaling pathway,0.766317511
0,0.30027299,2,44,GO:0055075;GO:0030007,potassium ion homeostasis,0.766317511
0,0.30213903,2,64,GO:0060307;GO:0099623,regulation of cardiac muscle cell membrane repolarization,0.766317511
0,0.299928663,5,181,GO:0060675;GO:0072171;GO:0072078;GO:0072088;GO:0072028,nephron morphogenesis,0.766317511
0,0.303273179,2,15,GO:0060676,ureteric bud formation,0.766317511
0,0.303273179,7,15,GO:0061309,cardiac neural crest cell development involved in outflow tract morphogenesis,0.766317511
0,0.303273179,5,15,GO:0061419,positive regulation of transcription from RNA polymerase II promoter in response to hypoxia,0.766317511
0,0.303273179,3,15,GO:0061669;GO:0098814,spontaneous synaptic transmission,0.766317511
0,0.302055459,4,519,GO:0071241;GO:0071248,cellular response to inorganic substance,0.766317511
0,0.301438344,4,49,GO:0071474,cellular hyperosmotic response,0.766317511
0,0.302125772,4,135,GO:0071549,cellular response to dexamethasone stimulus,0.766317511
0,0.302257989,3,59,GO:0071731,response to nitric oxide,0.766317511
0,0.303273179,3,15,GO:0099011;GO:0099525,presynaptic dense core vesicle exocytosis,0.766317511
0,0.303273179,2,15,GO:1900045;GO:1902915,negative regulation of protein polyubiquitination,0.766317511
0,0.303273179,2,15,GO:1901979,regulation of inward rectifier potassium channel activity,0.766317511
0,0.303273179,4,15,GO:1903386,negative regulation of homophilic cell adhesion,0.766317511
0,0.303273179,4,15,GO:1903863,P granule assembly,0.766317511
0,0.303273179,7,15,GO:1903939,regulation of TORC2 signaling,0.766317511
0,0.303273179,4,15,GO:1904415;GO:1904417,regulation of xenophagy,0.766317511
0,0.303273179,2,15,GO:1905910,negative regulation of dauer entry,0.766317511
0,0.301438344,4,49,GO:2000257,regulation of protein activation cascade,0.766317511
0,0.313913085,2,20,GO:0001547,antral ovarian follicle growth,0.766425222
0,0.312526887,4,6,GO:0001827,inner cell mass cell fate commitment,0.766425222
0,0.312526887,2,6,GO:0001999;GO:0002001,renal response to blood flow involved in circulatory renin-angiotensin regulation of systemic arterial blood pressure,0.766425222
0,0.312526887,2,6,GO:0002019,regulation of renal output by angiotensin,0.766425222
0,0.312526887,3,6,GO:0002314,germinal center B cell differentiation,0.766425222
0,0.312526887,2,6,GO:0002513,tolerance induction to self antigen,0.766425222
0,0.312696707,2,182,GO:0002702,positive regulation of production of molecular mediator of immune response,0.766425222
0,0.312526887,3,6,GO:0002730,regulation of dendritic cell cytokine production,0.766425222
0,0.312526887,7,6,GO:0003162,atrioventricular node development,0.766425222
0,0.312526887,6,6,GO:0003260;GO:0060975,cardioblast migration,0.766425222
0,0.312526887,3,6,GO:0003332,negative regulation of extracellular matrix constituent secretion,0.766425222
0,0.312526887,2,6,GO:0006083,acetate metabolic process,0.766425222
0,0.312526887,4,6,GO:0006114,glycerol biosynthetic process,0.766425222
0,0.313913085,4,20,GO:0006531,aspartate metabolic process,0.766425222
0,0.312526887,4,6,GO:0006552,leucine catabolic process,0.766425222
0,0.312526887,2,6,GO:0006844;GO:1902616,acyl carnitine transport,0.766425222
0,0.312526887,2,6,GO:0006867,asparagine transport,0.766425222
0,0.30882486,4,115,GO:0007159,leukocyte cell-cell adhesion,0.766425222
0,0.313913085,2,20,GO:0007256,activation of JNKK activity,0.766425222
0,0.309496045,4,452,GO:0007368;GO:0009855;GO:0009799,specification of symmetry,0.766425222
0,0.312526887,2,6,GO:0007500,mesodermal cell fate determination,0.766425222
0,0.306196839,2,259,GO:0008088,axo-dendritic transport,0.766425222
0,0.312526887,2,6,GO:0008626;GO:0140507,granzyme-mediated apoptotic signaling pathway,0.766425222
0,0.312526887,3,6,GO:0009153,purine deoxyribonucleotide biosynthetic process,0.766425222
0,0.312526887,3,6,GO:0009298,GDP-mannose biosynthetic process,0.766425222
0,0.308715507,2,192,GO:0009954,proximal/distal pattern formation,0.766425222
0,0.312526887,4,6,GO:0010750,positive regulation of nitric oxide mediated signal transduction,0.766425222
0,0.312526887,5,6,GO:0010908;GO:0010909;GO:1902730,positive regulation of proteoglycan biosynthetic process,0.766425222
0,0.312526887,2,6,GO:0014038,regulation of Schwann cell differentiation,0.766425222
0,0.312526887,2,6,GO:0014735;GO:0014737,regulation of muscle atrophy,0.766425222
0,0.312526887,3,6,GO:0014873,response to muscle activity involved in regulation of muscle adaptation,0.766425222
0,0.312526887,7,6,GO:0014908,myotube differentiation involved in skeletal muscle regeneration,0.766425222
0,0.312526887,4,6,GO:0014916,regulation of lung blood pressure,0.766425222
0,0.312526887,2,6,GO:0015817,histidine transport,0.766425222
0,0.312526887,4,6,GO:0015827,tryptophan transport,0.766425222
0,0.312526887,2,6,GO:0017143,insecticide metabolic process,0.766425222
0,0.312526887,2,6,GO:0019518,L-threonine catabolic process to glycine,0.766425222
0,0.312526887,5,6,GO:0019676;GO:0019740;GO:0006542,ammonia assimilation cycle,0.766425222
0,0.312526887,2,6,GO:0019853,L-ascorbic acid biosynthetic process,0.766425222
0,0.312526887,3,6,GO:0021687,cerebellar molecular layer morphogenesis,0.766425222
0,0.312526887,4,6,GO:0021812,neuronal-glial interaction involved in cerebral cortex radial glia guided migration,0.766425222
0,0.312526887,3,6,GO:0023035,CD40 signaling pathway,0.766425222
0,0.313913085,2,20,GO:0030252,growth hormone secretion,0.766425222
0,0.312526887,5,6,GO:0032057;GO:1990737,negative regulation of translational initiation in response to stress,0.766425222
0,0.312526887,2,6,GO:0032218,riboflavin transport,0.766425222
0,0.313913085,4,20,GO:0032415,regulation of sodium:proton antiporter activity,0.766425222
0,0.312526887,3,6,GO:0032416,negative regulation of sodium:proton antiporter activity,0.766425222
0,0.312526887,6,6,GO:0032493;GO:0070339;GO:0071220;GO:0071221;GO:0038124;GO:0071724;GO:0071726,cellular response to bacterial lipopeptide,0.766425222
0,0.313913085,4,20,GO:0032693,negative regulation of interleukin-10 production,0.766425222
0,0.312526887,5,6,GO:0032912,negative regulation of transforming growth factor beta2 production,0.766425222
0,0.312526887,6,6,GO:0032959,inositol trisphosphate biosynthetic process,0.766425222
0,0.313913085,2,20,GO:0033338;GO:0035141,medial fin development,0.766425222
0,0.312526887,2,6,GO:0034436,glycoprotein transport,0.766425222
0,0.312526887,5,6,GO:0035621,ER to Golgi ceramide transport,0.766425222
0,0.312526887,2,6,GO:0036023,embryonic skeletal limb joint morphogenesis,0.766425222
0,0.313913085,4,20,GO:0036066,protein O-linked fucosylation,0.766425222
0,0.312526887,2,6,GO:0036071,N-glycan fucosylation,0.766425222
0,0.313913085,2,20,GO:0036500,ATF6-mediated unfolded protein response,0.766425222
0,0.312526887,5,6,GO:0042414,epinephrine metabolic process,0.766425222
0,0.312526887,2,6,GO:0042701,progesterone secretion,0.766425222
0,0.312526887,3,6,GO:0042704,uterine wall breakdown,0.766425222
0,0.312526887,2,6,GO:0042732,D-xylose metabolic process,0.766425222
0,0.312526887,2,6,GO:0043380;GO:0043382,regulation of memory T cell differentiation,0.766425222
0,0.313913085,4,20,GO:0045162,clustering of voltage-gated sodium channels,0.766425222
0,0.312526887,6,6,GO:0045163,clustering of voltage-gated potassium channels,0.766425222
0,0.312526887,4,6,GO:0045764,positive regulation of cellular amino acid metabolic process,0.766425222
0,0.312526887,4,6,GO:0045829;GO:0048294,negative regulation of isotype switching,0.766425222
0,0.312526887,2,6,GO:0046083,adenine metabolic process,0.766425222
0,0.312526887,2,6,GO:0046110,xanthine metabolic process,0.766425222
0,0.313913085,4,20,GO:0046543,development of secondary female sexual characteristics,0.766425222
0,0.312526887,4,6,GO:0046544,development of secondary male sexual characteristics,0.766425222
0,0.313913085,2,20,GO:0048251,elastic fiber assembly,0.766425222
0,0.312526887,2,6,GO:0048549,positive regulation of pinocytosis,0.766425222
0,0.312526887,3,6,GO:0048621,post-embryonic digestive tract morphogenesis,0.766425222
0,0.312526887,2,6,GO:0048677,axon extension involved in regeneration,0.766425222
0,0.312526887,3,6,GO:0051134,negative regulation of NK T cell activation,0.766425222
0,0.310131408,3,249,GO:0051149,positive regulation of muscle cell differentiation,0.766425222
0,0.312526887,2,6,GO:0051541,elastin metabolic process,0.766425222
0,0.312526887,2,6,GO:0051882,mitochondrial depolarization,0.766425222
0,0.303800812,2,130,GO:0055023;GO:0060421;GO:0055025,positive regulation of cardiac muscle tissue development,0.766425222
0,0.313913085,2,20,GO:0060136,embryonic process involved in female pregnancy,0.766425222
0,0.312526887,6,6,GO:0060177,regulation of angiotensin metabolic process,0.766425222
0,0.312526887,2,6,GO:0060220,camera-type eye photoreceptor cell fate commitment,0.766425222
0,0.312526887,2,6,GO:0060264,regulation of respiratory burst involved in inflammatory response,0.766425222
0,0.313913085,2,20,GO:0060509,type I pneumocyte differentiation,0.766425222
0,0.313913085,2,20,GO:0060576,intestinal epithelial cell development,0.766425222
0,0.312526887,2,6,GO:0061199,striated muscle contraction involved in embryonic body morphogenesis,0.766425222
0,0.312526887,4,6,GO:0061433,cellular response to caloric restriction,0.766425222
0,0.312526887,3,6,GO:0070242,thymocyte apoptotic process,0.766425222
0,0.312526887,7,6,GO:0070494;GO:0070495,negative regulation of thrombin-activated receptor signaling pathway,0.766425222
0,0.313913085,2,20,GO:0070640,vitamin D3 metabolic process,0.766425222
0,0.313913085,2,20,GO:0071706,tumor necrosis factor superfamily cytokine production,0.766425222
0,0.312526887,2,6,GO:0071879,positive regulation of adenylate cyclase-activating adrenergic receptor signaling pathway,0.766425222
0,0.312526887,2,6,GO:0072268,pattern specification involved in metanephros development,0.766425222
0,0.312526887,2,6,GO:0097102,endothelial tip cell fate specification,0.766425222
0,0.306906526,3,363,GO:0097193,intrinsic apoptotic signaling pathway,0.766425222
0,0.305433417,2,971,GO:0097305,response to alcohol,0.766425222
0,0.312526887,3,6,GO:0106023;GO:0106024,negative regulation of pupariation,0.766425222
0,0.312526887,2,6,GO:0120253,hydrocarbon catabolic process,0.766425222
0,0.312526887,4,6,GO:0140052,cellular response to oxidised low-density lipoprotein particle stimulus,0.766425222
0,0.312526887,3,6,GO:1900158,negative regulation of bone mineralization involved in bone maturation,0.766425222
0,0.312526887,2,6,GO:1900159,positive regulation of bone mineralization involved in bone maturation,0.766425222
0,0.312526887,3,6,GO:1900170,negative regulation of glucocorticoid mediated signaling pathway,0.766425222
0,0.313779185,5,100,GO:1900271,regulation of long-term synaptic potentiation,0.766425222
0,0.312526887,3,6,GO:1900623;GO:1900625,regulation of monocyte aggregation,0.766425222
0,0.312526887,2,6,GO:1901079,positive regulation of relaxation of muscle,0.766425222
0,0.312526887,2,6,GO:1901300,positive regulation of hydrogen peroxide-mediated programmed cell death,0.766425222
0,0.312526887,6,6,GO:1901301;GO:1901303,regulation of cargo loading into COPII-coated vesicle,0.766425222
0,0.312526887,4,6,GO:1901627,negative regulation of postsynaptic membrane organization,0.766425222
0,0.312526887,5,6,GO:1902064,regulation of transcription from RNA polymerase II promoter involved in spermatogenesis,0.766425222
0,0.312526887,5,6,GO:1902774,late endosome to lysosome transport,0.766425222
0,0.312526887,3,6,GO:1902822;GO:1903335,regulation of vacuolar transport,0.766425222
0,0.312526887,3,6,GO:1903179;GO:1903181,regulation of dopamine biosynthetic process,0.766425222
0,0.312526887,6,6,GO:1903378,positive regulation of oxidative stress-induced neuron intrinsic apoptotic signaling pathway,0.766425222
0,0.312526887,3,6,GO:1903609,negative regulation of inward rectifier potassium channel activity,0.766425222
0,0.312526887,6,6,GO:1904139,regulation of microglial cell migration,0.766425222
0,0.312526887,2,6,GO:1904412,regulation of cardiac ventricle development,0.766425222
0,0.312526887,4,6,GO:1904638,response to resveratrol,0.766425222
0,0.312526887,2,6,GO:1905169;GO:1905171,regulation of protein localization to phagocytic vesicle,0.766425222
0,0.312526887,5,6,GO:1905225,response to thyrotropin-releasing hormone,0.766425222
0,0.312526887,6,6,GO:2000137,negative regulation of cell proliferation involved in heart morphogenesis,0.766425222
0,0.313913085,5,20,GO:2000172,regulation of branching morphogenesis of a nerve,0.766425222
0,0.312526887,3,6,GO:2000226,regulation of pancreatic A cell differentiation,0.766425222
0,0.310489522,2,110,GO:2000677,regulation of transcription regulatory region DNA binding,0.766425222
0,0.312526887,5,6,GO:2000705,regulation of dense core granule biogenesis,0.766425222
0,0.315171659,3,390,GO:0070252;GO:0030048,actin filament-based movement,0.769293566
0,0.316788224,3,172,GO:0071300,cellular response to retinoic acid,0.773033964
0,0.317957806,4,647,GO:0006605,protein targeting,0.775681926
0,0.319986714,2,25,GO:0001774,microglial cell activation,0.776342563
0,0.319986714,2,25,GO:0006268,DNA unwinding involved in DNA replication,0.776342563
0,0.320003587,2,80,GO:0009069,serine family amino acid metabolic process,0.776342563
0,0.319986714,2,25,GO:0010359,regulation of anion channel activity,0.776342563
0,0.319986714,6,25,GO:0021861,forebrain radial glial cell differentiation,0.776342563
0,0.319986714,2,25,GO:0021979,hypothalamus cell differentiation,0.776342563
0,0.319986714,4,25,GO:0042595,behavioral response to starvation,0.776342563
0,0.319986714,3,25,GO:0042987,amyloid precursor protein catabolic process,0.776342563
0,0.319986714,3,25,GO:0045498,sex comb development,0.776342563
0,0.319986714,3,25,GO:0048884,neuromast development,0.776342563
0,0.320003587,3,80,GO:0051482,positive regulation of cytosolic calcium ion concentration involved in phospholipase C-activating G protein-coupled signaling pathway,0.776342563
0,0.319986714,2,25,GO:0051902;GO:1904180,negative regulation of membrane depolarization,0.776342563
0,0.319986714,2,25,GO:0072044,collecting duct development,0.776342563
0,0.320003587,5,80,GO:0085029,extracellular matrix assembly,0.776342563
0,0.319986714,2,25,GO:1900107,regulation of nodal signaling pathway,0.776342563
0,0.320003587,2,80,GO:1901030;GO:1903749,positive regulation of establishment of protein localization to mitochondrion,0.776342563
0,0.319986714,8,25,GO:1901069,guanosine-containing compound catabolic process,0.776342563
0,0.318877515,5,167,GO:1902600,proton transmembrane transport,0.776342563
0,0.319986714,6,25,GO:1902686,mitochondrial outer membrane permeabilization involved in programmed cell death,0.776342563
0,0.319986714,2,25,GO:1903541;GO:1903543,regulation of exosomal secretion,0.776342563
0,0.318516002,4,85,GO:2000036,regulation of stem cell population maintenance,0.776342563
0,0.321011649,2,126,GO:0001956,positive regulation of neurotransmitter secretion,0.778582519
0,0.321249391,2,193,GO:0042246,tissue regeneration,0.778953448
0,0.321421585,3,75,GO:0042386,hemocyte differentiation,0.779165282
0,0.323517122,2,30,GO:0002643,regulation of tolerance induction,0.780537107
0,0.322749444,3,70,GO:0003091,renal water homeostasis,0.780537107
0,0.323517122,4,30,GO:0006544,glycine metabolic process,0.780537107
0,0.323415231,4,438,GO:0007416,synapse assembly,0.780537107
0,0.323517122,2,30,GO:0010737,protein kinase A signaling,0.780537107
0,0.323517122,3,30,GO:0010839,negative regulation of keratinocyte proliferation,0.780537107
0,0.322749444,2,70,GO:0016056,rhodopsin mediated signaling pathway,0.780537107
0,0.322749444,2,70,GO:0030002;GO:0030320;GO:0055083,monovalent inorganic anion homeostasis,0.780537107
0,0.323517122,2,30,GO:0031573,intra-S DNA damage checkpoint,0.780537107
0,0.323517122,2,30,GO:0035283;GO:0035284,central nervous system segmentation,0.780537107
0,0.323517122,2,30,GO:0042730,fibrinolysis,0.780537107
0,0.322749444,4,70,GO:0043534,blood vessel endothelial cell migration,0.780537107
0,0.323517122,2,30,GO:0050862,positive regulation of T cell receptor signaling pathway,0.780537107
0,0.323517122,2,30,GO:0060391,positive regulation of SMAD protein signal transduction,0.780537107
0,0.323517122,4,30,GO:0061614,pri-miRNA transcription by RNA polymerase II,0.780537107
0,0.323517122,3,30,GO:0070989,oxidative demethylation,0.780537107
0,0.323517122,3,30,GO:0090394,negative regulation of excitatory postsynaptic potential,0.780537107
0,0.323517122,2,30,GO:2000009,negative regulation of protein localization to cell surface,0.780537107
0,0.323960376,3,65,GO:0045980;GO:1903579;GO:1900543,negative regulation of nucleotide metabolic process,0.780991091
0,0.323960376,3,65,GO:0050869,negative regulation of B cell activation,0.780991091
0,0.323960376,2,65,GO:0061099,negative regulation of protein tyrosine kinase activity,0.780991091
0,0.32501893,2,60,GO:0002691,regulation of cellular extravasation,0.783131917
0,0.32501893,3,60,GO:0032365,intracellular lipid transport,0.783131917
0,0.325489918,2,35,GO:0002367,cytokine production involved in immune response,0.783239427
0,0.325489918,2,35,GO:0046500,S-adenosylmethionine metabolic process,0.783239427
0,0.325489918,2,35,GO:0048072,compound eye pigmentation,0.783239427
0,0.325489918,7,35,GO:0060298,positive regulation of sarcomere organization,0.783239427
0,0.325489918,2,35,GO:0060693,regulation of branching involved in salivary gland morphogenesis,0.783239427
0,0.326445147,3,40,GO:0006691,leukotriene metabolic process,0.783288222
0,0.326445147,4,40,GO:0010511,regulation of phosphatidylinositol biosynthetic process,0.783288222
0,0.326469952,2,50,GO:0031453;GO:0045799;GO:0120263,positive regulation of chromatin assembly or disassembly,0.783288222
0,0.326704102,3,45,GO:0032069,regulation of nuclease activity,0.783288222
0,0.326445147,3,40,GO:0034311;GO:0034312,diol metabolic process,0.783288222
0,0.326469952,4,50,GO:0042996;GO:0042998,regulation of Golgi to plasma membrane protein transport,0.783288222
0,0.326445147,3,40,GO:0044090,positive regulation of vacuole organization,0.783288222
0,0.325639668,2,183,GO:0051155,positive regulation of striated muscle cell differentiation,0.783288222
0,0.32587735,2,55,GO:0061548,ganglion development,0.783288222
0,0.32587735,2,55,GO:0071243,cellular response to arsenic-containing substance,0.783288222
0,0.326704102,2,45,GO:0071907,determination of digestive tract left/right asymmetry,0.783288222
0,0.326704102,2,45,GO:0072017,distal tubule development,0.783288222
0,0.326112759,2,339,GO:1905477,positive regulation of protein localization to membrane,0.783288222
0,0.326445147,-1,40,GO:2001273,obsolete regulation of glucose import in response to insulin stimulus,0.783288222
0,0.327176114,5,111,GO:0040026,positive regulation of vulval development,0.78421519
0,0.327547384,4,147,GO:0007044;GO:0150115,cell-substrate junction assembly,0.784900266
0,0.327684566,2,235,GO:0055024,regulation of cardiac muscle tissue development,0.785024188
0,0.327888001,2,178,GO:1901983,regulation of protein acetylation,0.785306725
0,0.329264954,2,106,GO:0097421,liver regeneration,0.788399009
0,0.329376839,3,423,GO:0017145,stem cell division,0.788461368
0,0.331368074,2,101,GO:0016339,calcium-dependent cell-cell adhesion via plasma membrane cell adhesion molecules,0.792706092
0,0.331368074,4,101,GO:0045924;GO:0060180,female mating behavior,0.792706092
0,0.331408971,2,418,GO:2000243,positive regulation of reproductive process,0.792706092
0,0.332084977,2,137,GO:0045610,regulation of hemocyte differentiation,0.794116248
0,0.332220265,2,225,GO:0098693,regulation of synaptic vesicle cycle,0.794232988
0,0.334162459,2,272,GO:0048520,positive regulation of behavior,0.798668277
0,0.339227435,3,11,GO:0000430;GO:0000432,regulation of transcription from RNA polymerase II promoter by glucose,0.801786061
0,0.339227435,2,11,GO:0002326,B cell lineage commitment,0.801786061
0,0.339227435,2,11,GO:0002329,pre-B cell differentiation,0.801786061
0,0.339227435,6,11,GO:0002666,positive regulation of T cell tolerance induction,0.801786061
0,0.339227435,2,11,GO:0003274,endocardial cushion fusion,0.801786061
0,0.339227435,2,11,GO:0006564,L-serine biosynthetic process,0.801786061
0,0.339227435,5,11,GO:0007342,fusion of sperm to egg plasma membrane involved in single fertilization,0.801786061
0,0.336106521,5,776,GO:0007613,memory,0.801786061
0,0.338857777,2,2004,GO:0008283,cell population proliferation,0.801786061
0,0.336770391,2,127,GO:0010669,epithelial structure maintenance,0.801786061
0,0.339227435,2,11,GO:0010693,negative regulation of alkaline phosphatase activity,0.801786061
0,0.339227435,2,11,GO:0010815,bradykinin catabolic process,0.801786061
0,0.336929417,4,314,GO:0014013,regulation of gliogenesis,0.801786061
0,0.339227435,2,11,GO:0015937,coenzyme A biosynthetic process,0.801786061
0,0.33930783,2,210,GO:0018991,oviposition,0.801786061
0,0.339227435,6,11,GO:0019076;GO:0035891;GO:0035890;GO:0052192,exit from host cell,0.801786061
0,0.337734129,3,86,GO:0021533;GO:0021697,cell differentiation in hindbrain,0.801786061
0,0.339227435,2,11,GO:0021934;GO:0021935,hindbrain tangential cell migration,0.801786061
0,0.339227435,2,11,GO:0021938,smoothened signaling pathway involved in regulation of cerebellar granule cell precursor cell proliferation,0.801786061
0,0.339227435,-1,11,GO:0031658,obsolete negative regulation of cyclin-dependent protein serine/threonine kinase activity involved in G1/S transition of mitotic cell cycle,0.801786061
0,0.339227435,5,11,GO:0032637,interleukin-8 production,0.801786061
0,0.339227435,2,11,GO:0034201,response to oleic acid,0.801786061
0,0.339227435,4,11,GO:0034773,histone H4-K20 trimethylation,0.801786061
0,0.339227435,5,11,GO:0035494,SNARE complex disassembly,0.801786061
0,0.339227435,2,11,GO:0035754,B cell chemotaxis,0.801786061
0,0.339227435,-1,11,GO:0035948,obsolete positive regulation of gluconeogenesis by positive regulation of transcription from RNA polymerase II promoter,0.801786061
0,0.339227435,5,11,GO:0044332,Wnt signaling pathway involved in dorsal/ventral axis specification,0.801786061
0,0.339227435,3,11,GO:0046672,positive regulation of compound eye retinal cell programmed cell death,0.801786061
0,0.339227435,5,11,GO:0060267,positive regulation of respiratory burst,0.801786061
0,0.339227435,2,11,GO:0070189,kynurenine metabolic process,0.801786061
0,0.339227435,3,11,GO:0071225,cellular response to muramyl dipeptide,0.801786061
0,0.339227435,2,11,GO:0071440,regulation of histone H3-K14 acetylation,0.801786061
0,0.339227435,7,11,GO:0071494,cellular response to UV-C,0.801786061
0,0.337734129,2,86,GO:0072210,metanephric nephron development,0.801786061
0,0.339227435,3,11,GO:0090131,mesenchyme migration,0.801786061
0,0.339227435,3,11,GO:0097029,mature conventional dendritic cell differentiation,0.801786061
0,0.339227435,3,11,GO:0098962,regulation of postsynaptic neurotransmitter receptor activity,0.801786061
0,0.339227435,2,11,GO:1902564,negative regulation of neutrophil activation,0.801786061
0,0.339227435,2,11,GO:1903367,positive regulation of fear response,0.801786061
0,0.339227435,5,11,GO:1904373,response to kainic acid,0.801786061
0,0.339227435,3,11,GO:1905522,negative regulation of macrophage migration,0.801786061
0,0.339227435,4,11,GO:1905832,positive regulation of spindle assembly,0.801786061
0,0.338400872,2,529,GO:1905952,regulation of lipid localization,0.801786061
0,0.339227435,2,11,GO:2000343,positive regulation of chemokine (C-X-C motif) ligand 2 production,0.801786061
0,0.339803058,4,687,GO:0099003;GO:0099504,vesicle-mediated transport in synapse,0.802749765
0,0.340020592,5,566,GO:0009123;GO:0009126;GO:0009161;GO:0009167,nucleoside monophosphate metabolic process,0.80305712
0,0.341495381,6,372,GO:0046822,regulation of nucleocytoplasmic transport,0.806332925
0,0.341614234,4,117,GO:0002286,T cell activation involved in immune response,0.806406256
0,0.341977395,4,76,GO:0007392,initiation of dorsal closure,0.806848799
0,0.341977395,2,76,GO:0051150,regulation of smooth muscle cell differentiation,0.806848799
0,0.342221001,3,148,GO:0043550;GO:0043551,regulation of lipid kinase activity,0.807216204
0,0.343785654,5,299,GO:0002027,regulation of heart rate,0.810698647
0,0.344075277,4,71,GO:0072207,metanephric epithelium development,0.811173362
0,0.344767807,2,143,GO:0046621,negative regulation of organ growth,0.81259746
0,0.346140291,3,66,GO:0014067,negative regulation of phosphatidylinositol 3-kinase signaling,0.814786922
0,0.346140291,2,66,GO:0032352;GO:0046886,positive regulation of hormone metabolic process,0.814786922
0,0.346140291,4,66,GO:0072170;GO:0072234;GO:0072243,metanephric nephron epithelium development,0.814786922
0,0.346140291,3,66,GO:1902307;GO:2000651,positive regulation of sodium ion transmembrane transport,0.814786922
0,0.346140291,2,66,GO:2000272,negative regulation of signaling receptor activity,0.814786922
0,0.346568341,2,404,GO:0010171,body morphogenesis,0.815585502
0,0.349655014,3,16,GO:0002664,regulation of T cell tolerance induction,0.818028861
0,0.349655014,3,16,GO:0006030,chitin metabolic process,0.818028861
0,0.349655014,4,16,GO:0006048,UDP-N-acetylglucosamine biosynthetic process,0.818028861
0,0.349655014,5,16,GO:0018158,protein oxidation,0.818028861
0,0.349655014,2,16,GO:0030213,hyaluronan biosynthetic process,0.818028861
0,0.349655014,2,16,GO:0031914,negative regulation of synaptic plasticity,0.818028861
0,0.349655014,2,16,GO:0033483,gas homeostasis,0.818028861
0,0.349202061,2,102,GO:0044788,modulation by host of viral process,0.818028861
0,0.349655014,2,16,GO:0046015,regulation of transcription by glucose,0.818028861
0,0.349655014,4,16,GO:0060449,bud elongation involved in lung branching,0.818028861
0,0.349655014,2,16,GO:0060847,endothelial cell fate specification,0.818028861
0,0.349655014,2,16,GO:0070163;GO:0070164,regulation of adiponectin secretion,0.818028861
0,0.349655014,4,16,GO:0070654;GO:1990399,epithelium regeneration,0.818028861
0,0.349655014,2,16,GO:0071671,regulation of smooth muscle cell chemotaxis,0.818028861
0,0.349655014,5,16,GO:0072109,glomerular mesangium development,0.818028861
0,0.349655014,2,16,GO:1900147,regulation of Schwann cell migration,0.818028861
0,0.349655014,2,16,GO:1900223,positive regulation of amyloid-beta clearance,0.818028861
0,0.349655014,3,16,GO:1904259;GO:1904261,positive regulation of basement membrane assembly involved in embryonic body morphogenesis,0.818028861
0,0.349655014,2,16,GO:1905868,regulation of 3'-UTR-mediated mRNA stabilization,0.818028861
0,0.349655014,2,16,GO:1990255,subsynaptic reticulum organization,0.818028861
0,0.349655014,2,16,GO:1990791,dorsal root ganglion development,0.818028861
0,0.350795402,2,478,GO:0051147,regulation of muscle cell differentiation,0.820487846
0,0.351912654,2,51,GO:0002021,response to dietary excess,0.82216684
0,0.354264102,3,21,GO:0006020,inositol metabolic process,0.82216684
0,0.356138042,5,26,GO:0006047,UDP-N-acetylglucosamine metabolic process,0.82216684
0,0.356138042,3,26,GO:0006390,mitochondrial transcription,0.82216684
0,0.356138042,5,26,GO:0006677,glycosylceramide metabolic process,0.82216684
0,0.352925496,4,473,GO:0006839,mitochondrial transport,0.82216684
0,0.354264102,2,21,GO:0006971,hypotonic response,0.82216684
0,0.356525915,5,31,GO:0007250,activation of NF-kappaB-inducing kinase activity,0.82216684
0,0.356525915,3,31,GO:0007496;GO:0031036;GO:0031038;GO:0060289,compartment boundary maintenance,0.82216684
0,0.354264102,7,21,GO:0010452,histone H3-K36 methylation,0.82216684
0,0.354264102,2,21,GO:0010459,negative regulation of heart rate,0.82216684
0,0.356525915,2,31,GO:0010692,regulation of alkaline phosphatase activity,0.82216684
0,0.356138042,7,26,GO:0010739,positive regulation of protein kinase A signaling,0.82216684
0,0.354264102,2,21,GO:0010744,positive regulation of macrophage derived foam cell differentiation,0.82216684
0,0.356525915,4,31,GO:0014807,regulation of somitogenesis,0.82216684
0,0.354264102,4,21,GO:0015780;GO:0090481,nucleotide-sugar transmembrane transport,0.82216684
0,0.354264102,3,21,GO:0018230;GO:0018231,peptidyl-L-cysteine S-palmitoylation,0.82216684
0,0.354264102,2,21,GO:0019373,epoxygenase P450 pathway,0.82216684
0,0.356138042,4,26,GO:0021636;GO:0021637;GO:1902285;GO:1902287,semaphorin-plexin signaling pathway involved in neuron projection guidance,0.82216684
0,0.35498198,3,41,GO:0021800,cerebral cortex tangential migration,0.82216684
0,0.356138042,4,26,GO:0030207,chondroitin sulfate catabolic process,0.82216684
0,0.356031523,6,36,GO:0030224,monocyte differentiation,0.82216684
0,0.356138042,4,26,GO:0032070;GO:0032071,regulation of deoxyribonuclease activity,0.82216684
0,0.352725565,2,128,GO:0033013,tetrapyrrole metabolic process,0.82216684
0,0.354264102,2,21,GO:0034162,toll-like receptor 9 signaling pathway,0.82216684
0,0.354264102,4,21,GO:0034769,basement membrane disassembly,0.82216684
0,0.35498198,2,41,GO:0035095,behavioral response to nicotine,0.82216684
0,0.354264102,3,21,GO:0035217,labial disc development,0.82216684
0,0.354264102,2,21,GO:0036035,osteoclast development,0.82216684
0,0.356525915,2,31,GO:0039019,pronephric nephron development,0.82216684
0,0.356138042,3,26,GO:0042415,norepinephrine metabolic process,0.82216684
0,0.352827961,3,347,GO:0042471;GO:0042472,ear morphogenesis,0.82216684
0,0.351912654,3,51,GO:0042478,regulation of eye photoreceptor cell development,0.82216684
0,0.351912654,2,51,GO:0042711;GO:0060746,parental behavior,0.82216684
0,0.354264102,2,21,GO:0043059,regulation of forward locomotion,0.82216684
0,0.356138042,5,26,GO:0044557;GO:0060087,relaxation of smooth muscle,0.82216684
0,0.356525915,6,31,GO:0045741,positive regulation of epidermal growth factor-activated receptor activity,0.82216684
0,0.354264102,3,21,GO:0046719,regulation by virus of viral protein levels in host cell,0.82216684
0,0.353569212,2,46,GO:0046755;GO:0039702,viral budding,0.82216684
0,0.356031523,2,36,GO:0048079,regulation of cuticle pigmentation,0.82216684
0,0.356525915,2,31,GO:0048505,regulation of timing of cell differentiation,0.82216684
0,0.354264102,2,21,GO:0048743,positive regulation of skeletal muscle fiber development,0.82216684
0,0.353569212,5,46,GO:0051956,negative regulation of amino acid transport,0.82216684
0,0.356525915,2,31,GO:0060159,regulation of dopamine receptor signaling pathway,0.82216684
0,0.356138042,2,26,GO:0060638,mesenchymal-epithelial cell signaling,0.82216684
0,0.356138042,2,26,GO:0061314,Notch signaling involved in heart development,0.82216684
0,0.356138042,3,26,GO:0070255;GO:0070257,regulation of mucus secretion,0.82216684
0,0.356138042,5,26,GO:0070307,lens fiber cell development,0.82216684
0,0.353569212,2,46,GO:0071498,cellular response to fluid shear stress,0.82216684
0,0.356138042,3,26,GO:0097376,interneuron axon guidance,0.82216684
0,0.356525915,3,31,GO:1900425,negative regulation of defense response to bacterium,0.82216684
0,0.356525915,2,31,GO:1901203,positive regulation of extracellular matrix assembly,0.82216684
0,0.352394825,4,326,GO:1901800;GO:1903052,positive regulation of proteolysis involved in cellular protein catabolic process,0.82216684
0,0.354264102,3,21,GO:2000392,regulation of lamellipodium morphogenesis,0.82216684
0,0.357211496,2,87,GO:0031424;GO:0070268,keratinization,0.822508797
0,0.357060866,3,149,GO:0035065;GO:2000756,regulation of peptidyl-lysine acetylation,0.822508797
0,0.357007943,4,201,GO:0048015;GO:0048017,inositol lipid-mediated signaling,0.822508797
0,0.357211496,-1,87,GO:0097756,obsolete negative regulation of blood vessel diameter,0.822508797
0,0.357060866,5,149,GO:1903008,organelle disassembly,0.822508797
0,0.357211496,3,87,GO:2000737,negative regulation of stem cell differentiation,0.822508797
0,0.358450616,2,269,GO:0010883,regulation of lipid storage,0.824948362
0,0.358450616,5,269,GO:0032436;GO:2000060,positive regulation of ubiquitin-dependent protein catabolic process,0.824948362
0,0.35945541,2,458,GO:0010921;GO:0035303,regulation of dephosphorylation,0.827053593
0,0.359989788,5,416,GO:0008585;GO:0046545;GO:0046660,female sex differentiation,0.827454006
0,0.359981212,2,82,GO:0014041,regulation of neuron maturation,0.827454006
0,0.359981212,3,82,GO:0051281,positive regulation of release of sequestered calcium ion into cytosol,0.827454006
0,0.359981212,4,82,GO:0060008,Sertoli cell differentiation,0.827454006
0,0.361223877,2,113,GO:1900087;GO:1902808,positive regulation of cell cycle G1/S phase transition,0.830082889
0,0.362802423,2,77,GO:0001659,temperature homeostasis,0.83266873
0,0.362802423,3,77,GO:0007538,primary sex determination,0.83266873
0,0.362802423,3,77,GO:0032770,positive regulation of monooxygenase activity,0.83266873
0,0.362802423,2,77,GO:0042311,vasodilation,0.83266873
0,0.365362391,5,186,GO:0007157,heterophilic cell-cell adhesion via plasma membrane cell adhesion molecules,0.838215171
0,0.365675361,3,72,GO:0007202,activation of phospholipase C activity,0.838215171
0,0.365675361,4,72,GO:0018992,germ-line sex determination,0.838215171
0,0.365675361,3,72,GO:0045070,positive regulation of viral genome replication,0.838215171
0,0.365675361,3,72,GO:0090279,regulation of calcium ion import,0.838215171
0,0.365793762,3,134,GO:0098815,modulation of excitatory postsynaptic potential,0.838277371
0,0.365990887,2,160,GO:0006446,regulation of translational initiation,0.838519904
0,0.36639099,5,675,GO:0023061,signal release,0.839227242
0,0.366865167,4,501,GO:0001764,neuron migration,0.840026648
0,0.366922908,2,275,GO:0010522;GO:0051279,regulation of calcium ion transport into cytosol,0.840026648
0,0.367432791,4,359,GO:0071466,cellular response to xenobiotic stimulus,0.840984347
0,0.368599403,2,67,GO:0006779;GO:0033014;GO:0006783,tetrapyrrole biosynthetic process,0.843234251
0,0.368599403,2,67,GO:0035036;GO:0007339,sperm-egg recognition,0.843234251
0,0.373585084,2,93,GO:0043500;GO:0014888,muscle adaptation,0.854214338
0,0.373585084,2,93,GO:0045168;GO:0046331,cell-cell signaling involved in cell fate commitment,0.854214338
0,0.374590874,2,57,GO:0000266,mitochondrial fission,0.855578724
0,0.395026265,2,12,GO:0000320,re-entry into mitotic cell cycle,0.855578724
0,0.387032212,2,7,GO:0001887,selenium compound metabolic process,0.855578724
0,0.395026265,2,12,GO:0001966,thigmotaxis,0.855578724
0,0.392532283,3,27,GO:0001991,regulation of systemic arterial blood pressure by circulatory renin-angiotensin,0.855578724
0,0.395026265,2,12,GO:0001994,norepinephrine-epinephrine vasoconstriction involved in regulation of systemic arterial blood pressure,0.855578724
0,0.396071936,3,17,GO:0002138,retinoic acid biosynthetic process,0.855578724
0,0.395026265,2,12,GO:0002322,B cell proliferation involved in immune response,0.855578724
0,0.387032212,2,7,GO:0002328,pro-B cell differentiation,0.855578724
0,0.395026265,2,12,GO:0002475,antigen processing and presentation via MHC class Ib,0.855578724
0,0.387032212,2,7,GO:0002543,activation of blood coagulation via clotting cascade,0.855578724
0,0.387148013,4,151,GO:0002673,regulation of acute inflammatory response,0.855578724
0,0.37981994,3,208,GO:0002708;GO:0002824;GO:0002821,positive regulation of adaptive immune response,0.855578724
0,0.386860087,2,37,GO:0002726,positive regulation of T cell cytokine production,0.855578724
0,0.386860087,3,37,GO:0003222,ventricular trabecula myocardium morphogenesis,0.855578724
0,0.387032212,5,7,GO:0003257,positive regulation of transcription from RNA polymerase II promoter involved in myocardial precursor cell differentiation,0.855578724
0,0.396071936,7,17,GO:0003373;GO:0003374,dynamin family protein polymerization involved in mitochondrial fission,0.855578724
0,0.387032212,3,7,GO:0006015;GO:0046391,5-phosphoribose 1-diphosphate biosynthetic process,0.855578724
0,0.387032212,4,7,GO:0006031;GO:0006034;GO:0006035,chitin biosynthetic process,0.855578724
0,0.387032212,6,7,GO:0006064;GO:0019640;GO:1901159;GO:0051167,glucuronate catabolic process to xylulose 5-phosphate,0.855578724
0,0.383811267,5,42,GO:0006144,purine nucleobase metabolic process,0.855578724
0,0.387032212,2,7,GO:0006489;GO:0046465,dolichyl diphosphate biosynthetic process,0.855578724
0,0.395026265,2,12,GO:0006551,leucine metabolic process,0.855578724
0,0.396071936,4,17,GO:0006558;GO:1902221;GO:0006559;GO:1902222,L-phenylalanine metabolic process,0.855578724
0,0.387032212,6,7,GO:0006649,phospholipid transfer to membrane,0.855578724
0,0.380308637,5,83,GO:0006654;GO:0046473,phosphatidic acid metabolic process,0.855578724
0,0.387032212,2,7,GO:0006663,platelet activating factor biosynthetic process,0.855578724
0,0.387032212,2,7,GO:0006678,glucosylceramide metabolic process,0.855578724
0,0.387032212,3,7,GO:0006777;GO:0019720,Mo-molybdopterin cofactor biosynthetic process,0.855578724
0,0.396071936,3,17,GO:0006842;GO:0015746;GO:0035674,tricarboxylic acid transmembrane transport,0.855578724
0,0.396071936,2,17,GO:0006848;GO:1901475,pyruvate transport,0.855578724
0,0.387032212,4,7,GO:0006856;GO:1903232,eye pigment precursor transport,0.855578724
0,0.391388898,3,372,GO:0006959,humoral immune response,0.855578724
0,0.383832855,2,78,GO:0007190,activation of adenylate cyclase activity,0.855578724
0,0.395026265,2,12,GO:0007195,adenylate cyclase-inhibiting dopamine receptor signaling pathway,0.855578724
0,0.395026265,6,12,GO:0007258,JUN phosphorylation,0.855578724
0,0.394794226,2,22,GO:0007301,female germline ring canal formation,0.855578724
0,0.394794226,4,22,GO:0009086,methionine biosynthetic process,0.855578724
0,0.389807726,2,32,GO:0009220;GO:0046132,pyrimidine ribonucleoside biosynthetic process,0.855578724
0,0.396071936,2,17,GO:0009265;GO:0046385,2'-deoxyribonucleotide biosynthetic process,0.855578724
0,0.387032212,2,7,GO:0009597,detection of virus,0.855578724
0,0.387032212,2,7,GO:0009637,response to blue light,0.855578724
0,0.392532283,2,27,GO:0009650,UV protection,0.855578724
0,0.396071936,3,17,GO:0010193,response to ozone,0.855578724
0,0.395026265,4,12,GO:0010265,SCF complex assembly,0.855578724
0,0.386860087,3,37,GO:0010642,negative regulation of platelet-derived growth factor receptor signaling pathway,0.855578724
0,0.396071936,2,17,GO:0010936,negative regulation of macrophage cytokine production,0.855578724
0,0.389807726,8,32,GO:0010958;GO:1903789,regulation of amino acid transmembrane transport,0.855578724
0,0.395026265,2,12,GO:0010990;GO:0010991,regulation of SMAD protein complex assembly,0.855578724
0,0.395026265,3,12,GO:0015712;GO:0015760,hexose phosphate transport,0.855578724
0,0.395026265,7,12,GO:0015862;GO:0015864;GO:1901642,nucleoside transmembrane transport,0.855578724
0,0.395026265,2,12,GO:0015889,cobalamin transport,0.855578724
0,0.390495637,4,393,GO:0015893,drug transport,0.855578724
0,0.396071936,3,17,GO:0016062;GO:0036367,adaptation of rhodopsin mediated signaling,0.855578724
0,0.387032212,2,7,GO:0016240,autophagosome membrane docking,0.855578724
0,0.39283594,2,94,GO:0016242,negative regulation of macroautophagy,0.855578724
0,0.396071936,6,17,GO:0016553,base conversion or substitution editing,0.855578724
0,0.387032212,2,7,GO:0018199,peptidyl-glutamine modification,0.855578724
0,0.396071936,3,17,GO:0018894,dibenzo-p-dioxin metabolic process,0.855578724
0,0.387032212,4,7,GO:0019045;GO:0019046,latent virus replication,0.855578724
0,0.387032212,2,7,GO:0019065;GO:0075509,receptor-mediated endocytosis of virus by host cell,0.855578724
0,0.387032212,5,7,GO:0019276,UDP-N-acetylgalactosamine metabolic process,0.855578724
0,0.387032212,2,7,GO:0021502,neural fold elevation formation,0.855578724
0,0.378403682,2,140,GO:0022602,ovulation cycle process,0.855578724
0,0.387032212,2,7,GO:0030103,vasopressin secretion,0.855578724
0,0.389807726,2,32,GO:0030150,protein import into mitochondrial matrix,0.855578724
0,0.389076398,3,99,GO:0030521,androgen receptor signaling pathway,0.855578724
0,0.392532283,2,27,GO:0030656,regulation of vitamin metabolic process,0.855578724
0,0.396071936,3,17,GO:0030854,positive regulation of granulocyte differentiation,0.855578724
0,0.38380508,3,156,GO:0031290,retinal ganglion cell axon guidance,0.855578724
0,0.396071936,2,17,GO:0031339,negative regulation of vesicle fusion,0.855578724
0,0.395026265,2,12,GO:0031584,activation of phospholipase D activity,0.855578724
0,0.383811267,6,42,GO:0031629;GO:0099500,synaptic vesicle fusion to presynaptic active zone membrane,0.855578724
0,0.396071936,2,17,GO:0031639,plasminogen activation,0.855578724
0,0.396071936,5,17,GO:0032020,ISG15-protein conjugation,0.855578724
0,0.396071936,3,17,GO:0032511;GO:0045324,late endosome to vacuole transport,0.855578724
0,0.383811267,4,42,GO:0032682,negative regulation of chemokine production,0.855578724
0,0.394794226,4,22,GO:0032836,glomerular basement membrane development,0.855578724
0,0.394794226,2,22,GO:0033083;GO:0033084,regulation of immature T cell proliferation,0.855578724
0,0.395026265,2,12,GO:0033091;GO:0033092,positive regulation of immature T cell proliferation,0.855578724
0,0.387032212,2,7,GO:0034239,regulation of macrophage fusion,0.855578724
0,0.387032212,2,7,GO:0034371,chylomicron remodeling,0.855578724
0,0.387032212,2,7,GO:0034447,very-low-density lipoprotein particle clearance,0.855578724
0,0.394794226,2,22,GO:0034770,histone H4-K20 methylation,0.855578724
0,0.391258083,2,68,GO:0035287;GO:0035288;GO:0097065,head segmentation,0.855578724
0,0.387032212,3,7,GO:0035356,cellular triglyceride homeostasis,0.855578724
0,0.386860087,5,37,GO:0035456;GO:0035458,response to interferon-beta,0.855578724
0,0.392532283,2,27,GO:0035545,determination of left/right asymmetry in nervous system,0.855578724
0,0.395026265,2,12,GO:0035879,plasma membrane lactate transport,0.855578724
0,0.387032212,2,7,GO:0036290,protein trans-autophosphorylation,0.855578724
0,0.394794226,5,22,GO:0036444,calcium import into the mitochondrion,0.855578724
0,0.395026265,2,12,GO:0036490,regulation of translation in response to endoplasmic reticulum stress,0.855578724
0,0.395026265,2,12,GO:0036514;GO:1904938,dopaminergic neuron axon guidance,0.855578724
0,0.387032212,5,7,GO:0038026,reelin-mediated signaling pathway,0.855578724
0,0.387032212,3,7,GO:0038163,thrombopoietin-mediated signaling pathway,0.855578724
0,0.395026265,5,12,GO:0039526;GO:0052150,modulation by symbiont of host apoptotic process,0.855578724
0,0.387032212,6,7,GO:0039533;GO:0039534,negative regulation of MDA-5 signaling pathway,0.855578724
0,0.394794226,2,22,GO:0042178,xenobiotic catabolic process,0.855578724
0,0.394794226,4,22,GO:0042340,keratan sulfate catabolic process,0.855578724
0,0.395026265,2,12,GO:0042695;GO:0060744,thelarche,0.855578724
0,0.387032212,2,7,GO:0042823;GO:0042819,vitamin B6 biosynthetic process,0.855578724
0,0.387032212,4,7,GO:0043456;GO:1902031,regulation of NADP metabolic process,0.855578724
0,0.387032212,3,7,GO:0043654,recognition of apoptotic cell,0.855578724
0,0.396071936,7,17,GO:0044026;GO:0044027,DNA hypermethylation,0.855578724
0,0.387032212,7,7,GO:0044028;GO:0044029,DNA hypomethylation,0.855578724
0,0.387032212,2,7,GO:0045658,regulation of neutrophil differentiation,0.855578724
0,0.39242739,3,188,GO:0045843;GO:0048635;GO:1901862,negative regulation of muscle organ development,0.855578724
0,0.381724914,3,619,GO:0045861,negative regulation of proteolysis,0.855578724
0,0.394109518,6,141,GO:0045879,negative regulation of smoothened signaling pathway,0.855578724
0,0.380727614,2,47,GO:0045922,negative regulation of fatty acid metabolic process,0.855578724
0,0.386860087,3,37,GO:0045955,negative regulation of calcium ion-dependent exocytosis,0.855578724
0,0.374590874,2,57,GO:0046006,regulation of activated T cell proliferation,0.855578724
0,0.38747866,2,73,GO:0046037;GO:0046710,GMP metabolic process,0.855578724
0,0.395026265,2,12,GO:0046100;GO:0046101,hypoxanthine metabolic process,0.855578724
0,0.394794226,2,22,GO:0046185,aldehyde catabolic process,0.855578724
0,0.396071936,2,17,GO:0046670,positive regulation of retinal cell programmed cell death,0.855578724
0,0.389807726,2,32,GO:0046689,response to mercury ion,0.855578724
0,0.386860087,4,37,GO:0046838;GO:0046855;GO:0071545,inositol phosphate catabolic process,0.855578724
0,0.395026265,3,12,GO:0046844,chorion micropyle formation,0.855578724
0,0.395026265,4,12,GO:0046956;GO:0052128,positive energy taxis,0.855578724
0,0.387032212,5,7,GO:0048014,Tie signaling pathway,0.855578724
0,0.383832855,3,78,GO:0048067;GO:0007593;GO:0048085,chitin-based cuticle sclerotization,0.855578724
0,0.396071936,2,17,GO:0048105,establishment of body hair planar orientation,0.855578724
0,0.391258083,3,68,GO:0048138,germ-line cyst encapsulation,0.855578724
0,0.394794226,2,22,GO:0048313,Golgi inheritance,0.855578724
0,0.395230737,3,478,GO:0048489;GO:0097479;GO:0097480,synaptic vesicle localization,0.855578724
0,0.375203472,2,119,GO:0048662,negative regulation of smooth muscle cell proliferation,0.855578724
0,0.383811267,4,42,GO:0048799,animal organ maturation,0.855578724
0,0.395026265,2,12,GO:0048804,imaginal disc-derived female genitalia morphogenesis,0.855578724
0,0.376895688,3,88,GO:0048821,erythrocyte development,0.855578724
0,0.395185299,3,63,GO:0050774,negative regulation of dendrite morphogenesis,0.855578724
0,0.386860087,2,37,GO:0051151,negative regulation of smooth muscle cell differentiation,0.855578724
0,0.390989069,3,314,GO:0051282,regulation of sequestering of calcium ion,0.855578724
0,0.387032212,2,7,GO:0051344,negative regulation of cyclic-nucleotide phosphodiesterase activity,0.855578724
0,0.392532283,5,27,GO:0051451,myoblast migration,0.855578724
0,0.387032212,6,7,GO:0051583;GO:0051934,dopamine uptake involved in synaptic transmission,0.855578724
0,0.396071936,2,17,GO:0052040;GO:0044532,modulation by symbiont of host programmed cell death,0.855578724
0,0.387032212,2,7,GO:0052572,response to host immune response,0.855578724
0,0.395026265,2,12,GO:0060023,soft palate development,0.855578724
0,0.395185299,2,63,GO:0060045,positive regulation of cardiac muscle cell proliferation,0.855578724
0,0.396071936,2,17,GO:0060050,positive regulation of protein glycosylation,0.855578724
0,0.389170501,3,193,GO:0060191,regulation of lipase activity,0.855578724
0,0.395026265,2,12,GO:0060221,retinal rod cell differentiation,0.855578724
0,0.389807726,2,32,GO:0060389,pathway-restricted SMAD protein phosphorylation,0.855578724
0,0.387032212,4,7,GO:0060392,negative regulation of SMAD protein signal transduction,0.855578724
0,0.394794226,2,22,GO:0060397,growth hormone receptor signaling pathway via JAK-STAT,0.855578724
0,0.391258083,2,68,GO:0060444,branching involved in mammary gland duct morphogenesis,0.855578724
0,0.387032212,3,7,GO:0060502,epithelial cell proliferation involved in lung morphogenesis,0.855578724
0,0.395026265,4,12,GO:0060594,mammary gland specification,0.855578724
0,0.396071936,5,17,GO:0060665,regulation of branching involved in salivary gland morphogenesis by mesenchymal-epithelial signaling,0.855578724
0,0.395026265,5,12,GO:0060699;GO:0060700,regulation of ribonuclease activity,0.855578724
0,0.387032212,2,7,GO:0061010,gall bladder development,0.855578724
0,0.395026265,2,12,GO:0061091,regulation of phospholipid translocation,0.855578724
0,0.380308637,3,83,GO:0061384,heart trabecula morphogenesis,0.855578724
0,0.392532283,2,27,GO:0061469,regulation of type B pancreatic cell proliferation,0.855578724
0,0.396071936,2,17,GO:0061744,motor behavior,0.855578724
0,0.387032212,5,7,GO:0061763,multivesicular body-lysosome fusion,0.855578724
0,0.387032212,2,7,GO:0061884,regulation of mini excitatory postsynaptic potential,0.855578724
0,0.387032212,5,7,GO:0061890,positive regulation of astrocyte activation,0.855578724
0,0.387032212,3,7,GO:0061901;GO:0061903,positive regulation of 1-phosphatidylinositol-3-kinase activity,0.855578724
0,0.396071936,4,17,GO:0062042;GO:0062043;GO:1905005;GO:1905007,regulation of epithelial to mesenchymal transition involved in endocardial cushion formation,0.855578724
0,0.391258083,2,68,GO:0065001,specification of axis polarity,0.855578724
0,0.386860087,2,37,GO:0070102,interleukin-6-mediated signaling pathway,0.855578724
0,0.395026265,2,12,GO:0070235,regulation of activation-induced cell death of T cells,0.855578724
0,0.387032212,8,7,GO:0070236,negative regulation of activation-induced cell death of T cells,0.855578724
0,0.387032212,2,7,GO:0070285,pigment cell development,0.855578724
0,0.387032212,3,7,GO:0070370,cellular heat acclimation,0.855578724
0,0.387032212,2,7,GO:0070541,response to platinum ion,0.855578724
0,0.395026265,2,12,GO:0070562,regulation of vitamin D receptor signaling pathway,0.855578724
0,0.395026265,2,12,GO:0070649;GO:0110009,formin-nucleated actin cable assembly,0.855578724
0,0.387032212,3,7,GO:0070859;GO:1904253,positive regulation of bile acid biosynthetic process,0.855578724
0,0.395026265,2,12,GO:0071283,cellular response to iron(III) ion,0.855578724
0,0.395026265,3,12,GO:0071603,endothelial cell-cell adhesion,0.855578724
0,0.387032212,2,7,GO:0071888,macrophage apoptotic process,0.855578724
0,0.387032212,2,7,GO:0072019,proximal convoluted tubule development,0.855578724
0,0.383811267,2,42,GO:0072070,loop of Henle development,0.855578724
0,0.389807726,3,32,GO:0072111;GO:0072203,cell proliferation involved in kidney development,0.855578724
0,0.391258083,4,68,GO:0072148,epithelial cell fate commitment,0.855578724
0,0.389807726,3,32,GO:0072173;GO:0072282,metanephric tubule morphogenesis,0.855578724
0,0.375203472,4,119,GO:0072332,intrinsic apoptotic signaling pathway by p53 class mediator,0.855578724
0,0.387032212,5,7,GO:0072584,caveolin-mediated endocytosis,0.855578724
0,0.38380508,2,156,GO:0072655;GO:0070585,protein localization to mitochondrion,0.855578724
0,0.389807726,3,32,GO:0086015;GO:0086018;GO:0086070,SA node cell to atrial cardiac muscle cell communication,0.855578724
0,0.387032212,5,7,GO:0090071,negative regulation of ribosome biogenesis,0.855578724
0,0.396071936,3,17,GO:0090158,endoplasmic reticulum membrane organization,0.855578724
0,0.387032212,2,7,GO:0090168,Golgi reassembly,0.855578724
0,0.395026265,3,12,GO:0090245,axis elongation involved in somitogenesis,0.855578724
0,0.396071936,3,17,GO:0090647,modulation of age-related behavioral decline,0.855578724
0,0.394794226,3,22,GO:0090727,positive regulation of brood size,0.855578724
0,0.376895688,2,88,GO:0097009,energy homeostasis,0.855578724
0,0.392532283,2,27,GO:0097068;GO:1904386,response to L-phenylalanine derivative,0.855578724
0,0.394794226,3,22,GO:0097402,neuroblast migration,0.855578724
0,0.395026265,5,12,GO:0097428,protein maturation by iron-sulfur cluster transfer,0.855578724
0,0.383811267,5,42,GO:0097503,sialylation,0.855578724
0,0.395026265,4,12,GO:0097628,distal tip cell migration,0.855578724
0,0.387032212,2,7,GO:0098582,innate vocalization behavior,0.855578724
0,0.381966227,2,182,GO:0098930,axonal transport,0.855578724
0,0.387032212,6,7,GO:1900003;GO:1902571;GO:1900004;GO:1902572,negative regulation of serine-type peptidase activity,0.855578724
0,0.392532283,2,27,GO:1900075,positive regulation of neuromuscular synaptic transmission,0.855578724
0,0.396071936,2,17,GO:1900225,regulation of NLRP3 inflammasome complex assembly,0.855578724
0,0.395026265,4,12,GO:1900239,regulation of phenotypic switching,0.855578724
0,0.387032212,2,7,GO:1901047,insulin receptor signaling pathway involved in determination of adult lifespan,0.855578724
0,0.394794226,2,22,GO:1901166,neural crest cell migration involved in autonomic nervous system development,0.855578724
0,0.395026265,4,12,GO:1901228,positive regulation of transcription from RNA polymerase II promoter involved in heart development,0.855578724
0,0.387032212,2,7,GO:1901509,regulation of endothelial tube morphogenesis,0.855578724
0,0.387032212,2,7,GO:1901629,regulation of presynaptic membrane organization,0.855578724
0,0.387032212,4,7,GO:1902216,positive regulation of interleukin-4-mediated signaling pathway,0.855578724
0,0.374590874,4,57,GO:1902230,negative regulation of intrinsic apoptotic signaling pathway in response to DNA damage,0.855578724
0,0.396071936,4,17,GO:1902407;GO:1903475,assembly of actomyosin apparatus involved in mitotic cytokinesis,0.855578724
0,0.387032212,2,7,GO:1902527,positive regulation of protein monoubiquitination,0.855578724
0,0.37798479,7,418,GO:1902806;GO:2000045,regulation of cell cycle G1/S phase transition,0.855578724
0,0.392532283,2,27,GO:1902992,negative regulation of amyloid precursor protein catabolic process,0.855578724
0,0.387032212,2,7,GO:1903108,regulation of mitochondrial transcription,0.855578724
0,0.395937923,2,115,GO:1903431,positive regulation of cell maturation,0.855578724
0,0.387032212,2,7,GO:1903463,regulation of mitotic cell cycle DNA replication,0.855578724
0,0.387032212,2,7,GO:1903659,regulation of complement-dependent cytotoxicity,0.855578724
0,0.396071936,2,17,GO:1903715,regulation of aerobic respiration,0.855578724
0,0.396071936,3,17,GO:1904352;GO:1905167,positive regulation of protein catabolic process in the vacuole,0.855578724
0,0.387032212,4,7,GO:1904783,positive regulation of NMDA glutamate receptor activity,0.855578724
0,0.395026265,5,12,GO:1990839,response to endothelin,0.855578724
0,0.394794226,4,22,GO:1990868;GO:1990869,response to chemokine,0.855578724
0,0.387032212,2,7,GO:2000078,positive regulation of type B pancreatic cell development,0.855578724
0,0.389807726,2,32,GO:2000269,regulation of fibroblast apoptotic process,0.855578724
0,0.394794226,2,22,GO:2000345,regulation of hepatocyte proliferation,0.855578724
0,0.38747866,3,73,GO:2000463,positive regulation of excitatory postsynaptic potential,0.855578724
0,0.387032212,5,7,GO:2000653,regulation of genetic imprinting,0.855578724
0,0.387032212,9,7,GO:2000669,negative regulation of dendritic cell apoptotic process,0.855578724
0,0.394794226,2,22,GO:2000671,regulation of motor neuron apoptotic process,0.855578724
0,0.383811267,3,42,GO:2000726,negative regulation of cardiac muscle cell differentiation,0.855578724
0,0.380727614,2,47,GO:2000772,regulation of cellular senescence,0.855578724
0,0.395026265,2,12,GO:2000774,positive regulation of cellular senescence,0.855578724
0,0.392532283,3,27,GO:2000849,regulation of glucocorticoid secretion,0.855578724
0,0.395026265,3,12,GO:2000977,regulation of forebrain neuron differentiation,0.855578724
0,0.394794226,3,22,GO:2001204,regulation of osteoclast development,0.855578724
0,0.399277184,3,58,GO:0001742,oenocyte differentiation,0.861084982
0,0.399277184,9,58,GO:0032469,endoplasmic reticulum calcium ion homeostasis,0.861084982
0,0.399277184,2,58,GO:0033227,dsRNA transport,0.861084982
0,0.399277184,2,58,GO:0035161,imaginal disc lineage restriction,0.861084982
0,0.399277184,2,58,GO:0070979,protein K11-linked ubiquitination,0.861084982
0,0.399277184,3,58,GO:2000310,regulation of NMDA receptor activity,0.861084982
0,0.399831774,2,632,GO:0015849;GO:0046942,organic acid transport,0.862078602
0,0.400784719,3,84,GO:0030536,larval feeding behavior,0.863727743
0,0.400784719,3,84,GO:0033144,negative regulation of intracellular steroid hormone receptor signaling pathway,0.863727743
0,0.401482201,3,131,GO:0031018,endocrine pancreas development,0.86482505
0,0.401482201,2,131,GO:0032768;GO:0050999,regulation of monooxygenase activity,0.86482505
0,0.402311718,2,215,GO:0007474,imaginal disc-derived wing vein specification,0.866408706
0,0.402524732,3,294,GO:0001707;GO:0048332,mesoderm morphogenesis,0.866664243
0,0.403554094,3,53,GO:0045662,negative regulation of myoblast differentiation,0.868473372
0,0.403554094,4,53,GO:1903430,negative regulation of cell maturation,0.868473372
0,0.403768338,5,105,GO:0001990;GO:0003044,regulation of systemic arterial blood pressure mediated by a chemical signal,0.868527444
0,0.403768338,2,105,GO:0032663,regulation of interleukin-2 production,0.868527444
0,0.405004868,2,79,GO:0002026,regulation of the force of heart contraction,0.870779427
0,0.405004868,2,79,GO:0042181,ketone biosynthetic process,0.870779427
0,0.406072083,3,147,GO:0048146,positive regulation of fibroblast proliferation,0.872869666
0,0.407265711,2,686,GO:0051260,protein homooligomerization,0.875230592
0,0.407900701,3,100,GO:0048793,pronephros development,0.876281476
0,0.408040923,4,48,GO:0071157,negative regulation of cell cycle arrest,0.876281476
0,0.408040923,3,48,GO:2000727,positive regulation of cardiac muscle cell differentiation,0.876281476
0,0.408580517,6,284,GO:0030183;GO:0042113,B cell activation,0.877235168
0,0.409071152,2,205,GO:0007028;GO:0007315,cytoplasm organization,0.878083322
0,0.409414368,2,74,GO:0007629,flight behavior,0.878409477
0,0.409329791,2,121,GO:0050850,positive regulation of calcium-mediated signaling,0.878409477
0,0.409688981,4,263,GO:0036465;GO:0048488;GO:0140238,synaptic vesicle recycling,0.878793388
0,0.412196789,2,95,GO:0002720,positive regulation of cytokine production involved in immune response,0.883966264
0,0.412768617,2,43,GO:0016045;GO:0098543;GO:0098581,detection of external biotic stimulus,0.884779404
0,0.412768617,2,43,GO:0022410;GO:0042745;GO:0050802,circadian sleep/wake cycle,0.884779404
0,0.413456134,2,116,GO:0045652,regulation of megakaryocyte differentiation,0.886046334
0,0.414037267,6,69,GO:0030835,negative regulation of actin filament depolymerization,0.886877867
0,0.414037267,2,69,GO:0044743,protein transmembrane import into intracellular organelle,0.886877867
0,0.415009019,2,475,GO:0001751,compound eye photoreceptor cell differentiation,0.888752118
0,0.415172949,2,348,GO:0051153,regulation of striated muscle cell differentiation,0.888895929
0,0.41667378,2,90,GO:0032648,regulation of interferon-beta production,0.891485831
0,0.41667378,2,90,GO:0043552;GO:0090218,positive regulation of lipid kinase activity,0.891485831
0,0.41667378,2,90,GO:0048713,regulation of oligodendrocyte differentiation,0.891485831
0,0.417733243,2,111,GO:0001658,branching involved in ureteric bud morphogenesis,0.892182234
0,0.417776351,6,38,GO:0002693,positive regulation of cellular extravasation,0.892182234
0,0.417776351,2,38,GO:0010649,regulation of cell communication by electrical coupling,0.892182234
0,0.417776351,3,38,GO:0045161,neuronal ion channel clustering,0.892182234
0,0.417776351,3,38,GO:0045683,negative regulation of epidermis development,0.892182234
0,0.417776351,6,38,GO:0060575,intestinal epithelial cell differentiation,0.892182234
0,0.417776351,2,38,GO:0060628,regulation of ER to Golgi vesicle-mediated transport,0.892182234
0,0.417623594,5,153,GO:0060999,positive regulation of dendritic spine development,0.892182234
0,0.418902975,4,64,GO:0055022;GO:0061117,negative regulation of cardiac muscle tissue growth,0.894172397
0,0.418902975,6,64,GO:1903055,positive regulation of extracellular matrix organization,0.894172397
0,0.419936235,2,1065,GO:0006874;GO:0055074;GO:0072503;GO:0072507,divalent inorganic cation homeostasis,0.896169685
0,0.420814664,4,169,GO:0097366,response to bronchodilator,0.8978357
0,0.421029115,2,428,GO:0001704,formation of primary germ layer,0.89808463
0,0.421357465,3,301,GO:0051591,response to cAMP,0.898159275
0,0.421351898,4,85,GO:0070059,intrinsic apoptotic signaling pathway in response to endoplasmic reticulum stress,0.898159275
0,0.421632431,2,148,GO:0051402;GO:0070997,neuron death,0.898536862
0,0.422148821,2,127,GO:0010972;GO:1902750,negative regulation of cell cycle G2/M phase transition,0.899428652
0,0.423114729,3,33,GO:0002070,epithelial cell maturation,0.900233678
0,0.423114729,2,33,GO:0045603,positive regulation of endothelial cell differentiation,0.900233678
0,0.423008936,2,280,GO:0048645,animal organ formation,0.900233678
0,0.423114729,2,33,GO:0072189,ureter development,0.900233678
0,0.423114729,2,33,GO:0090141,positive regulation of mitochondrial fission,0.900233678
0,0.423114729,3,33,GO:2000322,regulation of glucocorticoid receptor signaling pathway,0.900233678
0,0.424048042,6,59,GO:0006693;GO:0006692,prostaglandin metabolic process,0.901592886
0,0.424048042,2,59,GO:0048881;GO:0048882;GO:0048915;GO:0048916,lateral line development,0.901592886
0,0.424048042,4,59,GO:0097205,renal filtration,0.901592886
0,0.425764799,2,143,GO:0071479,cellular response to ionizing radiation,0.905033483
0,0.426255188,5,80,GO:1905208,negative regulation of cardiocyte differentiation,0.905866243
0,0.426797646,4,101,GO:0045742;GO:1901186,positive regulation of ERBB signaling pathway,0.906599532
0,0.426797646,7,101,GO:0055026,negative regulation of cardiac muscle tissue development,0.906599532
0,0.428850492,5,28,GO:0009070,serine family amino acid biosynthetic process,0.907810963
0,0.428850492,2,28,GO:0032000,positive regulation of fatty acid beta-oxidation,0.907810963
0,0.428850492,2,28,GO:0033240,positive regulation of cellular amine metabolic process,0.907810963
0,0.428850492,5,28,GO:0045704;GO:0045705,negative regulation of salivary gland boundary specification,0.907810963
0,0.428850492,2,28,GO:0051608;GO:0001821,histamine transport,0.907810963
0,0.428850492,4,28,GO:0060452,positive regulation of cardiac muscle contraction,0.907810963
0,0.428850492,2,28,GO:0060712,spongiotrophoblast layer development,0.907810963
0,0.428850492,4,28,GO:0061066,positive regulation of dauer larval development,0.907810963
0,0.428850492,2,28,GO:0072224,metanephric glomerulus development,0.907810963
0,0.428850492,6,28,GO:0097202,activation of cysteine-type endopeptidase activity,0.907810963
0,0.428850492,2,28,GO:0099612,protein localization to axon,0.907810963
0,0.428850492,2,28,GO:0106070,regulation of adenylate cyclase-activating G protein-coupled receptor signaling pathway,0.907810963
0,0.428850492,3,28,GO:1902224,ketone body metabolic process,0.907810963
0,0.428850492,2,28,GO:1902744;GO:0010593,negative regulation of lamellipodium organization,0.907810963
0,0.428850492,3,28,GO:2000074,regulation of type B pancreatic cell development,0.907810963
0,0.429518737,2,54,GO:0001711;GO:0001714,endodermal cell fate commitment,0.907969988
0,0.429518737,4,54,GO:0006829;GO:0071577,zinc ion transport,0.907969988
0,0.429518737,2,54,GO:0010743,regulation of macrophage derived foam cell differentiation,0.907969988
0,0.429518737,2,54,GO:0048247,lymphocyte chemotaxis,0.907969988
0,0.429518737,2,54,GO:0060278,regulation of ovulation,0.907969988
0,0.429518737,2,54,GO:0140354,lipid import into cell,0.907969988
0,0.431034471,2,117,GO:0002763,positive regulation of myeloid leukocyte differentiation,0.910964476
0,0.431412564,6,75,GO:0000272;GO:0005980;GO:0009251;GO:0044247;GO:0044275,cellular carbohydrate catabolic process,0.911344158
0,0.431412564,2,75,GO:0071276,cellular response to cadmium ion,0.911344158
0,0.431619673,2,96,GO:0001569,branching involved in blood vessel morphogenesis,0.911362459
0,0.431619673,3,96,GO:0010940,positive regulation of necrotic cell death,0.911362459
0,0.435073116,5,23,GO:0002323,natural killer cell activation involved in immune response,0.914659321
0,0.435073116,2,23,GO:0003207;GO:0003211,cardiac chamber formation,0.914659321
0,0.435073116,3,23,GO:0006600,creatine metabolic process,0.914659321
0,0.435073116,7,23,GO:0014012,peripheral nervous system axon regeneration,0.914659321
0,0.435073116,2,23,GO:0016063;GO:0046154,rhodopsin metabolic process,0.914659321
0,0.435073116,2,23,GO:0021873,forebrain neuroblast division,0.914659321
0,0.435073116,4,23,GO:0033131;GO:1903299,regulation of hexokinase activity,0.914659321
0,0.435073116,4,23,GO:0042908,xenobiotic transport,0.914659321
0,0.435073116,3,23,GO:0048337;GO:1905772;GO:1905904,positive regulation of mesodermal cell fate specification,0.914659321
0,0.435073116,5,23,GO:0050746,regulation of lipoprotein metabolic process,0.914659321
0,0.435073116,8,23,GO:0051490,negative regulation of filopodium assembly,0.914659321
0,0.435073116,2,23,GO:0061086,negative regulation of histone H3-K27 methylation,0.914659321
0,0.435073116,6,23,GO:0071287,cellular response to manganese ion,0.914659321
0,0.435073116,2,23,GO:0071420,cellular response to histamine,0.914659321
0,0.435073116,2,23,GO:0090251,protein localization involved in establishment of planar polarity,0.914659321
0,0.435073116,3,23,GO:1900125,regulation of hyaluronan biosynthetic process,0.914659321
0,0.435073116,4,23,GO:1902617,response to fluoride,0.914659321
0,0.435073116,2,23,GO:1903012,positive regulation of bone development,0.914659321
0,0.435073116,2,23,GO:1903799,negative regulation of production of miRNAs involved in gene silencing by miRNA,0.914659321
0,0.435374917,4,49,GO:0072176,nephric duct development,0.914874997
0,0.435374917,5,49,GO:2000253,positive regulation of feeding behavior,0.914874997
0,0.435732701,2,112,GO:0003300;GO:0014897;GO:0014896,muscle hypertrophy,0.915417396
0,0.436859222,2,70,GO:0019054;GO:0044068,modulation by symbiont of host cellular process,0.917364416
0,0.436859222,4,70,GO:0048880;GO:0048925,sensory system development,0.917364416
0,0.438727124,2,818,GO:0002119,nematode larval development,0.921076259
0,0.441901459,3,18,GO:0001574,ganglioside biosynthetic process,0.922331163
0,0.441901459,3,18,GO:0002097;GO:0002098,tRNA wobble base modification,0.922331163
0,0.441696064,4,44,GO:0003299;GO:0014887;GO:0014898,muscle hypertrophy in response to stress,0.922331163
0,0.441901459,3,18,GO:0006102,isocitrate metabolic process,0.922331163
0,0.442638624,2,65,GO:0008209,androgen metabolic process,0.922331163
0,0.441901459,6,18,GO:0009143,nucleoside triphosphate catabolic process,0.922331163
0,0.442638624,6,65,GO:0010837,regulation of keratinocyte proliferation,0.922331163
0,0.43958466,3,165,GO:0016101;GO:0001523,diterpenoid metabolic process,0.922331163
0,0.441901459,4,18,GO:0019042,viral latency,0.922331163
0,0.442298973,4,287,GO:0022900,electron transport chain,0.922331163
0,0.441696064,2,44,GO:0032252,secretory granule localization,0.922331163
0,0.441662193,2,144,GO:0032350;GO:0046885,regulation of hormone metabolic process,0.922331163
0,0.441901459,7,18,GO:0032534,regulation of microvillus assembly,0.922331163
0,0.441953377,2,86,GO:0034204;GO:0097035;GO:0045332,regulation of membrane lipid distribution,0.922331163
0,0.442638624,2,65,GO:0036257;GO:0036258,multivesicular body organization,0.922331163
0,0.441901459,2,18,GO:0039020,pronephric nephron tubule development,0.922331163
0,0.441696064,2,44,GO:0045454,cell redox homeostasis,0.922331163
0,0.442638624,3,65,GO:0051443,positive regulation of ubiquitin-protein transferase activity,0.922331163
0,0.441696064,3,44,GO:0051444,negative regulation of ubiquitin-protein transferase activity,0.922331163
0,0.441901459,3,18,GO:0051599,response to hydrostatic pressure,0.922331163
0,0.441901459,3,18,GO:0061382,Malpighian tubule tip cell differentiation,0.922331163
0,0.441901459,2,18,GO:0071284,cellular response to lead ion,0.922331163
0,0.441696064,5,44,GO:0072202,cell differentiation involved in metanephros development,0.922331163
0,0.442638624,2,65,GO:0090036,regulation of protein kinase C signaling,0.922331163
0,0.442638624,3,65,GO:0090169,regulation of spindle assembly,0.922331163
0,0.441901459,2,18,GO:0098703;GO:1902656,calcium ion import across plasma membrane,0.922331163
0,0.441901459,2,18,GO:1901569,fatty acid derivative catabolic process,0.922331163
0,0.441901459,3,18,GO:1901685;GO:1901687,glutathione derivative metabolic process,0.922331163
0,0.441901459,5,18,GO:1903830,magnesium ion transmembrane transport,0.922331163
0,0.441901459,4,18,GO:1904017,cellular response to Thyroglobulin triiodothyronine,0.922331163
0,0.441901459,2,18,GO:1904683,regulation of metalloendopeptidase activity,0.922331163
0,0.441901459,2,18,GO:1905802;GO:1905803,regulation of cellular response to manganese ion,0.922331163
0,0.441901459,2,18,GO:1990573,potassium ion import across plasma membrane,0.922331163
0,0.45757167,5,145,GO:0001755,neural crest cell migration,0.925800795
0,0.457709462,6,8,GO:0001844,protein insertion into mitochondrial membrane involved in apoptotic signaling pathway,0.925800795
0,0.457709462,5,8,GO:0001982,baroreceptor response to decreased systemic arterial blood pressure,0.925800795
0,0.457709462,3,8,GO:0001998,angiotensin-mediated vasoconstriction involved in regulation of systemic arterial blood pressure,0.925800795
0,0.457709462,3,8,GO:0002037,negative regulation of L-glutamate import across plasma membrane,0.925800795
0,0.457709462,2,8,GO:0002232,leukocyte chemotaxis involved in inflammatory response,0.925800795
0,0.457709462,4,8,GO:0002248;GO:0097709,connective tissue replacement involved in inflammatory response wound healing,0.925800795
0,0.449470659,5,13,GO:0002638,negative regulation of immunoglobulin production,0.925800795
0,0.449470659,2,13,GO:0003032,detection of oxygen,0.925800795
0,0.455429084,2,55,GO:0003081,regulation of systemic arterial blood pressure by renin-angiotensin,0.925800795
0,0.457709462,2,8,GO:0003195,tricuspid valve formation,0.925800795
0,0.457709462,2,8,GO:0006196,AMP catabolic process,0.925800795
0,0.45621519,2,34,GO:0006349,regulation of gene expression by genetic imprinting,0.925800795
0,0.457709462,4,8,GO:0006624,vacuolar protein processing,0.925800795
0,0.448591091,4,39,GO:0006646;GO:0046337,phosphatidylethanolamine metabolic process,0.925800795
0,0.455429084,5,55,GO:0006706,steroid catabolic process,0.925800795
0,0.457709462,4,8,GO:0006797,polyphosphate metabolic process,0.925800795
0,0.457709462,5,8,GO:0007039,protein catabolic process in the vacuole,0.925800795
0,0.453523622,2,703,GO:0007204;GO:0051480,regulation of cytosolic calcium ion concentration,0.925800795
0,0.455429084,7,55,GO:0007270,neuron-neuron synaptic transmission,0.925800795
0,0.449470659,2,13,GO:0007284,spermatogonial cell division,0.925800795
0,0.44480436,2,213,GO:0007619,courtship behavior,0.925800795
0,0.448591091,3,39,GO:0007630,jump response,0.925800795
0,0.457709462,3,8,GO:0008056,ocellus development,0.925800795
0,0.453745823,4,113,GO:0008089,anterograde axonal transport,0.925800795
0,0.457709462,5,8,GO:0009137;GO:0009181,purine nucleoside diphosphate catabolic process,0.925800795
0,0.457709462,4,8,GO:0010760,negative regulation of macrophage chemotaxis,0.925800795
0,0.453404819,3,76,GO:0010847;GO:0031445;GO:0120261,regulation of chromatin assembly,0.925800795
0,0.457709462,2,8,GO:0014826,vein smooth muscle contraction,0.925800795
0,0.457709462,4,8,GO:0014846,esophagus smooth muscle contraction,0.925800795
0,0.457709462,2,8,GO:0016554,cytidine to uridine editing,0.925800795
0,0.457709462,2,8,GO:0018197,peptidyl-aspartic acid modification,0.925800795
0,0.457709462,2,8,GO:0019626,short-chain fatty acid catabolic process,0.925800795
0,0.457709462,2,8,GO:0021698,cerebellar cortex structural organization,0.925800795
0,0.457709462,5,8,GO:0021730;GO:0021740,principal sensory nucleus of trigeminal nerve development,0.925800795
0,0.449470659,2,13,GO:0021898,commitment of multipotent stem cells to neuronal lineage in forebrain,0.925800795
0,0.449470659,2,13,GO:0023021,termination of signal transduction,0.925800795
0,0.45735989,2,1290,GO:0030163;GO:0051603;GO:0044257;GO:0006511;GO:0019941;GO:0043632,protein catabolic process,0.925800795
0,0.45621519,5,34,GO:0030644;GO:0055064,chloride ion homeostasis,0.925800795
0,0.457709462,4,8,GO:0031959,mineralocorticoid receptor signaling pathway,0.925800795
0,0.449470659,3,13,GO:0032053,ciliary basal body organization,0.925800795
0,0.457709462,4,8,GO:0032345;GO:0032348;GO:2000065,negative regulation of aldosterone metabolic process,0.925800795
0,0.457709462,2,8,GO:0032817;GO:0032819,regulation of natural killer cell proliferation,0.925800795
0,0.448591091,2,39,GO:0033334,fin morphogenesis,0.925800795
0,0.449470659,2,13,GO:0033594;GO:0033595,response to hydroxyisoflavone,0.925800795
0,0.457709462,2,8,GO:0033869;GO:0034031;GO:0034034,nucleoside bisphosphate catabolic process,0.925800795
0,0.449470659,2,13,GO:0034134,toll-like receptor 2 signaling pathway,0.925800795
0,0.457709462,4,8,GO:0034140,negative regulation of toll-like receptor 3 signaling pathway,0.925800795
0,0.457709462,3,8,GO:0034227,tRNA thio-modification,0.925800795
0,0.457709462,2,8,GO:0035211,spermathecum morphogenesis,0.925800795
0,0.457709462,4,8,GO:0035585,calcium-mediated signaling using extracellular calcium source,0.925800795
0,0.457709462,3,8,GO:0035775,pronephric glomerulus morphogenesis,0.925800795
0,0.449470659,7,13,GO:0036124,histone H3-K9 trimethylation,0.925800795
0,0.449470659,6,13,GO:0042006,masculinization of hermaphroditic germ-line,0.925800795
0,0.457709462,2,8,GO:0042480,negative regulation of eye photoreceptor cell development,0.925800795
0,0.457709462,2,8,GO:0042492,gamma-delta T cell differentiation,0.925800795
0,0.449470659,2,13,GO:0042758,long-chain fatty acid catabolic process,0.925800795
0,0.448591091,5,39,GO:0043584,nose development,0.925800795
0,0.457709462,2,8,GO:0044533;GO:0052042;GO:0052151;GO:0060139,positive regulation of apoptotic process in other organism,0.925800795
0,0.457709462,2,8,GO:0044691,tooth eruption,0.925800795
0,0.455429084,3,55,GO:0044849,estrous cycle,0.925800795
0,0.448591091,3,39,GO:0045019;GO:1904406,negative regulation of nitric oxide biosynthetic process,0.925800795
0,0.457709462,2,8,GO:0045218,zonula adherens maintenance,0.925800795
0,0.457709462,2,8,GO:0046166,glyceraldehyde-3-phosphate biosynthetic process,0.925800795
0,0.449470659,4,13,GO:0046469,platelet activating factor metabolic process,0.925800795
0,0.457709462,2,8,GO:0046502;GO:0006780,uroporphyrinogen III metabolic process,0.925800795
0,0.45621519,3,34,GO:0046597,negative regulation of viral entry into host cell,0.925800795
0,0.445751423,3,176,GO:0046902;GO:0090559,regulation of membrane permeability,0.925800795
0,0.457709462,3,8,GO:0046952,ketone body catabolic process,0.925800795
0,0.449470659,3,13,GO:0046967,cytosol to endoplasmic reticulum transport,0.925800795
0,0.457709462,4,8,GO:0046985,positive regulation of hemoglobin biosynthetic process,0.925800795
0,0.45621519,3,34,GO:0048100,wing disc anterior/posterior pattern formation,0.925800795
0,0.457709462,2,8,GO:0048293,regulation of isotype switching to IgE isotypes,0.925800795
0,0.444775552,4,968,GO:0048545,response to steroid hormone,0.925800795
0,0.449470659,2,13,GO:0048794,swim bladder development,0.925800795
0,0.449470659,2,13,GO:0051133,regulation of NK T cell activation,0.925800795
0,0.448591091,2,39,GO:0051284,positive regulation of sequestering of calcium ion,0.925800795
0,0.457709462,4,8,GO:0051312,chromosome decondensation,0.925800795
0,0.449547603,4,777,GO:0051346,negative regulation of hydrolase activity,0.925800795
0,0.457709462,2,8,GO:0055095;GO:0055096,lipoprotein particle mediated signaling,0.925800795
0,0.448591091,6,39,GO:0060044,negative regulation of cardiac muscle cell proliferation,0.925800795
0,0.457709462,2,8,GO:0060435,bronchiole development,0.925800795
0,0.457709462,2,8,GO:0060480,lung goblet cell differentiation,0.925800795
0,0.457709462,3,8,GO:0060741,prostate gland stromal morphogenesis,0.925800795
0,0.455429084,3,55,GO:0060749;GO:0061377,mammary gland alveolus development,0.925800795
0,0.457709462,3,8,GO:0060789,hair follicle placode formation,0.925800795
0,0.457709462,3,8,GO:0061034,olfactory bulb mitral cell layer development,0.925800795
0,0.457709462,4,8,GO:0061366;GO:0061368,behavioral response to formalin induced pain,0.925800795
0,0.457709462,7,8,GO:0061622,glycolytic process through glucose-1-phosphate,0.925800795
0,0.449470659,3,13,GO:0061789;GO:0099069,dense core granule priming,0.925800795
0,0.45621519,2,34,GO:0070227;GO:0070231,lymphocyte apoptotic process,0.925800795
0,0.457709462,4,8,GO:0070315,G1 to G0 transition involved in cell differentiation,0.925800795
0,0.457709462,3,8,GO:0070350;GO:0070352,regulation of white fat cell proliferation,0.925800795
0,0.448805321,5,60,GO:0070670;GO:0071353,response to interleukin-4,0.925800795
0,0.457709462,5,8,GO:0070942;GO:0070943;GO:0070944;GO:0070945,neutrophil-mediated killing of bacterium,0.925800795
0,0.448805321,8,60,GO:0071108,protein K48-linked deubiquitination,0.925800795
0,0.449470659,2,13,GO:0071211,protein targeting to vacuole involved in autophagy,0.925800795
0,0.457709462,2,8,GO:0071279,cellular response to cobalt ion,0.925800795
0,0.445222363,4,420,GO:0071478,cellular response to radiation,0.925800795
0,0.45757167,2,145,GO:0071674,mononuclear cell migration,0.925800795
0,0.457709462,5,8,GO:0071847,TNFSF11-mediated signaling pathway,0.925800795
0,0.448591091,4,39,GO:0086014;GO:0086026;GO:0086066,atrial cardiac muscle cell to AV node cell communication,0.925800795
0,0.449470659,5,13,GO:0090074,negative regulation of protein homodimerization activity,0.925800795
0,0.457709462,2,8,GO:0090191,negative regulation of branching involved in ureteric bud morphogenesis,0.925800795
0,0.457709462,2,8,GO:0097049,motor neuron apoptotic process,0.925800795
0,0.449470659,2,13,GO:0098810,neurotransmitter reuptake,0.925800795
0,0.457709462,5,8,GO:0106028,neuron projection retraction,0.925800795
0,0.449470659,2,13,GO:0106071,positive regulation of adenylate cyclase-activating G protein-coupled receptor signaling pathway,0.925800795
0,0.448591091,3,39,GO:0120252,hydrocarbon metabolic process,0.925800795
0,0.449470659,3,13,GO:1900127,positive regulation of hyaluronan biosynthetic process,0.925800795
0,0.45621519,2,34,GO:1900195,positive regulation of oocyte maturation,0.925800795
0,0.457709462,2,8,GO:1901165,positive regulation of trophoblast cell migration,0.925800795
0,0.457709462,3,8,GO:1901388,regulation of transforming growth factor beta activation,0.925800795
0,0.453745823,3,113,GO:1901607,alpha-amino acid biosynthetic process,0.925800795
0,0.448591091,2,39,GO:1902065,response to L-glutamate,0.925800795
0,0.457709462,2,8,GO:1902498,regulation of protein autoubiquitination,0.925800795
0,0.457709462,2,8,GO:1902618,cellular response to fluoride,0.925800795
0,0.45621519,6,34,GO:1903054,negative regulation of extracellular matrix organization,0.925800795
0,0.448591091,2,39,GO:1904059,regulation of locomotor rhythm,0.925800795
0,0.457709462,5,8,GO:1904527,negative regulation of microtubule binding,0.925800795
0,0.457709462,3,8,GO:1904719,positive regulation of AMPA glutamate receptor clustering,0.925800795
0,0.457709462,2,8,GO:1904729,regulation of intestinal lipid absorption,0.925800795
0,0.449470659,3,13,GO:1905098,negative regulation of guanyl-nucleotide exchange factor activity,0.925800795
0,0.457709462,2,8,GO:1905787,regulation of detection of mechanical stimulus involved in sensory perception of touch,0.925800795
0,0.457709462,4,8,GO:1990408,calcitonin gene-related peptide receptor signaling pathway,0.925800795
0,0.457709462,2,8,GO:1990859,cellular response to endothelin,0.925800795
0,0.449470659,2,13,GO:2000173,negative regulation of branching morphogenesis of a nerve,0.925800795
0,0.449470659,6,13,GO:2000589;GO:0035793;GO:1900238;GO:2000591,regulation of metanephric mesenchymal cell migration,0.925800795
0,0.449470659,3,13,GO:2000739,regulation of mesenchymal stem cell differentiation,0.925800795
0,0.457709462,2,8,GO:2000987,positive regulation of behavioral fear response,0.925800795
0,0.458979984,2,161,GO:0016333,morphogenesis of follicular epithelium,0.92816626
0,0.459648261,3,71,GO:0031640;GO:0044364,disruption of cells of other organism,0.929313071
0,0.461302159,3,1104,GO:0001505,regulation of neurotransmitter levels,0.932451658
0,0.462426654,2,555,GO:0006520,cellular amino acid metabolic process,0.933639121
0,0.462533548,4,87,GO:0007475,apposition of dorsal and ventral imaginal disc-derived wing surfaces,0.933639121
0,0.462601158,3,50,GO:0010874,regulation of cholesterol efflux,0.933639121
0,0.462601158,2,50,GO:0032303,regulation of icosanoid secretion,0.933639121
0,0.462601158,2,50,GO:0032954,regulation of cytokinetic process,0.933639121
0,0.462601158,7,50,GO:0042572,retinol metabolic process,0.933639121
0,0.462533548,3,87,GO:0060306,regulation of membrane repolarization,0.933639121
0,0.464800719,2,29,GO:0007438,oenocyte development,0.934791899
0,0.464634881,5,103,GO:0010226,response to lithium ion,0.934791899
0,0.464800719,2,29,GO:0031958,corticosteroid receptor signaling pathway,0.934791899
0,0.464662758,3,172,GO:0035215,genital disc development,0.934791899
0,0.464800719,2,29,GO:0045476,nurse cell apoptotic process,0.934791899
0,0.463392048,2,241,GO:0046888,negative regulation of hormone secretion,0.934791899
0,0.464800719,3,29,GO:0048537;GO:0048541,mucosa-associated lymphoid tissue development,0.934791899
0,0.464800719,2,29,GO:0048842,positive regulation of axon extension involved in axon guidance,0.934791899
0,0.464800719,4,29,GO:0051645,Golgi localization,0.934791899
0,0.464800719,3,29,GO:0060442,branching involved in prostate gland morphogenesis,0.934791899
0,0.464800719,3,29,GO:0070417,cellular response to cold,0.934791899
0,0.464800719,2,29,GO:0071294,cellular response to zinc ion,0.934791899
0,0.464800719,2,29,GO:0072025;GO:0072221;GO:0072235,metanephric distal tubule development,0.934791899
0,0.464800719,2,29,GO:0072172,mesonephric tubule formation,0.934791899
0,0.464634881,4,103,GO:0098659;GO:0099587,inorganic ion import across plasma membrane,0.934791899
0,0.464800719,5,29,GO:1901841,regulation of high voltage-gated calcium channel activity,0.934791899
0,0.466308027,3,66,GO:0002701,negative regulation of production of molecular mediator of immune response,0.936797731
0,0.466231414,2,119,GO:0021587;GO:0021696,cerebellum morphogenesis,0.936797731
0,0.466308027,2,66,GO:0042398,cellular modified amino acid biosynthetic process,0.936797731
0,0.466231414,3,119,GO:0046685,response to arsenic-containing substance,0.936797731
0,0.466308027,2,66,GO:0071371,cellular response to gonadotropin stimulus,0.936797731
0,0.466644562,3,385,GO:0034250;GO:0045727,positive regulation of cellular amide metabolic process,0.937268817
0,0.467163705,2,433,GO:0061351,neural precursor cell proliferation,0.938106391
0,0.46848253,3,151,GO:0060119,inner ear receptor cell development,0.94054908
0,0.468743539,2,82,GO:0030282,bone mineralization,0.940661876
0,0.468743539,2,82,GO:1902229,regulation of intrinsic apoptotic signaling pathway in response to DNA damage,0.940661876
0,0.470463326,2,98,GO:0001672,regulation of chromatin assembly or disassembly,0.94267139
0,0.470405583,4,2617,GO:0007420;GO:0060322,head development,0.94267139
0,0.470444054,2,45,GO:0042982,amyloid precursor protein metabolic process,0.94267139
0,0.470444054,3,45,GO:0043508,negative regulation of JUN kinase activity,0.94267139
0,0.469970382,2,183,GO:0051590,positive regulation of neurotransmitter transport,0.94267139
0,0.470444054,5,45,GO:0071887,leukocyte apoptotic process,0.94267139
0,0.470444054,2,45,GO:0098780,response to mitochondrial depolarisation,0.94267139
0,0.474718942,2,24,GO:0001820;GO:0006837,serotonin transport,0.946449638
0,0.472707865,2,130,GO:0007398,ectoderm development,0.946449638
0,0.47345467,6,61,GO:0010390,histone monoubiquitination,0.946449638
0,0.474718942,4,24,GO:0014034,neural crest cell fate commitment,0.946449638
0,0.474718942,2,24,GO:0030241,skeletal muscle myosin thick filament assembly,0.946449638
0,0.474718942,2,24,GO:0032688,negative regulation of interferon-beta production,0.946449638
0,0.474718942,3,24,GO:0033598,mammary gland epithelial cell proliferation,0.946449638
0,0.474718942,2,24,GO:0035118;GO:0035138,pectoral fin morphogenesis,0.946449638
0,0.47345467,2,61,GO:0042053;GO:0042069,regulation of catecholamine metabolic process,0.946449638
0,0.474718942,6,24,GO:0045605,negative regulation of epidermal cell differentiation,0.946449638
0,0.47345467,2,61,GO:0045736;GO:1904030,negative regulation of cyclin-dependent protein kinase activity,0.946449638
0,0.473467805,2,146,GO:0051851;GO:0051702,biological process involved in interaction with symbiont,0.946449638
0,0.474557584,5,178,GO:0055021;GO:0060420,regulation of heart growth,0.946449638
0,0.474718942,2,24,GO:0070314,G1 to G0 transition,0.946449638
0,0.474718942,4,24,GO:0071698;GO:0030910;GO:0071699,olfactory placode development,0.946449638
0,0.474718942,3,24,GO:0072021;GO:0072218;GO:0072236,metanephric loop of Henle development,0.946449638
0,0.474718942,2,24,GO:0090161,Golgi ribbon formation,0.946449638
0,0.474718942,2,24,GO:0098903,regulation of membrane repolarization during action potential,0.946449638
0,0.474718942,3,24,GO:1902176,negative regulation of oxidative stress-induced intrinsic apoptotic signaling pathway,0.946449638
0,0.474718942,3,24,GO:1902514,regulation of calcium ion transmembrane transport via high voltage-gated calcium channel,0.946449638
0,0.474718942,3,24,GO:2000341,regulation of chemokine (C-X-C motif) ligand 2 production,0.946449638
0,0.474718942,2,24,GO:2000615,regulation of histone H3-K9 acetylation,0.946449638
0,0.474951538,2,194,GO:0031646,positive regulation of nervous system process,0.946707873
0,0.475324753,3,77,GO:0060039,pericardium development,0.947246226
0,0.475844965,2,610,GO:0019098,reproductive behavior,0.947871612
0,0.475749336,2,242,GO:0043266;GO:1901379,regulation of potassium ion transport,0.947871612
0,0.476586072,4,93,GO:0007095;GO:0031572;GO:0044818,G2 DNA damage checkpoint,0.948936283
0,0.476586072,3,93,GO:0016574,histone ubiquitination,0.948936283
0,0.477480478,2,109,GO:1900274;GO:0010863,regulation of phospholipase C activity,0.950511094
0,0.479127577,4,40,GO:0002902,regulation of B cell apoptotic process,0.952551255
0,0.479127577,2,40,GO:0006521,regulation of cellular amino acid metabolic process,0.952551255
0,0.479127577,2,40,GO:0035067,negative regulation of histone acetylation,0.952551255
0,0.479127577,3,40,GO:0050435,amyloid-beta metabolic process,0.952551255
0,0.479127577,2,40,GO:0090200,positive regulation of release of cytochrome c from mitochondria,0.952551255
0,0.479127577,2,40,GO:1901673,regulation of mitotic spindle assembly,0.952551255
0,0.479274755,6,173,GO:0030216,keratinocyte differentiation,0.952637661
0,0.481178626,5,56,GO:0034453,microtubule anchoring,0.956214989
0,0.482331375,3,72,GO:0006749,glutathione metabolic process,0.957884039
0,0.482331375,5,72,GO:0031581,hemidesmosome assembly,0.957884039
0,0.482331375,2,72,GO:0046456,icosanoid biosynthetic process,0.957884039
0,0.484075005,2,152,GO:0008652,cellular amino acid biosynthetic process,0.961138979
0,0.486618291,3,19,GO:0002347,response to tumor cell,0.962858467
0,0.486618291,4,19,GO:0006167,AMP biosynthetic process,0.962858467
0,0.486618291,6,19,GO:0009147,pyrimidine nucleoside triphosphate metabolic process,0.962858467
0,0.486618291,2,19,GO:0010312,detoxification of zinc ion,0.962858467
0,0.486618291,2,19,GO:0015858,nucleoside transport,0.962858467
0,0.486618291,2,19,GO:0019835,cytolysis,0.962858467
0,0.486618291,2,19,GO:0021999,neural plate anterior/posterior regionalization,0.962858467
0,0.486618291,2,19,GO:0033034,positive regulation of myeloid cell apoptotic process,0.962858467
0,0.486618291,2,19,GO:0034375,high-density lipoprotein particle remodeling,0.962858467
0,0.486618291,6,19,GO:0042940,D-amino acid transport,0.962858467
0,0.486618291,3,19,GO:0051342,regulation of cyclic-nucleotide phosphodiesterase activity,0.962858467
0,0.486618291,7,19,GO:0071493,cellular response to UV-B,0.962858467
0,0.486618291,5,19,GO:0090073,positive regulation of protein homodimerization activity,0.962858467
0,0.486618291,2,19,GO:0150172,regulation of phosphatidylcholine metabolic process,0.962858467
0,0.486618291,2,19,GO:1905244,regulation of modification of synaptic structure,0.962858467
0,0.486618291,2,19,GO:2000053,regulation of Wnt signaling pathway involved in dorsal/ventral axis specification,0.962858467
0,0.488896508,7,35,GO:0010875,positive regulation of cholesterol efflux,0.966533454
0,0.488896508,3,35,GO:0014870;GO:0014877;GO:0014894,response to muscle inactivity,0.966533454
0,0.488896508,3,35,GO:0033194,response to hydroperoxide,0.966533454
0,0.488896508,2,35,GO:0035234,ectopic germ cell programmed cell death,0.966533454
0,0.489598355,2,51,GO:0046929,negative regulation of neurotransmitter secretion,0.967504494
0,0.489598355,5,51,GO:1901201,regulation of extracellular matrix assembly,0.967504494
0,0.489792722,2,99,GO:0008052;GO:0016360;GO:0060582,sensory organ boundary specification,0.967680394
0,0.491325731,2,286,GO:0035821;GO:0051817,modulation of process of other organism,0.970500395
0,0.494290403,3,158,GO:0045933,positive regulation of muscle contraction,0.976146495
0,0.494758538,2,142,GO:0044091;GO:0071709,membrane biogenesis,0.976860957
0,0.495263107,5,126,GO:0010332,response to gamma radiation,0.977436966
0,0.495263107,2,126,GO:0035306,positive regulation of dephosphorylation,0.977436966
0,0.495813123,5,110,GO:0046503,glycerolipid catabolic process,0.978312252
0,0.497108538,2,78,GO:0007469,antennal development,0.980026169
0,0.497108538,3,78,GO:0045196,establishment or maintenance of neuroblast polarity,0.980026169
0,0.497108538,3,78,GO:0050856,regulation of T cell receptor signaling pathway,0.980026169
0,0.497108538,2,78,GO:0060282,positive regulation of oocyte development,0.980026169
0,0.501788162,2,14,GO:0002227,innate immune response in mucosa,0.981039648
0,0.49887307,7,46,GO:0002717;GO:0045954,positive regulation of natural killer cell mediated cytotoxicity,0.981039648
0,0.500121618,4,30,GO:0003198,epithelial to mesenchymal transition involved in endocardial cushion formation,0.981039648
0,0.501788162,2,14,GO:0003256,regulation of transcription from RNA polymerase II promoter involved in myocardial precursor cell differentiation,0.981039648
0,0.501788162,5,14,GO:0006853,carnitine shuttle,0.981039648
0,0.501788162,3,14,GO:0007089,traversing start control point of mitotic cell cycle,0.981039648
0,0.501788162,3,14,GO:0007374,posterior midgut invagination,0.981039648
0,0.500121618,2,30,GO:0007562;GO:0008062,eclosion,0.981039648
0,0.498918898,4,169,GO:0010517;GO:0010518;GO:0060193,regulation of phospholipase activity,0.981039648
0,0.501788162,2,14,GO:0015732,prostaglandin transport,0.981039648
0,0.501788162,2,14,GO:0019083;GO:0019086,viral transcription,0.981039648
0,0.501788162,2,14,GO:0031944;GO:0031947;GO:0090032,negative regulation of steroid hormone biosynthetic process,0.981039648
0,0.501788162,5,14,GO:0032417,positive regulation of sodium:proton antiporter activity,0.981039648
0,0.501788162,3,14,GO:0033015;GO:0006787;GO:0042167;GO:0046149,tetrapyrrole catabolic process,0.981039648
0,0.49887307,2,46,GO:0034114,regulation of heterotypic cell-cell adhesion,0.981039648
0,0.501788162,3,14,GO:0034983,peptidyl-lysine deacetylation,0.981039648
0,0.501788162,2,14,GO:0035170,lymph gland crystal cell differentiation,0.981039648
0,0.501788162,5,14,GO:0039536,negative regulation of RIG-I signaling pathway,0.981039648
0,0.500121618,2,30,GO:0040016,embryonic cleavage,0.981039648
0,0.501788162,2,14,GO:0042636;GO:0051799,negative regulation of hair cycle,0.981039648
0,0.497906369,2,62,GO:0048266,behavioral response to pain,0.981039648
0,0.501788162,3,14,GO:0048659,smooth muscle cell proliferation,0.981039648
0,0.500121618,6,30,GO:0048739,cardiac muscle fiber development,0.981039648
0,0.500121618,3,30,GO:0051450,myoblast proliferation,0.981039648
0,0.501788162,2,14,GO:0071499,cellular response to laminar fluid shear stress,0.981039648
0,0.501788162,2,14,GO:0071651,positive regulation of chemokine (C-C motif) ligand 5 production,0.981039648
0,0.501788162,2,14,GO:0071863;GO:0071864,regulation of cell proliferation in bone marrow,0.981039648
0,0.501788162,3,14,GO:0090370,negative regulation of cholesterol efflux,0.981039648
0,0.500121618,2,30,GO:0097151;GO:0098828,modulation of inhibitory postsynaptic potential,0.981039648
0,0.500121618,2,30,GO:0097156,fasciculation of motor neuron axon,0.981039648
0,0.501788162,6,14,GO:1901723,negative regulation of cell proliferation involved in kidney development,0.981039648
0,0.500121618,2,30,GO:1902165;GO:1902166,regulation of intrinsic apoptotic signaling pathway in response to DNA damage by p53 class mediator,0.981039648
0,0.501788162,2,14,GO:1902177,positive regulation of oxidative stress-induced intrinsic apoptotic signaling pathway,0.981039648
0,0.501788162,7,14,GO:1902946,protein localization to early endosome,0.981039648
0,0.501788162,4,14,GO:1903416,response to glycoside,0.981039648
0,0.501788162,3,14,GO:1904478,regulation of intestinal absorption,0.981039648
0,0.500121618,5,30,GO:1905564,positive regulation of vascular endothelial cell proliferation,0.981039648
0,0.501788162,2,14,GO:1990418,response to insulin-like growth factor stimulus,0.981039648
0,0.502248089,2,105,GO:1905881,positive regulation of oogenesis,0.981729878
0,0.504758352,2,239,GO:0007200,phospholipase C-activating G protein-coupled receptor signaling pathway,0.985744977
0,0.504838799,2,73,GO:0031638,zymogen activation,0.985744977
0,0.504838799,2,73,GO:0034105,positive regulation of tissue remodeling,0.985744977
0,0.504838799,5,73,GO:0044793,negative regulation by host of viral process,0.985744977
0,0.504838799,2,73,GO:0045058,T cell selection,0.985744977
0,0.505271121,2,587,GO:0031960;GO:0051384,response to corticosteroid,0.986379436
0,0.506228834,3,132,GO:0033563,dorsal/ventral axon guidance,0.988039065
0,0.506667001,5,57,GO:0002724,regulation of T cell cytokine production,0.988474173
0,0.506667001,2,57,GO:0046463;GO:0046460;GO:0019432,acylglycerol biosynthetic process,0.988474173
0,0.50922348,2,41,GO:0000920,septum digestion after cytokinesis,0.991934606
0,0.509304693,3,973,GO:0006417;GO:0034248,regulation of cellular amide metabolic process,0.991934606
0,0.509001961,3,100,GO:0016334,establishment or maintenance of polarity of follicular epithelium,0.991934606
0,0.509001961,5,100,GO:0033238,regulation of cellular amine metabolic process,0.991934606
0,0.509001961,2,100,GO:0035137;GO:0035116,hindlimb morphogenesis,0.991934606
0,0.50922348,2,41,GO:0036152,phosphatidylethanolamine acyl-chain remodeling,0.991934606
0,0.50922348,6,41,GO:0090335;GO:0090336,regulation of brown fat cell differentiation,0.991934606
0,0.509001961,3,100,GO:1903146,regulation of autophagy of mitochondrion,0.991934606
0,0.509971139,2,293,GO:0015850,organic hydroxy compound transport,0.993022029
0,0.510616092,4,668,GO:0006836,neurotransmitter transport,0.994067148
0,0.510821758,2,84,GO:0045684,positive regulation of epidermis development,0.994256801
0,0.513401999,2,25,GO:0001542,ovulation from ovarian follicle,0.995481815
0,0.513401999,2,25,GO:0007503,fat body development,0.995481815
0,0.513401999,2,25,GO:0009130;GO:0009129,pyrimidine nucleoside monophosphate metabolic process,0.995481815
0,0.513129402,3,68,GO:0009595,detection of biotic stimulus,0.995481815
0,0.513401999,5,25,GO:0016340;GO:0035001,calcium-dependent cell-matrix adhesion,0.995481815
0,0.513401999,2,25,GO:0030210,heparin biosynthetic process,0.995481815
0,0.513401999,7,25,GO:0030643;GO:0072502;GO:0072501,cellular trivalent inorganic anion homeostasis,0.995481815
0,0.513401999,3,25,GO:0042362,fat-soluble vitamin biosynthetic process,0.995481815
0,0.513401999,3,25,GO:0042403,thyroid hormone metabolic process,0.995481815
0,0.513401999,3,25,GO:0045717,negative regulation of fatty acid biosynthetic process,0.995481815
0,0.513401999,2,25,GO:0046898,response to cycloheximide,0.995481815
0,0.513401999,3,25,GO:0048104,establishment of body hair or bristle planar orientation,0.995481815
0,0.513401999,2,25,GO:0060837;GO:0060842,blood vessel endothelial cell differentiation,0.995481815
0,0.513401999,5,25,GO:0061052,negative regulation of cell growth involved in cardiac muscle cell development,0.995481815
0,0.513401999,2,25,GO:0061549,sympathetic ganglion development,0.995481815
0,0.513401999,2,25,GO:0061550;GO:0061551,cranial ganglion development,0.995481815
0,0.513129402,2,68,GO:0072010;GO:0072112;GO:0072311,glomerular epithelium development,0.995481815
0,0.512364542,2,186,GO:0099175,regulation of postsynapse organization,0.995481815
0,0.523386488,3,9,GO:0000255,allantoin metabolic process,0.995507328
0,0.520967366,4,36,GO:0002031,G protein-coupled receptor internalization,0.995507328
0,0.523386488,4,9,GO:0002678,positive regulation of chronic inflammatory response,0.995507328
0,0.520829273,3,149,GO:0002718,regulation of cytokine production involved in immune response,0.995507328
0,0.523386488,2,9,GO:0002785,negative regulation of antimicrobial peptide production,0.995507328
0,0.523386488,2,9,GO:0003011;GO:0002086,involuntary skeletal muscle contraction,0.995507328
0,0.523386488,2,9,GO:0003053,circadian regulation of heart rate,0.995507328
0,0.523386488,4,9,GO:0005988;GO:0005989,lactose biosynthetic process,0.995507328
0,0.523386488,3,9,GO:0006032,chitin catabolic process,0.995507328
0,0.523386488,2,9,GO:0006382,adenosine to inosine editing,0.995507328
0,0.523386488,3,9,GO:0006447;GO:0045994,regulation of translational initiation by iron,0.995507328
0,0.520829273,2,149,GO:0006476;GO:0035601;GO:0098732;GO:0016575,macromolecule deacylation,0.995507328
0,0.520967366,4,36,GO:0006516,glycoprotein catabolic process,0.995507328
0,0.523386488,2,9,GO:0006543,glutamine catabolic process,0.995507328
0,0.522076032,2,63,GO:0007362,terminal region determination,0.995507328
0,0.523386488,4,9,GO:0010477,response to sulfur dioxide,0.995507328
0,0.523386488,4,9,GO:0010868,negative regulation of triglyceride biosynthetic process,0.995507328
0,0.518695336,3,79,GO:0010922,positive regulation of phosphatase activity,0.995507328
0,0.523386488,2,9,GO:0015798,myo-inositol transport,0.995507328
0,0.523386488,3,9,GO:0015879,carnitine transport,0.995507328
0,0.523386488,5,9,GO:0016119;GO:0042214;GO:0035238,terpene metabolic process,0.995507328
0,0.520869724,3,106,GO:0016266,O-glycan processing,0.995507328
0,0.523386488,2,9,GO:0016457;GO:0042714,dosage compensation complex assembly,0.995507328
0,0.523386488,2,9,GO:0019348,dolichol metabolic process,0.995507328
0,0.523386488,3,9,GO:0021557;GO:0021558,oculomotor nerve development,0.995507328
0,0.523386488,2,9,GO:0032055,negative regulation of translation in response to stress,0.995507328
0,0.523386488,3,9,GO:0032304,negative regulation of icosanoid secretion,0.995507328
0,0.516135683,3,197,GO:0032370,positive regulation of lipid transport,0.995507328
0,0.523386488,3,9,GO:0034635;GO:0042939,tripeptide transport,0.995507328
0,0.516110554,2,95,GO:0034656,nucleobase-containing small molecule catabolic process,0.995507328
0,0.523386488,2,9,GO:0035524,proline transmembrane transport,0.995507328
0,0.523386488,3,9,GO:0035544,negative regulation of SNARE complex assembly,0.995507328
0,0.523386488,4,9,GO:0035927,RNA import into mitochondrion,0.995507328
0,0.523386488,4,9,GO:0035990;GO:0035992,tendon cell differentiation,0.995507328
0,0.523386488,-1,9,GO:0036251;GO:0061392;GO:0061393;GO:0061404;GO:0061416,obsolete positive regulation of transcription from RNA polymerase II promoter in response to salt stress,0.995507328
0,0.523386488,5,9,GO:0038107;GO:1900094;GO:1900164,nodal signaling pathway involved in determination of lateral mesoderm left/right asymmetry,0.995507328
0,0.523386488,2,9,GO:0042271,susceptibility to natural killer cell mediated cytotoxicity,0.995507328
0,0.516253479,2,52,GO:0042474,middle ear morphogenesis,0.995507328
0,0.518695336,2,79,GO:0043094,cellular metabolic compound salvage,0.995507328
0,0.520967366,4,36,GO:0043649,dicarboxylic acid catabolic process,0.995507328
0,0.523386488,2,9,GO:0043686,co-translational protein modification,0.995507328
0,0.523386488,3,9,GO:0043932,ossification involved in bone remodeling,0.995507328
0,0.523386488,2,9,GO:0044208,'de novo' AMP biosynthetic process,0.995507328
0,0.523386488,3,9,GO:0044337,canonical Wnt signaling pathway involved in positive regulation of apoptotic process,0.995507328
0,0.523386488,2,9,GO:0045046,protein import into peroxisome membrane,0.995507328
0,0.523386488,4,9,GO:0045347,negative regulation of MHC class II biosynthetic process,0.995507328
0,0.523386488,5,9,GO:0046398,UDP-glucuronate metabolic process,0.995507328
0,0.523386488,2,9,GO:0048057,R3/R4 development,0.995507328
0,0.515928846,2,449,GO:0048580;GO:0061062,regulation of post-embryonic development,0.995507328
0,0.522076032,5,63,GO:0048934;GO:0048935,peripheral nervous system neuron development,0.995507328
0,0.523386488,2,9,GO:0050904,diapedesis,0.995507328
0,0.523386488,2,9,GO:0051611;GO:0051612,regulation of serotonin uptake,0.995507328
0,0.517439555,4,417,GO:0051965;GO:1901890,positive regulation of cell junction assembly,0.995507328
0,0.523386488,2,9,GO:0060178,regulation of exocyst localization,0.995507328
0,0.520967366,2,36,GO:0060263,regulation of respiratory burst,0.995507328
0,0.523386488,3,9,GO:0060486,club cell differentiation,0.995507328
0,0.523386488,2,9,GO:0060528,secretory columnal luminar epithelial cell differentiation involved in prostate glandular acinus development,0.995507328
0,0.523386488,2,9,GO:0060974,cell migration involved in heart formation,0.995507328
0,0.523386488,5,9,GO:0070170,regulation of tooth mineralization,0.995507328
0,0.523386488,2,9,GO:0070291,N-acylethanolamine metabolic process,0.995507328
0,0.523386488,2,9,GO:0070483,detection of hypoxia,0.995507328
0,0.523386488,2,9,GO:0070487,monocyte aggregation,0.995507328
0,0.523386488,3,9,GO:0071500,cellular response to nitrosative stress,0.995507328
0,0.523386488,7,9,GO:0071865;GO:0071866,regulation of apoptotic process in bone marrow cell,0.995507328
0,0.523386488,4,9,GO:0072180,mesonephric duct morphogenesis,0.995507328
0,0.523386488,6,9,GO:0072191;GO:0072193,ureter smooth muscle development,0.995507328
0,0.523386488,2,9,GO:0072672,neutrophil extravasation,0.995507328
0,0.523386488,2,9,GO:0075713,establishment of integrated proviral latency,0.995507328
0,0.523386488,3,9,GO:0090258,negative regulation of mitochondrial fission,0.995507328
0,0.523386488,2,9,GO:0090315,negative regulation of protein targeting to membrane,0.995507328
0,0.522076032,2,63,GO:0097028,dendritic cell differentiation,0.995507328
0,0.523386488,2,9,GO:0097101,blood vessel endothelial cell fate specification,0.995507328
0,0.523386488,3,9,GO:0098792,xenophagy,0.995507328
0,0.516720829,2,138,GO:1901016,regulation of potassium ion transmembrane transporter activity,0.995507328
0,0.523386488,2,9,GO:1901073,glucosamine-containing compound biosynthetic process,0.995507328
0,0.523386488,5,9,GO:1901523,icosanoid catabolic process,0.995507328
0,0.523386488,3,9,GO:1902366;GO:1902367,regulation of Notch signaling pathway involved in somitogenesis,0.995507328
0,0.520967366,5,36,GO:1903729,regulation of plasma membrane organization,0.995507328
0,0.523386488,2,9,GO:1903742,regulation of anterograde synaptic vesicle transport,0.995507328
0,0.523386488,3,9,GO:1903753,negative regulation of p38MAPK cascade,0.995507328
0,0.523386488,6,9,GO:1903847;GO:1903849;GO:1905653,positive regulation of artery morphogenesis,0.995507328
0,0.523386488,2,9,GO:1903860,negative regulation of dendrite extension,0.995507328
0,0.523386488,2,9,GO:1903895,negative regulation of IRE1-mediated unfolded protein response,0.995507328
0,0.523386488,5,9,GO:1904823,purine nucleobase transmembrane transport,0.995507328
0,0.523386488,5,9,GO:1905051;GO:1905053,regulation of base-excision repair,0.995507328
0,0.523386488,3,9,GO:1905905,pharyngeal gland morphogenesis,0.995507328
0,0.523386488,2,9,GO:1905907,negative regulation of amyloid fibril formation,0.995507328
0,0.523386488,2,9,GO:2000318,positive regulation of T-helper 17 type immune response,0.995507328
0,0.523386488,7,9,GO:2000347,positive regulation of hepatocyte proliferation,0.995507328
0,0.523386488,5,9,GO:2000437,regulation of monocyte extravasation,0.995507328
0,0.523386488,2,9,GO:2000501;GO:2000503,regulation of natural killer cell chemotaxis,0.995507328
0,0.523616016,2,90,GO:1902116,negative regulation of organelle assembly,0.995737703
0,0.52483351,2,627,GO:0051924,regulation of calcium ion transport,0.997846364
0,0.97823948,2,60,GO:0000002,mitochondrial genome maintenance,1
0,1,4,9,GO:0000012,single strand break repair,1
0,0.999999983,4,138,GO:0000018,regulation of DNA recombination,1
0,1,5,8,GO:0000019;GO:0045950,regulation of mitotic recombination,1
0,0.968102642,2,57,GO:0000022;GO:0051231,spindle elongation,1
0,1,4,49,GO:0000027,ribosomal large subunit assembly,1
0,0.999421314,2,36,GO:0000028,ribosomal small subunit assembly,1
0,0.997532028,3,29,GO:0000050;GO:0019627;GO:0071941,nitrogen cycle metabolic process,1
0,0.98407997,3,20,GO:0000052,citrulline metabolic process,1
0,1,3,31,GO:0000054;GO:0033750;GO:0071428,rRNA-containing ribonucleoprotein complex export from nucleus,1
0,1,3,14,GO:0000055,ribosomal large subunit export from nucleus,1
0,1,7,11,GO:0000056,ribosomal small subunit export from nucleus,1
0,0.999999718,4,354,GO:0000070;GO:0000819,sister chromatid segregation,1
0,0.995373227,3,420,GO:0000075;GO:0007093,cell cycle checkpoint,1
0,0.552259065,7,37,GO:0000076,DNA replication checkpoint,1
0,0.960768251,2,312,GO:0000077;GO:0031570,DNA integrity checkpoint,1
0,0.960685834,5,306,GO:0000082;GO:0044843,cell cycle G1/S phase transition,1
0,0.993429335,2,61,GO:0000083,regulation of transcription involved in G1/S transition of mitotic cell cycle,1
0,0.999999932,2,305,GO:0000086;GO:0044839,cell cycle G2/M phase transition,1
0,0.567994632,2,32,GO:0000097,sulfur amino acid biosynthetic process,1
0,0.944853922,4,14,GO:0000117;GO:0090282,regulation of transcription involved in G2/M transition of mitotic cell cycle,1
0,1,2,56,GO:0000154,rRNA modification,1
0,0.681111055,2,18,GO:0000183,rDNA heterochromatin assembly,1
0,0.960433706,2,122,GO:0000212,meiotic spindle organization,1
0,1,5,25,GO:0000244,spliceosomal tri-snRNP complex assembly,1
0,0.99999998,2,126,GO:0000245,spliceosomal complex assembly,1
0,0.999999997,2,945,GO:0000280;GO:0048285,organelle fission,1
0,0.969330123,3,50,GO:0000289,nuclear-transcribed mRNA poly(A) tail shortening,1
0,0.681111055,3,18,GO:0000290,deadenylation-dependent decapping of nuclear-transcribed mRNA,1
0,0.681646333,7,24,GO:0000338,protein deneddylation,1
0,1,2,6,GO:0000349,generation of catalytic spliceosome for first transesterification step,1
0,1,2,894,GO:0000375;GO:0008380;GO:0000377;GO:0000398;GO:0006397,mRNA processing,1
0,1,2,71,GO:0000387,spliceosomal snRNP assembly,1
0,1,2,13,GO:0000389,mRNA 3'-splice site recognition,1
0,1,5,9,GO:0000393,spliceosomal conformational changes to generate catalytic conformation,1
0,1,2,12,GO:0000395,mRNA 5'-splice site recognition,1
0,0.984179405,3,47,GO:0000413,protein peptidyl-prolyl isomerization,1
0,1,2,5,GO:0000416,positive regulation of histone H3-K36 methylation,1
0,1,4,6,GO:0000451,rRNA 2'-O-methylation,1
0,1,2,8,GO:0000454,snoRNA guided rRNA pseudouridine synthesis,1
0,1,4,5,GO:0000455,enzyme-directed rRNA pseudouridine synthesis,1
0,1,2,54,GO:0000460,maturation of 5.8S rRNA,1
0,1,3,41,GO:0000469,cleavage involved in rRNA processing,1
0,1,2,45,GO:0000470,maturation of LSU-rRNA,1
0,1,2,26,GO:0000479;GO:0000478,endonucleolytic cleavage involved in rRNA processing,1
0,1,2,17,GO:0000491;GO:0000492,small nucleolar ribonucleoprotein complex assembly,1
0,1,9,7,GO:0000495;GO:0034964;GO:0033979,box H/ACA RNA metabolic process,1
0,0.743111037,4,482,GO:0000578;GO:0007351;GO:0008595,embryonic axis specification,1
0,1,6,12,GO:0000706,meiotic DNA double-strand break processing,1
0,1,6,8,GO:0000707,meiotic DNA recombinase assembly,1
0,0.729335926,5,13,GO:0000711,meiotic DNA repair synthesis,1
0,0.946178558,2,23,GO:0000712,resolution of meiotic recombination intermediates,1
0,0.980416897,3,19,GO:0000722,telomere maintenance via recombination,1
0,0.999999999,2,155,GO:0000723;GO:0032200,telomere organization,1
0,1,2,156,GO:0000724;GO:0000725,recombinational repair,1
0,0.999999996,3,93,GO:0000726;GO:0006303,non-recombinational repair,1
0,1,2,7,GO:0000727,double-strand break repair via break-induced replication,1
0,0.998674419,5,32,GO:0000729,DNA double-strand break processing,1
0,1,5,11,GO:0000730;GO:0090735;GO:0042148,DNA recombinase assembly,1
0,0.994642467,6,115,GO:0000731;GO:0006301;GO:0019985,postreplication repair,1
0,1,6,16,GO:0000733,DNA strand renaturation,1
0,0.947845828,5,53,GO:0000737;GO:0006308,DNA catabolic process,1
0,0.809035153,4,8,GO:0000741;GO:0007344,karyogamy,1
0,1,2,461,GO:0000956;GO:0006402;GO:0006401,RNA catabolic process,1
0,1,5,6,GO:0000957;GO:0000958;GO:0000960,mitochondrial RNA catabolic process,1
0,0.891229341,2,66,GO:0000959,mitochondrial RNA metabolic process,1
0,0.93790719,7,30,GO:0000963,mitochondrial RNA processing,1
0,1,2,8,GO:0000964;GO:0097745,mitochondrial RNA 5'-end processing,1
0,1,2,13,GO:0000965,mitochondrial RNA 3'-end processing,1
0,1,2,30,GO:0000966;GO:0099116;GO:0034471,RNA 5'-end processing,1
0,0.767260554,4,14,GO:0000972,transcription-dependent tethering of RNA polymerase II gene DNA at nuclear periphery,1
0,1,2,6,GO:0000973,posttranscriptional tethering of RNA polymerase II gene DNA at nuclear periphery,1
0,1,4,8,GO:0001109;GO:0001111;GO:0001112;GO:0001120;GO:0001113,promoter clearance from RNA polymerase II promoter,1
0,0.993047249,2,24,GO:0001178,regulation of transcriptional start site selection at RNA polymerase II promoter,1
0,1,6,14,GO:0001188,RNA polymerase I preinitiation complex assembly,1
0,1,-1,7,GO:0001302,obsolete replicative cell aging,1
0,0.686279731,2,12,GO:0001306;GO:0007571,age-dependent response to oxidative stress,1
0,1,5,15,GO:0001325;GO:0090656;GO:0090737,formation of extrachromosomal circular DNA,1
0,0.538732236,2,42,GO:0001504,neurotransmitter uptake,1
0,1,3,6,GO:0001507;GO:0006581,acetylcholine catabolic process in synaptic cleft,1
0,0.998694912,4,350,GO:0001508,action potential,1
0,0.999997308,6,88,GO:0001510,RNA methylation,1
0,0.804340166,4,41,GO:0001516;GO:0046457,prostanoid biosynthetic process,1
0,1,2,26,GO:0001522,pseudouridine synthesis,1
0,0.674598719,2,165,GO:0001541,ovarian follicle development,1
0,1,2,8,GO:0001545,primary ovarian follicle growth,1
0,0.644676965,2,5,GO:0001552,ovarian follicle atresia,1
0,1,3,20,GO:0001554,luteolysis,1
0,0.757686691,3,86,GO:0001556,oocyte maturation,1
0,0.583462932,2,10,GO:0001560,regulation of cell growth by extracellular stimulus,1
0,0.809648804,2,35,GO:0001562;GO:0042832,response to protozoan,1
0,0.999999768,3,240,GO:0001578,microtubule bundle formation,1
0,0.928393653,5,230,GO:0001656,metanephros development,1
0,0.888833254,2,26,GO:0001661,conditioned taste aversion,1
0,0.80257533,2,130,GO:0001662;GO:0002209;GO:0042596,fear response,1
0,0.838625136,4,30,GO:0001675,acrosome assembly,1
0,1,2,17,GO:0001682,tRNA 5'-leader removal,1
0,0.765119441,3,7,GO:0001692,histamine metabolic process,1
0,0.681111055,5,18,GO:0001696,gastric acid secretion,1
0,0.904330488,5,105,GO:0001703;GO:0010004,gastrulation with mouth forming first,1
0,0.975911184,4,18,GO:0001705,ectoderm formation,1
0,0.841798995,2,163,GO:0001706;GO:0035987,endoderm formation,1
0,0.968345297,2,621,GO:0001708,cell fate specification,1
0,0.880956418,2,518,GO:0001709,cell fate determination,1
0,0.781665952,2,64,GO:0001710;GO:0007501,mesodermal cell fate commitment,1
0,0.873772159,2,10,GO:0001712,ectodermal cell fate commitment,1
0,0.71110698,4,6,GO:0001715,ectodermal cell fate specification,1
0,1,4,25,GO:0001731,formation of translation preinitiation complex,1
0,0.765119441,3,7,GO:0001744,optic lobe placode formation,1
0,0.713692873,6,25,GO:0001746;GO:0055034,Bolwig's organ development,1
0,1,2,6,GO:0001748,optic lobe placode development,1
0,0.91668709,3,49,GO:0001759,organ induction,1
0,0.936216527,2,22,GO:0001766;GO:0031580;GO:0051665,membrane raft localization,1
0,0.534584587,3,31,GO:0001771,immunological synapse formation,1
0,0.761954242,2,51,GO:0001773;GO:0043011,myeloid dendritic cell activation,1
0,0.529794593,6,20,GO:0001778,plasma membrane repair,1
0,0.586826143,4,27,GO:0001779,natural killer cell differentiation,1
0,0.571095885,2,21,GO:0001780,neutrophil homeostasis,1
0,0.767260554,7,14,GO:0001783,B cell apoptotic process,1
0,0.901941743,3,189,GO:0001824,blastocyst development,1
0,0.63046496,2,90,GO:0001825,blastocyst formation,1
0,0.814373139,3,60,GO:0001829,trophectodermal cell differentiation,1
0,0.71110698,2,6,GO:0001830,trophectodermal cell fate commitment,1
0,1,4,9,GO:0001831,trophectodermal cellular morphogenesis,1
0,0.997536198,2,50,GO:0001832,blastocyst growth,1
0,0.998369248,2,31,GO:0001833,inner cell mass cell proliferation,1
0,1,2,8,GO:0001834,trophectodermal cell proliferation,1
0,0.597977345,2,16,GO:0001842,neural fold formation,1
0,0.761745614,2,45,GO:0001878,response to yeast,1
0,1,3,8,GO:0001879;GO:0016046;GO:0097323,detection of fungus,1
0,0.638841874,5,588,GO:0001894,tissue homeostasis,1
0,0.999904832,2,163,GO:0001895;GO:0045494,retina homeostasis,1
0,0.637737487,2,11,GO:0001907,killing by symbiont of host cells,1
0,0.829495724,3,109,GO:0001941,postsynaptic membrane organization,1
0,0.572417742,4,277,GO:0001947;GO:0003143;GO:0061371,embryonic heart tube morphogenesis,1
0,0.765119441,3,7,GO:0001951,intestinal D-glucose absorption,1
0,0.63559604,3,118,GO:0001960;GO:0060761,negative regulation of response to cytokine stimulus,1
0,0.82950618,4,61,GO:0001964,startle response,1
0,0.600190166,2,33,GO:0001967,suckling behavior,1
0,0.873772159,6,10,GO:0001969,regulation of activation of membrane attack complex,1
0,1,4,7,GO:0001970,positive regulation of activation of membrane attack complex,1
0,0.534584587,4,31,GO:0001973;GO:0035588,G protein-coupled purinergic receptor signaling pathway,1
0,0.593268665,2,110,GO:0001975,response to amphetamine,1
0,0.997079455,2,49,GO:0001976,nervous system process involved in regulation of systemic arterial blood pressure,1
0,0.87615256,2,18,GO:0001978;GO:0003025,regulation of systemic arterial blood pressure by baroreceptor feedback,1
0,1,2,12,GO:0001980,regulation of systemic arterial blood pressure by ischemic conditions,1
0,1,5,8,GO:0001983,baroreceptor response to increased systemic arterial blood pressure,1
0,1,2,12,GO:0001992,regulation of systemic arterial blood pressure by vasopressin,1
0,0.529794593,4,20,GO:0002002;GO:0002003,regulation of angiotensin levels in blood,1
0,0.807555627,3,22,GO:0002016,regulation of blood volume by renin-angiotensin,1
0,1,2,5,GO:0002018,renin-angiotensin regulation of aldosterone production,1
0,1,4,6,GO:0002023,reduction of food intake in response to dietary excess,1
0,0.800467268,5,15,GO:0002034;GO:0003072,renal control of peripheral vascular resistance involved in regulation of systemic arterial blood pressure,1
0,0.916566162,2,12,GO:0002035,brain renin-angiotensin system,1
0,0.750716776,2,20,GO:0002036,regulation of L-glutamate import across plasma membrane,1
0,0.71110698,2,6,GO:0002038,positive regulation of L-glutamate import across plasma membrane,1
0,0.622521691,8,45,GO:0002042,cell migration involved in sprouting angiogenesis,1
0,0.765119441,2,7,GO:0002071,glandular epithelial cell maturation,1
0,0.632183361,2,51,GO:0002072;GO:0060900,embryonic camera-type eye formation,1
0,0.897375626,3,11,GO:0002074,extraocular skeletal muscle development,1
0,0.627194585,3,62,GO:0002082,regulation of oxidative phosphorylation,1
0,0.86341992,2,38,GO:0002087;GO:0044065,regulation of respiratory system process,1
0,0.703708145,2,184,GO:0002088,lens development in camera-type eye,1
0,0.87615256,5,18,GO:0002091,negative regulation of receptor internalization,1
0,0.8293944,2,16,GO:0002115,store-operated calcium entry,1
0,0.996865477,2,66,GO:0002118,aggressive behavior,1
0,0.984139529,3,30,GO:0002121,inter-male aggressive behavior,1
0,1,2,12,GO:0002125,maternal aggressive behavior,1
0,0.644676965,2,5,GO:0002143,tRNA wobble position uridine thiolation,1
0,0.644676965,3,5,GO:0002176,male germ cell proliferation,1
0,1,5,214,GO:0002181,cytoplasmic translation,1
0,0.999940811,2,47,GO:0002183,cytoplasmic translational initiation,1
0,1,4,8,GO:0002190;GO:0002192;GO:0110017,cap-independent translational initiation of linear mRNA,1
0,0.897375626,3,11,GO:0002191,cap-dependent translational initiation,1
0,0.993737046,2,77,GO:0002200;GO:0002562;GO:0016444,somatic diversification of immune receptors,1
0,0.981057373,2,29,GO:0002204;GO:0002208;GO:0045190,somatic recombination of immunoglobulin genes involved in immune response,1
0,0.551416908,5,15,GO:0002246;GO:0090594,inflammatory response to wounding,1
0,0.697261814,6,71,GO:0002287;GO:0002292;GO:0002293;GO:0002294;GO:0042093,T cell differentiation involved in immune response,1
0,0.8293944,3,16,GO:0002295;GO:0043373;GO:0072540,T-helper cell lineage commitment,1
0,1,6,5,GO:0002309,T cell proliferation involved in immune response,1
0,0.686279731,2,12,GO:0002318,myeloid progenitor cell differentiation,1
0,1,2,6,GO:0002339,B cell selection,1
0,0.916566162,2,12,GO:0002357,defense response to tumor cell,1
0,0.714687965,2,37,GO:0002360,T cell lineage commitment,1
0,0.686279731,3,12,GO:0002369;GO:0035743,T cell cytokine production,1
0,0.957139352,2,82,GO:0002377,immunoglobulin production,1
0,0.998772472,3,44,GO:0002381,immunoglobulin production involved in immunoglobulin-mediated immune response,1
0,0.765119441,3,7,GO:0002396;GO:0002501,MHC protein complex assembly,1
0,0.644676965,8,5,GO:0002397;GO:0002502,peptide antigen assembly with MHC class I protein complex,1
0,1,5,9,GO:0002404;GO:0002406;GO:0002412,antigen transcytosis by M cells in mucosal-associated lymphoid tissue,1
0,0.765119441,2,7,GO:0002418,immune response to tumor cell,1
0,1,2,6,GO:0002426,immunoglobulin production in mucosal tissue,1
0,0.583462932,2,10,GO:0002428;GO:0002477;GO:0002481;GO:0002480;GO:1904432;GO:1904434;GO:1904435;GO:1904437,antigen processing and presentation of peptide antigen via MHC class Ib,1
0,0.843666237,3,62,GO:0002437,inflammatory response to antigenic stimulus,1
0,0.653745333,2,29,GO:0002438,acute inflammatory response to antigenic stimulus,1
0,0.932168681,2,13,GO:0002439,chronic inflammatory response to antigenic stimulus,1
0,0.809776125,4,119,GO:0002440,production of molecular mediator of immune response,1
0,0.967911733,5,26,GO:0002455,humoral immune response mediated by circulating immunoglobulin,1
0,0.932168681,2,13,GO:0002457,T cell antigen processing and presentation,1
0,0.63700024,2,261,GO:0002478;GO:0019884;GO:0048002,antigen processing and presentation of peptide antigen,1
0,0.890522358,2,193,GO:0002495;GO:0002504;GO:0019886,antigen processing and presentation of peptide antigen via MHC class II,1
0,0.610274031,2,22,GO:0002523,leukocyte migration involved in inflammatory response,1
0,0.644676965,6,5,GO:0002541,activation of plasma proteins involved in acute inflammatory response,1
0,0.877500627,2,52,GO:0002548,monocyte chemotaxis,1
0,0.647158434,2,23,GO:0002551;GO:0097531,mast cell migration,1
0,1,2,17,GO:0002566;GO:0016446,somatic diversification of immune receptors via somatic mutation,1
0,1,3,10,GO:0002568;GO:0002681;GO:0033153,somatic diversification of T cell receptor genes,1
0,0.765119441,2,7,GO:0002574,thrombocyte differentiation,1
0,1,4,5,GO:0002635,negative regulation of germinal center formation,1
0,0.929593601,2,77,GO:0002637,regulation of immunoglobulin production,1
0,0.975410174,4,44,GO:0002639;GO:0045830,positive regulation of immunoglobulin production,1
0,1,3,7,GO:0002649,regulation of tolerance induction to self antigen,1
0,1,3,5,GO:0002651;GO:1905317;GO:1990428,positive regulation of tolerance induction to self antigen,1
0,1,2,7,GO:0002661;GO:0002663,regulation of B cell tolerance induction,1
0,0.717578449,2,19,GO:0002674,negative regulation of acute inflammatory response,1
0,0.685799927,2,59,GO:0002675,positive regulation of acute inflammatory response,1
0,0.551416908,3,15,GO:0002676,regulation of chronic inflammatory response,1
0,0.71110698,4,6,GO:0002677,negative regulation of chronic inflammatory response,1
0,0.591854932,2,77,GO:0002686,negative regulation of leukocyte migration,1
0,0.684470076,2,30,GO:0002689,negative regulation of leukocyte chemotaxis,1
0,0.780653591,2,21,GO:0002692,negative regulation of cellular extravasation,1
0,0.954645761,4,24,GO:0002710,negative regulation of T cell mediated immunity,1
0,0.965147003,4,84,GO:0002712;GO:0002714;GO:0002889;GO:0002891,regulation of immunoglobulin mediated immune response,1
0,0.622521691,3,45,GO:0002719,negative regulation of cytokine production involved in immune response,1
0,0.854481282,2,17,GO:0002725;GO:2000552,negative regulation of T cell cytokine production,1
0,0.932168681,5,13,GO:0002727;GO:0002729;GO:0033955,positive regulation of natural killer cell cytokine production,1
0,0.809035153,2,8,GO:0002765;GO:0002767;GO:0002769,immune response-inhibiting signal transduction,1
0,0.644676965,2,5,GO:0002775,antimicrobial peptide production,1
0,1,7,5,GO:0002787;GO:0002806;GO:0002809,negative regulation of antibacterial peptide production,1
0,0.739449559,3,38,GO:0002825;GO:0002827,regulation of T-helper 1 type immune response,1
0,0.70208913,5,54,GO:0002828,regulation of type 2 immune response,1
0,0.902307661,3,34,GO:0002829,negative regulation of type 2 immune response,1
0,0.831615206,2,23,GO:0002834;GO:0002836;GO:0002837;GO:0002839,regulation of response to tumor cell,1
0,0.71110698,6,6,GO:0002840,regulation of T cell mediated immune response to tumor cell,1
0,0.800467268,8,15,GO:0002855;GO:0002857;GO:0002858;GO:0002860,positive regulation of natural killer cell mediated cytotoxicity directed against tumor cell target,1
0,0.981652384,3,46,GO:0002861,regulation of inflammatory response to antigenic stimulus,1
0,0.946178558,2,23,GO:0002862,negative regulation of inflammatory response to antigenic stimulus,1
0,0.927978985,2,29,GO:0002863;GO:0002864;GO:0002866,regulation of acute inflammatory response to antigenic stimulus,1
0,0.71110698,4,6,GO:0002865,negative regulation of acute inflammatory response to antigenic stimulus,1
0,1,2,6,GO:0002874,regulation of chronic inflammatory response to antigenic stimulus,1
0,1,2,5,GO:0002877,regulation of acute inflammatory response to non-antigenic stimulus,1
0,0.729335926,7,13,GO:0002883;GO:0002885;GO:0001796;GO:0002892;GO:0001798;GO:0002894,regulation of hypersensitivity,1
0,1,3,10,GO:0002904,positive regulation of B cell apoptotic process,1
0,0.571095885,6,21,GO:0002923;GO:0002925,regulation of humoral immune response mediated by circulating immunoglobulin,1
0,1,2,7,GO:0002930,trabecular meshwork development,1
0,0.529794593,2,20,GO:0002933;GO:0016098;GO:0042738,exogenous drug catabolic process,1
0,1,3,7,GO:0002943,tRNA dihydrouridine synthesis,1
0,1,2,5,GO:0002946,tRNA C5-cytosine methylation,1
0,0.995427299,2,87,GO:0003009,skeletal muscle contraction,1
0,0.71110698,4,6,GO:0003010;GO:0014721,twitch skeletal muscle contraction,1
0,0.940663852,3,810,GO:0003012;GO:0006936,muscle system process,1
0,0.967834442,2,381,GO:0003015,heart process,1
0,1,4,7,GO:0003031,detection of carbon dioxide,1
0,1,2,5,GO:0003050,regulation of systemic arterial blood pressure by atrial natriuretic peptide,1
0,1,4,6,GO:0003051,angiotensin-mediated drinking behavior,1
0,0.873772159,7,10,GO:0003064,regulation of heart rate by hormone,1
0,0.782062241,3,46,GO:0003084,positive regulation of systemic arterial blood pressure,1
0,0.600190166,2,33,GO:0003094,glomerular filtration,1
0,0.743301432,2,26,GO:0003096,renal sodium ion transport,1
0,0.717578449,2,19,GO:0003097,renal water transport,1
0,0.750716776,5,20,GO:0003128;GO:0003139,heart field specification,1
0,0.888833254,4,26,GO:0003144;GO:0003315;GO:0003319;GO:0007505;GO:0007561;GO:1901202,heart rudiment formation,1
0,0.967911733,4,26,GO:0003146,heart jogging,1
0,0.925160546,6,139,GO:0003156,regulation of animal organ formation,1
0,0.963552111,2,16,GO:0003163,sinoatrial node development,1
0,0.641242789,6,17,GO:0003164;GO:0003166,His-Purkinje system development,1
0,1,2,5,GO:0003167,atrioventricular bundle cell differentiation,1
0,0.770514526,2,27,GO:0003190,atrioventricular valve formation,1
0,0.583462932,3,10,GO:0003192,mitral valve formation,1
0,0.570667627,5,76,GO:0003203,endocardial cushion morphogenesis,1
0,0.573614555,2,185,GO:0003208,cardiac ventricle morphogenesis,1
0,0.954486912,3,47,GO:0003214,cardiac left ventricle morphogenesis,1
0,0.667069237,2,41,GO:0003215,cardiac right ventricle morphogenesis,1
0,0.809035153,2,8,GO:0003219,cardiac right ventricle formation,1
0,0.944853922,3,14,GO:0003220,left ventricular cardiac muscle tissue morphogenesis,1
0,0.765119441,3,7,GO:0003221,right ventricular cardiac muscle tissue morphogenesis,1
0,1,3,17,GO:0003228;GO:0055009,atrial cardiac muscle tissue development,1
0,0.765119441,2,7,GO:0003241,growth involved in heart morphogenesis,1
0,1,2,5,GO:0003253,cardiac neural crest cell migration involved in outflow tract morphogenesis,1
0,0.567655594,2,114,GO:0003254,regulation of membrane depolarization,1
0,0.743301432,6,26,GO:0003264;GO:0003266,regulation of cardioblast proliferation,1
0,0.607021301,3,50,GO:0003272,endocardial cushion formation,1
0,0.71110698,2,6,GO:0003273,cell migration involved in endocardial cushion formation,1
0,0.765119441,2,7,GO:0003278,apoptotic process involved in heart morphogenesis,1
0,1,3,5,GO:0003285,septum secundum development,1
0,0.551416908,2,15,GO:0003306,Wnt signaling pathway involved in heart development,1
0,0.970369038,2,17,GO:0003307;GO:0003308,regulation of Wnt signaling pathway involved in heart development,1
0,0.780653591,2,21,GO:0003310,pancreatic A cell differentiation,1
0,1,2,5,GO:0003312;GO:0003326;GO:0003329,pancreatic PP cell differentiation,1
0,0.684470076,5,30,GO:0003318;GO:0003313;GO:0003314,cell migration to the midline involved in heart development,1
0,0.765119441,2,7,GO:0003322,pancreatic A cell development,1
0,0.762631971,3,39,GO:0003323,type B pancreatic cell development,1
0,0.977396794,2,28,GO:0003334,keratinocyte development,1
0,0.87615256,2,18,GO:0003337,mesenchymal to epithelial transition involved in metanephros morphogenesis,1
0,0.826817371,2,79,GO:0003338;GO:0072273,metanephros morphogenesis,1
0,0.936216527,4,22,GO:0003339,regulation of mesenchymal to epithelial transition involved in metanephros morphogenesis,1
0,0.999999774,2,232,GO:0003341,cilium movement,1
0,0.583462932,5,10,GO:0003342;GO:0003343,septum transversum development,1
0,0.984688776,3,39,GO:0003344,pericardium morphogenesis,1
0,1,6,6,GO:0003350,pulmonary myocardium development,1
0,0.999813615,4,54,GO:0003351;GO:0006858,extracellular transport,1
0,1,2,19,GO:0003356,regulation of cilium beat frequency,1
0,0.854481282,2,17,GO:0003357,noradrenergic neuron differentiation,1
0,1,2,8,GO:0003358;GO:0061104,noradrenergic neuron development,1
0,0.87615256,3,18,GO:0003360,brainstem development,1
0,0.71110698,2,6,GO:0003366,cell-matrix adhesion involved in ameboidal cell migration,1
0,0.750716776,3,20,GO:0003376;GO:0090520,sphingosine-1-phosphate receptor signaling pathway,1
0,0.844741236,3,9,GO:0003399;GO:0035231;GO:0035232,germ cell attraction,1
0,0.563298411,2,92,GO:0003401,axis elongation,1
0,1,2,10,GO:0003404,optic vesicle morphogenesis,1
0,0.999880356,3,242,GO:0003407,neural retina development,1
0,0.932168681,3,13,GO:0003408,optic cup formation involved in camera-type eye development,1
0,0.611946294,2,39,GO:0003413,chondrocyte differentiation involved in endochondral bone morphogenesis,1
0,0.571095885,4,21,GO:0003415;GO:0003430;GO:0003431,chondrocyte hypertrophy,1
0,0.621168675,6,28,GO:0003418;GO:0003433,growth plate cartilage chondrocyte differentiation,1
0,0.71110698,2,6,GO:0003419,growth plate cartilage chondrocyte proliferation,1
0,0.8293944,2,16,GO:0003420,regulation of growth plate cartilage chondrocyte proliferation,1
0,0.999670689,2,51,GO:0005513,detection of calcium ion,1
0,0.924520082,3,21,GO:0005984,disaccharide metabolic process,1
0,1,5,5,GO:0005985,sucrose metabolic process,1
0,1,2,6,GO:0005991,trehalose metabolic process,1
0,1,5,7,GO:0005997,xylulose metabolic process,1
0,1,3,5,GO:0005999,xylulose biosynthetic process,1
0,1,2,5,GO:0006014,D-ribose metabolic process,1
0,0.765119441,2,7,GO:0006037,cell wall chitin metabolic process,1
0,0.583462932,2,10,GO:0006041,glucosamine metabolic process,1
0,0.713692873,2,25,GO:0006063;GO:0019585,uronic acid metabolic process,1
0,0.71110698,2,6,GO:0006065,UDP-glucuronate biosynthetic process,1
0,0.829213427,2,36,GO:0006089,lactate metabolic process,1
0,0.731918345,3,113,GO:0006099;GO:0006101;GO:0072350,tricarboxylic acid metabolic process,1
0,0.800467268,2,15,GO:0006104,succinyl-CoA metabolic process,1
0,0.743301432,3,26,GO:0006105,succinate metabolic process,1
0,0.767260554,3,14,GO:0006106;GO:0019551,fumarate metabolic process,1
0,0.684470076,3,30,GO:0006107,oxaloacetate metabolic process,1
0,0.932168681,3,13,GO:0006108,malate metabolic process,1
0,0.978069298,3,224,GO:0006119;GO:0022904;GO:0042773;GO:0042775,respiratory electron transport chain,1
0,0.809035153,4,8,GO:0006145,purine nucleobase catabolic process,1
0,0.765119441,3,7,GO:0006166,purine ribonucleoside salvage,1
0,0.764362191,2,63,GO:0006206,pyrimidine nucleobase metabolic process,1
0,0.550845798,6,26,GO:0006207;GO:0019856,'de novo' pyrimidine nucleobase biosynthetic process,1
0,0.970369038,2,17,GO:0006208;GO:0006212;GO:0019860,pyrimidine nucleobase catabolic process,1
0,0.765119441,3,7,GO:0006210;GO:0019859,thymine metabolic process,1
0,0.929593601,4,77,GO:0006213,pyrimidine nucleoside metabolic process,1
0,1,3,12,GO:0006216;GO:0046087;GO:0009972,cytidine metabolic process,1
0,1,5,5,GO:0006217;GO:0046109,uridine biosynthetic process,1
0,0.827176125,5,73,GO:0006220,pyrimidine nucleotide metabolic process,1
0,0.648552979,2,46,GO:0006221,pyrimidine nucleotide biosynthetic process,1
0,1,2,5,GO:0006226,dUMP biosynthetic process,1
0,0.765119441,2,7,GO:0006241;GO:0046036,CTP biosynthetic process,1
0,0.980416897,3,19,GO:0006244;GO:0009223,pyrimidine nucleotide catabolic process,1
0,1,2,1223,GO:0006259,DNA metabolic process,1
0,1,4,323,GO:0006260,DNA replication,1
0,0.999999999,2,227,GO:0006261,DNA-dependent DNA replication,1
0,0.955167254,2,15,GO:0006264,mitochondrial DNA replication,1
0,0.586826143,5,27,GO:0006265,DNA topological change,1
0,0.910818511,5,20,GO:0006266;GO:0051103,DNA ligation,1
0,0.914263642,2,35,GO:0006270,DNA replication initiation,1
0,1,2,32,GO:0006271;GO:0022616,DNA strand elongation,1
0,1,2,7,GO:0006272,leading strand elongation,1
0,1,2,11,GO:0006273,lagging strand elongation,1
0,0.999079727,4,256,GO:0006275,regulation of DNA replication,1
0,0.999845921,4,55,GO:0006277;GO:0007307,DNA amplification,1
0,0.99960215,3,50,GO:0006278;GO:0007004;GO:0010833,telomere maintenance via telomere lengthening,1
0,1,2,689,GO:0006281,DNA repair,1
0,0.999601902,2,181,GO:0006282,regulation of DNA repair,1
0,0.999999784,2,113,GO:0006283,transcription-coupled nucleotide-excision repair,1
0,0.999063573,6,65,GO:0006284,base-excision repair,1
0,0.999999996,6,168,GO:0006289,nucleotide-excision repair,1
0,0.809035153,6,8,GO:0006290,pyrimidine dimer repair,1
0,0.996272042,4,38,GO:0006298,mismatch repair,1
0,1,3,298,GO:0006302,double-strand break repair,1
0,0.999207119,3,131,GO:0006304;GO:0044728,DNA modification,1
0,0.999529667,7,87,GO:0006305;GO:0006306,DNA methylation,1
0,0.767260554,7,14,GO:0006307,DNA dealkylation involved in DNA repair,1
0,0.914263642,2,35,GO:0006309,apoptotic DNA fragmentation,1
0,1,5,310,GO:0006310,DNA recombination,1
0,1,2,6,GO:0006311,meiotic gene conversion,1
0,0.99540547,2,26,GO:0006312,mitotic recombination,1
0,0.9999997,2,1291,GO:0006325,chromatin organization,1
0,0.997284735,2,257,GO:0006333;GO:0031497,chromatin assembly or disassembly,1
0,0.999999482,4,129,GO:0006334,nucleosome assembly,1
0,1,2,16,GO:0006335;GO:0034723,DNA replication-dependent nucleosome assembly,1
0,1,2,58,GO:0006336;GO:0034724,DNA replication-independent nucleosome organization,1
0,0.84710803,2,37,GO:0006337;GO:0032986;GO:0031498,protein-DNA complex disassembly,1
0,0.999945413,3,434,GO:0006338,chromatin remodeling,1
0,0.897426502,6,305,GO:0006342;GO:0045814;GO:0097549;GO:0034401,chromatin organization involved in regulation of transcription,1
0,0.597977345,5,16,GO:0006346,DNA methylation-dependent heterochromatin assembly,1
0,1,2,14,GO:0006348,chromatin silencing at telomere,1
0,0.999396789,2,1926,GO:0006351;GO:0097659;GO:0032774;GO:0006366,RNA biosynthetic process,1
0,0.997303575,2,67,GO:0006356,regulation of transcription by RNA polymerase I,1
0,0.877500627,4,52,GO:0006359,regulation of transcription by RNA polymerase III,1
0,0.997892375,3,60,GO:0006360;GO:0006361;GO:0006363,transcription by RNA polymerase I,1
0,1,7,336,GO:0006364;GO:0016072,rRNA metabolic process,1
0,0.999913104,4,58,GO:0006369,termination of RNA polymerase II transcription,1
0,0.999419917,6,48,GO:0006370;GO:0009452;GO:0036260,RNA capping,1
0,0.999820882,7,65,GO:0006376,mRNA splice site selection,1
0,0.985804063,3,78,GO:0006378;GO:0043631,mRNA polyadenylation,1
0,0.998981615,3,45,GO:0006379,mRNA cleavage,1
0,0.999813615,3,54,GO:0006383,transcription by RNA polymerase III,1
0,1,4,16,GO:0006384,transcription initiation from RNA polymerase III promoter,1
0,0.644676965,4,5,GO:0006391,transcription initiation from mitochondrial promoter,1
0,1,5,1385,GO:0006396,RNA processing,1
0,1,3,7,GO:0006398,mRNA 3'-end processing by stem-loop binding and cleavage,1
0,1,6,226,GO:0006399,tRNA metabolic process,1
0,0.999221834,2,92,GO:0006400,tRNA modification,1
0,1,2,566,GO:0006403,RNA localization,1
0,1,2,6,GO:0006404,RNA import into nucleus,1
0,0.999999998,2,257,GO:0006405;GO:0071166;GO:0071426,RNA export from nucleus,1
0,0.999999998,7,240,GO:0006406;GO:0051028;GO:0071427,mRNA transport,1
0,1,6,6,GO:0006407,rRNA export from nucleus,1
0,1,8,8,GO:0006409;GO:0071431,tRNA export from nucleus,1
0,1,3,666,GO:0006412;GO:0043043,peptide biosynthetic process,1
0,1,3,256,GO:0006413,translational initiation,1
0,0.999621282,4,152,GO:0006414,translational elongation,1
0,0.999999995,2,145,GO:0006415;GO:0032543;GO:0070125;GO:0070126,mitochondrial translation,1
0,0.999428877,2,68,GO:0006418;GO:0043039;GO:0043038,amino acid activation,1
0,0.71110698,2,6,GO:0006421,asparaginyl-tRNA aminoacylation,1
0,0.71110698,2,6,GO:0006432,phenylalanyl-tRNA aminoacylation,1
0,0.967911733,2,26,GO:0006448,regulation of translational elongation,1
0,0.686279731,2,12,GO:0006449,regulation of translational termination,1
0,0.944853922,3,14,GO:0006450,regulation of translational fidelity,1
0,0.978112775,2,406,GO:0006457,protein folding,1
0,0.997682271,3,68,GO:0006458,'de novo' protein folding,1
0,0.713475178,2,296,GO:0006473;GO:0006475;GO:0016573;GO:0018393;GO:0018394,protein acetylation,1
0,0.621168675,3,28,GO:0006474,N-terminal protein amino acid acetylation,1
0,0.997887033,2,286,GO:0006479;GO:0008213,protein methylation,1
0,0.926103271,6,70,GO:0006482;GO:0008214;GO:0016577;GO:0070076,protein demethylation,1
0,0.684470076,4,30,GO:0006488;GO:0006490,oligosaccharide-lipid intermediate biosynthetic process,1
0,0.715592168,2,185,GO:0006497;GO:0042157;GO:0042158,lipoprotein metabolic process,1
0,0.767260554,2,14,GO:0006498;GO:0006499;GO:0018377,N-terminal protein lipidation,1
0,0.87615256,3,18,GO:0006501,C-terminal protein lipidation,1
0,0.933342959,3,44,GO:0006505;GO:0006506,GPI anchor metabolic process,1
0,1,2,5,GO:0006507,GPI anchor release,1
0,0.694689628,2,2169,GO:0006508,proteolysis,1
0,0.748815976,2,68,GO:0006515;GO:0051788;GO:0071218,protein quality control for misfolded or incompletely synthesized proteins,1
0,0.580669164,2,60,GO:0006517,protein deglycosylation,1
0,0.999999685,2,1097,GO:0006518;GO:0043604,amide biosynthetic process,1
0,0.637737487,4,11,GO:0006522;GO:0009078;GO:0042851,alanine metabolic process,1
0,0.818071128,4,29,GO:0006525,arginine metabolic process,1
0,1,4,7,GO:0006526,arginine biosynthetic process,1
0,0.551416908,2,15,GO:0006527,arginine catabolic process,1
0,0.809035153,2,8,GO:0006528,asparagine metabolic process,1
0,0.935317978,4,58,GO:0006536,glutamate metabolic process,1
0,0.961828773,3,25,GO:0006537,glutamate biosynthetic process,1
0,0.681646333,2,24,GO:0006538,glutamate catabolic process,1
0,1,3,6,GO:0006540,glutamate decarboxylation to succinate,1
0,0.640119961,2,40,GO:0006541,glutamine metabolic process,1
0,0.71110698,2,6,GO:0006545,glycine biosynthetic process,1
0,0.583462932,2,10,GO:0006546;GO:0019464,glycine catabolic process,1
0,0.87615256,2,18,GO:0006547;GO:0006548;GO:0052803;GO:0052805,imidazole-containing compound metabolic process,1
0,0.583462932,3,10,GO:0006549,isoleucine metabolic process,1
0,0.809035153,2,8,GO:0006556,S-adenosylmethionine biosynthetic process,1
0,0.767260554,4,14,GO:0006560,proline metabolic process,1
0,0.71110698,2,6,GO:0006561,proline biosynthetic process,1
0,0.765119441,2,7,GO:0006562,proline catabolic process,1
0,0.597977345,4,16,GO:0006563,L-serine metabolic process,1
0,1,4,6,GO:0006565,L-serine catabolic process,1
0,0.809648804,4,35,GO:0006568;GO:0006586,indolalkylamine metabolic process,1
0,0.87615256,5,18,GO:0006569;GO:0046218;GO:0042436,indole-containing compound catabolic process,1
0,0.740201537,3,32,GO:0006570,tyrosine metabolic process,1
0,0.644676965,4,5,GO:0006574,valine catabolic process,1
0,0.672353651,2,187,GO:0006576;GO:0044106;GO:0009308,amine metabolic process,1
0,0.844741236,3,9,GO:0006583,melanin biosynthetic process from tyrosine,1
0,0.881805578,4,90,GO:0006584;GO:0009712;GO:0042417,catechol-containing compound metabolic process,1
0,1,6,8,GO:0006585,dopamine biosynthetic process from tyrosine,1
0,1,2,7,GO:0006587;GO:0042427;GO:1901162,primary amino compound biosynthetic process,1
0,0.597977345,2,16,GO:0006590,thyroid hormone generation,1
0,0.975911184,3,18,GO:0006591,ornithine metabolic process,1
0,0.903623095,2,27,GO:0006595;GO:0006596,polyamine metabolic process,1
0,0.686279731,2,12,GO:0006598;GO:0046208,polyamine catabolic process,1
0,0.71110698,3,6,GO:0006599;GO:0006603,phosphocreatine metabolic process,1
0,0.958549158,4,382,GO:0006606;GO:0017038;GO:0051170,protein import,1
0,0.860148508,2,57,GO:0006607,NLS-bearing protein import into nucleus,1
0,0.963552111,2,16,GO:0006610,ribosomal protein import into nucleus,1
0,0.993305013,7,246,GO:0006612,protein targeting to membrane,1
0,0.999960748,2,193,GO:0006613;GO:0006614;GO:0045047;GO:0072599,establishment of protein localization to endoplasmic reticulum,1
0,0.903211783,3,111,GO:0006626,protein targeting to mitochondrion,1
0,1,2,9,GO:0006627,protein processing involved in protein targeting to mitochondrion,1
0,0.723398078,2,55,GO:0006636,unsaturated fatty acid biosynthetic process,1
0,0.597977345,2,16,GO:0006651,diacylglycerol biosynthetic process,1
0,0.831615206,3,23,GO:0006655,phosphatidylglycerol biosynthetic process,1
0,0.637737487,3,11,GO:0006659,phosphatidylserine biosynthetic process,1
0,0.800467268,2,15,GO:0006681;GO:0019374,galactosylceramide metabolic process,1
0,1,3,6,GO:0006685,sphingomyelin catabolic process,1
0,0.782062241,2,46,GO:0006688,glycosphingolipid biosynthetic process,1
0,0.610274031,4,22,GO:0006697;GO:0008205;GO:0045456;GO:0045455,ecdysteroid metabolic process,1
0,0.800467268,4,15,GO:0006702,androgen biosynthetic process,1
0,1,2,16,GO:0006704,glucocorticoid biosynthetic process,1
0,1,4,9,GO:0006705;GO:0008212,mineralocorticoid biosynthetic process,1
0,0.571095885,3,21,GO:0006707;GO:0016127,cholesterol catabolic process,1
0,0.8293944,5,16,GO:0006723;GO:0120251,cuticle hydrocarbon biosynthetic process,1
0,0.916566162,3,12,GO:0006729;GO:0046146,tetrahydrobiopterin metabolic process,1
0,1,2,12,GO:0006741,NADP biosynthetic process,1
0,0.910818511,3,20,GO:0006750;GO:0019184,nonribosomal peptide biosynthetic process,1
0,1,2,6,GO:0006751,glutathione catabolic process,1
0,0.963552111,2,16,GO:0006768,biotin metabolic process,1
0,0.890909535,2,91,GO:0006775,fat-soluble vitamin metabolic process,1
0,0.916609206,7,28,GO:0006776,vitamin A metabolic process,1
0,0.644676965,2,5,GO:0006798,polyphosphate catabolic process,1
0,0.828774383,2,1905,GO:0006812,cation transport,1
0,0.999994568,2,446,GO:0006813;GO:0071805,potassium ion transport,1
0,0.998463244,2,405,GO:0006814;GO:0035725,sodium ion transport,1
0,0.580367855,5,699,GO:0006816;GO:0070838;GO:0072511,divalent inorganic cation transport,1
0,0.759359211,2,262,GO:0006821;GO:0098661,inorganic anion transmembrane transport,1
0,0.644676965,4,5,GO:0006824,cobalt ion transport,1
0,0.999689235,4,39,GO:0006828,manganese ion transport,1
0,0.990598922,5,42,GO:0006833,water transport,1
0,0.953486313,3,164,GO:0006835,dicarboxylic acid transport,1
0,0.622521691,3,45,GO:0006851,mitochondrial calcium ion transmembrane transport,1
0,0.831615206,2,23,GO:0006857;GO:0035672,oligopeptide transport,1
0,0.900159009,5,294,GO:0006865,amino acid transport,1
0,0.653745333,2,29,GO:0006882,cellular zinc ion homeostasis,1
0,0.801057713,4,47,GO:0006884,cell volume homeostasis,1
0,0.843460617,2,1779,GO:0006886,intracellular protein transport,1
0,0.999424836,2,631,GO:0006913;GO:0051169,nuclear transport,1
0,0.971885488,3,58,GO:0006921;GO:0030262,cellular component disassembly involved in execution phase of apoptosis,1
0,0.729335926,8,13,GO:0006924,activation-induced cell death of T cells,1
0,0.729335926,2,13,GO:0006925;GO:0033028,inflammatory cell apoptotic process,1
0,0.886545757,2,145,GO:0006939,smooth muscle contraction,1
0,0.538046957,3,204,GO:0006940,regulation of smooth muscle contraction,1
0,0.972207075,2,336,GO:0006941,striated muscle contraction,1
0,0.934323633,3,37,GO:0006956,complement activation,1
0,0.738046906,4,79,GO:0006968,cellular defense response,1
0,0.834447176,3,277,GO:0006970,response to osmotic stress,1
0,0.954313688,2,133,GO:0006972,hyperosmotic response,1
0,0.999999995,2,1279,GO:0006974,cellular response to DNA damage stimulus,1
0,0.770514526,2,27,GO:0006975,DNA damage induced protein phosphorylation,1
0,0.974136922,6,178,GO:0006977;GO:0072431;GO:1902400;GO:1902402;GO:0072422;GO:0072401;GO:0072395;GO:1902403;GO:0072413;GO:0031571;GO:0044783;GO:0044819,mitotic G1/S transition checkpoint,1
0,1,2,5,GO:0006982;GO:0071449,response to lipid hydroperoxide,1
0,0.999874311,3,338,GO:0006997,nucleus organization,1
0,0.994006142,3,135,GO:0006998,nuclear envelope organization,1
0,0.996898165,2,39,GO:0006999,nuclear pore organization,1
0,1,2,15,GO:0007000,nucleolus organization,1
0,0.734171978,2,952,GO:0007005,mitochondrion organization,1
0,0.807250735,2,262,GO:0007006,mitochondrial membrane organization,1
0,0.994341087,4,70,GO:0007007,inner mitochondrial membrane organization,1
0,0.894808338,4,19,GO:0007008,outer mitochondrial membrane organization,1
0,0.621797064,-1,84,GO:0007016,obsolete cytoskeletal anchoring at plasma membrane,1
0,0.99925671,2,1932,GO:0007017;GO:0000226,microtubule-based process,1
0,0.999452554,2,748,GO:0007018,microtubule-based movement,1
0,0.91946777,2,56,GO:0007019,microtubule depolymerization,1
0,0.999694635,5,62,GO:0007020,microtubule nucleation,1
0,1,3,13,GO:0007021,tubulin complex assembly,1
0,1,3,10,GO:0007023,post-chaperonin tubulin folding pathway,1
0,0.999884156,5,503,GO:0007051,spindle organization,1
0,0.99960641,2,265,GO:0007052,mitotic spindle organization,1
0,1,2,32,GO:0007056,spindle assembly involved in female meiosis,1
0,1,3,16,GO:0007057,spindle assembly involved in female meiosis I,1
0,1,7,7,GO:0007058,spindle assembly involved in female meiosis II,1
0,1,2,621,GO:0007059;GO:0098813,chromosome segregation,1
0,0.967911733,2,26,GO:0007060,male meiosis chromosome segregation,1
0,0.99998119,2,88,GO:0007062,sister chromatid cohesion,1
0,0.997682271,2,68,GO:0007063,regulation of sister chromatid cohesion,1
0,0.991348514,5,51,GO:0007064,mitotic sister chromatid cohesion,1
0,1,2,7,GO:0007066,female meiosis sister chromatid cohesion,1
0,0.998250108,2,52,GO:0007076,mitotic chromosome condensation,1
0,0.90379779,5,41,GO:0007077,mitotic nuclear envelope disassembly,1
0,1,2,6,GO:0007078,lamin depolymerization,1
0,1,3,19,GO:0007079,mitotic chromosome movement towards spindle pole,1
0,0.795405501,3,28,GO:0007084;GO:0101024,mitotic nuclear membrane organization,1
0,0.9920249,4,43,GO:0007094;GO:0045841;GO:0071173;GO:0071174;GO:1902100;GO:2000816;GO:0031577;GO:1905819,negative regulation of chromosome separation,1
0,0.994795197,2,86,GO:0007096,regulation of exit from mitosis,1
0,0.903969547,4,213,GO:0007097;GO:0051647,nucleus localization,1
0,0.999999997,3,295,GO:0007098;GO:0031023,microtubule organizing center organization,1
0,0.999955115,2,83,GO:0007099;GO:0098534,centriole assembly,1
0,0.997532028,4,29,GO:0007100,mitotic centrosome separation,1
0,0.954070636,2,32,GO:0007113,endomitotic cell cycle,1
0,1,2,219,GO:0007127,meiosis I,1
0,0.999999082,2,105,GO:0007129;GO:0045143,homologous chromosome segregation,1
0,0.997079455,2,49,GO:0007130,synaptonemal complex assembly,1
0,0.999999764,7,101,GO:0007131;GO:0140527;GO:0035825,homologous recombination,1
0,1,2,42,GO:0007135,meiosis II,1
0,0.976445816,6,223,GO:0007140,male meiotic nuclear division,1
0,0.999419917,2,48,GO:0007141,male meiosis I,1
0,0.999996916,2,172,GO:0007143,female meiotic nuclear division,1
0,1,7,28,GO:0007144,female meiosis I,1
0,1,2,12,GO:0007147,female meiosis II,1
0,0.95467647,4,68,GO:0007158,neuron cell-cell adhesion,1
0,0.681646333,4,24,GO:0007168,receptor guanylyl cyclase signaling pathway,1
0,0.538732236,6,42,GO:0007171,activation of transmembrane receptor protein tyrosine kinase activity,1
0,0.975911184,3,18,GO:0007172,signal complex assembly,1
0,0.71110698,3,6,GO:0007181,transforming growth factor beta receptor complex assembly,1
0,0.8293944,2,16,GO:0007182,common-partner SMAD protein phosphorylation,1
0,0.922664679,2,1732,GO:0007186,G protein-coupled receptor signaling pathway,1
0,0.970422592,2,195,GO:0007193,adenylate cyclase-inhibiting G protein-coupled receptor signaling pathway,1
0,1,4,30,GO:0007196,adenylate cyclase-inhibiting G protein-coupled glutamate receptor signaling pathway,1
0,0.944853922,3,14,GO:0007197;GO:0007207,phospholipase C-activating G protein-coupled acetylcholine receptor signaling pathway,1
0,1,2,12,GO:0007198,adenylate cyclase-inhibiting serotonin receptor signaling pathway,1
0,0.927978985,4,29,GO:0007199,G protein-coupled receptor signaling pathway coupled to cGMP nucleotide second messenger,1
0,0.781089039,2,58,GO:0007205,protein kinase C-activating G protein-coupled receptor signaling pathway,1
0,1,4,10,GO:0007206,phospholipase C-activating G protein-coupled glutamate receptor signaling pathway,1
0,1,2,10,GO:0007208,phospholipase C-activating serotonin receptor signaling pathway,1
0,0.989923814,2,50,GO:0007210,serotonin receptor signaling pathway,1
0,0.939070697,3,85,GO:0007213;GO:0095500;GO:0098926;GO:1903831;GO:1905144;GO:1905145,postsynaptic signal transduction,1
0,0.994341087,3,70,GO:0007214,gamma-aminobutyric acid signaling pathway,1
0,0.997713652,3,151,GO:0007215,glutamate receptor signaling pathway,1
0,1,2,48,GO:0007216,G protein-coupled glutamate receptor signaling pathway,1
0,0.936216527,3,22,GO:0007217,tachykinin receptor signaling pathway,1
0,0.999749545,3,228,GO:0007218,neuropeptide signaling pathway,1
0,0.954645761,2,24,GO:0007227;GO:0007228,signal transduction downstream of smoothened,1
0,0.641242789,2,17,GO:0007253,cytoplasmic sequestering of NF-kappaB,1
0,0.914263642,4,35,GO:0007263,nitric oxide mediated signal transduction,1
0,0.997251025,6,1507,GO:0007268;GO:0098916;GO:0099537;GO:0099536,synaptic signaling,1
0,0.569872083,2,455,GO:0007269;GO:0099643,neurotransmitter secretion,1
0,0.575142987,2,261,GO:0007274,neuromuscular synaptic transmission,1
0,0.986328846,2,71,GO:0007277,pole cell development,1
0,1,2,6,GO:0007278,pole cell fate determination,1
0,0.960042324,2,48,GO:0007279,pole cell formation,1
0,0.569261782,2,65,GO:0007280,pole cell migration,1
0,0.998981615,2,45,GO:0007282,cystoblast division,1
0,0.99996936,2,1479,GO:0007283;GO:0048232,male gamete generation,1
0,0.999998154,2,505,GO:0007286;GO:0048515,spermatid differentiation,1
0,0.999155478,5,46,GO:0007288,sperm axoneme assembly,1
0,0.959101333,2,55,GO:0007289,spermatid nucleus differentiation,1
0,1,2,8,GO:0007290,spermatid nucleus elongation,1
0,0.993439916,2,141,GO:0007291,sperm individualization,1
0,0.860531734,2,112,GO:0007294;GO:0030716;GO:0030706,oocyte fate determination,1
0,0.581717806,3,82,GO:0007300,ovarian nurse cell to oocyte transport,1
0,0.86682565,4,259,GO:0007304;GO:0030703;GO:0007306;GO:0045229,eggshell formation,1
0,0.96276434,3,390,GO:0007308;GO:0007309,oocyte construction,1
0,0.996094376,2,146,GO:0007310,oocyte dorsal/ventral axis specification,1
0,0.910818511,3,20,GO:0007312,oocyte nucleus migration involved in oocyte dorsal/ventral axis specification,1
0,0.987039739,3,107,GO:0007316;GO:0019094;GO:0045451,pole plasm RNA localization,1
0,0.869844355,3,119,GO:0007317;GO:1904580;GO:1902875,regulation of intracellular mRNA localization,1
0,0.924520082,4,21,GO:0007319,negative regulation of oskar mRNA translation,1
0,0.952552037,2,81,GO:0007320;GO:0007620,copulation,1
0,0.977924471,3,364,GO:0007338;GO:0009566,fertilization,1
0,0.788334882,2,34,GO:0007340,acrosome reaction,1
0,0.856883578,2,63,GO:0007343;GO:0060467;GO:0060468,egg activation,1
0,0.992961371,2,1680,GO:0007346,regulation of mitotic cell cycle,1
0,1,2,7,GO:0007347,regulation of preblastoderm mitotic cell cycle,1
0,1,2,6,GO:0007348,regulation of syncytial blastoderm mitotic cell cycle,1
0,0.763172325,2,296,GO:0007349,cellularization,1
0,0.8293944,5,16,GO:0007352,zygotic specification of dorsal/ventral axis,1
0,0.765119441,2,7,GO:0007356,thorax and anterior abdomen determination,1
0,1,2,13,GO:0007366,periodic partitioning by pair rule gene,1
0,0.74008856,3,44,GO:0007370,ventral furrow formation,1
0,1,2,6,GO:0007375,anterior midgut invagination,1
0,0.986973357,4,40,GO:0007377,germ-band extension,1
0,0.831810152,2,55,GO:0007386,compartment pattern specification,1
0,1,2,11,GO:0007388,posterior compartment specification,1
0,0.69163042,2,65,GO:0007390,germ-band shortening,1
0,1,4,6,GO:0007393;GO:0035028;GO:0035027;GO:0035029,leading edge cell fate determination,1
0,0.952552037,2,81,GO:0007400;GO:0048867,stem cell fate determination,1
0,0.936216527,4,22,GO:0007402,ganglion mother cell fate determination,1
0,1,4,9,GO:0007403,glial cell fate determination,1
0,0.625662001,2,369,GO:0007405;GO:0072089,stem cell proliferation,1
0,0.913208562,2,143,GO:0007406;GO:2000178,negative regulation of neural precursor cell proliferation,1
0,0.720728152,2,78,GO:0007412,axon target recognition,1
0,0.749555632,6,188,GO:0007413;GO:0106030,axonal fasciculation,1
0,0.656447755,2,52,GO:0007414,axonal defasciculation,1
0,0.850449795,2,50,GO:0007418,ventral midline development,1
0,0.982197229,2,157,GO:0007419,ventral cord development,1
0,0.695528408,4,481,GO:0007422,peripheral nervous system development,1
0,0.734310973,2,73,GO:0007432,salivary gland boundary specification,1
0,0.74008856,2,44,GO:0007445;GO:0035225,determination of imaginal disc primordium,1
0,0.968102642,3,57,GO:0007446,imaginal disc growth,1
0,0.993240612,3,44,GO:0007458,progression of morphogenetic furrow involved in compound eye morphogenesis,1
0,0.714687965,8,37,GO:0007460,R8 cell fate commitment,1
0,0.804340166,2,41,GO:0007465,R7 cell fate commitment,1
0,0.910818511,-1,20,GO:0007468,obsolete regulation of rhodopsin gene expression,1
0,0.971099442,3,35,GO:0007473,wing disc proximal/distal pattern formation,1
0,0.829213427,2,36,GO:0007477,notum development,1
0,0.91946777,5,56,GO:0007482;GO:0035216,haltere development,1
0,0.60185807,2,105,GO:0007484;GO:0007485,imaginal disc-derived genitalia development,1
0,0.903623095,2,27,GO:0007486,imaginal disc-derived female genitalia development,1
0,0.63107787,4,255,GO:0007492,endoderm development,1
0,0.644676965,3,5,GO:0007497,posterior midgut development,1
0,0.984139529,4,30,GO:0007502,digestive tract mesoderm development,1
0,0.980416897,4,19,GO:0007506,gonadal mesoderm development,1
0,0.987057965,2,21,GO:0007508,larval heart development,1
0,0.56752392,2,43,GO:0007509,mesoderm migration involved in gastrulation,1
0,1,3,5,GO:0007510,cardioblast cell fate determination,1
0,0.888899098,2,33,GO:0007516,hemocyte development,1
0,1,2,6,GO:0007518,myoblast fate determination,1
0,0.976892341,4,405,GO:0007519,skeletal muscle tissue development,1
0,0.583462932,2,10,GO:0007529,establishment of synaptic specificity at neuromuscular junction,1
0,0.94492295,2,99,GO:0007549,dosage compensation,1
0,0.916566162,2,12,GO:0007555,regulation of ecdysteroid secretion,1
0,0.770514526,2,27,GO:0007564;GO:0048082,regulation of chitin-based cuticle tanning,1
0,0.734310973,3,73,GO:0007567,parturition,1
0,0.999079758,2,229,GO:0007586;GO:0022600,digestion,1
0,0.984519023,3,178,GO:0007588,excretion,1
0,0.644676965,2,5,GO:0007594;GO:0022609;GO:0022608,puparial adhesion,1
0,0.999990964,2,1514,GO:0007600,sensory perception,1
0,0.999999844,6,432,GO:0007601;GO:0050953,sensory perception of light stimulus,1
0,0.976121518,3,229,GO:0007602,phototransduction,1
0,0.945301499,2,596,GO:0007605;GO:0050954,sensory perception of mechanical stimulus,1
0,0.771882337,2,325,GO:0007606,sensory perception of chemical stimulus,1
0,0.991503881,6,185,GO:0007608,sensory perception of smell,1
0,0.619781834,3,1412,GO:0007611;GO:0050890,cognition,1
0,0.974290153,5,730,GO:0007612,learning,1
0,0.554636179,2,162,GO:0007614,short-term memory,1
0,0.740201537,2,32,GO:0007615,anesthesia-resistant memory,1
0,0.793369291,2,434,GO:0007617;GO:0007618,mating,1
0,0.750716776,2,20,GO:0007621,negative regulation of female receptivity,1
0,0.705959577,2,262,GO:0007622;GO:0045475;GO:0048512,rhythmic behavior,1
0,0.879771117,2,529,GO:0007623,circadian rhythm,1
0,0.542462638,2,53,GO:0007625,grooming behavior,1
0,0.985066471,2,1123,GO:0007626,locomotory behavior,1
0,0.753857698,4,126,GO:0007628;GO:0090659,walking behavior,1
0,0.99978131,2,424,GO:0007631,feeding behavior,1
0,0.842186373,2,261,GO:0007632,visual behavior,1
0,0.582626129,2,38,GO:0007634,optokinetic behavior,1
0,0.999275571,2,396,GO:0007635,chemosensory behavior,1
0,1,2,8,GO:0007636;GO:1904080,chemosensory jump behavior,1
0,0.739449559,2,38,GO:0007637;GO:0051780,behavioral response to nutrient,1
0,0.860531734,2,112,GO:0007638,mechanosensory behavior,1
0,0.999999031,2,135,GO:0008033,tRNA processing,1
0,0.586394424,3,126,GO:0008039,synaptic target recognition,1
0,0.818071128,2,29,GO:0008053,mitochondrial fusion,1
0,0.980416897,2,19,GO:0008065,establishment of blood-nerve barrier,1
0,0.979651415,4,75,GO:0008090,retrograde axonal transport,1
0,0.811681858,2,125,GO:0008103;GO:0016325,oocyte microtubule cytoskeleton organization,1
0,0.998170794,8,86,GO:0008156,negative regulation of DNA replication,1
0,0.993047249,3,24,GO:0008211,glucocorticoid metabolic process,1
0,0.800467268,3,15,GO:0008215,spermine metabolic process,1
0,0.767260554,3,14,GO:0008216,spermidine metabolic process,1
0,0.713692873,3,25,GO:0008272,sulfate transport,1
0,0.944853922,3,14,GO:0008291;GO:1900619,acetate ester metabolic process,1
0,0.809035153,2,8,GO:0008292;GO:1900620,acetylcholine biosynthetic process,1
0,0.999932153,3,181,GO:0008298,intracellular mRNA localization,1
0,0.924520082,2,21,GO:0008300,isoprenoid catabolic process,1
0,0.888894854,6,486,GO:0008306,associative learning,1
0,1,2,39,GO:0008334,histone mRNA metabolic process,1
0,0.999421314,2,36,GO:0008343,adult feeding behavior,1
0,0.932626716,2,499,GO:0008344,adult locomotory behavior,1
0,0.998866578,2,113,GO:0008345,larval locomotory behavior,1
0,0.893984301,3,158,GO:0008354,germ cell migration,1
0,0.999220555,7,175,GO:0008355,olfactory learning,1
0,0.583462932,4,10,GO:0008359,regulation of bicoid mRNA localization,1
0,0.580661394,2,142,GO:0008407,chaeta morphogenesis,1
0,0.552259065,6,37,GO:0008535;GO:0033617,respiratory chain complex IV assembly,1
0,0.705698478,6,173,GO:0008542,visual learning,1
0,0.903411283,7,207,GO:0008543,fibroblast growth factor receptor signaling pathway,1
0,0.918077009,3,192,GO:0008586,imaginal disc-derived wing vein morphogenesis,1
0,0.636703207,2,332,GO:0008589,regulation of smoothened signaling pathway,1
0,0.981732675,2,83,GO:0008594,photoreceptor cell morphogenesis,1
0,0.999982941,2,53,GO:0008608,attachment of spindle microtubules to kinetochore,1
0,1,6,11,GO:0008616;GO:0046116,queuosine metabolic process,1
0,0.98407997,3,20,GO:0008628,hormone-mediated apoptotic signaling pathway,1
0,1,2,11,GO:0008635,activation of cysteine-type endopeptidase activity involved in apoptotic process by cytochrome c,1
0,0.818086395,4,108,GO:0008643;GO:0034219,carbohydrate transport,1
0,0.612580706,2,78,GO:0008645;GO:0015749,monosaccharide transmembrane transport,1
0,0.788334882,2,34,GO:0008655;GO:0043097;GO:0043174,nucleoside salvage,1
0,0.660451347,2,35,GO:0009047,dosage compensation by hyperactivation of X chromosome,1
0,0.924894919,2,36,GO:0009048,dosage compensation by inactivation of X chromosome,1
0,0.990765131,2,1965,GO:0009057;GO:0044265,macromolecule catabolic process,1
0,0.906685361,3,154,GO:0009060,aerobic respiration,1
0,0.795814073,3,112,GO:0009064,glutamine family amino acid metabolic process,1
0,0.685799927,5,59,GO:0009065,glutamine family amino acid catabolic process,1
0,0.872041121,4,25,GO:0009071,serine family amino acid catabolic process,1
0,0.746119176,3,62,GO:0009072,aromatic amino acid family metabolic process,1
0,0.713294208,2,31,GO:0009074,aromatic amino acid family catabolic process,1
0,0.924542525,2,43,GO:0009084,glutamine family amino acid biosynthetic process,1
0,0.844741236,3,9,GO:0009093;GO:0019448,L-cysteine catabolic process,1
0,0.71110698,4,6,GO:0009106,lipoate metabolic process,1
0,0.713692873,3,25,GO:0009111,vitamin catabolic process,1
0,0.592548349,4,99,GO:0009112,nucleobase metabolic process,1
0,0.809648804,2,35,GO:0009125,nucleoside monophosphate catabolic process,1
0,0.597977345,3,16,GO:0009134;GO:0009191,nucleoside diphosphate catabolic process,1
0,0.637737487,6,11,GO:0009138;GO:0009193;GO:0046048,pyrimidine nucleoside diphosphate metabolic process,1
0,0.975911184,2,18,GO:0009162;GO:0009157,deoxyribonucleoside monophosphate metabolic process,1
0,0.535608449,2,96,GO:0009163;GO:1901659;GO:0042455,glycosyl compound biosynthetic process,1
0,0.765203568,2,33,GO:0009169;GO:0009128;GO:0009158,ribonucleoside monophosphate catabolic process,1
0,1,3,8,GO:0009177;GO:0046078;GO:0009176,pyrimidine deoxyribonucleoside monophosphate metabolic process,1
0,0.768294121,2,150,GO:0009187,cyclic nucleotide metabolic process,1
0,0.765119441,2,7,GO:0009202,deoxyribonucleoside triphosphate biosynthetic process,1
0,0.686279731,2,12,GO:0009204,deoxyribonucleoside triphosphate catabolic process,1
0,0.809035153,2,8,GO:0009211,pyrimidine deoxyribonucleoside triphosphate metabolic process,1
0,1,2,5,GO:0009213;GO:0009149,pyrimidine deoxyribonucleoside triphosphate catabolic process,1
0,0.872041121,2,25,GO:0009219,pyrimidine deoxyribonucleotide metabolic process,1
0,0.637737487,3,11,GO:0009221,pyrimidine deoxyribonucleotide biosynthetic process,1
0,0.660451347,3,35,GO:0009235,cobalamin metabolic process,1
0,0.896624804,2,104,GO:0009247,glycolipid biosynthetic process,1
0,0.800467268,3,15,GO:0009249,protein lipoylation,1
0,0.644676965,3,5,GO:0009256,10-formyltetrahydrofolate metabolic process,1
0,0.647158434,2,23,GO:0009263,deoxyribonucleotide biosynthetic process,1
0,0.75657952,3,836,GO:0009266,response to temperature stimulus,1
0,1,2,5,GO:0009269,response to desiccation,1
0,0.999155478,2,46,GO:0009303,rRNA transcription,1
0,1,4,18,GO:0009304;GO:0042797,tRNA transcription,1
0,0.679762893,2,53,GO:0009312,oligosaccharide biosynthetic process,1
0,0.726937791,4,61,GO:0009395,phospholipid catabolic process,1
0,0.897375626,2,11,GO:0009396,folic acid-containing compound biosynthetic process,1
0,0.844741236,2,9,GO:0009405,pathogenesis,1
0,0.721671001,2,457,GO:0009408,response to heat,1
0,0.53077804,3,778,GO:0009410,response to xenobiotic stimulus,1
0,0.748283701,2,361,GO:0009411,response to UV,1
0,0.81876129,3,48,GO:0009414,response to water deprivation,1
0,0.711528425,2,66,GO:0009415,response to water,1
0,0.959926761,4,1481,GO:0009416;GO:0009314,response to radiation,1
0,1,4,6,GO:0009436,glyoxylate catabolic process,1
0,0.686279731,2,12,GO:0009438,methylglyoxal metabolic process,1
0,1,2,5,GO:0009441,glycolate metabolic process,1
0,0.809035153,5,8,GO:0009445;GO:0009446;GO:0033387,putrescine metabolic process,1
0,0.681111055,2,18,GO:0009448;GO:0009449,gamma-aminobutyric acid metabolic process,1
0,0.644676965,4,5,GO:0009450,gamma-aminobutyric acid catabolic process,1
0,0.999997001,2,205,GO:0009451,RNA modification,1
0,0.981732675,3,83,GO:0009453;GO:0042331,energy taxis,1
0,1,2,18,GO:0009454,aerotaxis,1
0,0.972472901,2,537,GO:0009581;GO:0009582,detection of abiotic stimulus,1
0,0.996582147,2,331,GO:0009583,detection of light stimulus,1
0,0.946900285,2,217,GO:0009584,detection of visible light,1
0,0.910818511,3,20,GO:0009589;GO:0007604,detection of UV,1
0,0.99405288,3,189,GO:0009593,detection of chemical stimulus,1
0,0.954645761,2,24,GO:0009608,response to symbiont,1
0,0.593176734,3,55,GO:0009635,response to herbicide,1
0,0.883388488,2,84,GO:0009648;GO:0043153,photoperiodism,1
0,0.878461545,2,120,GO:0009649,entrainment of circadian clock,1
0,0.968481047,2,105,GO:0009651,response to salt stress,1
0,0.686279731,3,12,GO:0009698;GO:0009804;GO:0046226;GO:0046271,phenylpropanoid metabolic process,1
0,0.988276319,2,49,GO:0009713;GO:0042423,catechol-containing compound biosynthetic process,1
0,1,6,7,GO:0009730;GO:0009732;GO:0034287;GO:0051594,detection of hexose stimulus,1
0,0.996963937,3,28,GO:0009750,response to fructose,1
0,0.816983235,2,348,GO:0009755,hormone-mediated signaling pathway,1
0,0.910346783,5,55,GO:0009786,regulation of asymmetric cell division,1
0,0.551416908,2,15,GO:0009820,alkaloid metabolic process,1
0,0.765119441,3,7,GO:0009822,alkaloid catabolic process,1
0,0.732604498,5,744,GO:0009895;GO:0031330,negative regulation of catabolic process,1
0,0.621168675,4,28,GO:0009912;GO:0060120,inner ear receptor cell fate commitment,1
0,0.617809633,4,232,GO:0009914;GO:0046879,hormone transport,1
0,0.529794593,4,20,GO:0009946,proximal/distal axis specification,1
0,0.5918356,3,544,GO:0009948,anterior/posterior axis specification,1
0,0.81876129,4,48,GO:0009949,polarity specification of anterior/posterior axis,1
0,0.930678927,3,272,GO:0009950,dorsal/ventral axis specification,1
0,0.963552111,4,16,GO:0009951,polarity specification of dorsal/ventral axis,1
0,0.779408852,2,736,GO:0009953,dorsal/ventral pattern formation,1
0,0.684470076,2,30,GO:0009957,epidermal cell fate specification,1
0,0.627766542,2,112,GO:0009988,cell-cell recognition,1
0,0.956050133,2,636,GO:0009994;GO:0048599,oocyte differentiation,1
0,0.689632368,4,155,GO:0009996;GO:0010454,negative regulation of cell fate commitment,1
0,0.529794593,2,20,GO:0009997;GO:0051892;GO:2000044,negative regulation of cardioblast differentiation,1
0,0.967613942,2,71,GO:0010002,cardioblast differentiation,1
0,0.987057965,2,21,GO:0010032,meiotic chromosome condensation,1
0,0.8293944,6,16,GO:0010040,response to iron(II) ion,1
0,0.770514526,5,27,GO:0010044,response to aluminum ion,1
0,0.844741236,2,9,GO:0010045,response to nickel cation,1
0,0.551416908,3,15,GO:0010046,response to mycotoxin,1
0,0.568131706,2,54,GO:0010092,specification of animal organ identity,1
0,0.71110698,2,6,GO:0010157,response to chlorate,1
0,0.955167254,4,15,GO:0010159,specification of animal organ position,1
0,0.664755612,2,214,GO:0010160;GO:0048859,formation of anatomical boundary,1
0,0.741776309,5,85,GO:0010165,response to X-ray,1
0,0.6820089,4,160,GO:0010172,embryonic body morphogenesis,1
0,0.760535601,2,357,GO:0010212,response to ionizing radiation,1
0,0.970369038,5,17,GO:0010216,maintenance of DNA methylation,1
0,0.552259065,2,37,GO:0010224,response to UV-B,1
0,0.660451347,2,35,GO:0010225,response to UV-C,1
0,0.644676965,3,5,GO:0010232,vascular transport,1
0,0.979520123,3,82,GO:0010257;GO:0032981,NADH dehydrogenase complex assembly,1
0,1,3,13,GO:0010378,temperature compensation of the circadian clock,1
0,0.932168681,2,13,GO:0010383;GO:0044036;GO:0071554,cell wall macromolecule metabolic process,1
0,0.71110698,5,6,GO:0010387,COP9 signalosome assembly,1
0,0.995074395,2,351,GO:0010389;GO:1902749,regulation of cell cycle G2/M phase transition,1
0,1,2,6,GO:0010424,DNA methylation on cytosine within a CG sequence,1
0,1,4,21,GO:0010446,response to alkaline pH,1
0,0.717083554,3,43,GO:0010455,positive regulation of cell fate commitment,1
0,0.910818511,2,20,GO:0010457,centriole-centriole cohesion,1
0,0.954070636,5,32,GO:0010458,exit from mitosis,1
0,0.851557146,2,81,GO:0010460,positive regulation of heart rate,1
0,0.942665246,2,38,GO:0010463,mesenchymal cell proliferation,1
0,0.995311463,2,874,GO:0010469,regulation of signaling receptor activity,1
0,0.96019816,2,736,GO:0010498;GO:0043161,proteasomal protein catabolic process,1
0,1,2,76,GO:0010501,RNA secondary structure unwinding,1
0,0.853039331,2,24,GO:0010513,positive regulation of phosphatidylinositol biosynthetic process,1
0,0.970369038,2,17,GO:0010519,negative regulation of phospholipase activity,1
0,1,2,6,GO:0010520,regulation of reciprocal meiotic recombination,1
0,0.54598123,9,129,GO:0010524,positive regulation of calcium ion transport into cytosol,1
0,0.784251738,4,40,GO:0010528;GO:0010529,regulation of transposition,1
0,0.963552111,4,16,GO:0010533,regulation of activation of Janus kinase activity,1
0,1,5,9,GO:0010536,positive regulation of activation of Janus kinase activity,1
0,0.998673034,2,1733,GO:0010564,regulation of cell cycle process,1
0,0.739449559,2,38,GO:0010566,regulation of ketone biosynthetic process,1
0,0.999894796,5,57,GO:0010569,regulation of double-strand break repair via homologous recombination,1
0,0.750716776,2,20,GO:0010571,positive regulation of nuclear cell cycle DNA replication,1
0,0.71110698,2,6,GO:0010573,vascular endothelial growth factor production,1
0,0.671586348,2,81,GO:0010574;GO:0010575,regulation of vascular endothelial growth factor production,1
0,0.999968223,2,50,GO:0010586,miRNA metabolic process,1
0,1,4,20,GO:0010587,miRNA catabolic process,1
0,0.993047249,6,24,GO:0010603,regulation of cytoplasmic mRNA processing body assembly,1
0,0.944853922,2,14,GO:0010606,positive regulation of cytoplasmic mRNA processing body assembly,1
0,0.995575321,2,1149,GO:0010608,posttranscriptional regulation of gene expression,1
0,1,2,5,GO:0010609,mRNA localization resulting in posttranscriptional regulation of gene expression,1
0,0.729335926,6,13,GO:0010621,negative regulation of transcription by transcription factor localization,1
0,0.872041121,5,25,GO:0010635,regulation of mitochondrial fusion,1
0,0.844741236,2,9,GO:0010636,positive regulation of mitochondrial fusion,1
0,0.686279731,2,12,GO:0010637,negative regulation of mitochondrial fusion,1
0,0.558884269,6,981,GO:0010639,negative regulation of organelle organization,1
0,0.610274031,3,22,GO:0010668,ectodermal cell differentiation,1
0,0.529794593,2,20,GO:0010694,positive regulation of alkaline phosphatase activity,1
0,0.713692873,5,25,GO:0010700,negative regulation of norepinephrine secretion,1
0,1,5,18,GO:0010701,positive regulation of norepinephrine secretion,1
0,1,7,6,GO:0010705,meiotic DNA double-strand break processing involved in reciprocal meiotic recombination,1
0,0.765119441,2,7,GO:0010710,regulation of collagen catabolic process,1
0,0.784251738,2,40,GO:0010715,regulation of extracellular matrix disassembly,1
0,0.71110698,2,6,GO:0010716,negative regulation of extracellular matrix disassembly,1
0,0.644676965,2,5,GO:0010725,regulation of primitive erythrocyte differentiation,1
0,1,7,5,GO:0010732;GO:0010734,regulation of protein glutathionylation,1
0,0.686279731,4,12,GO:0010735,positive regulation of transcription via serum response element binding,1
0,0.600190166,3,33,GO:0010745,negative regulation of macrophage derived foam cell differentiation,1
0,0.91668709,2,49,GO:0010752,regulation of cGMP-mediated signaling,1
0,0.854481282,4,17,GO:0010753,positive regulation of cGMP-mediated signaling,1
0,0.888899098,2,33,GO:0010754,negative regulation of cGMP-mediated signaling,1
0,0.854481282,3,17,GO:0010756,positive regulation of plasminogen activation,1
0,0.844741236,2,9,GO:0010764,negative regulation of fibroblast migration,1
0,1,4,5,GO:0010767,regulation of transcription from RNA polymerase II promoter in response to UV-induced DNA damage,1
0,1,3,6,GO:0010796,regulation of multivesicular body size,1
0,0.714687965,2,37,GO:0010804,negative regulation of tumor necrosis factor-mediated signaling pathway,1
0,0.87615256,2,18,GO:0010818,T cell chemotaxis,1
0,0.597977345,7,16,GO:0010819;GO:0010820,regulation of T cell chemotaxis,1
0,0.79073852,7,192,GO:0010822,positive regulation of mitochondrion organization,1
0,0.947157124,2,93,GO:0010824,regulation of centrosome duplication,1
0,0.809035153,2,8,GO:0010825,positive regulation of centrosome duplication,1
0,0.996540487,4,48,GO:0010826;GO:0046606,negative regulation of centrosome cycle,1
0,0.633817321,4,184,GO:0010830,regulation of myotube differentiation,1
0,0.601980045,3,83,GO:0010831,positive regulation of myotube differentiation,1
0,0.770514526,3,27,GO:0010832,negative regulation of myotube differentiation,1
0,0.767260554,2,14,GO:0010835,regulation of protein ADP-ribosylation,1
0,0.807555627,2,22,GO:0010838,positive regulation of keratinocyte proliferation,1
0,0.997635788,3,92,GO:0010842,retina layer formation,1
0,1,7,5,GO:0010848,regulation of chromatin disassembly,1
0,0.641242789,-1,17,GO:0010871,obsolete negative regulation of receptor biosynthetic process,1
0,0.551416908,5,15,GO:0010872,regulation of cholesterol esterification,1
0,0.637737487,2,11,GO:0010873,positive regulation of cholesterol esterification,1
0,0.611469592,2,89,GO:0010880;GO:0010881,regulation of release of sequestered calcium ion into cytosol by sarcoplasmic reticulum,1
0,0.638652486,5,96,GO:0010882,regulation of cardiac muscle contraction by calcium ion signaling,1
0,0.829495724,2,109,GO:0010884,positive regulation of lipid storage,1
0,0.767260554,2,14,GO:0010887,negative regulation of cholesterol storage,1
0,0.610274031,3,22,GO:0010890,positive regulation of sequestering of triglyceride,1
0,0.924520082,2,21,GO:0010911;GO:0010912,regulation of isomerase activity,1
0,0.740201537,2,32,GO:0010919;GO:0060732,regulation of inositol phosphate biosynthetic process,1
0,0.536018641,5,220,GO:0010923;GO:0035305,negative regulation of dephosphorylation,1
0,0.944595189,2,630,GO:0010927,cellular component assembly involved in morphogenesis,1
0,0.684470076,2,30,GO:0010935,regulation of macrophage cytokine production,1
0,1,5,5,GO:0010938;GO:0070462,cytoplasmic microtubule depolymerization,1
0,0.993201627,2,666,GO:0010948,negative regulation of cell cycle process,1
0,0.963729957,2,70,GO:0010954;GO:1903319,positive regulation of protein maturation,1
0,0.583462932,6,10,GO:0010956;GO:0010957;GO:0046137,negative regulation of vitamin D biosynthetic process,1
0,0.81876129,2,48,GO:0010960,magnesium ion homeostasis,1
0,0.765119441,2,7,GO:0010961,cellular magnesium ion homeostasis,1
0,0.644676965,3,5,GO:0010963,regulation of L-arginine import,1
0,0.98148057,3,163,GO:0010965;GO:1905818;GO:0030071;GO:1902099,regulation of chromosome separation,1
0,0.903623095,2,27,GO:0010968,regulation of microtubule nucleation,1
0,0.60360007,3,513,GO:0010970;GO:0030705;GO:0099111,cytoskeleton-dependent intracellular transport,1
0,0.79824108,2,59,GO:0010971;GO:1902751,positive regulation of cell cycle G2/M phase transition,1
0,1,4,9,GO:0010979;GO:0010980,regulation of vitamin D 24-hydroxylase activity,1
0,0.916566162,4,12,GO:0010992,ubiquitin recycling,1
0,0.993274227,3,84,GO:0010996,response to auditory stimulus,1
0,0.962211152,5,41,GO:0012502;GO:0035072;GO:0035078;GO:0035081,ecdysone-mediated induction of salivary gland cell autophagic cell death,1
0,0.696450502,2,105,GO:0014003,oligodendrocyte development,1
0,0.582626129,2,38,GO:0014009,glial cell proliferation,1
0,0.757589284,3,132,GO:0014014,negative regulation of gliogenesis,1
0,0.9768381,3,128,GO:0014016;GO:0014017,neuroblast differentiation,1
0,0.93790719,4,30,GO:0014018,neuroblast fate specification,1
0,0.829213427,4,36,GO:0014019,neuroblast development,1
0,0.637737487,2,11,GO:0014036,neural crest cell fate specification,1
0,0.804340166,5,41,GO:0014042,positive regulation of neuron maturation,1
0,0.955167254,3,15,GO:0014045,establishment of endothelial blood-brain barrier,1
0,0.677610614,2,70,GO:0014048,regulation of glutamate secretion,1
0,0.582626129,3,38,GO:0014049,positive regulation of glutamate secretion,1
0,0.681111055,3,18,GO:0014050,negative regulation of glutamate secretion,1
0,0.984139529,2,30,GO:0014051,gamma-aminobutyric acid secretion,1
0,0.986731553,6,31,GO:0014052,regulation of gamma-aminobutyric acid secretion,1
0,0.873772159,2,10,GO:0014053,negative regulation of gamma-aminobutyric acid secretion,1
0,0.980416897,2,19,GO:0014054,positive regulation of gamma-aminobutyric acid secretion,1
0,0.986964774,3,93,GO:0014059,regulation of dopamine secretion,1
0,0.93790719,2,30,GO:0014060;GO:0032811,regulation of epinephrine secretion,1
0,0.959101333,2,55,GO:0014061,regulation of norepinephrine secretion,1
0,0.99540547,3,26,GO:0014062,regulation of serotonin secretion,1
0,1,2,14,GO:0014063,negative regulation of serotonin secretion,1
0,0.71110698,2,6,GO:0014064,positive regulation of serotonin secretion,1
0,0.560116259,5,119,GO:0014072;GO:0043278,response to isoquinoline alkaloid,1
0,0.567209995,5,152,GO:0014075,response to amine,1
0,1,5,6,GO:0014717,regulation of satellite cell activation involved in skeletal muscle regeneration,1
0,0.644676965,2,5,GO:0014719,skeletal muscle satellite cell activation,1
0,0.729335926,6,13,GO:0014722;GO:0014809;GO:0021629,regulation of skeletal muscle contraction by calcium ion signaling,1
0,0.944853922,5,14,GO:0014724,regulation of twitch skeletal muscle contraction,1
0,0.873772159,6,10,GO:0014728;GO:0014862,regulation of the force of skeletal muscle contraction,1
0,0.872041121,2,25,GO:0014732;GO:0014891,striated muscle atrophy,1
0,1,2,5,GO:0014734,skeletal muscle hypertrophy,1
0,0.910818511,4,20,GO:0014808;GO:1903514,release of sequestered calcium ion into cytosol by endoplasmic reticulum,1
0,0.924894919,4,36,GO:0014819,regulation of skeletal muscle contraction,1
0,0.987057965,2,21,GO:0014820;GO:0014824,tonic smooth muscle contraction,1
0,0.667069237,2,41,GO:0014821,phasic smooth muscle contraction,1
0,0.629026862,2,222,GO:0014823,response to activity,1
0,1,2,7,GO:0014827,intestine smooth muscle contraction,1
0,0.946555173,3,31,GO:0014829,vascular associated smooth muscle contraction,1
0,0.641242789,3,17,GO:0014831,gastro-intestinal system smooth muscle contraction,1
0,0.978915402,2,37,GO:0014832;GO:0014848,urinary tract smooth muscle contraction,1
0,0.765119441,5,7,GO:0014835,myoblast differentiation involved in skeletal muscle regeneration,1
0,0.670921881,2,64,GO:0014850,response to muscle activity,1
0,0.56752392,3,43,GO:0014855;GO:0060038,striated muscle cell proliferation,1
0,0.924542525,5,43,GO:0014857;GO:0014842,regulation of skeletal muscle cell proliferation,1
0,0.717578449,2,19,GO:0014858,positive regulation of skeletal muscle cell proliferation,1
0,0.8293944,6,16,GO:0014859;GO:1902723;GO:1902725,negative regulation of skeletal muscle cell proliferation,1
0,0.632183361,2,51,GO:0014866,skeletal myofibril assembly,1
0,0.667069237,2,41,GO:0014874,response to stimulus involved in regulation of muscle adaptation,1
0,0.729335926,3,13,GO:0014878,response to electrical stimulus involved in regulation of muscle adaptation,1
0,0.686279731,2,12,GO:0014881,regulation of myofibril size,1
0,0.660451347,2,35,GO:0014889,muscle atrophy,1
0,0.896624804,2,104,GO:0014904;GO:0048741,myotube cell development,1
0,0.637737487,5,11,GO:0015074,DNA integration,1
0,0.850449795,4,50,GO:0015669,gas transport,1
0,0.955167254,3,15,GO:0015670,carbon dioxide transport,1
0,0.660451347,5,35,GO:0015671,oxygen transport,1
0,0.993711504,3,1042,GO:0015672,monovalent inorganic cation transport,1
0,0.686279731,5,12,GO:0015691;GO:0070574;GO:0071585,cadmium ion transmembrane transport,1
0,0.780653591,5,21,GO:0015697,quaternary ammonium group transport,1
0,0.698175907,3,333,GO:0015698,inorganic anion transport,1
0,0.657238675,2,69,GO:0015701,bicarbonate transport,1
0,0.583462932,2,10,GO:0015705,iodide transport,1
0,0.812648,9,465,GO:0015718,monocarboxylic acid transport,1
0,0.944853922,2,14,GO:0015722,canalicular bile acid transport,1
0,0.916566162,2,12,GO:0015724,formate transport,1
0,0.641242789,6,17,GO:0015727;GO:0035873,lactate transmembrane transport,1
0,0.686279731,8,12,GO:0015744;GO:0071422,succinate transmembrane transport,1
0,0.844741236,2,9,GO:0015747,urate transport,1
0,0.71110698,7,6,GO:0015755,fructose transmembrane transport,1
0,0.770514526,2,27,GO:0015791,polyol transport,1
0,0.897375626,2,11,GO:0015793,glycerol transport,1
0,1,5,5,GO:0015797;GO:0090088;GO:0090089;GO:2000878;GO:2000880;GO:2001148,regulation of dipeptide transport,1
0,0.993960005,6,121,GO:0015800,acidic amino acid transport,1
0,0.873772159,2,10,GO:0015810,aspartate transmembrane transport,1
0,0.999419917,6,48,GO:0015812,gamma-aminobutyric acid transport,1
0,0.70208913,3,54,GO:0015813,L-glutamate transmembrane transport,1
0,0.780653591,2,21,GO:0015816,glycine transport,1
0,0.800467268,2,15,GO:0015824,proline transport,1
0,0.98407997,2,20,GO:0015837,amine transport,1
0,0.729335926,2,13,GO:0015838,amino-acid betaine transport,1
0,0.873772159,2,10,GO:0015840,urea transport,1
0,1,4,7,GO:0015842,aminergic neurotransmitter loading into synaptic vesicle,1
0,0.942159772,4,59,GO:0015844,monoamine transport,1
0,0.583462932,5,10,GO:0015855,pyrimidine nucleobase transport,1
0,0.888833254,3,26,GO:0015872,dopamine transport,1
0,1,3,5,GO:0015874,norepinephrine transport,1
0,0.873772159,3,10,GO:0015884;GO:0098838,folic acid transport,1
0,1,4,10,GO:0015888,thiamine transport,1
0,0.931494243,2,284,GO:0015908,fatty acid transport,1
0,0.586394424,6,126,GO:0015909,long-chain fatty acid transport,1
0,0.873772159,6,10,GO:0015911,long-chain fatty acid import across plasma membrane,1
0,0.643071154,5,124,GO:0015918;GO:0030301,sterol transport,1
0,0.729335926,3,13,GO:0015959,diadenosine polyphosphate metabolic process,1
0,0.583462932,5,10,GO:0015961;GO:0071543;GO:1901906;GO:1901907;GO:1901908;GO:1901909;GO:1901910,diadenosine polyphosphate catabolic process,1
0,0.987057965,2,21,GO:0016037,light absorption,1
0,0.897375626,2,11,GO:0016038;GO:0018298,absorption of visible light,1
0,1,4,10,GO:0016039;GO:0030265,phospholipase C-activating rhodopsin mediated signaling pathway,1
0,0.934216016,2,97,GO:0016064;GO:0019724,B cell mediated immunity,1
0,1,2,1284,GO:0016071,mRNA metabolic process,1
0,0.999999999,3,154,GO:0016073;GO:0009301;GO:0042795,snRNA metabolic process,1
0,0.99626511,3,27,GO:0016074,sno(s)RNA metabolic process,1
0,0.853039331,4,24,GO:0016075,rRNA catabolic process,1
0,1,4,11,GO:0016078,tRNA catabolic process,1
0,0.82950618,3,61,GO:0016080,synaptic vesicle targeting,1
0,0.767260554,4,14,GO:0016093,polyprenol metabolic process,1
0,0.71110698,2,6,GO:0016094,polyprenol biosynthetic process,1
0,0.765119441,4,7,GO:0016107,sesquiterpenoid catabolic process,1
0,0.583462932,5,10,GO:0016108;GO:0016116,tetraterpenoid metabolic process,1
0,0.955167254,2,15,GO:0016115,terpenoid catabolic process,1
0,1,8,7,GO:0016122,xanthophyll metabolic process,1
0,0.997420523,2,40,GO:0016180;GO:0034472,snRNA processing,1
0,0.996963937,7,28,GO:0016185;GO:0070142,synaptic vesicle budding,1
0,0.84710803,5,37,GO:0016188,synaptic vesicle maturation,1
0,0.71110698,2,6,GO:0016200,synaptic target attraction,1
0,0.835210547,2,49,GO:0016204,determination of muscle attachment site,1
0,0.56752392,2,43,GO:0016226;GO:0031163,iron-sulfur cluster assembly,1
0,0.991447187,4,23,GO:0016233,telomere capping,1
0,0.644676965,2,5,GO:0016243,regulation of autophagosome size,1
0,0.999968266,2,85,GO:0016246,RNA interference,1
0,0.610274031,2,22,GO:0016254,preassembly of GPI anchor in ER membrane,1
0,0.765119441,2,7,GO:0016255,attachment of GPI anchor to protein,1
0,1,4,7,GO:0016259,selenocysteine metabolic process,1
0,0.674730504,3,270,GO:0016319,mushroom body development,1
0,0.597977345,4,16,GO:0016320,endoplasmic reticulum membrane fusion,1
0,1,2,23,GO:0016321,female meiosis chromosome segregation,1
0,0.648552979,2,46,GO:0016330,second mitotic wave involved in compound eye morphogenesis,1
0,0.748815976,2,68,GO:0016338,calcium-independent cell-cell adhesion via plasma membrane cell-adhesion molecules,1
0,0.571095885,3,21,GO:0016344,meiotic chromosome movement towards spindle pole,1
0,0.882804887,2,827,GO:0016358;GO:0048813,dendrite development,1
0,0.99999556,5,210,GO:0016441;GO:0031047;GO:0035194,gene silencing by RNA,1
0,0.964969055,2,49,GO:0016445;GO:0016447,somatic diversification of immunoglobulins,1
0,0.999985493,2,469,GO:0016458,gene silencing,1
0,0.717578449,6,19,GO:0016479,negative regulation of transcription by RNA polymerase I,1
0,0.636176807,4,68,GO:0016486;GO:0140448,peptide hormone processing,1
0,0.975250664,2,59,GO:0016540,protein autoprocessing,1
0,0.999419917,2,48,GO:0016556,mRNA modification,1
0,0.71110698,5,6,GO:0016557,peroxisome membrane biogenesis,1
0,0.995124733,3,785,GO:0016569;GO:0016570,covalent chromatin modification,1
0,0.997703156,3,226,GO:0016571;GO:0018022;GO:0034968,histone methylation,1
0,0.690088695,2,82,GO:0016572,histone phosphorylation,1
0,0.844741236,2,9,GO:0016576,histone dephosphorylation,1
0,0.971585882,3,43,GO:0016578,histone deubiquitination,1
0,0.999348263,2,530,GO:0016579;GO:0070646,protein modification by small protein removal,1
0,0.994348019,2,25,GO:0016584,nucleosome positioning,1
0,0.998656207,3,80,GO:0016925,protein sumoylation,1
0,0.998369248,7,31,GO:0016926,protein desumoylation,1
0,0.954645761,2,24,GO:0016973,poly(A)+ mRNA export from nucleus,1
0,0.809035153,2,8,GO:0017055,negative regulation of RNA polymerase II transcription preinitiation complex assembly,1
0,0.994080795,2,85,GO:0017085,response to insecticide,1
0,0.831615206,2,23,GO:0017121,plasma membrane phospholipid scrambling,1
0,0.866438748,2,413,GO:0017148;GO:0034249,negative regulation of cellular amide metabolic process,1
0,0.867332433,2,236,GO:0017158,regulation of calcium ion-dependent exocytosis,1
0,0.916566162,3,12,GO:0017182;GO:0018202;GO:0017183,peptidyl-histidine modification,1
0,1,2,10,GO:0017196,N-terminal peptidyl-methionine acetylation,1
0,0.943652675,2,66,GO:0018023,peptidyl-lysine trimethylation,1
0,0.970369038,2,17,GO:0018026,peptidyl-lysine monomethylation,1
0,0.927978985,2,29,GO:0018027,peptidyl-lysine dimethylation,1
0,0.807555627,-1,22,GO:0018065,obsolete protein-cofactor linkage,1
0,1,2,14,GO:0018094,protein polyglycylation,1
0,1,7,20,GO:0018095,protein polyglutamylation,1
0,1,3,7,GO:0018103;GO:0018211;GO:0018317;GO:0018406,protein C-linked glycosylation via tryptophan,1
0,0.809035153,2,8,GO:0018171,peptidyl-cysteine oxidation,1
0,0.554273495,2,48,GO:0018195,peptidyl-arginine modification,1
0,0.999689235,2,39,GO:0018200,peptidyl-glutamic acid modification,1
0,1,2,6,GO:0018201;GO:0018008,peptidyl-glycine modification,1
0,0.997402616,2,588,GO:0018205,peptidyl-lysine modification,1
0,0.975911184,2,18,GO:0018206,peptidyl-methionine modification,1
0,0.623941027,2,73,GO:0018208,peptidyl-proline modification,1
0,0.902307661,3,34,GO:0018216;GO:0035246,peptidyl-arginine methylation,1
0,0.916566162,3,12,GO:0018242,protein O-linked glycosylation via serine,1
0,0.641242789,4,17,GO:0018243,protein O-linked glycosylation via threonine,1
0,1,3,5,GO:0018312,peptidyl-serine ADP-ribosylation,1
0,0.873772159,2,10,GO:0018335;GO:0106077,protein succinylation,1
0,0.932168681,3,13,GO:0018342;GO:0097354,prenylation,1
0,1,3,7,GO:0018343,protein farnesylation,1
0,0.71110698,4,6,GO:0018344,protein geranylgeranylation,1
0,0.748815976,2,68,GO:0018345,protein palmitoylation,1
0,0.644676965,6,5,GO:0018352,protein-pyridoxal-5-phosphate linkage,1
0,0.954070636,3,32,GO:0018410,C-terminal protein amino acid modification,1
0,0.973054824,2,27,GO:0018879,biphenyl metabolic process,1
0,1,3,8,GO:0018931;GO:0090420;GO:0018933;GO:0018979;GO:0042196;GO:0042197,naphthalene-containing compound metabolic process,1
0,0.533666169,3,322,GO:0018958,phenol-containing compound metabolic process,1
0,0.916566162,3,12,GO:0018963,phthalate metabolic process,1
0,0.644676965,2,5,GO:0018985,pronuclear envelope synthesis,1
0,0.906710371,4,48,GO:0018993,somatic sex determination,1
0,0.71110698,4,6,GO:0019049;GO:0030682,mitigation of host defenses by symbiont,1
0,1,2,6,GO:0019075,virus maturation,1
0,0.741598026,4,50,GO:0019080,viral gene expression,1
0,0.740201537,4,32,GO:0019081,viral translation,1
0,1,3,6,GO:0019085,early viral transcription,1
0,0.550845798,5,26,GO:0019099,female germ-line sex determination,1
0,0.963552111,2,16,GO:0019100,male germ-line sex determination,1
0,1,2,10,GO:0019102,male somatic sex determination,1
0,0.99996944,3,195,GO:0019226,transmission of nerve impulse,1
0,0.770514526,2,27,GO:0019227;GO:0098870,neuronal action potential propagation,1
0,0.999997308,2,99,GO:0019228,neuronal action potential,1
0,1,5,11,GO:0019230,proprioception,1
0,0.998962804,5,301,GO:0019233,sensory perception of pain,1
0,0.897375626,4,11,GO:0019236,response to pheromone,1
0,1,4,7,GO:0019240,citrulline biosynthetic process,1
0,0.944853922,3,14,GO:0019244,lactate biosynthetic process from pyruvate,1
0,0.987057965,2,21,GO:0019249,lactate biosynthetic process,1
0,0.713692873,3,25,GO:0019321,pentose metabolic process,1
0,0.844741236,2,9,GO:0019322,pentose biosynthetic process,1
0,0.809035153,4,8,GO:0019323,pentose catabolic process,1
0,0.641242789,2,17,GO:0019336,phenol-containing compound catabolic process,1
0,0.809035153,2,8,GO:0019344,cysteine biosynthetic process,1
0,0.690088695,5,82,GO:0019369,arachidonic acid metabolic process,1
0,0.927978985,6,29,GO:0019371,cyclooxygenase pathway,1
0,0.916566162,4,12,GO:0019372,lipoxygenase pathway,1
0,0.765119441,4,7,GO:0019389,glucuronoside metabolic process,1
0,0.71110698,3,6,GO:0019417,sulfur oxidation,1
0,0.765119441,2,7,GO:0019441,tryptophan catabolic process to kynurenine,1
0,0.916566162,3,12,GO:0019470,4-hydroxyproline catabolic process,1
0,0.916566162,2,12,GO:0019482,beta-alanine metabolic process,1
0,0.765119441,2,7,GO:0019483,beta-alanine biosynthetic process,1
0,1,2,8,GO:0019509,L-methionine salvage from methylthioadenosine,1
0,0.610274031,2,22,GO:0019532;GO:1902358,sulfate transmembrane transport,1
0,0.644676965,2,5,GO:0019541,propionate metabolic process,1
0,0.686279731,4,12,GO:0019614;GO:0042420;GO:0042424,catecholamine catabolic process,1
0,0.961828773,2,25,GO:0019755,one-carbon compound transport,1
0,0.670921881,2,64,GO:0019896,axonal transport of mitochondrion,1
0,0.673516691,2,47,GO:0019934,cGMP-mediated signaling,1
0,1,3,10,GO:0021501,prechordal plate formation,1
0,1,2,6,GO:0021506;GO:0021995,anterior neuropore closure,1
0,0.8293944,3,16,GO:0021508;GO:0033505,floor plate morphogenesis,1
0,0.991256437,2,361,GO:0021510,spinal cord development,1
0,0.988553191,2,87,GO:0021511;GO:0021513,spinal cord patterning,1
0,0.860148508,2,57,GO:0021514;GO:0060579,ventral spinal cord interneuron differentiation,1
0,0.961578151,3,179,GO:0021515;GO:0021517,cell differentiation in spinal cord,1
0,0.991433054,3,67,GO:0021516,dorsal spinal cord development,1
0,1,5,6,GO:0021519,spinal cord association neuron specification,1
0,0.902307661,2,34,GO:0021520,spinal cord motor neuron cell fate specification,1
0,0.873905701,4,32,GO:0021521,ventral spinal cord interneuron specification,1
0,0.816778017,2,102,GO:0021522,spinal cord motor neuron differentiation,1
0,0.597977345,4,16,GO:0021523,somatic motor neuron differentiation,1
0,1,5,8,GO:0021524,visceral motor neuron differentiation,1
0,0.998521024,2,43,GO:0021527,spinal cord association neuron differentiation,1
0,1,5,8,GO:0021529;GO:0021530,spinal cord oligodendrocyte cell differentiation,1
0,0.943535158,4,149,GO:0021532,neural tube patterning,1
0,0.87615256,2,18,GO:0021534;GO:0021924;GO:0021930,cell proliferation in hindbrain,1
0,0.977462706,3,279,GO:0021536,diencephalon development,1
0,0.999436004,2,796,GO:0021537,telencephalon development,1
0,0.586826143,2,27,GO:0021538;GO:0021986,epithalamus development,1
0,0.644676965,3,5,GO:0021539,subthalamus development,1
0,0.924520082,10,21,GO:0021540,corpus callosum morphogenesis,1
0,0.987092684,3,523,GO:0021543,pallium development,1
0,0.591854932,3,77,GO:0021544;GO:0021756,subpallium development,1
0,0.647144321,2,174,GO:0021545,cranial nerve development,1
0,0.986373685,2,48,GO:0021546,rhombomere development,1
0,0.954486912,3,47,GO:0021548,pons development,1
0,0.733347411,3,337,GO:0021549;GO:0022037,metencephalon development,1
0,0.610274031,3,22,GO:0021550,medulla oblongata development,1
0,0.933342959,3,44,GO:0021551,central nervous system morphogenesis,1
0,0.942665246,5,38,GO:0021554,optic nerve development,1
0,0.84710803,2,37,GO:0021559,trigeminal nerve development,1
0,0.538732236,3,42,GO:0021561;GO:0021610;GO:0021612,facial nerve development,1
0,0.989478985,3,22,GO:0021562;GO:0021648,vestibulocochlear nerve development,1
0,0.729335926,3,13,GO:0021563;GO:0021615,glossopharyngeal nerve development,1
0,0.809035153,5,8,GO:0021564;GO:0021644;GO:0021793,vagus nerve development,1
0,0.873772159,4,10,GO:0021569,rhombomere 3 development,1
0,1,3,11,GO:0021570,rhombomere 4 development,1
0,1,2,17,GO:0021571,rhombomere 5 development,1
0,1,4,10,GO:0021572,rhombomere 6 development,1
0,0.644676965,2,5,GO:0021577,hindbrain structural organization,1
0,0.927978985,4,29,GO:0021578;GO:0021626,hindbrain maturation,1
0,1,4,12,GO:0021586;GO:0021718;GO:0021722,pons maturation,1
0,0.551416908,2,15,GO:0021590,cerebellum maturation,1
0,0.96058779,3,33,GO:0021593,rhombomere morphogenesis,1
0,0.854481282,2,17,GO:0021594;GO:0021654,rhombomere formation,1
0,0.663549825,3,103,GO:0021602,cranial nerve morphogenesis,1
0,0.924520082,2,21,GO:0021603,cranial nerve formation,1
0,0.933878224,2,51,GO:0021604,cranial nerve structural organization,1
0,1,4,6,GO:0021622;GO:0021623;GO:0070172,oculomotor nerve morphogenesis,1
0,0.767260554,2,14,GO:0021627,olfactory nerve morphogenesis,1
0,0.831615206,4,23,GO:0021631,optic nerve morphogenesis,1
0,1,2,8,GO:0021633,optic nerve structural organization,1
0,0.765119441,3,7,GO:0021649;GO:1904835,dorsal root ganglion morphogenesis,1
0,1,3,10,GO:0021650,vestibulocochlear nerve formation,1
0,0.765119441,2,7,GO:0021658,rhombomere 3 morphogenesis,1
0,1,7,10,GO:0021661;GO:0016103;GO:0034653,retinoic acid catabolic process,1
0,1,2,6,GO:0021664,rhombomere 5 morphogenesis,1
0,0.717127953,3,313,GO:0021675,nerve development,1
0,0.597977345,3,16,GO:0021679,cerebellar molecular layer development,1
0,0.864372839,2,76,GO:0021680,cerebellar Purkinje cell layer development,1
0,0.656447755,4,52,GO:0021682,nerve maturation,1
0,0.835210547,3,49,GO:0021692;GO:0021694;GO:0021702,cerebellar Purkinje cell layer morphogenesis,1
0,0.693656917,2,1216,GO:0021700,developmental maturation,1
0,1,4,8,GO:0021703,locus ceruleus development,1
0,0.644676965,4,5,GO:0021754,facial nucleus development,1
0,0.916566162,3,12,GO:0021759,globus pallidus development,1
0,0.961508959,4,348,GO:0021761,limbic system development,1
0,1,3,18,GO:0021764,amygdala development,1
0,0.916554748,2,245,GO:0021766,hippocampus development,1
0,1,3,14,GO:0021767,mammillary body development,1
0,0.991817548,2,132,GO:0021772;GO:0021988,olfactory lobe development,1
0,0.729335926,7,13,GO:0021773,striatal medium spiny neuron differentiation,1
0,1,3,17,GO:0021779;GO:0021778;GO:0021780,oligodendrocyte cell fate commitment,1
0,0.988928267,3,41,GO:0021781,glial cell fate commitment,1
0,0.580669164,3,60,GO:0021783;GO:0048486,parasympathetic nervous system development,1
0,1,5,9,GO:0021784,postganglionic parasympathetic fiber development,1
0,0.526854888,2,47,GO:0021794,thalamus development,1
0,0.750747432,2,205,GO:0021795;GO:0022029;GO:0021885,forebrain cell migration,1
0,1,4,24,GO:0021796,cerebral cortex regionalization,1
0,0.597977345,5,16,GO:0021797,forebrain anterior/posterior pattern specification,1
0,0.800467268,3,15,GO:0021798,forebrain dorsal/ventral pattern formation,1
0,0.815608377,2,96,GO:0021799,cerebral cortex radially oriented cell migration,1
0,0.781665952,2,64,GO:0021801;GO:0022030,cerebral cortex radial glia guided migration,1
0,1,3,10,GO:0021814;GO:0021815,cell motility involved in cerebral cortex radial glia guided migration,1
0,1,2,5,GO:0021817,nucleokinesis involved in cell motility in cerebral cortex radial glia guided migration,1
0,0.784251738,3,40,GO:0021819,layer formation in cerebral cortex,1
0,0.8293944,4,16,GO:0021823;GO:0021827;GO:0021836,postnatal olfactory bulb interneuron migration,1
0,0.621168675,2,28,GO:0021825,substrate-dependent cerebral cortex tangential migration,1
0,0.927978985,3,29,GO:0021826;GO:0021830;GO:0021843,substrate-independent telencephalic tangential interneuron migration,1
0,0.844741236,2,9,GO:0021831,embryonic olfactory bulb interneuron precursor migration,1
0,0.561051781,4,81,GO:0021846,cell proliferation in forebrain,1
0,0.809035153,2,8,GO:0021852,pyramidal neuron migration,1
0,0.681111055,3,18,GO:0021853;GO:1904936,cerebral cortex GABAergic interneuron migration,1
0,0.965147003,3,84,GO:0021854,hypothalamus development,1
0,0.717578449,3,19,GO:0021855,hypothalamus cell migration,1
0,0.998744228,4,72,GO:0021871,forebrain regionalization,1
0,1,2,6,GO:0021874,Wnt signaling pathway involved in forebrain neuroblast division,1
0,0.942665246,4,38,GO:0021877,forebrain neuron fate commitment,1
0,0.872404984,2,231,GO:0021879;GO:0021872,forebrain generation of neurons,1
0,1,-1,7,GO:0021882,obsolete regulation of transcription from RNA polymerase II promoter involved in forebrain neuron fate commitment,1
0,0.651770279,6,119,GO:0021884,forebrain neuron development,1
0,0.991348514,4,51,GO:0021889,olfactory bulb interneuron differentiation,1
0,0.966227802,2,34,GO:0021891,olfactory bulb interneuron development,1
0,0.924894919,6,36,GO:0021892;GO:0021894,cerebral cortex GABAergic interneuron differentiation,1
0,1,4,5,GO:0021893;GO:1902871,positive regulation of amacrine cell differentiation,1
0,0.910090822,5,68,GO:0021895,cerebral cortex neuron differentiation,1
0,0.765119441,6,7,GO:0021896;GO:0021897,forebrain astrocyte differentiation,1
0,0.987057965,5,21,GO:0021902,commitment of neuronal cell to specific neuron type in forebrain,1
0,0.87209991,2,89,GO:0021903;GO:0030917,rostrocaudal neural tube patterning,1
0,0.799159346,3,53,GO:0021904,dorsal/ventral neural tube patterning,1
0,1,-1,5,GO:0021912,obsolete regulation of transcription from RNA polymerase II promoter involved in spinal cord motor neuron fate specification,1
0,1,-1,7,GO:0021913,obsolete regulation of transcription from RNA polymerase II promoter involved in ventral spinal cord interneuron specification,1
0,0.927978985,2,29,GO:0021914;GO:0021919,negative regulation of smoothened signaling pathway involved in ventral spinal cord patterning,1
0,0.788334882,2,34,GO:0021932,hindbrain radial glia guided cell migration,1
0,0.838625136,6,30,GO:0021936;GO:0021940,regulation of cerebellar granule cell precursor proliferation,1
0,0.641242789,2,17,GO:0021937,cerebellar Purkinje cell-granule cell precursor cell signaling involved in regulation of granule cell precursor cell proliferation,1
0,0.641242789,3,17,GO:0021942,radial glia guided migration of Purkinje cell,1
0,1,2,14,GO:0021943,formation of radial glial scaffolds,1
0,0.99917474,2,613,GO:0021953,central nervous system neuron differentiation,1
0,0.994917339,4,313,GO:0021954,central nervous system neuron development,1
0,0.996921983,4,169,GO:0021955;GO:0021952,central nervous system neuron axonogenesis,1
0,0.966227802,10,34,GO:0021957,corticospinal tract morphogenesis,1
0,0.966227802,2,34,GO:0021960,anterior commissure morphogenesis,1
0,1,3,12,GO:0021966,corticospinal neuron axon guidance,1
0,1,3,7,GO:0021972,corticospinal neuron axon guidance through spinal cord,1
0,1,2,42,GO:0021978,telencephalon regionalization,1
0,0.71110698,2,6,GO:0021982,pineal gland development,1
0,0.946349804,2,131,GO:0021983,pituitary gland development,1
0,0.995905062,3,47,GO:0021984,adenohypophysis development,1
0,1,2,9,GO:0021985,neurohypophysis development,1
0,0.996214468,3,361,GO:0021987,cerebral cortex development,1
0,0.644676965,4,5,GO:0022009,central nervous system vasculogenesis,1
0,0.953782655,2,54,GO:0022010;GO:0032291,axon ensheathment in central nervous system,1
0,0.853039331,2,24,GO:0022027,interkinetic nuclear migration,1
0,0.688348144,6,36,GO:0022028,tangential migration from the subventricular zone to the olfactory bulb,1
0,0.964969055,2,49,GO:0022038,corpus callosum development,1
0,0.713058554,3,89,GO:0022400,regulation of rhodopsin mediated signaling pathway,1
0,0.999998716,2,2574,GO:0022402,cell cycle process,1
0,0.807089886,2,369,GO:0022406;GO:0140056,membrane docking,1
0,0.761166472,2,793,GO:0022411,cellular component disassembly,1
0,0.87615256,2,18,GO:0022417,protein maturation by protein folding,1
0,1,2,719,GO:0022613,ribonucleoprotein complex biogenesis,1
0,1,3,472,GO:0022618;GO:0071826,ribonucleoprotein complex subunit organization,1
0,0.933342959,2,44,GO:0023019,signal transduction involved in regulation of gene expression,1
0,0.973054824,2,27,GO:0023041,neuronal signal transduction,1
0,0.840562518,2,1942,GO:0030001;GO:0098662;GO:0098655;GO:0098660,cation transmembrane transport,1
0,0.928387509,3,1057,GO:0030031;GO:0120031,cell projection assembly,1
0,0.611946294,2,39,GO:0030033,microvillus assembly,1
0,1,3,6,GO:0030034,microvillar actin bundle assembly,1
0,0.838625136,3,30,GO:0030038;GO:0043149,stress fiber assembly,1
0,0.903623095,7,27,GO:0030042,actin filament depolymerization,1
0,0.807555627,2,22,GO:0030046,parallel actin filament bundle assembly,1
0,0.879073876,6,108,GO:0030049;GO:0033275,actin-myosin filament sliding,1
0,0.932168681,2,13,GO:0030070,insulin processing,1
0,0.84772898,3,152,GO:0030072;GO:0030073,peptide hormone secretion,1
0,0.570667627,3,76,GO:0030101,natural killer cell activation,1
0,0.87615256,2,18,GO:0030157,pancreatic juice secretion,1
0,0.963552111,3,16,GO:0030174,regulation of DNA-dependent DNA replication initiation,1
0,1,2,5,GO:0030185,nitric oxide transport,1
0,1,2,7,GO:0030186,melatonin metabolic process,1
0,1,2,5,GO:0030187,melatonin biosynthetic process,1
0,0.738045156,2,102,GO:0030199,collagen fibril organization,1
0,0.800467268,2,15,GO:0030223,neutrophil differentiation,1
0,0.870384297,4,45,GO:0030237,female sex determination,1
0,0.582626129,3,38,GO:0030238,male sex determination,1
0,0.986720297,3,330,GO:0030239;GO:0045214,myofibril assembly,1
0,0.684470076,2,30,GO:0030240,skeletal muscle thin filament assembly,1
0,0.750716776,2,20,GO:0030259,lipid glycosylation,1
0,0.999849301,2,167,GO:0030261,chromosome condensation,1
0,0.932168681,9,13,GO:0030263,apoptotic chromosome condensation,1
0,0.888899098,2,33,GO:0030277,maintenance of gastrointestinal epithelium,1
0,0.838625136,2,30,GO:0030299;GO:0098856,intestinal lipid absorption,1
0,0.71110698,2,6,GO:0030302,deoxynucleotide transport,1
0,0.999896379,2,170,GO:0030317;GO:0060285;GO:0060294;GO:0097722;GO:0001539,cilium or flagellum-dependent cell motility,1
0,0.888833254,5,26,GO:0030321,transepithelial chloride transport,1
0,0.963857361,4,56,GO:0030322,stabilization of membrane potential,1
0,0.999478791,2,214,GO:0030330;GO:0042770,signal transduction in response to DNA damage,1
0,0.96058779,2,33,GO:0030381,chorion-containing eggshell pattern formation,1
0,0.657238675,2,69,GO:0030421,defecation,1
0,0.987057965,3,21,GO:0030422,production of siRNA involved in RNA interference,1
0,1,4,13,GO:0030423,targeting of mRNA for destruction involved in RNA interference,1
0,0.68608431,2,177,GO:0030431,sleep,1
0,0.550845798,2,26,GO:0030432,peristalsis,1
0,0.843361192,2,169,GO:0030433;GO:0036503,ERAD pathway,1
0,0.809648804,5,35,GO:0030473,nuclear migration along microtubule,1
0,0.993550825,7,35,GO:0030488,tRNA methylation,1
0,0.999990174,2,81,GO:0030490,maturation of SSU-rRNA,1
0,0.694697775,5,133,GO:0030517,negative regulation of axon extension,1
0,0.947845828,2,53,GO:0030520,intracellular estrogen receptor signaling pathway,1
0,0.99128725,2,831,GO:0030534,adult behavior,1
0,0.98507467,2,204,GO:0030537,larval behavior,1
0,0.597977345,3,16,GO:0030538,embryonic genitalia morphogenesis,1
0,0.869547202,2,184,GO:0030539,male genitalia development,1
0,0.9225365,4,76,GO:0030540,female genitalia development,1
0,0.934323633,6,37,GO:0030575,nuclear body organization,1
0,0.897375626,2,11,GO:0030576,Cajal body organization,1
0,0.729335926,2,13,GO:0030578,PML body organization,1
0,0.800467268,2,15,GO:0030579,ubiquitin-dependent SMAD protein catabolic process,1
0,0.963552111,3,16,GO:0030590,first cell cycle pseudocleavage,1
0,0.809035153,2,8,GO:0030638;GO:0030647;GO:0044597;GO:0044598,aminoglycoside antibiotic metabolic process,1
0,1,2,6,GO:0030704;GO:0035803,vitelline membrane formation,1
0,0.998534724,2,71,GO:0030717;GO:0061988,oocyte karyosome formation,1
0,0.838625136,3,30,GO:0030719,P granule organization,1
0,0.567994632,2,32,GO:0030720,oocyte localization involved in germarium-derived egg chamber formation,1
0,1,5,10,GO:0030721,spectrosome organization,1
0,0.552259065,4,37,GO:0030725;GO:0043063,intercellular bridge organization,1
0,0.809035153,2,8,GO:0030726,male germline ring canal formation,1
0,0.954486912,3,47,GO:0030727;GO:0048135,female germ-line cyst formation,1
0,0.918327672,2,107,GO:0030728,ovulation,1
0,1,5,7,GO:0030885,regulation of myeloid dendritic cell activation,1
0,1,2,5,GO:0030887,positive regulation of myeloid dendritic cell activation,1
0,0.818071128,4,29,GO:0030889,negative regulation of B cell proliferation,1
0,0.98381987,3,1229,GO:0030900,forebrain development,1
0,0.85744271,3,159,GO:0030901,midbrain development,1
0,0.684470076,2,30,GO:0030948,negative regulation of vascular endothelial growth factor receptor signaling pathway,1
0,0.971585882,2,43,GO:0030953,astral microtubule organization,1
0,1,3,6,GO:0030954,astral microtubule nucleation,1
0,0.582626129,7,38,GO:0030970;GO:0032527;GO:1903513,protein exit from endoplasmic reticulum,1
0,1,2,5,GO:0030974,thiamine pyrophosphate transmembrane transport,1
0,0.844741236,2,9,GO:0030997,regulation of centriole-centriole cohesion,1
0,0.621797064,6,84,GO:0031000;GO:0036270,response to caffeine,1
0,0.90153296,2,512,GO:0031032,actomyosin structure organization,1
0,0.580992213,4,71,GO:0031034;GO:0031033,myosin filament assembly,1
0,0.71110698,2,6,GO:0031048;GO:0070923,heterochromatin assembly by small RNA,1
0,0.998924523,6,73,GO:0031050;GO:0035196;GO:0070918,dsRNA processing,1
0,0.597977345,2,16,GO:0031053,primary miRNA processing,1
0,0.999747407,2,40,GO:0031054,pre-miRNA processing,1
0,1,4,38,GO:0031055;GO:0034080;GO:0061641,chromatin remodeling at centromere,1
0,0.792039721,2,378,GO:0031056,regulation of histone modification,1
0,0.923259758,2,114,GO:0031057,negative regulation of histone modification,1
0,0.649371549,3,295,GO:0031058;GO:1905269,positive regulation of chromatin organization,1
0,0.99815604,3,174,GO:0031060,regulation of histone methylation,1
0,0.895280936,3,60,GO:0031061,negative regulation of histone methylation,1
0,0.999759912,4,100,GO:0031062,positive regulation of histone methylation,1
0,0.71110698,2,6,GO:0031064,negative regulation of histone deacetylation,1
0,0.955785728,3,75,GO:0031069,hair follicle morphogenesis,1
0,0.681111055,3,18,GO:0031077,post-embryonic camera-type eye development,1
0,0.767260554,3,14,GO:0031087,deadenylation-independent decapping of nuclear-transcribed mRNA,1
0,0.998682687,5,156,GO:0031109,microtubule polymerization or depolymerization,1
0,0.874315747,3,266,GO:0031110,regulation of microtubule polymerization or depolymerization,1
0,0.604267255,3,149,GO:0031111,negative regulation of microtubule polymerization or depolymerization,1
0,0.980731847,4,110,GO:0031112;GO:0031116,positive regulation of microtubule polymerization or depolymerization,1
0,0.999143004,6,167,GO:0031113,regulation of microtubule polymerization,1
0,0.995342197,2,55,GO:0031115,negative regulation of microtubule polymerization,1
0,0.897375626,2,11,GO:0031117,positive regulation of microtubule depolymerization,1
0,1,3,14,GO:0031118,rRNA pseudouridine synthesis,1
0,1,3,11,GO:0031119,tRNA pseudouridine synthesis,1
0,1,2,7,GO:0031120,snRNA pseudouridine synthesis,1
0,0.569411576,3,163,GO:0031122,cytoplasmic microtubule organization,1
0,0.999999999,6,241,GO:0031123,RNA 3'-end processing,1
0,0.999997863,2,166,GO:0031124,mRNA 3'-end processing,1
0,1,2,18,GO:0031125,rRNA 3'-end processing,1
0,1,2,19,GO:0031126;GO:0043144,sno(s)RNA processing,1
0,0.983665865,2,91,GO:0031128,developmental induction,1
0,1,2,7,GO:0031133,regulation of axon diameter,1
0,0.644676965,4,5,GO:0031134,sister chromatid biorientation,1
0,0.997914372,8,77,GO:0031145,anaphase-promoting complex-dependent catabolic process,1
0,0.963552111,3,16,GO:0031161,phosphatidylinositol catabolic process,1
0,1,2,31,GO:0031167,rRNA methylation,1
0,0.765119441,4,7,GO:0031179,peptide modification,1
0,0.988928267,2,41,GO:0031223,auditory behavior,1
0,0.944853922,4,14,GO:0031268,pseudopodium organization,1
0,0.893962824,2,128,GO:0031279;GO:0051339,regulation of cyclase activity,1
0,0.872798023,2,58,GO:0031281;GO:0051349,positive regulation of cyclase activity,1
0,0.681646333,3,24,GO:0031282;GO:0031284,regulation of guanylate cyclase activity,1
0,0.765119441,3,7,GO:0031291,Ran protein signal transduction,1
0,0.999913104,2,58,GO:0031297;GO:0045005,DNA-dependent DNA replication maintenance of fidelity,1
0,0.800467268,2,15,GO:0031335,regulation of sulfur amino acid metabolic process,1
0,0.78113724,2,52,GO:0031365,N-terminal protein amino acid modification,1
0,0.853039331,5,24,GO:0031392;GO:2001279;GO:0031394;GO:2001280,regulation of prostaglandin biosynthetic process,1
0,1,2,5,GO:0031393,negative regulation of prostaglandin biosynthetic process,1
0,0.644676965,2,5,GO:0031427,response to methotrexate,1
0,0.996813137,4,82,GO:0031440,regulation of mRNA 3'-end processing,1
0,0.989478985,4,22,GO:0031441;GO:1900364,negative regulation of mRNA 3'-end processing,1
0,1,3,21,GO:0031442,positive regulation of mRNA 3'-end processing,1
0,0.765119441,7,7,GO:0031446;GO:0031448,regulation of fast-twitch skeletal muscle fiber contraction,1
0,1,6,7,GO:0031449,regulation of slow-twitch skeletal muscle fiber contraction,1
0,0.8293944,2,16,GO:0031452;GO:0045798;GO:0120262,negative regulation of heterochromatin assembly,1
0,0.900351212,6,54,GO:0031468,nuclear envelope reassembly,1
0,1,2,507,GO:0031503,protein-containing complex localization,1
0,1,3,5,GO:0031508;GO:0140462,pericentric heterochromatin organization,1
0,0.86341992,2,38,GO:0031536,positive regulation of exit from mitosis,1
0,1,5,13,GO:0031547,brain-derived neurotrophic factor receptor signaling pathway,1
0,1,2,6,GO:0031548,regulation of brain-derived neurotrophic factor receptor signaling pathway,1
0,1,3,6,GO:0031583,phospholipase D-activating G protein-coupled receptor signaling pathway,1
0,0.977396794,2,28,GO:0031620;GO:0031622,regulation of fever generation,1
0,1,4,7,GO:0031627;GO:1904533;GO:1905777,telomeric loop formation,1
0,0.647158434,3,23,GO:0031630,regulation of synaptic vesicle fusion to presynaptic active zone membrane,1
0,0.901649903,5,398,GO:0031644,regulation of nervous system process,1
0,0.894899847,2,79,GO:0031645,negative regulation of nervous system process,1
0,0.84710803,3,37,GO:0031650;GO:0031652,regulation of heat generation,1
0,1,2,9,GO:0031848,protection from non-homologous end joining at telomere,1
0,1,2,5,GO:0031860,telomeric 3' overhang formation,1
0,0.551416908,5,15,GO:0031887,lipid droplet transport along microtubule,1
0,0.84710803,4,37,GO:0031915,positive regulation of synaptic plasticity,1
0,0.998824351,2,105,GO:0031935,regulation of chromatin silencing,1
0,0.978915402,3,37,GO:0031936,negative regulation of chromatin silencing,1
0,0.994624412,2,36,GO:0031937,positive regulation of chromatin silencing,1
0,0.681646333,3,24,GO:0031943;GO:0031946,regulation of glucocorticoid metabolic process,1
0,1,2,6,GO:0031989,bombesin receptor signaling pathway,1
0,1,4,10,GO:0031990,mRNA export from nucleus in response to heat stress,1
0,1,2,12,GO:0031991,regulation of actomyosin contractile ring contraction,1
0,0.743301432,2,26,GO:0032012,regulation of ARF protein signal transduction,1
0,0.551416908,2,15,GO:0032014,positive regulation of ARF protein signal transduction,1
0,0.974340179,2,80,GO:0032026,response to magnesium ion,1
0,0.99540547,3,26,GO:0032042,mitochondrial DNA metabolic process,1
0,0.854481282,2,17,GO:0032048,cardiolipin metabolic process,1
0,0.637737487,4,11,GO:0032049,cardiolipin biosynthetic process,1
0,0.800467268,2,15,GO:0032074,negative regulation of nuclease activity,1
0,0.992935321,3,91,GO:0032094,response to food,1
0,0.982022558,2,38,GO:0032095;GO:0032098,regulation of appetite,1
0,0.621168675,5,28,GO:0032096;GO:0032108;GO:0032105;GO:0032099,negative regulation of response to nutrient levels,1
0,1,2,8,GO:0032097;GO:0032100,positive regulation of response to food,1
0,1,7,11,GO:0032106;GO:0032109,positive regulation of response to nutrient levels,1
0,0.914724416,5,42,GO:0032107;GO:0032104,regulation of response to extracellular stimulus,1
0,0.765119441,4,7,GO:0032119,sequestering of zinc ion,1
0,1,4,5,GO:0032185,septin cytoskeleton organization,1
0,1,4,36,GO:0032201,telomere maintenance via semi-conservative replication,1
0,0.99999925,4,146,GO:0032204,regulation of telomere maintenance,1
0,0.998760313,2,54,GO:0032205,negative regulation of telomere maintenance,1
0,0.999973333,3,86,GO:0032206,positive regulation of telomere maintenance,1
0,0.999984302,3,99,GO:0032210;GO:1904356,regulation of telomere maintenance via telomere lengthening,1
0,0.997532028,2,29,GO:0032211,negative regulation of telomere maintenance via telomerase,1
0,0.997892375,3,60,GO:0032212;GO:1904358,positive regulation of telomere maintenance via telomere lengthening,1
0,0.854481282,3,17,GO:0032237;GO:1901341,positive regulation of store-operated calcium channel activity,1
0,0.998521024,2,43,GO:0032239;GO:0046831,regulation of nucleobase-containing compound transport,1
0,0.987057965,4,21,GO:0032241;GO:0046833,positive regulation of nucleobase-containing compound transport,1
0,0.713692873,3,25,GO:0032253;GO:0099519;GO:1901950,dense core granule localization,1
0,0.932168681,4,13,GO:0032274,gonadotropin secretion,1
0,1,2,9,GO:0032275;GO:0046884,luteinizing hormone secretion,1
0,0.982022558,2,38,GO:0032276,regulation of gonadotropin secretion,1
0,0.994348019,4,25,GO:0032277,negative regulation of gonadotropin secretion,1
0,0.927978985,3,29,GO:0032278;GO:0046880;GO:0046881,regulation of follicle-stimulating hormone secretion,1
0,0.916566162,5,12,GO:0032286,central nervous system myelin maintenance,1
0,0.809035153,5,8,GO:0032289,central nervous system myelin formation,1
0,0.644676965,5,5,GO:0032290,peripheral nervous system myelin formation,1
0,0.595485666,2,44,GO:0032305;GO:0032306;GO:0032308,positive regulation of icosanoid secretion,1
0,0.954070636,2,32,GO:0032309;GO:0050482;GO:1903963,icosanoid secretion,1
0,0.610274031,2,22,GO:0032328,alanine transport,1
0,0.87615256,3,18,GO:0032344;GO:0032347,regulation of aldosterone metabolic process,1
0,1,2,6,GO:0032346;GO:0032349,positive regulation of aldosterone metabolic process,1
0,0.667069237,2,41,GO:0032351;GO:0032353,negative regulation of hormone metabolic process,1
0,0.765203568,4,33,GO:0032366;GO:0032367,intracellular sterol transport,1
0,0.750716776,4,20,GO:0032372;GO:0032375,negative regulation of sterol transport,1
0,0.554486857,2,297,GO:0032411;GO:0032414,positive regulation of transporter activity,1
0,0.765119441,5,7,GO:0032423,regulation of mismatch repair,1
0,0.807555627,2,22,GO:0032429,regulation of phospholipase A2 activity,1
0,0.955167254,7,15,GO:0032430,positive regulation of phospholipase A2 activity,1
0,1,2,8,GO:0032431,activation of phospholipase A2 activity,1
0,0.633527521,2,533,GO:0032434;GO:0061136;GO:2000058,regulation of proteasomal protein catabolic process,1
0,0.99964305,2,80,GO:0032435,negative regulation of proteasomal ubiquitin-dependent protein catabolic process,1
0,0.640119961,3,40,GO:0032461,positive regulation of protein oligomerization,1
0,0.854481282,2,17,GO:0032464,positive regulation of protein homooligomerization,1
0,0.826322867,2,236,GO:0032465,regulation of cytokinesis,1
0,0.767260554,2,14,GO:0032466,negative regulation of cytokinesis,1
0,0.793624641,3,106,GO:0032467,positive regulation of cytokinesis,1
0,1,2,8,GO:0032470;GO:1903515,calcium ion transport from cytosol to endoplasmic reticulum,1
0,0.800467268,2,15,GO:0032471,negative regulation of endoplasmic reticulum calcium ion concentration,1
0,1,3,5,GO:0032484,Ral protein signal transduction,1
0,0.551416908,2,15,GO:0032489,regulation of Cdc42 protein signal transduction,1
0,0.998221357,2,117,GO:0032508;GO:0032392,DNA geometric change,1
0,0.831615206,2,23,GO:0032510,endosome to lysosome transport via multivesicular body sorting pathway,1
0,0.575549476,2,109,GO:0032515;GO:0035308,negative regulation of protein dephosphorylation,1
0,0.924542525,4,43,GO:0032516,positive regulation of phosphoprotein phosphatase activity,1
0,0.621168675,2,28,GO:0032530,regulation of microvillus organization,1
0,0.873772159,3,10,GO:0032532,regulation of microvillus length,1
0,0.980416897,2,19,GO:0032536,regulation of cell projection size,1
0,0.551416908,2,15,GO:0032606,type I interferon production,1
0,1,6,7,GO:0032607,interferon-alpha production,1
0,0.999529626,2,37,GO:0032609,interferon-gamma production,1
0,0.809648804,4,35,GO:0032611;GO:0032612,interleukin-1 production,1
0,1,2,6,GO:0032621,interleukin-18 production,1
0,0.944853922,3,14,GO:0032633,interleukin-4 production,1
0,0.800467268,2,15,GO:0032635,interleukin-6 production,1
0,0.71110698,3,6,GO:0032641,lymphotoxin A production,1
0,0.910818511,2,20,GO:0032650;GO:0032730,regulation of interleukin-1 alpha production,1
0,0.795405501,2,28,GO:0032660;GO:0032700,regulation of interleukin-17 production,1
0,0.916566162,2,12,GO:0032667,regulation of interleukin-23 production,1
0,0.975911184,4,18,GO:0032696;GO:0032714,negative regulation of interleukin-13 production,1
0,0.84710803,4,37,GO:0032703,negative regulation of interleukin-2 production,1
0,1,4,6,GO:0032707,negative regulation of interleukin-23 production,1
0,0.684470076,2,30,GO:0032717,negative regulation of interleukin-8 production,1
0,0.604256353,4,61,GO:0032728,positive regulation of interferon-beta production,1
0,0.932168681,3,13,GO:0032740,positive regulation of interleukin-17 production,1
0,0.765119441,3,7,GO:0032741,positive regulation of interleukin-18 production,1
0,0.71110698,9,6,GO:0032762;GO:1904341;GO:1904343,regulation of colon smooth muscle contraction,1
0,0.684470076,2,30,GO:0032769,negative regulation of monooxygenase activity,1
0,1,8,13,GO:0032776,DNA methylation on cytosine,1
0,0.581025676,5,49,GO:0032780,negative regulation of ATPase activity,1
0,0.964294218,3,180,GO:0032781,positive regulation of ATPase activity,1
0,0.637737487,2,11,GO:0032782,bile acid secretion,1
0,1,2,13,GO:0032790,ribosome disassembly,1
0,0.932168681,-1,13,GO:0032800,obsolete receptor biosynthetic process,1
0,0.765119441,4,7,GO:0032804;GO:2000645,negative regulation of low-density lipoprotein particle receptor catabolic process,1
0,0.729335926,2,13,GO:0032847,regulation of cellular pH reduction,1
0,1,7,9,GO:0032849,positive regulation of cellular pH reduction,1
0,0.914724416,3,42,GO:0032875,regulation of DNA endoreduplication,1
0,0.910818511,3,20,GO:0032876,negative regulation of DNA endoreduplication,1
0,0.551416908,2,15,GO:0032877,positive regulation of DNA endoreduplication,1
0,0.541515563,4,699,GO:0032886;GO:0070507,regulation of microtubule-based process,1
0,0.554273495,3,48,GO:0032887;GO:0032888,regulation of spindle elongation,1
0,0.627766542,4,112,GO:0032892,positive regulation of organic acid transport,1
0,1,3,5,GO:0032898;GO:0032902,nerve growth factor production,1
0,0.844741236,4,9,GO:0032899,regulation of neurotrophin production,1
0,0.809035153,4,8,GO:0032917;GO:0032918,polyamine acetylation,1
0,0.681646333,4,24,GO:0032927,positive regulation of activin receptor signaling pathway,1
0,0.822940755,4,42,GO:0032941,secretion by tissue,1
0,0.641242789,4,17,GO:0032957,inositol trisphosphate metabolic process,1
0,0.963552111,2,16,GO:0032960;GO:0032962,regulation of inositol trisphosphate biosynthetic process,1
0,1,3,8,GO:0032971,regulation of muscle filament sliding,1
0,1,2,12,GO:0032980,keratinocyte activation,1
0,0.914043969,2,470,GO:0032984,protein-containing complex disassembly,1
0,0.998674419,2,32,GO:0032988,ribonucleoprotein complex disassembly,1
0,0.556494126,2,59,GO:0033002,muscle cell proliferation,1
0,0.844741236,2,9,GO:0033029;GO:0033031,regulation of neutrophil apoptotic process,1
0,0.999977642,2,885,GO:0033044,regulation of chromosome organization,1
0,0.998193935,3,94,GO:0033046;GO:0051985,negative regulation of chromosome segregation,1
0,0.936031757,3,208,GO:0033047,regulation of mitotic sister chromatid segregation,1
0,0.995774552,4,64,GO:0033048,negative regulation of mitotic sister chromatid segregation,1
0,0.993240612,2,44,GO:0033058,directional locomotion,1
0,0.910818511,6,20,GO:0033085,negative regulation of T cell differentiation in thymus,1
0,0.583462932,3,10,GO:0033087;GO:0033088,negative regulation of immature T cell proliferation in thymus,1
0,0.844102282,5,134,GO:0033108,mitochondrial respiratory chain complex assembly,1
0,0.999984966,2,118,GO:0033119;GO:0048025;GO:0050686,negative regulation of mRNA processing,1
0,0.999822109,2,102,GO:0033120,positive regulation of RNA splicing,1
0,0.767260554,2,14,GO:0033128,negative regulation of histone phosphorylation,1
0,0.844741236,4,9,GO:0033132;GO:1903300,negative regulation of glucokinase activity,1
0,0.702703578,2,77,GO:0033137,negative regulation of peptidyl-serine phosphorylation,1
0,1,2,21,GO:0033139;GO:0033141,regulation of peptidyl-serine phosphorylation of STAT protein,1
0,0.925719449,6,50,GO:0033145,positive regulation of intracellular steroid hormone receptor signaling pathway,1
0,0.621797064,3,84,GO:0033146,regulation of intracellular estrogen receptor signaling pathway,1
0,0.765203568,2,33,GO:0033147,negative regulation of intracellular estrogen receptor signaling pathway,1
0,0.529794593,2,20,GO:0033148,positive regulation of intracellular estrogen receptor signaling pathway,1
0,0.740201537,3,32,GO:0033151,V(D)J recombination,1
0,0.981057373,2,29,GO:0033169,histone H3-K9 demethylation,1
0,0.987057965,2,21,GO:0033182,regulation of histone ubiquitination,1
0,1,4,6,GO:0033183;GO:1901314;GO:1901315,regulation of histone H2A K63-linked ubiquitination,1
0,0.955167254,3,15,GO:0033184,positive regulation of histone ubiquitination,1
0,0.944853922,4,14,GO:0033210,leptin-mediated signaling pathway,1
0,0.91946777,2,56,GO:0033233,regulation of protein sumoylation,1
0,0.944853922,2,14,GO:0033234,negative regulation of protein sumoylation,1
0,0.762631971,2,39,GO:0033235,positive regulation of protein sumoylation,1
0,0.597977345,6,16,GO:0033239;GO:0045914;GO:0045963,negative regulation of cellular amine metabolic process,1
0,1,2,51,GO:0033260,nuclear DNA replication,1
0,0.934323633,6,37,GO:0033262,regulation of nuclear cell cycle DNA replication,1
0,0.955167254,2,15,GO:0033278,cell proliferation in midbrain,1
0,0.975911184,3,18,GO:0033292,T-tubule organization,1
0,0.831810152,2,55,GO:0033301;GO:0035186,cell cycle comprising mitosis without cytokinesis,1
0,0.944853922,2,14,GO:0033313,meiotic cell cycle checkpoint,1
0,0.681111055,4,18,GO:0033314,mitotic DNA replication checkpoint,1
0,1,7,6,GO:0033316;GO:0044779;GO:1902103;GO:1905133,negative regulation of metaphase/anaphase transition of meiotic cell cycle,1
0,0.765119441,2,7,GO:0033326,cerebrospinal fluid secretion,1
0,0.829213427,3,36,GO:0033327,Leydig cell differentiation,1
0,0.583462932,3,10,GO:0033336;GO:0035143,caudal fin development,1
0,0.818086395,2,108,GO:0033363,secretory granule organization,1
0,0.999386347,2,1527,GO:0033365,protein localization to organelle,1
0,0.71110698,2,6,GO:0033484,nitric oxide homeostasis,1
0,0.942665246,3,38,GO:0033504,floor plate development,1
0,0.987057965,6,21,GO:0033523,histone H2B ubiquitination,1
0,0.809035153,2,8,GO:0033552,response to vitamin B3,1
0,0.613474465,2,248,GO:0033555,multicellular organismal response to stress,1
0,0.91946777,3,56,GO:0033561;GO:0061436,regulation of water loss via skin,1
0,1,2,8,GO:0033566,gamma-tubulin complex localization,1
0,0.549017708,2,140,GO:0033574,response to testosterone,1
0,1,6,5,GO:0033577,protein glycosylation in endoplasmic reticulum,1
0,0.932168681,2,13,GO:0033600,negative regulation of mammary gland epithelial cell proliferation,1
0,0.970369038,6,17,GO:0033602,negative regulation of dopamine secretion,1
0,0.927978985,2,29,GO:0033603,positive regulation of dopamine secretion,1
0,0.960042324,2,48,GO:0033604,negative regulation of catecholamine secretion,1
0,0.998250108,3,52,GO:0033605,positive regulation of catecholamine secretion,1
0,1,2,6,GO:0033615;GO:0043461,proton-transporting ATP synthase complex assembly,1
0,0.800467268,2,15,GO:0033622,integrin activation,1
0,1,7,6,GO:0033624;GO:0032690,negative regulation of integrin activation,1
0,0.936216527,2,22,GO:0033631,cell-cell adhesion mediated by integrin,1
0,0.529794593,2,20,GO:0033632,regulation of cell-cell adhesion mediated by integrin,1
0,0.980416897,2,19,GO:0033684,regulation of luteinizing hormone secretion,1
0,1,2,10,GO:0033685,negative regulation of luteinizing hormone secretion,1
0,0.844741236,2,9,GO:0033686,positive regulation of luteinizing hormone secretion,1
0,0.809035153,3,8,GO:0033687,osteoblast proliferation,1
0,0.87615256,3,18,GO:0033700,phospholipid efflux,1
0,0.942665246,6,38,GO:0033962,P-body assembly,1
0,0.644676965,5,5,GO:0033986,response to methanol,1
0,0.583462932,3,10,GO:0034036;GO:0050428,3'-phosphoadenosine 5'-phosphosulfate biosynthetic process,1
0,0.534584587,3,31,GO:0034059,response to anoxia,1
0,0.984139529,6,30,GO:0034063,stress granule assembly,1
0,0.809035153,2,8,GO:0034085;GO:0071921,establishment of sister chromatid cohesion,1
0,0.955167254,3,15,GO:0034086;GO:0034088,maintenance of sister chromatid cohesion,1
0,0.924520082,5,21,GO:0034091;GO:0034182,regulation of maintenance of mitotic sister chromatid cohesion,1
0,0.932168681,2,13,GO:0034092;GO:0034183;GO:1904907;GO:1904908,negative regulation of maintenance of sister chromatid cohesion,1
0,0.809035153,2,8,GO:0034093;GO:0034184,positive regulation of maintenance of sister chromatid cohesion,1
0,0.85719268,2,31,GO:0034116,positive regulation of heterotypic cell-cell adhesion,1
0,0.982022558,2,38,GO:0034124,regulation of MyD88-dependent toll-like receptor signaling pathway,1
0,0.809035153,7,8,GO:0034125,negative regulation of MyD88-dependent toll-like receptor signaling pathway,1
0,0.954645761,2,24,GO:0034126,positive regulation of MyD88-dependent toll-like receptor signaling pathway,1
0,1,2,7,GO:0034127,regulation of MyD88-independent toll-like receptor signaling pathway,1
0,1,4,5,GO:0034128,negative regulation of MyD88-independent toll-like receptor signaling pathway,1
0,0.637737487,5,11,GO:0034163;GO:0034165,positive regulation of toll-like receptor 9 signaling pathway,1
0,1,5,10,GO:0034196;GO:0034197,acylglycerol transport,1
0,0.924520082,6,21,GO:0034199,activation of protein kinase A activity,1
0,0.973054824,2,27,GO:0034214,protein hexamerization,1
0,0.577790017,2,2462,GO:0034220;GO:0055085,transmembrane transport,1
0,1,3,8,GO:0034309;GO:0032341;GO:0032342;GO:0034650;GO:0034651;GO:1902645,primary alcohol biosynthetic process,1
0,0.644676965,2,5,GO:0034310,primary alcohol catabolic process,1
0,0.621168675,2,28,GO:0034349,glial cell apoptotic process,1
0,0.71110698,2,6,GO:0034352,positive regulation of glial cell apoptotic process,1
0,0.762631971,2,39,GO:0034367;GO:0034368;GO:0034369,protein-containing complex remodeling,1
0,0.583462932,2,10,GO:0034370;GO:0034372,triglyceride-rich lipoprotein particle remodeling,1
0,0.767260554,2,14,GO:0034374,low-density lipoprotein particle remodeling,1
0,0.782062241,3,46,GO:0034389,lipid droplet organization,1
0,0.895280936,8,60,GO:0034391,regulation of smooth muscle cell apoptotic process,1
0,0.916609206,2,28,GO:0034392,negative regulation of smooth muscle cell apoptotic process,1
0,0.621168675,3,28,GO:0034393,positive regulation of smooth muscle cell apoptotic process,1
0,1,5,19,GO:0034397;GO:0045141;GO:0090220,telomere localization,1
0,1,2,10,GO:0034398;GO:0044821;GO:0070197,telomere tethering at nuclear periphery,1
0,1,3,5,GO:0034421,post-translational protein acetylation,1
0,0.991447187,2,23,GO:0034454,microtubule anchoring at centrosome,1
0,0.597977345,2,16,GO:0034465,response to carbon monoxide,1
0,1,6,492,GO:0034470,ncRNA processing,1
0,1,4,10,GO:0034475,U4 snRNA 3'-end processing,1
0,0.743301432,4,26,GO:0034497,protein localization to phagophore assembly site,1
0,0.99999998,5,168,GO:0034502,protein localization to chromosome,1
0,0.996839061,3,432,GO:0034504,protein localization to nucleus,1
0,1,4,49,GO:0034508,centromere complex assembly,1
0,0.873772159,4,10,GO:0034514,mitochondrial unfolded protein response,1
0,1,3,5,GO:0034552;GO:0034553,respiratory chain complex II assembly,1
0,0.994348019,3,25,GO:0034587,piRNA metabolic process,1
0,0.74431282,3,148,GO:0034605,cellular response to heat,1
0,0.729335926,4,13,GO:0034606,response to hermaphrodite contact,1
0,1,5,10,GO:0034607;GO:0035178,turning behavior involved in mating,1
0,0.809035153,5,8,GO:0034608,vulval location,1
0,1,2,1647,GO:0034622,cellular protein-containing complex assembly,1
0,0.970369038,6,17,GO:0034633;GO:0046865;GO:0046864;GO:0071938,terpenoid transport,1
0,0.686279731,2,12,GO:0034638,phosphatidylcholine catabolic process,1
0,0.76076184,2,92,GO:0034643;GO:0051654;GO:0047497,establishment of mitochondrion localization,1
0,0.976081506,2,179,GO:0034644,cellular response to UV,1
0,0.999098203,3,973,GO:0034655;GO:0019439;GO:0044270;GO:0046700;GO:1901361,organic cyclic compound catabolic process,1
0,1,2,761,GO:0034660,ncRNA metabolic process,1
0,0.989923814,2,50,GO:0034661,ncRNA catabolic process,1
0,1,5,6,GO:0034672,anterior/posterior pattern specification involved in pronephros development,1
0,1,4,5,GO:0034696,response to prostaglandin F,1
0,0.610274031,8,22,GO:0034720,histone H3-K4 demethylation,1
0,0.999999401,3,241,GO:0034728,nucleosome organization,1
0,0.542917137,3,538,GO:0034767;GO:0034764,positive regulation of transmembrane transport,1
0,0.534584587,5,31,GO:0034776,response to histamine,1
0,0.765119441,5,7,GO:0034970;GO:0034971,histone H3-R17 methylation,1
0,0.740201537,3,32,GO:0034975,protein folding in endoplasmic reticulum,1
0,1,4,19,GO:0034982,mitochondrial protein processing,1
0,0.983722955,4,84,GO:0035020,regulation of Rac protein signal transduction,1
0,0.946555173,2,31,GO:0035021,negative regulation of Rac protein signal transduction,1
0,0.688348144,2,36,GO:0035022,positive regulation of Rac protein signal transduction,1
0,0.611946294,4,39,GO:0035026;GO:0046663,leading edge cell differentiation,1
0,0.987057965,2,21,GO:0035039;GO:0035041,male pronucleus assembly,1
0,0.838625136,2,30,GO:0035046,pronuclear migration,1
0,1,2,6,GO:0035047,centrosomal and pronuclear rotation,1
0,0.537466538,2,360,GO:0035050,embryonic heart tube development,1
0,0.844741236,2,9,GO:0035054,embryonic heart tube anterior/posterior pattern specification,1
0,0.809035153,7,8,GO:0035063,nuclear speck organization,1
0,0.956239479,2,95,GO:0035075,response to ecdysone,1
0,0.997856023,2,41,GO:0035076;GO:0071390,cellular response to ecdysone,1
0,1,2,140,GO:0035082,axoneme assembly,1
0,1,2,6,GO:0035087,siRNA loading onto RISC involved in RNA interference,1
0,0.989478985,2,22,GO:0035092,sperm chromatin condensation,1
0,0.621797064,4,84,GO:0035099,hemocyte migration,1
0,0.644676965,2,5,GO:0035103,sterol regulatory element binding protein cleavage,1
0,0.567209995,2,152,GO:0035112,genitalia morphogenesis,1
0,1,5,8,GO:0035127;GO:0035128;GO:1901580;GO:1901581;GO:1901582,regulation of telomeric RNA transcription from RNA pol II promoter,1
0,0.998866578,2,113,GO:0035136;GO:0035115,forelimb morphogenesis,1
0,0.695936819,5,88,GO:0035166;GO:0035167,post-embryonic hemopoiesis,1
0,0.631041946,2,34,GO:0035172,hemocyte proliferation,1
0,0.988970102,2,182,GO:0035176;GO:0051703,social behavior,1
0,0.641242789,2,17,GO:0035188,hatching,1
0,0.910818511,2,20,GO:0035190,syncytial nuclear migration,1
0,0.71110698,3,6,GO:0035191,nuclear axial expansion,1
0,0.71110698,4,6,GO:0035193,larval central nervous system remodeling,1
0,0.99662039,2,119,GO:0035195,gene silencing by miRNA,1
0,0.809648804,2,35,GO:0035202,tracheal pit formation in open tracheal system,1
0,0.581025676,3,49,GO:0035203;GO:0045613,regulation of plasmatocyte differentiation,1
0,0.611946294,4,39,GO:0035204;GO:0045614;GO:0045611,negative regulation of hemocyte differentiation,1
0,1,2,14,GO:0035207,negative regulation of hemocyte proliferation,1
0,0.946178558,2,23,GO:0035213;GO:0048728,clypeo-labral disc development,1
0,0.714687965,5,37,GO:0035221;GO:0035224,genital disc pattern formation,1
0,0.909452799,4,87,GO:0035235,ionotropic glutamate receptor signaling pathway,1
0,0.916609206,2,28,GO:0035247;GO:0034969,histone arginine methylation,1
0,0.644676965,3,5,GO:0035260,internal genitalia morphogenesis,1
0,1,3,13,GO:0035261,external genitalia morphogenesis,1
0,0.980416897,2,19,GO:0035263,genital disc sexually dimorphic development,1
0,1,2,8,GO:0035271,ring gland development,1
0,1,5,29,GO:0035278;GO:0040033;GO:0045974,miRNA mediated inhibition of translation,1
0,0.932168681,2,13,GO:0035279;GO:0098795,mRNA cleavage involved in gene silencing by miRNA,1
0,1,2,15,GO:0035280,miRNA loading onto RISC involved in gene silencing by miRNA,1
0,0.914724416,4,42,GO:0035289,posterior head segmentation,1
0,0.607021301,5,50,GO:0035290,trunk segmentation,1
0,0.787490775,3,88,GO:0035307,positive regulation of protein dephosphorylation,1
0,0.827176125,2,73,GO:0035309,wing and notum subfield formation,1
0,0.975299853,5,36,GO:0035310,notum cell fate specification,1
0,0.809035153,2,8,GO:0035311,wing cell fate specification,1
0,1,2,5,GO:0035350;GO:0015883,FAD transmembrane transport,1
0,0.910818511,2,20,GO:0035358;GO:0035360,regulation of peroxisome proliferator activated receptor signaling pathway,1
0,0.713692873,3,25,GO:0035372,protein localization to microtubule,1
0,0.729335926,2,13,GO:0035377,transepithelial water transport,1
0,0.644676965,4,5,GO:0035378,carbon dioxide transmembrane transport,1
0,0.96058779,3,33,GO:0035385,Roundabout signaling pathway,1
0,0.713692873,3,25,GO:0035404;GO:0043987,histone-serine phosphorylation,1
0,0.529794593,3,20,GO:0035405,histone-threonine phosphorylation,1
0,0.94678353,3,247,GO:0035418;GO:1902414,protein localization to cell junction,1
0,0.597977345,3,16,GO:0035437;GO:0006621,maintenance of protein localization in endoplasmic reticulum,1
0,0.897375626,4,11,GO:0035441,cell migration involved in vasculogenesis,1
0,1,5,5,GO:0035442;GO:0042938,dipeptide transmembrane transport,1
0,0.750716776,3,20,GO:0035457,cellular response to interferon-alpha,1
0,0.723398078,2,55,GO:0035461,vitamin transmembrane transport,1
0,1,2,7,GO:0035474,selective angioblast sprouting,1
0,0.963552111,3,16,GO:0035480;GO:0035481,regulation of Notch signaling pathway involved in heart induction,1
0,1,4,11,GO:0035482;GO:0035483,gastric motility,1
0,0.910818511,3,20,GO:0035493,SNARE complex assembly,1
0,0.844741236,2,9,GO:0035502,metanephric part of ureteric bud development,1
0,0.838625136,2,30,GO:0035510,DNA dealkylation,1
0,0.963552111,3,16,GO:0035520,monoubiquitinated protein deubiquitination,1
0,0.844741236,8,9,GO:0035521;GO:0035522,monoubiquitinated histone deubiquitination,1
0,1,3,10,GO:0035523,protein K29-linked deubiquitination,1
0,0.762902002,2,57,GO:0035561,regulation of chromatin binding,1
0,0.681646333,4,24,GO:0035562,negative regulation of chromatin binding,1
0,0.586826143,4,27,GO:0035563,positive regulation of chromatin binding,1
0,0.809035153,2,8,GO:0035564,regulation of kidney size,1
0,1,5,5,GO:0035566,regulation of metanephros size,1
0,0.71110698,7,6,GO:0035574,histone H4-K20 demethylation,1
0,0.854481282,4,17,GO:0035581,sequestering of extracellular ligand from receptor,1
0,0.72006575,5,49,GO:0035584,calcium-mediated signaling using intracellular calcium source,1
0,0.844741236,4,9,GO:0035589,G protein-coupled purinergic nucleotide receptor signaling pathway,1
0,0.607021301,3,50,GO:0035590,purinergic nucleotide receptor signaling pathway,1
0,1,3,10,GO:0035608;GO:0035610,protein deglutamylation,1
0,1,2,6,GO:0035609,C-terminal protein deglutamylation,1
0,1,2,8,GO:0035616,histone H2B conserved C-terminal lysine deubiquitination,1
0,0.853039331,3,24,GO:0035617;GO:0098935;GO:0098937;GO:0098957,dendritic transport,1
0,0.844741236,5,9,GO:0035630,bone mineralization involved in bone maturation,1
0,0.597977345,2,16,GO:0035633,maintenance of blood-brain barrier,1
0,0.888992397,2,355,GO:0035637,multicellular organismal signaling,1
0,0.799086312,2,77,GO:0035640,exploration behavior,1
0,0.554273495,3,48,GO:0035641,locomotory exploration behavior,1
0,0.644676965,4,5,GO:0035668;GO:0035669,TRAM-dependent toll-like receptor signaling pathway,1
0,0.767260554,5,14,GO:0035675;GO:0048886,neuromast hair cell differentiation,1
0,0.71110698,2,6,GO:0035677,posterior lateral line neuromast hair cell development,1
0,0.844741236,2,9,GO:0035694,mitochondrial protein catabolic process,1
0,1,2,13,GO:0035720,intraciliary anterograde transport,1
0,1,5,20,GO:0035721,intraciliary retrograde transport,1
0,0.800467268,3,15,GO:0035726,common myeloid progenitor cell proliferation,1
0,0.714687965,3,37,GO:0035728;GO:0035729,response to hepatocyte growth factor,1
0,1,4,6,GO:0035733,hepatic stellate cell activation,1
0,0.99999924,2,68,GO:0035735,intraciliary transport involved in cilium assembly,1
0,1,2,6,GO:0035736,cell proliferation involved in compound eye morphogenesis,1
0,1,6,6,GO:0035744,T-helper 1 cell cytokine production,1
0,0.87615256,2,18,GO:0035773,insulin secretion involved in cellular response to glucose stimulus,1
0,0.529794593,2,20,GO:0035791,platelet-derived growth factor receptor-beta signaling pathway,1
0,0.809035153,4,8,GO:0035795;GO:1905709,negative regulation of mitochondrial membrane permeability,1
0,0.873772159,2,10,GO:0035799,ureter maturation,1
0,0.9494311,2,67,GO:0035809,regulation of urine volume,1
0,0.984688776,2,39,GO:0035810,positive regulation of urine volume,1
0,0.717578449,2,19,GO:0035811,negative regulation of urine volume,1
0,0.683988872,4,76,GO:0035813,regulation of renal sodium excretion,1
0,0.924542525,2,43,GO:0035815,positive regulation of renal sodium excretion,1
0,1,2,10,GO:0035822,gene conversion,1
0,0.942665246,2,38,GO:0035845,photoreceptor cell outer segment organization,1
0,0.897375626,4,11,GO:0035846;GO:0060066,oviduct development,1
0,0.809035153,2,8,GO:0035847,uterine epithelium development,1
0,0.894808338,7,19,GO:0035860,glial cell-derived neurotrophic factor receptor signaling pathway,1
0,0.997079455,2,49,GO:0035864,response to potassium ion,1
0,0.96058779,2,33,GO:0035865,cellular response to potassium ion,1
0,0.529794593,3,20,GO:0035878,nail development,1
0,0.71110698,2,6,GO:0035880,embryonic nail plate morphogenesis,1
0,0.944853922,2,14,GO:0035881,amacrine cell differentiation,1
0,0.828025751,7,67,GO:0035883;GO:0003309,enteroendocrine cell differentiation,1
0,1,4,5,GO:0035898,parathyroid hormone secretion,1
0,0.671586348,2,81,GO:0035902,response to immobilization stress,1
0,0.983036126,3,118,GO:0035914,skeletal muscle cell differentiation,1
0,0.71110698,2,6,GO:0035928,rRNA import into mitochondrion,1
0,0.916566162,5,12,GO:0035962,response to interleukin-13,1
0,1,3,5,GO:0035963,cellular response to interleukin-13,1
0,1,3,6,GO:0035965,cardiolipin acyl-chain remodeling,1
0,0.740201537,2,32,GO:0035970,peptidyl-threonine dephosphorylation,1
0,0.873772159,2,10,GO:0035973,aggrephagy,1
0,0.765119441,3,7,GO:0035977;GO:1904382,protein deglycosylation involved in glycoprotein catabolic process,1
0,1,3,7,GO:0035993,deltoid tuberosity development,1
0,0.988553191,3,87,GO:0035994,response to muscle stretch,1
0,0.767260554,3,14,GO:0035995,detection of muscle stretch,1
0,0.729335926,3,13,GO:0036022,limb joint morphogenesis,1
0,0.660842002,4,114,GO:0036092,phosphatidylinositol-3-phosphate biosynthetic process,1
0,0.932168681,2,13,GO:0036093,germ cell proliferation,1
0,0.994624412,2,36,GO:0036098,male germ-line stem cell population maintenance,1
0,0.897647424,2,73,GO:0036099,female germ-line stem cell population maintenance,1
0,0.71110698,2,6,GO:0036145,dendritic cell homeostasis,1
0,0.946555173,2,31,GO:0036148,phosphatidylglycerol acyl-chain remodeling,1
0,0.807555627,2,22,GO:0036149,phosphatidylinositol acyl-chain remodeling,1
0,0.85719268,2,31,GO:0036150,phosphatidylserine acyl-chain remodeling,1
0,0.72006575,2,49,GO:0036151,phosphatidylcholine acyl-chain remodeling,1
0,1,2,24,GO:0036158,outer dynein arm assembly,1
0,1,6,22,GO:0036159,inner dynein arm assembly,1
0,0.765119441,5,7,GO:0036215;GO:0036216;GO:0038109,response to stem cell factor,1
0,1,2,5,GO:0036265,RNA (guanine-N7)-methylation,1
0,0.916566162,2,12,GO:0036269,swimming behavior,1
0,1,2,6,GO:0036292,DNA rewinding,1
0,1,4,66,GO:0036297,interstrand cross-link repair,1
0,0.681646333,3,24,GO:0036302,atrioventricular canal development,1
0,0.644676965,3,5,GO:0036304;GO:0061027,umbilical cord morphogenesis,1
0,1,2,6,GO:0036306,embryonic heart tube elongation,1
0,0.686279731,2,12,GO:0036309,protein localization to M-band,1
0,0.906685361,4,154,GO:0036314,response to sterol,1
0,0.964309777,2,77,GO:0036315,cellular response to sterol,1
0,0.991433054,2,67,GO:0036335,intestinal stem cell homeostasis,1
0,0.765119441,2,7,GO:0036343,psychomotor behavior,1
0,1,8,11,GO:0036369,transcription factor catabolic process,1
0,0.809035153,2,8,GO:0036371,protein localization to T-tubule,1
0,1,5,8,GO:0036372,opsin transport,1
0,0.809035153,2,8,GO:0036438,maintenance of lens transparency,1
0,0.542597019,5,269,GO:0036445;GO:0055057;GO:0055059;GO:0098722,asymmetric stem cell division,1
0,0.963552111,2,16,GO:0036466,synaptic vesicle recycling via endosome,1
0,0.765119441,2,7,GO:0036493,positive regulation of translation in response to endoplasmic reticulum stress,1
0,0.644676965,2,5,GO:0036496,regulation of translational initiation by eIF2 alpha dephosphorylation,1
0,0.853039331,2,24,GO:0036499;GO:0140467,PERK-mediated unfolded protein response,1
0,0.765119441,4,7,GO:0036506,maintenance of unfolded protein,1
0,0.644676965,2,5,GO:0036510,trimming of terminal mannose on C branch,1
0,0.944853922,2,14,GO:0038003,opioid receptor signaling pathway,1
0,0.717578449,3,19,GO:0038027,apolipoprotein A-I-mediated signaling pathway,1
0,0.809035153,2,8,GO:0038028,insulin receptor signaling pathway via phosphatidylinositol 3-kinase,1
0,1,2,7,GO:0038032,termination of G protein-coupled receptor signaling pathway,1
0,1,5,5,GO:0038060,nitric oxide-cGMP-mediated signaling pathway,1
0,0.681646333,3,24,GO:0038092,nodal signaling pathway,1
0,1,4,7,GO:0038098,sequestering of BMP from receptor via BMP binding,1
0,1,7,6,GO:0038108,negative regulation of appetite by leptin-mediated signaling pathway,1
0,0.754649128,4,80,GO:0038128,ERBB2 signaling pathway,1
0,1,8,5,GO:0038129,ERBB3 signaling pathway,1
0,0.770514526,3,27,GO:0038166,angiotensin-activated signaling pathway,1
0,0.897375626,5,11,GO:0038169;GO:0038170,somatostatin receptor signaling pathway,1
0,1,2,10,GO:0038171,cannabinoid signaling pathway,1
0,0.644676965,2,5,GO:0038183,bile acid signaling pathway,1
0,0.71110698,2,6,GO:0038188,cholecystokinin signaling pathway,1
0,1,3,5,GO:0038194,thyroid-stimulating hormone signaling pathway,1
0,1,6,6,GO:0039003;GO:0072004;GO:0072304;GO:0072305;GO:1900214;GO:1900215;GO:1900217;GO:1900218;GO:2000592;GO:2000594,regulation of mesenchymal cell apoptotic process involved in metanephric nephron morphogenesis,1
0,1,4,14,GO:0039017,pattern specification involved in pronephros development,1
0,0.686279731,2,12,GO:0039021,pronephric glomerulus development,1
0,0.844741236,2,9,GO:0039022,pronephric duct development,1
0,1,4,8,GO:0039656,modulation by virus of host gene expression,1
0,0.996865477,2,66,GO:0040009,regulation of growth rate,1
0,0.996540487,2,48,GO:0040010,positive regulation of growth rate,1
0,0.972053443,2,177,GO:0040019,positive regulation of embryonic development,1
0,0.999477759,2,111,GO:0040020,regulation of meiotic nuclear division,1
0,0.853039331,2,24,GO:0040021,hermaphrodite germ-line sex determination,1
0,1,6,10,GO:0040022,feminization of hermaphroditic germ-line,1
0,0.683596983,3,199,GO:0040024,dauer larval development,1
0,0.685799927,4,59,GO:0040027,negative regulation of vulval development,1
0,0.933673145,2,261,GO:0040028,regulation of vulval development,1
0,1,3,10,GO:0040031,snRNA modification,1
0,0.829213427,3,36,GO:0040032,post-embryonic body morphogenesis,1
0,0.975250664,4,59,GO:0040035,hermaphrodite genitalia development,1
0,0.942159772,3,59,GO:0040038,polar body extrusion after meiotic divisions,1
0,0.526854888,4,47,GO:0040039,inductive cell migration,1
0,0.907404356,3,93,GO:0040040,thermosensory behavior,1
0,1,3,6,GO:0042001;GO:0042004,feminization of hermaphrodite soma,1
0,0.999910399,2,45,GO:0042023,DNA endoreduplication,1
0,0.902307661,3,34,GO:0042026,protein refolding,1
0,0.958645987,4,89,GO:0042044,fluid transport,1
0,0.593176734,5,55,GO:0042045,epithelial fluid transport,1
0,0.99999685,3,259,GO:0042048,olfactory behavior,1
0,0.812514547,2,274,GO:0042051,compound eye photoreceptor development,1
0,0.587756297,2,137,GO:0042052,rhabdomere development,1
0,0.629026862,7,222,GO:0042059;GO:1901185,negative regulation of ERBB signaling pathway,1
0,0.980416897,4,19,GO:0042065;GO:0042066,glial cell growth,1
0,0.999999996,4,123,GO:0042073;GO:0098840;GO:0099118,microtubule-based protein transport,1
0,0.634140337,2,140,GO:0042078,germ-line stem cell division,1
0,0.617524149,2,56,GO:0042100,B cell proliferation,1
0,0.829213427,2,36,GO:0042104,positive regulation of activated T cell proliferation,1
0,0.644676965,2,5,GO:0042125,protein galactosylation,1
0,0.839316062,3,98,GO:0042136,neurotransmitter biosynthetic process,1
0,1,3,10,GO:0042137;GO:0097401,sequestering of neurotransmitter,1
0,1,2,6,GO:0042138,meiotic DNA double-strand break formation,1
0,0.992751265,2,283,GO:0042177,negative regulation of protein catabolic process,1
0,0.637737487,2,11,GO:0042182,ketone catabolic process,1
0,0.809648804,2,35,GO:0042219,cellular modified amino acid catabolic process,1
0,0.994946451,3,204,GO:0042220,response to cocaine,1
0,1,2,400,GO:0042254,ribosome biogenesis,1
0,0.999999984,2,102,GO:0042255,ribosome assembly,1
0,1,5,12,GO:0042256,mature ribosome assembly,1
0,1,2,10,GO:0042262,DNA protection,1
0,1,2,116,GO:0042273,ribosomal large subunit biogenesis,1
0,0.99999998,2,114,GO:0042274,ribosomal small subunit biogenesis,1
0,1,2,6,GO:0042275,error-free postreplication DNA repair,1
0,0.998369248,5,31,GO:0042276,error-prone translesion synthesis,1
0,0.984688776,3,39,GO:0042297;GO:0098596;GO:0098598;GO:0098597,observational learning,1
0,0.781665952,2,64,GO:0042310,vasoconstriction,1
0,0.667069237,3,41,GO:0042359,vitamin D metabolic process,1
0,0.963552111,2,16,GO:0042363,fat-soluble vitamin catabolic process,1
0,1,2,7,GO:0042369,vitamin D catabolic process,1
0,0.873772159,3,10,GO:0042373,vitamin K metabolic process,1
0,0.743301432,3,26,GO:0042381,hemolymph coagulation,1
0,0.893606497,3,1170,GO:0042391,regulation of membrane potential,1
0,0.998841032,3,81,GO:0042401;GO:0009309,cellular biogenic amine biosynthetic process,1
0,0.948234766,2,46,GO:0042407,cristae formation,1
0,0.99626511,2,27,GO:0042416,dopamine biosynthetic process,1
0,0.717578449,5,19,GO:0042421,norepinephrine biosynthetic process,1
0,0.684470076,2,30,GO:0042428;GO:1901160,primary amino compound metabolic process,1
0,0.872798023,2,58,GO:0042430,indole-containing compound metabolic process,1
0,1,3,11,GO:0042435,indole-containing compound biosynthetic process,1
0,0.998922491,2,33,GO:0042438,melanin biosynthetic process,1
0,0.872041121,4,25,GO:0042447,hormone catabolic process,1
0,0.607021301,6,50,GO:0042454,ribonucleoside catabolic process,1
0,0.96111831,2,477,GO:0042461;GO:0042462,photoreceptor cell development,1
0,0.854481282,3,17,GO:0042464,dosage compensation by hypoactivation of X chromosome,1
0,1,2,12,GO:0042479;GO:0045315,positive regulation of eye photoreceptor cell development,1
0,0.900351212,6,54,GO:0042481,regulation of odontogenesis,1
0,0.681646333,3,24,GO:0042482,positive regulation of odontogenesis,1
0,0.770514526,2,27,GO:0042487,regulation of odontogenesis of dentin-containing tooth,1
0,0.751938383,4,250,GO:0042490;GO:0060113,mechanoreceptor differentiation,1
0,0.800467268,2,15,GO:0042501,serine phosphorylation of STAT protein,1
0,0.985994445,2,140,GO:0042509;GO:0042531,regulation of tyrosine phosphorylation of STAT protein,1
0,0.934323633,3,37,GO:0042532,negative regulation of tyrosine phosphorylation of STAT protein,1
0,0.782062241,3,46,GO:0042537,benzene-containing compound metabolic process,1
0,0.90379779,3,41,GO:0042538,hyperosmotic salinity response,1
0,0.644676965,2,5,GO:0042539,hypotonic salinity response,1
0,0.552259065,7,37,GO:0042573,retinoic acid metabolic process,1
0,0.552259065,7,37,GO:0042574,retinal metabolic process,1
0,0.844741236,3,9,GO:0042631,cellular response to water deprivation,1
0,0.720728152,3,78,GO:0042634,regulation of hair cycle,1
0,0.924894919,2,36,GO:0042635;GO:0051798,positive regulation of hair cycle,1
0,0.567994632,2,32,GO:0042660,positive regulation of cell fate specification,1
0,0.963552111,2,16,GO:0042662;GO:1905771;GO:1905903,negative regulation of mesodermal cell differentiation,1
0,0.914263642,2,35,GO:0042663;GO:1903224,regulation of endodermal cell differentiation,1
0,0.894808338,2,19,GO:0042664;GO:1903225,negative regulation of endodermal cell differentiation,1
0,1,2,8,GO:0042667,auditory receptor cell fate specification,1
0,0.686279731,5,12,GO:0042668;GO:1905457;GO:2000974;GO:2000978,auditory receptor cell fate determination,1
0,0.622521691,2,45,GO:0042670,retinal cone cell differentiation,1
0,0.916566162,6,12,GO:0042673;GO:0060222,regulation of retinal cone cell fate commitment,1
0,0.907404356,3,93,GO:0042675,compound eye cone cell differentiation,1
0,0.761954242,3,51,GO:0042676,compound eye cone cell fate commitment,1
0,0.529794593,2,20,GO:0042682,regulation of compound eye cone cell fate specification,1
0,1,5,18,GO:0042684,cardioblast cell fate commitment,1
0,1,4,11,GO:0042685;GO:0050925,cardioblast cell fate specification,1
0,0.750716776,2,20,GO:0042688,crystal cell differentiation,1
0,0.713692873,2,25,GO:0042689,regulation of crystal cell differentiation,1
0,0.963552111,3,16,GO:0042691;GO:0045612,positive regulation of hemocyte differentiation,1
0,0.584945887,2,213,GO:0042698,ovulation cycle,1
0,0.800467268,3,15,GO:0042699,follicle-stimulating hormone signaling pathway,1
0,0.977396794,2,28,GO:0042713,sperm ejaculation,1
0,0.844741236,3,9,GO:0042723,thiamine-containing compound metabolic process,1
0,0.976702043,2,173,GO:0042749;GO:0045187,regulation of circadian sleep/wake cycle,1
0,0.947640534,3,453,GO:0042752,regulation of circadian rhythm,1
0,0.980756944,2,130,GO:0042753;GO:0045938,positive regulation of circadian rhythm,1
0,0.954486912,2,47,GO:0042754,negative regulation of circadian rhythm,1
0,0.969607689,2,125,GO:0042755,eating behavior,1
0,0.981057373,2,29,GO:0042756,drinking behavior,1
0,0.888833254,2,26,GO:0042766,nucleosome mobilization,1
0,0.967911733,9,26,GO:0042776,mitochondrial ATP synthesis coupled proton transport,1
0,1,2,11,GO:0042780,tRNA 3'-end processing,1
0,1,2,11,GO:0042791,5S class rRNA transcription by RNA polymerase III,1
0,1,3,14,GO:0042796,snRNA transcription by RNA polymerase III,1
0,0.717083554,-1,43,GO:0042891,obsolete antibiotic transport,1
0,0.571095885,4,21,GO:0042921,glucocorticoid receptor signaling pathway,1
0,1,2,5,GO:0042942,D-serine transport,1
0,0.946555173,3,31,GO:0042953;GO:0044872,lipoprotein localization,1
0,0.970369038,6,17,GO:0042976,activation of Janus kinase activity,1
0,0.955167254,7,15,GO:0042989,sequestering of actin monomers,1
0,0.809116246,2,968,GO:0043010,camera-type eye development,1
0,0.999598622,2,144,GO:0043044,ATP-dependent chromatin remodeling,1
0,1,8,12,GO:0043045;GO:1901538;GO:0090116,DNA methylation involved in embryo development,1
0,1,8,20,GO:0043046,DNA methylation involved in gamete generation,1
0,0.996963937,3,28,GO:0043049,otic placode formation,1
0,0.933342959,3,44,GO:0043050,pharyngeal pumping,1
0,0.984675402,2,210,GO:0043051;GO:1903998,regulation of eating behavior,1
0,0.887993821,3,72,GO:0043052,thermotaxis,1
0,0.653745333,3,29,GO:0043054;GO:0071981,exit from diapause,1
0,0.765119441,3,7,GO:0043056,forward locomotion,1
0,0.997993839,3,30,GO:0043057,backward locomotion,1
0,0.84710803,3,37,GO:0043058,regulation of backward locomotion,1
0,0.955167254,2,15,GO:0043084,penile erection,1
0,0.841798995,2,163,GO:0043113,receptor clustering,1
0,0.611946294,3,39,GO:0043117,positive regulation of vascular permeability,1
0,0.538732236,3,42,GO:0043129;GO:0048875,chemical homeostasis within a tissue,1
0,0.644676965,2,5,GO:0043132,NAD transport,1
0,1,6,5,GO:0043134,regulation of hindgut contraction,1
0,1,5,5,GO:0043152,induction of bacterial agglutination,1
0,0.97318359,2,51,GO:0043162,ubiquitin-dependent protein catabolic process via the multivesicular body sorting pathway,1
0,1,2,15,GO:0043179,rhythmic excitation,1
0,0.924520082,5,21,GO:0043201,response to leucine,1
0,1,6,13,GO:0043247,telomere maintenance in response to DNA damage,1
0,1,3,30,GO:0043248,proteasome assembly,1
0,0.692736637,2,42,GO:0043249,erythrocyte maturation,1
0,0.85719268,2,31,GO:0043252,sodium-independent organic anion transport,1
0,0.632802171,3,79,GO:0043267,negative regulation of potassium ion transport,1
0,0.916900993,3,425,GO:0043279,response to alkaloid,1
0,0.529794593,2,20,GO:0043282,pharyngeal muscle development,1
0,0.873772159,3,10,GO:0043309,regulation of eosinophil degranulation,1
0,0.765119441,2,7,GO:0043311;GO:1902568,positive regulation of eosinophil degranulation,1
0,1,3,5,GO:0043315;GO:1902565,positive regulation of neutrophil activation,1
0,1,4,6,GO:0043327,chemotaxis to cAMP,1
0,1,3,9,GO:0043328,protein transport to vacuole involved in ubiquitin-dependent protein catabolic process via the multivesicular body sorting pathway,1
0,0.841798995,4,163,GO:0043331,response to dsRNA,1
0,1,6,16,GO:0043353,enucleate erythrocyte differentiation,1
0,0.895716736,2,47,GO:0043368,positive T cell selection,1
0,0.681646333,2,24,GO:0043383;GO:0045060,negative T cell selection,1
0,0.526776325,2,144,GO:0043388,positive regulation of DNA binding,1
0,0.680229962,4,132,GO:0043392,negative regulation of DNA binding,1
0,1,2,9,GO:0043397,regulation of corticotropin-releasing hormone secretion,1
0,0.73835606,3,243,GO:0043401;GO:0030518,steroid hormone mediated signaling pathway,1
0,0.536132933,4,69,GO:0043403,skeletal muscle tissue regeneration,1
0,0.999996216,3,477,GO:0043414;GO:0032259,methylation,1
0,1,3,14,GO:0043415,positive regulation of skeletal muscle tissue regeneration,1
0,1,2,21,GO:0043416,regulation of skeletal muscle tissue regeneration,1
0,0.765119441,3,7,GO:0043418,homocysteine catabolic process,1
0,0.729335926,6,13,GO:0043435;GO:0071376,cellular response to corticotropin-releasing hormone stimulus,1
0,0.916609206,2,28,GO:0043455,regulation of secondary metabolic process,1
0,0.952783699,2,249,GO:0043462,regulation of ATPase activity,1
0,0.809035153,2,8,GO:0043465;GO:1902688;GO:1904023,regulation of NAD metabolic process,1
0,1,2,518,GO:0043484;GO:0048024;GO:0050684,regulation of RNA splicing,1
0,0.999090306,4,99,GO:0043486,histone exchange,1
0,0.995872933,2,341,GO:0043487;GO:0043488;GO:0061013,regulation of mRNA catabolic process,1
0,0.991817548,3,132,GO:0043489;GO:1902369;GO:0048255;GO:1902373,negative regulation of RNA catabolic process,1
0,1,2,9,GO:0043490,malate-aspartate shuttle,1
0,0.927978985,5,29,GO:0043501,skeletal muscle adaptation,1
0,1,3,10,GO:0043504,mitochondrial DNA repair,1
0,0.831126343,6,384,GO:0043543,protein acylation,1
0,0.637737487,3,11,GO:0043545;GO:0051189;GO:0032324,molybdopterin cofactor metabolic process,1
0,0.686279731,8,12,GO:0043553,negative regulation of phosphatidylinositol 3-kinase activity,1
0,0.935317978,2,58,GO:0043567,regulation of insulin-like growth factor receptor signaling pathway,1
0,0.795405501,3,28,GO:0043568,positive regulation of insulin-like growth factor receptor signaling pathway,1
0,0.571095885,2,21,GO:0043569,negative regulation of insulin-like growth factor receptor signaling pathway,1
0,0.686279731,3,12,GO:0043570,maintenance of DNA repeat elements,1
0,0.850449795,3,50,GO:0043576,regulation of respiratory gaseous exchange,1
0,0.827976844,3,635,GO:0043583;GO:0048839,ear development,1
0,0.980077179,3,68,GO:0043586,tongue development,1
0,0.999617669,3,38,GO:0043587,tongue morphogenesis,1
0,0.99944631,2,1331,GO:0043603,cellular amide metabolic process,1
0,0.984688776,3,39,GO:0043616,keratinocyte proliferation,1
0,0.999998889,2,252,GO:0043624,cellular protein complex disassembly,1
0,0.999984623,2,67,GO:0043628,ncRNA 3'-end processing,1
0,1,3,5,GO:0043629;GO:0043630,ncRNA polyadenylation,1
0,1,6,15,GO:0043633;GO:0043634;GO:0071029;GO:0071046,polyadenylation-dependent RNA catabolic process,1
0,0.831335937,2,208,GO:0043648,dicarboxylic acid metabolic process,1
0,0.986973357,2,40,GO:0043650,dicarboxylic acid biosynthetic process,1
0,0.558856714,4,292,GO:0043666;GO:0035304,regulation of protein dephosphorylation,1
0,0.834205681,2,653,GO:0043687,post-translational protein modification,1
0,0.831615206,3,23,GO:0043691,reverse cholesterol transport,1
0,0.850449795,2,50,GO:0043696;GO:0043697,dedifferentiation,1
0,0.529794593,4,20,GO:0043704,photoreceptor cell fate specification,1
0,0.984518807,5,55,GO:0043921;GO:0043922;GO:0052312;GO:0052472,modulation of transcription in other organism involved in symbiotic interaction,1
0,0.916609206,3,28,GO:0043923,positive regulation by host of viral transcription,1
0,0.621168675,3,28,GO:0043931;GO:0070977,bone maturation,1
0,0.552051824,2,86,GO:0043950,positive regulation of cAMP-mediated signaling,1
0,0.562571426,2,130,GO:0043966,histone H3 acetylation,1
0,0.980756944,2,130,GO:0043967,histone H4 acetylation,1
0,1,6,30,GO:0043968,histone H2A acetylation,1
0,0.71110698,3,6,GO:0043972,histone H3-K23 acetylation,1
0,0.924542525,3,43,GO:0043981;GO:0043982,histone H4-K8 acetylation,1
0,0.85719268,2,31,GO:0043983,histone H4-K12 acetylation,1
0,0.986731553,3,31,GO:0043984,histone H4-K16 acetylation,1
0,0.944853922,5,14,GO:0043985,histone H4-R3 methylation,1
0,1,2,6,GO:0043988,histone H3-S28 phosphorylation,1
0,0.81876129,2,48,GO:0044030,regulation of DNA methylation,1
0,0.638652486,2,96,GO:0044058,regulation of digestive system process,1
0,0.776554741,5,145,GO:0044060,regulation of endocrine process,1
0,0.551416908,4,15,GO:0044108;GO:0044107;GO:0036378;GO:0042368,cellular alcohol biosynthetic process,1
0,0.743671809,-1,56,GO:0044126;GO:0044130;GO:0044144;GO:0044146,obsolete regulation of growth of symbiont in host,1
0,0.932168681,3,13,GO:0044154,histone H3-K14 acetylation,1
0,0.84710803,2,37,GO:0044241,lipid digestion,1
0,0.637737487,3,11,GO:0044245,polysaccharide digestion,1
0,0.644676965,5,5,GO:0044313,protein K6-linked deubiquitination,1
0,0.809035153,2,8,GO:0044314,protein K27-linked ubiquitination,1
0,0.644676965,5,5,GO:0044324,regulation of transcription involved in anterior/posterior axis specification,1
0,1,3,5,GO:0044330,canonical Wnt signaling pathway involved in positive regulation of wound healing,1
0,0.534584587,4,31,GO:0044331,cell-cell adhesion mediated by cadherin,1
0,1,3,6,GO:0044335;GO:0061324,canonical Wnt signaling pathway involved in neural crest cell differentiation,1
0,0.897375626,6,11,GO:0044336,canonical Wnt signaling pathway involved in negative regulation of apoptotic process,1
0,0.583462932,6,10,GO:0044340,canonical Wnt signaling pathway involved in regulation of cell proliferation,1
0,0.87615256,2,18,GO:0044341,sodium-dependent phosphate transport,1
0,0.831615206,3,23,GO:0044342,type B pancreatic cell proliferation,1
0,0.709068739,2,290,GO:0044344;GO:0071774,response to fibroblast growth factor,1
0,1,2,7,GO:0044346,fibroblast apoptotic process,1
0,0.641242789,2,17,GO:0044359;GO:0044362;GO:0052405;GO:0052204;GO:0052428;GO:0052205,modulation of molecular function in other organism,1
0,0.990636188,4,110,GO:0044380;GO:0072698,protein localization to cytoskeleton,1
0,0.644676965,2,5,GO:0044381,glucose import in response to insulin stimulus,1
0,0.800467268,2,15,GO:0044387,negative regulation of protein kinase activity by regulation of protein phosphorylation,1
0,1,2,14,GO:0044417;GO:0046784,translocation of molecules into host,1
0,0.999123846,7,56,GO:0044458,motile cilium assembly,1
0,0.767260554,3,14,GO:0044501;GO:0051343;GO:0052470;GO:0052525;GO:0075205;GO:0075206,modulation of signal transduction in other organism,1
0,0.686279731,2,12,GO:0044528,regulation of mitochondrial mRNA stability,1
0,0.765203568,2,33,GO:0044539,long-chain fatty acid import into cell,1
0,1,4,7,GO:0044565,dendritic cell proliferation,1
0,0.809035153,9,8,GO:0044648,histone H3-K4 dimethylation,1
0,0.795405501,4,28,GO:0044719,regulation of imaginal disc-derived wing size,1
0,0.948234766,3,46,GO:0044766;GO:1902579,multi-organism transport,1
0,1,3,9,GO:0044771,meiotic cell cycle phase transition,1
0,0.999993694,4,656,GO:0044772;GO:0044770,cell cycle phase transition,1
0,0.719594128,3,230,GO:0044773;GO:0044774,mitotic DNA integrity checkpoint,1
0,0.999999982,2,717,GO:0044782;GO:0060271,cilium organization,1
0,0.999999997,6,94,GO:0044786,cell cycle DNA replication,1
0,1,5,6,GO:0044805,late nucleophagy,1
0,1,2,6,GO:0044806,G-quadruplex DNA unwinding,1
0,0.800467268,2,15,GO:0044854;GO:0044857,plasma membrane raft assembly,1
0,1,3,10,GO:0044866;GO:0044867;GO:1903015;GO:0044868;GO:0044869;GO:0052403;GO:1903016;GO:0052199;GO:0052422;GO:0052203;GO:0044870;GO:0044871,modulation by host of viral molecular function,1
0,0.583462932,2,10,GO:0044878,mitotic cytokinesis checkpoint,1
0,1,5,9,GO:0045002,double-strand break repair via single-strand annealing,1
0,1,2,20,GO:0045003,double-strand break repair via synthesis-dependent strand annealing,1
0,1,4,6,GO:0045006,DNA deamination,1
0,1,3,6,GO:0045023,G0 to G1 transition,1
0,0.581717806,3,82,GO:0045026,plasma membrane fusion,1
0,1,4,12,GO:0045039,protein insertion into mitochondrial inner membrane,1
0,0.932168681,5,13,GO:0045040,protein insertion into mitochondrial outer membrane,1
0,1,6,5,GO:0045041,protein import into mitochondrial intermembrane space,1
0,0.641242789,2,17,GO:0045048;GO:0071816,protein insertion into ER membrane,1
0,0.87615256,2,18,GO:0045059,positive thymic T cell selection,1
0,0.660451347,2,35,GO:0045061,thymic T cell selection,1
0,0.729335926,2,13,GO:0045063,T-helper 1 cell differentiation,1
0,0.71110698,3,6,GO:0045064,T-helper 2 cell differentiation,1
0,1,3,9,GO:0045091,regulation of single stranded viral RNA replication via double stranded DNA intermediate,1
0,0.991660489,2,104,GO:0045103;GO:0045104,intermediate filament-based process,1
0,0.844741236,2,9,GO:0045105,intermediate filament polymerization or depolymerization,1
0,0.644676965,6,5,GO:0045107,intermediate filament polymerization,1
0,0.963857361,2,56,GO:0045109,intermediate filament organization,1
0,1,4,9,GO:0045110,intermediate filament bundle assembly,1
0,1,2,9,GO:0045113,regulation of integrin biosynthetic process,1
0,0.888833254,2,26,GO:0045116,protein neddylation,1
0,0.542462638,2,53,GO:0045117,azole transmembrane transport,1
0,0.70208913,2,54,GO:0045123,cellular extravasation,1
0,0.999999999,2,204,GO:0045132,meiotic chromosome segregation,1
0,0.534584587,3,31,GO:0045136,development of secondary sexual characteristics,1
0,1,2,30,GO:0045144,meiotic sister chromatid segregation,1
0,0.759673908,2,1579,GO:0045165,cell fate commitment,1
0,0.622521691,4,45,GO:0045175,basal protein localization,1
0,0.998981615,5,45,GO:0045191,regulation of isotype switching,1
0,0.955167254,2,15,GO:0045201,maintenance of neuroblast polarity,1
0,0.961828773,3,25,GO:0045213,neurotransmitter receptor metabolic process,1
0,1,5,6,GO:0045226;GO:0046379,extracellular polysaccharide biosynthetic process,1
0,0.739449559,4,38,GO:0045314,regulation of compound eye photoreceptor development,1
0,0.721312773,2,319,GO:0045333,cellular respiration,1
0,0.800467268,2,15,GO:0045346,regulation of MHC class II biosynthetic process,1
0,1,3,8,GO:0045348,positive regulation of MHC class II biosynthetic process,1
0,0.770024987,3,110,GO:0045445,myoblast differentiation,1
0,1,3,18,GO:0045450,bicoid mRNA localization,1
0,0.967911733,2,26,GO:0045463,R8 cell development,1
0,0.729335926,6,13,GO:0045464,R8 cell fate specification,1
0,0.864372839,3,76,GO:0045465,R8 cell differentiation,1
0,0.528288801,4,171,GO:0045466,R7 cell differentiation,1
0,0.569261782,3,65,GO:0045467,R7 cell development,1
0,0.740201537,3,32,GO:0045468,regulation of R8 cell spacing in compound eye,1
0,0.766184085,2,69,GO:0045472,response to ether,1
0,0.653745333,5,29,GO:0045477,regulation of nurse cell apoptotic process,1
0,0.891668811,2,40,GO:0045478;GO:0030723,fusome organization,1
0,0.767260554,5,14,GO:0045500,sevenless signaling pathway,1
0,0.873772159,5,10,GO:0045501;GO:0045677;GO:0110118;GO:0045873,negative regulation of R7 cell differentiation,1
0,0.903623095,3,27,GO:0045571,negative regulation of imaginal disc growth,1
0,0.71110698,2,6,GO:0045575;GO:0002276,basophil activation,1
0,0.809035153,6,8,GO:0045590,negative regulation of regulatory T cell differentiation,1
0,0.873772159,2,10,GO:0045617,negative regulation of keratinocyte differentiation,1
0,0.873772159,3,10,GO:0045629,negative regulation of T-helper 2 cell differentiation,1
0,0.853039331,5,24,GO:0045650,negative regulation of macrophage differentiation,1
0,0.71110698,7,6,GO:0045653,negative regulation of megakaryocyte differentiation,1
0,0.717578449,5,19,GO:0045654,positive regulation of megakaryocyte differentiation,1
0,0.641242789,2,17,GO:0045656,negative regulation of monocyte differentiation,1
0,0.644676965,6,5,GO:0045659,negative regulation of neutrophil differentiation,1
0,0.816041123,3,54,GO:0045672,positive regulation of osteoclast differentiation,1
0,0.68608431,2,177,GO:0045685,regulation of glial cell differentiation,1
0,0.999212755,2,75,GO:0045686,negative regulation of glial cell differentiation,1
0,0.853039331,-1,24,GO:0045714,obsolete regulation of low-density lipoprotein particle receptor biosynthetic process,1
0,1,-1,10,GO:0045715,obsolete negative regulation of low-density lipoprotein particle receptor biosynthetic process,1
0,0.809035153,-1,8,GO:0045716,obsolete positive regulation of low-density lipoprotein particle receptor biosynthetic process,1
0,1,2,5,GO:0045720,negative regulation of integrin biosynthetic process,1
0,0.780653591,3,21,GO:0045721,negative regulation of gluconeogenesis,1
0,0.667069237,3,41,GO:0045723,positive regulation of fatty acid biosynthetic process,1
0,0.64457832,2,74,GO:0045724,positive regulation of cilium assembly,1
0,1,2,6,GO:0045726,positive regulation of integrin biosynthetic process,1
0,0.999794692,2,41,GO:0045738;GO:2000780,negative regulation of DNA repair,1
0,0.937804661,3,104,GO:0045739,positive regulation of DNA repair,1
0,0.60185807,2,105,GO:0045740,positive regulation of DNA replication,1
0,0.804340166,2,41,GO:0045743,positive regulation of fibroblast growth factor receptor signaling pathway,1
0,1,3,5,GO:0045752,positive regulation of Toll signaling pathway,1
0,0.988908948,2,32,GO:0045759,negative regulation of action potential,1
0,0.781089039,3,58,GO:0045760,positive regulation of action potential,1
0,0.965147003,2,84,GO:0045761,regulation of adenylate cyclase activity,1
0,0.991447187,3,23,GO:0045762,positive regulation of adenylate cyclase activity,1
0,0.702043692,2,111,GO:0045777,positive regulation of blood pressure,1
0,0.72006575,4,49,GO:0045780;GO:0046852,positive regulation of bone resorption,1
0,0.977686074,2,1225,GO:0045786,negative regulation of cell cycle,1
0,0.764744378,2,991,GO:0045787,positive regulation of cell cycle,1
0,0.681111055,2,18,GO:0045794,negative regulation of cell volume,1
0,1,2,5,GO:0045795,positive regulation of cell volume,1
0,0.634716218,3,129,GO:0045823,positive regulation of heart contraction,1
0,0.996272042,3,38,GO:0045835,negative regulation of meiotic nuclear division,1
0,0.986373685,3,48,GO:0045836,positive regulation of meiotic nuclear division,1
0,0.999049616,3,122,GO:0045839;GO:0051784,negative regulation of nuclear division,1
0,0.971099442,2,35,GO:0045842;GO:1901970,positive regulation of mitotic sister chromatid separation,1
0,1,4,6,GO:0045849,negative regulation of nurse cell apoptotic process,1
0,0.800467268,2,15,GO:0045850,positive regulation of nurse cell apoptotic process,1
0,0.897375626,-1,11,GO:0045872,obsolete positive regulation of rhodopsin gene expression,1
0,0.93790719,3,30,GO:0045875,negative regulation of sister chromatid cohesion,1
0,0.854481282,4,17,GO:0045876,positive regulation of sister chromatid cohesion,1
0,0.718843296,3,146,GO:0045880,positive regulation of smoothened signaling pathway,1
0,0.990598922,6,42,GO:0045898,regulation of RNA polymerase II transcription preinitiation complex assembly,1
0,0.984139529,2,30,GO:0045899,positive regulation of RNA polymerase II transcription preinitiation complex assembly,1
0,1,2,6,GO:0045900,negative regulation of translational elongation,1
0,0.99926405,2,57,GO:0045910,negative regulation of DNA recombination,1
0,0.999927176,7,46,GO:0045911,positive regulation of DNA recombination,1
0,0.681111055,5,18,GO:0045915;GO:0045964,positive regulation of dopamine metabolic process,1
0,1,2,11,GO:0045917;GO:2000259,positive regulation of complement activation,1
0,0.809035153,5,8,GO:0045918,negative regulation of cytolysis,1
0,0.729335926,5,13,GO:0045925,positive regulation of female receptivity,1
0,0.987062452,6,641,GO:0045930,negative regulation of mitotic cell cycle,1
0,0.530712283,3,456,GO:0045931,positive regulation of mitotic cell cycle,1
0,0.996898165,3,39,GO:0045943,positive regulation of transcription by RNA polymerase I,1
0,0.961828773,2,25,GO:0045945,positive regulation of transcription by RNA polymerase III,1
0,0.656447755,3,52,GO:0045948,positive regulation of translational initiation,1
0,0.862849659,4,82,GO:0045956,positive regulation of calcium ion-dependent exocytosis,1
0,1,2,5,GO:0045967,negative regulation of growth rate,1
0,0.830574447,3,115,GO:0045987,positive regulation of smooth muscle contraction,1
0,0.936089717,2,78,GO:0045992,negative regulation of embryonic development,1
0,0.994624412,2,36,GO:0046011,regulation of oskar mRNA translation,1
0,1,3,5,GO:0046012,positive regulation of oskar mRNA translation,1
0,0.844741236,7,9,GO:0046038,GMP catabolic process,1
0,0.923976087,7,89,GO:0046068,cGMP metabolic process,1
0,0.681111055,2,18,GO:0046069,cGMP catabolic process,1
0,0.610274031,6,22,GO:0046085,adenosine metabolic process,1
0,1,3,6,GO:0046086,adenosine biosynthetic process,1
0,1,3,8,GO:0046092,deoxycytidine metabolic process,1
0,1,2,8,GO:0046098,guanine metabolic process,1
0,1,2,11,GO:0046104,thymidine metabolic process,1
0,1,3,8,GO:0046108,uridine metabolic process,1
0,0.936216527,2,22,GO:0046113,nucleobase catabolic process,1
0,1,2,17,GO:0046125,pyrimidine deoxyribonucleoside metabolic process,1
0,1,6,7,GO:0046127,pyrimidine deoxyribonucleoside catabolic process,1
0,0.72006575,2,49,GO:0046131,pyrimidine ribonucleoside metabolic process,1
0,1,7,17,GO:0046133,pyrimidine ribonucleoside catabolic process,1
0,0.717083554,3,43,GO:0046134,pyrimidine nucleoside biosynthetic process,1
0,0.998674419,2,32,GO:0046135,pyrimidine nucleoside catabolic process,1
0,0.844741236,2,9,GO:0046136;GO:0060557;GO:0060559;GO:2000866,positive regulation of estradiol secretion,1
0,0.647158434,2,23,GO:0046184,aldehyde biosynthetic process,1
0,0.99964305,3,80,GO:0046189,phenol-containing compound biosynthetic process,1
0,1,2,7,GO:0046219,indolalkylamine biosynthetic process,1
0,0.71110698,2,6,GO:0046340,diacylglycerol catabolic process,1
0,1,2,6,GO:0046341;GO:0016024,CDP-diacylglycerol metabolic process,1
0,0.729335926,2,13,GO:0046351,disaccharide biosynthetic process,1
0,0.637737487,3,11,GO:0046381;GO:0006055,CMP-N-acetylneuraminate metabolic process,1
0,0.994491618,2,368,GO:0046425;GO:1904892,regulation of receptor signaling pathway via STAT,1
0,0.99650815,7,154,GO:0046426;GO:1904893,negative regulation of receptor signaling pathway via JAK-STAT,1
0,0.820630977,2,178,GO:0046427;GO:1904894,positive regulation of receptor signaling pathway via STAT,1
0,0.729335926,4,13,GO:0046449;GO:0072338,cellular lactam metabolic process,1
0,0.807555627,2,22,GO:0046459,short-chain fatty acid metabolic process,1
0,0.71110698,5,6,GO:0046462,monoacylglycerol metabolic process,1
0,0.963857361,6,56,GO:0046471,phosphatidylglycerol metabolic process,1
0,0.822940755,4,42,GO:0046475,glycerophospholipid catabolic process,1
0,0.944853922,4,14,GO:0046476;GO:0006682;GO:0019375,glycosylceramide biosynthetic process,1
0,0.963552111,2,16,GO:0046487,glyoxylate metabolic process,1
0,1,2,7,GO:0046501,protoporphyrinogen IX metabolic process,1
0,0.877998816,5,753,GO:0046530;GO:0001754,photoreceptor cell differentiation,1
0,0.739449559,4,38,GO:0046534,positive regulation of photoreceptor cell differentiation,1
0,1,3,10,GO:0046541,saliva secretion,1
0,0.994348019,2,25,GO:0046548,retinal rod cell development,1
0,0.85719268,2,31,GO:0046549,retinal cone cell development,1
0,0.934323633,4,37,GO:0046599,regulation of centriole replication,1
0,0.750716776,2,20,GO:0046600,negative regulation of centriole replication,1
0,0.984688776,2,39,GO:0046602,regulation of mitotic centrosome separation,1
0,0.767260554,4,14,GO:0046604,positive regulation of mitotic centrosome separation,1
0,0.989794947,2,150,GO:0046605,regulation of centrosome cycle,1
0,0.807555627,4,22,GO:0046607,positive regulation of centrosome cycle,1
0,0.597977345,2,16,GO:0046618,drug export,1
0,0.637737487,4,11,GO:0046619,optic placode formation involved in camera-type eye formation,1
0,0.70682608,3,60,GO:0046628,positive regulation of insulin receptor signaling pathway,1
0,0.809035153,4,8,GO:0046654,tetrahydrofolate biosynthetic process,1
0,0.780653591,2,21,GO:0046665,amnioserosa maintenance,1
0,0.542462638,2,53,GO:0046666;GO:0046667,retinal cell programmed cell death,1
0,0.623941027,2,73,GO:0046668;GO:0046669,regulation of retinal cell programmed cell death,1
0,0.526854888,5,47,GO:0046671;GO:0046673,negative regulation of retinal cell programmed cell death,1
0,1,5,14,GO:0046684,response to pyrethroid,1
0,0.872041121,2,25,GO:0046692,sperm competition,1
0,0.844741236,3,9,GO:0046693,sperm storage,1
0,0.551335754,4,205,GO:0046716,muscle cell cellular homeostasis,1
0,0.998510859,2,183,GO:0046717,acid secretion,1
0,1,3,7,GO:0046724,oxalic acid secretion,1
0,1,2,10,GO:0046726,positive regulation by virus of viral protein levels in host cell,1
0,0.997730811,2,100,GO:0046785,microtubule polymerization,1
0,0.961828773,4,25,GO:0046794;GO:0075733,transport of virus,1
0,0.736296183,2,119,GO:0046825,regulation of protein export from nucleus,1
0,0.780653591,4,21,GO:0046826,negative regulation of protein export from nucleus,1
0,0.768320029,3,263,GO:0046834;GO:0046854,lipid phosphorylation,1
0,0.554636179,2,162,GO:0046843,dorsal appendage formation,1
0,0.677610614,5,70,GO:0046847,filopodium assembly,1
0,1,3,15,GO:0046874;GO:0019805,quinolinate metabolic process,1
0,0.87615256,3,18,GO:0046877,regulation of saliva secretion,1
0,0.583462932,2,10,GO:0046878,positive regulation of saliva secretion,1
0,0.963552111,5,16,GO:0046882,negative regulation of follicle-stimulating hormone secretion,1
0,0.650084519,3,448,GO:0046887,positive regulation of hormone secretion,1
0,0.765119441,2,7,GO:0046900,tetrahydrofolylpolyglutamate metabolic process,1
0,0.950417629,3,489,GO:0046928;GO:0051588,regulation of neurotransmitter transport,1
0,0.684470076,2,30,GO:0046931,pore complex assembly,1
0,0.610274031,3,22,GO:0046950;GO:0046951,cellular ketone body metabolic process,1
0,0.916981546,2,88,GO:0046958;GO:0046959,nonassociative learning,1
0,0.765119441,7,7,GO:0046960,sensitization,1
0,0.583462932,4,10,GO:0046968,peptide antigen transport,1
0,0.637737487,2,11,GO:0046984,regulation of hemoglobin biosynthetic process,1
0,0.688348144,2,36,GO:0047484,regulation of response to osmotic stress,1
0,0.987057965,2,21,GO:0048021;GO:1900376;GO:0048023;GO:1900378,regulation of secondary metabolite biosynthetic process,1
0,0.91946777,3,56,GO:0048036,central complex development,1
0,0.944853922,2,14,GO:0048050,post-embryonic eye morphogenesis,1
0,0.844741236,2,9,GO:0048058,compound eye corneal lens development,1
0,1,3,7,GO:0048071;GO:0048094,sex-specific pigmentation,1
0,0.761745614,7,45,GO:0048096,chromatin-mediated maintenance of transcription,1
0,0.686279731,2,12,GO:0048098,antennal joint development,1
0,0.997922928,2,51,GO:0048132;GO:0098728,germline stem cell asymmetric division,1
0,0.955167254,2,15,GO:0048133,male germ-line stem cell asymmetric division,1
0,0.985511008,2,85,GO:0048134,germ-line cyst formation,1
0,0.800467268,3,15,GO:0048136,male germ-line cyst formation,1
0,0.924894919,2,36,GO:0048140,male germ-line cyst encapsulation,1
0,0.954645761,3,24,GO:0048142,germarium-derived cystoblast division,1
0,0.647158434,2,23,GO:0048143,astrocyte activation,1
0,1,2,7,GO:0048144,fibroblast proliferation,1
0,0.540027678,2,80,GO:0048148,behavioral response to cocaine,1
0,0.953228565,2,139,GO:0048149,behavioral response to ethanol,1
0,0.831615206,3,23,GO:0048150,behavioral response to ether,1
0,0.541090033,2,613,GO:0048167,regulation of synaptic plasticity,1
0,0.658633652,4,230,GO:0048168,regulation of neuronal synaptic plasticity,1
0,0.586826143,6,27,GO:0048170,positive regulation of long-term neuronal synaptic plasticity,1
0,0.9225365,2,76,GO:0048172,regulation of short-term neuronal synaptic plasticity,1
0,0.780653591,5,21,GO:0048210,Golgi vesicle fusion to target membrane,1
0,0.95002794,3,39,GO:0048240,sperm capacitation,1
0,1,3,5,GO:0048241,epinephrine transport,1
0,0.98407997,2,20,GO:0048245;GO:0072677,eosinophil migration,1
0,1,3,9,GO:0048254,snoRNA localization,1
0,0.914263642,3,35,GO:0048261,negative regulation of receptor-mediated endocytosis,1
0,0.69736533,2,48,GO:0048262,determination of dorsal/ventral asymmetry,1
0,0.961828773,5,25,GO:0048263,determination of dorsal identity,1
0,0.601741869,2,94,GO:0048265,response to pain,1
0,0.692736637,3,42,GO:0048268,clathrin coat assembly,1
0,1,6,9,GO:0048296;GO:0048298,regulation of isotype switching to IgA isotypes,1
0,0.8293944,2,16,GO:0048302;GO:0048304,regulation of isotype switching to IgG isotypes,1
0,0.713294208,2,31,GO:0048308,organelle inheritance,1
0,0.64457832,2,74,GO:0048311,mitochondrion distribution,1
0,0.947845828,5,53,GO:0048312,intracellular distribution of mitochondria,1
0,0.783182657,4,111,GO:0048333,mesodermal cell differentiation,1
0,0.86341992,2,38,GO:0048340;GO:0048341,paraxial mesoderm morphogenesis,1
0,1,5,5,GO:0048342,paraxial mesodermal cell differentiation,1
0,0.667069237,2,41,GO:0048385,regulation of retinoic acid receptor signaling pathway,1
0,0.767260554,6,14,GO:0048386,positive regulation of retinoic acid receptor signaling pathway,1
0,0.550845798,6,26,GO:0048387,negative regulation of retinoic acid receptor signaling pathway,1
0,0.809035153,8,8,GO:0048388,endosomal lumen acidification,1
0,0.774685894,2,1026,GO:0048469;GO:0071695,anatomical structure maturation,1
0,1,6,10,GO:0048478,replication fork protection,1
0,0.781089039,2,58,GO:0048485,sympathetic nervous system development,1
0,1,4,8,GO:0048491,retrograde synaptic vesicle transport,1
0,1,3,9,GO:0048496,maintenance of animal organ identity,1
0,0.816100194,1,760,GO:0048511,rhythmic process,1
0,0.999999466,2,108,GO:0048521,negative regulation of behavior,1
0,0.647158434,2,23,GO:0048526,imaginal disc-derived wing expansion,1
0,0.840358236,2,74,GO:0048532,anatomical structure arrangement,1
0,0.648552979,3,46,GO:0048535,lymph node development,1
0,0.583462932,3,10,GO:0048539,bone marrow development,1
0,0.909318161,2,118,GO:0048542,lymph gland development,1
0,1,2,6,GO:0048560,establishment of anatomical structure orientation,1
0,0.693836252,2,404,GO:0048593,camera-type eye morphogenesis,1
0,1,2,6,GO:0048597,post-embryonic camera-type eye morphogenesis,1
0,0.767260554,3,14,GO:0048630,skeletal muscle tissue growth,1
0,0.942665246,2,38,GO:0048642,negative regulation of skeletal muscle tissue development,1
0,0.966565043,2,398,GO:0048663,neuron fate commitment,1
0,0.995522069,4,37,GO:0048664,neuron fate determination,1
0,0.99911854,3,145,GO:0048665,neuron fate specification,1
0,0.631041946,4,34,GO:0048672,positive regulation of collateral sprouting,1
0,1,2,5,GO:0048683,regulation of collateral sprouting of intact axon in response to injury,1
0,0.859176757,2,229,GO:0048701;GO:1904888,cranial skeletal system development,1
0,0.84710803,2,37,GO:0048702,embryonic neurocranium morphogenesis,1
0,0.623941027,4,73,GO:0048703,embryonic viscerocranium morphogenesis,1
0,0.926784866,3,376,GO:0048704;GO:0048706,embryonic skeletal system development,1
0,0.602081685,4,198,GO:0048709,oligodendrocyte differentiation,1
0,0.901362421,2,86,GO:0048710,regulation of astrocyte differentiation,1
0,0.990598922,6,42,GO:0048712,negative regulation of astrocyte differentiation,1
0,0.994624412,6,36,GO:0048715,negative regulation of oligodendrocyte differentiation,1
0,0.694697775,2,133,GO:0048730,epidermis morphogenesis,1
0,0.780653591,2,21,GO:0048733,sebaceous gland development,1
0,0.71110698,2,6,GO:0048734,proboscis morphogenesis,1
0,0.640119961,3,40,GO:0048742,regulation of skeletal muscle fiber development,1
0,0.550845798,3,26,GO:0048755,branching morphogenesis of a nerve,1
0,0.729335926,2,13,GO:0048769,sarcomerogenesis,1
0,0.999689235,5,39,GO:0048789,cytoskeletal matrix organization at active zone,1
0,0.554273495,2,48,GO:0048790;GO:1990709,presynaptic active zone organization,1
0,0.934216016,2,97,GO:0048791,calcium ion-regulated exocytosis of neurotransmitter,1
0,0.551416908,4,15,GO:0048802,notum morphogenesis,1
0,0.965243777,3,338,GO:0048806,genitalia development,1
0,0.750716776,2,20,GO:0048807,female genitalia morphogenesis,1
0,0.597977345,2,16,GO:0048815,hermaphrodite genitalia morphogenesis,1
0,0.71110698,5,6,GO:0048817,negative regulation of hair follicle maturation,1
0,0.873772159,2,10,GO:0048818,positive regulation of hair follicle maturation,1
0,0.854481282,4,17,GO:0048819,regulation of hair follicle maturation,1
0,1,2,19,GO:0048820,hair follicle maturation,1
0,0.70208913,2,54,GO:0048843;GO:1902668,negative regulation of axon guidance,1
0,1,3,7,GO:0048852,diencephalon morphogenesis,1
0,0.975299853,2,36,GO:0048853,forebrain morphogenesis,1
0,0.987039739,2,107,GO:0048854,brain morphogenesis,1
0,0.939070697,2,85,GO:0048857,neural nucleus development,1
0,0.647208527,4,600,GO:0048863,stem cell differentiation,1
0,0.841798995,3,163,GO:0048865,stem cell fate commitment,1
0,0.622521691,4,45,GO:0048866,stem cell fate specification,1
0,0.680594976,3,866,GO:0048871,multicellular organismal homeostasis,1
0,0.644676965,2,5,GO:0048877,homeostasis of number of retina cells,1
0,1,3,13,GO:0048892,lateral line nerve development,1
0,1,6,6,GO:0048895;GO:0048897;GO:0048931;GO:0048932;GO:0048937;GO:0048938;GO:0048941;GO:0048942,posterior lateral line nerve glial cell differentiation,1
0,1,6,7,GO:0048898,anterior lateral line system development,1
0,1,5,5,GO:0048899,anterior lateral line development,1
0,1,4,9,GO:0048918,posterior lateral line nerve development,1
0,0.844741236,7,9,GO:0048923,posterior lateral line neuromast hair cell differentiation,1
0,0.999427945,4,156,GO:0050000;GO:0051303,chromosome localization,1
0,1,3,10,GO:0050432,catecholamine secretion,1
0,0.999060566,2,159,GO:0050433,regulation of catecholamine secretion,1
0,0.878241677,2,39,GO:0050434,positive regulation of viral transcription,1
0,0.999819047,5,478,GO:0050658;GO:0050657;GO:0051236;GO:0015931,nucleobase-containing compound transport,1
0,0.644676965,3,5,GO:0050666,regulation of homocysteine metabolic process,1
0,0.99997543,2,76,GO:0050685,positive regulation of mRNA processing,1
0,0.644676965,2,5,GO:0050689,negative regulation of defense response to virus by host,1
0,0.70682608,2,60,GO:0050690,regulation of defense response to virus by virus,1
0,1,2,12,GO:0050748,negative regulation of lipoprotein metabolic process,1
0,1,2,5,GO:0050758,regulation of thymidylate synthase biosynthetic process,1
0,0.962625263,3,772,GO:0050795,regulation of behavior,1
0,0.9732395,4,1428,GO:0050804;GO:0099177,regulation of trans-synaptic signaling,1
0,0.968019464,2,237,GO:0050805,negative regulation of synaptic transmission,1
0,0.808759233,5,559,GO:0050806,positive regulation of synaptic transmission,1
0,0.661666697,3,1123,GO:0050808,synapse organization,1
0,0.681111055,3,18,GO:0050847,progesterone receptor signaling pathway,1
0,0.648552979,2,46,GO:0050858,negative regulation of antigen receptor-mediated signaling pathway,1
0,0.600190166,3,33,GO:0050860,negative regulation of T cell receptor signaling pathway,1
0,0.999186308,2,153,GO:0050879;GO:0050881,multicellular organismal movement,1
0,0.780653591,4,21,GO:0050882,voluntary musculoskeletal movement,1
0,0.884493229,3,59,GO:0050884,neuromuscular process controlling posture,1
0,0.865496535,3,160,GO:0050885,neuromuscular process controlling balance,1
0,0.773085139,3,116,GO:0050886,endocrine process,1
0,0.90117901,2,177,GO:0050891;GO:0030104,water homeostasis,1
0,0.992935321,4,91,GO:0050892,intestinal absorption,1
0,0.90379779,3,41,GO:0050893,sensory processing,1
0,1,4,5,GO:0050894,determination of affect,1
0,0.631041946,6,34,GO:0050901;GO:0061756,leukocyte adhesion to vascular endothelial cell,1
0,0.866391494,2,322,GO:0050905,neuromuscular process,1
0,0.991242111,3,324,GO:0050906,detection of stimulus involved in sensory perception,1
0,0.87209991,2,89,GO:0050907,detection of chemical stimulus involved in sensory perception,1
0,0.966158553,2,91,GO:0050908;GO:0050962,detection of light stimulus involved in sensory perception,1
0,0.829213427,4,36,GO:0050910,detection of mechanical stimulus involved in sensory perception of sound,1
0,0.999727512,2,52,GO:0050911,detection of chemical stimulus involved in sensory perception of smell,1
0,0.844741236,4,9,GO:0050915,sensory perception of sour taste,1
0,0.644676965,3,5,GO:0050917,sensory perception of umami taste,1
0,0.782820384,4,157,GO:0050919,negative chemotaxis,1
0,0.696450502,5,105,GO:0050922,negative regulation of chemotaxis,1
0,1,2,29,GO:0050923,regulation of negative chemotaxis,1
0,1,3,14,GO:0050924;GO:0050929,induction of negative chemotaxis,1
0,0.60185807,2,105,GO:0050951;GO:0016048;GO:0050961;GO:0050965,detection of temperature stimulus,1
0,0.916566162,2,12,GO:0050955,thermoception,1
0,0.894808338,5,19,GO:0050957,equilibrioception,1
0,0.765119441,2,7,GO:0050960,detection of temperature stimulus involved in thermoception,1
0,0.971585882,2,43,GO:0050966,detection of mechanical stimulus involved in sensory perception of pain,1
0,0.644676965,5,5,GO:0050968,detection of chemical stimulus involved in sensory perception of pain,1
0,0.975765167,3,101,GO:0050974,detection of mechanical stimulus involved in sensory perception,1
0,0.8664425,6,70,GO:0050975,sensory perception of touch,1
0,0.8293944,4,16,GO:0050976,detection of mechanical stimulus involved in sensory perception of touch,1
0,0.649055775,2,141,GO:0050982,detection of mechanical stimulus,1
0,0.610274031,6,22,GO:0051001,negative regulation of nitric-oxide synthase activity,1
0,0.788334882,4,34,GO:0051004,regulation of lipoprotein lipase activity,1
0,0.897375626,2,11,GO:0051005,negative regulation of lipoprotein lipase activity,1
0,0.897375626,5,11,GO:0051006;GO:0061365,positive regulation of triglyceride lipase activity,1
0,0.946178558,3,23,GO:0051012,microtubule sliding,1
0,1,5,12,GO:0051013,microtubule severing,1
0,0.529794593,2,20,GO:0051014,actin filament severing,1
0,0.679762893,4,53,GO:0051016;GO:0051693,actin filament capping,1
0,1,2,19,GO:0051026,chiasma assembly,1
0,0.916566162,2,12,GO:0051029,rRNA transport,1
0,1,2,6,GO:0051030,snRNA transport,1
0,0.897375626,3,11,GO:0051031,tRNA transport,1
0,0.916566162,3,12,GO:0051045,negative regulation of membrane protein ectodomain proteolysis,1
0,0.999999492,3,804,GO:0051052,regulation of DNA metabolic process,1
0,0.999944117,4,249,GO:0051053,negative regulation of DNA metabolic process,1
0,0.997282944,4,459,GO:0051054,positive regulation of DNA metabolic process,1
0,1,4,5,GO:0051066,dihydrobiopterin metabolic process,1
0,0.992401514,6,60,GO:0051081;GO:0030397,membrane disassembly,1
0,0.998772472,2,44,GO:0051084,'de novo' posttranslational protein folding,1
0,0.998369248,4,31,GO:0051085,chaperone cofactor-dependent protein refolding,1
0,0.854481282,4,17,GO:0051095,regulation of helicase activity,1
0,0.897375626,4,11,GO:0051096,positive regulation of helicase activity,1
0,0.71110698,2,6,GO:0051097,negative regulation of helicase activity,1
0,0.684387378,2,315,GO:0051101,regulation of DNA binding,1
0,0.897375626,6,11,GO:0051105;GO:0051106,regulation of DNA ligation,1
0,0.96058779,2,33,GO:0051123,RNA polymerase II preinitiation complex assembly,1
0,0.995522069,5,37,GO:0051131,chaperone-mediated protein complex assembly,1
0,0.637737487,2,11,GO:0051136;GO:0051138,regulation of NK T cell differentiation,1
0,0.657082215,3,136,GO:0051148,negative regulation of muscle cell differentiation,1
0,0.873905701,4,32,GO:0051152,positive regulation of smooth muscle cell differentiation,1
0,0.531568392,2,85,GO:0051154,negative regulation of striated muscle cell differentiation,1
0,0.999984647,3,332,GO:0051168;GO:0006611,nuclear export,1
0,1,2,21,GO:0051177,meiotic sister chromatid cohesion,1
0,0.81333325,4,78,GO:0051180,vitamin transport,1
0,0.697261814,2,71,GO:0051205,protein insertion into membrane,1
0,0.916566162,2,12,GO:0051208,sequestering of calcium ion,1
0,0.995204938,2,263,GO:0051225,spindle assembly,1
0,0.873772159,2,10,GO:0051229;GO:0051230,spindle disassembly,1
0,0.99626511,3,27,GO:0051255,spindle midzone assembly,1
0,1,2,20,GO:0051256,mitotic spindle midzone assembly,1
0,1,2,12,GO:0051257,meiotic spindle midzone assembly,1
0,0.771685101,3,224,GO:0051258,protein polymerization,1
0,0.996203532,5,118,GO:0051261,protein depolymerization,1
0,0.533666169,2,322,GO:0051262,protein tetramerization,1
0,1,2,1979,GO:0051276,chromosome organization,1
0,0.596182276,2,143,GO:0051283;GO:0051209;GO:0097553,calcium ion transmembrane import into cytosol,1
0,0.740199927,6,204,GO:0051289,protein homotetramerization,1
0,0.864372839,6,76,GO:0051290,protein heterotetramerization,1
0,0.975911184,3,18,GO:0051292,nuclear pore complex assembly,1
0,0.933342959,4,44,GO:0051295,establishment of meiotic spindle localization,1
0,0.993047249,7,24,GO:0051296,establishment of meiotic spindle orientation,1
0,0.99999522,2,106,GO:0051298,centrosome duplication,1
0,0.998897147,2,64,GO:0051299,centrosome separation,1
0,0.721759678,2,512,GO:0051302,regulation of cell division,1
0,0.999774604,3,53,GO:0051304,chromosome separation,1
0,0.956512287,2,40,GO:0051305,chromosome movement towards spindle pole,1
0,0.916566162,4,12,GO:0051306,mitotic sister chromatid separation,1
0,0.995522069,3,37,GO:0051307,meiotic chromosome separation,1
0,1,2,8,GO:0051309,female meiosis chromosome separation,1
0,0.994093048,2,107,GO:0051310;GO:0007080,metaphase plate congression,1
0,0.991447187,2,23,GO:0051315,attachment of mitotic spindle microtubules to kinetochore,1
0,1,2,6,GO:0051316,attachment of spindle microtubules to kinetochore involved in meiotic chromosome segregation,1
0,0.895280936,2,60,GO:0051350;GO:0007194;GO:0031280,negative regulation of lyase activity,1
0,0.717578449,2,19,GO:0051351,positive regulation of ligase activity,1
0,0.765119441,2,7,GO:0051365,cellular response to potassium ion starvation,1
0,1,6,13,GO:0051382,kinetochore assembly,1
0,1,2,29,GO:0051383,kinetochore organization,1
0,0.717645295,3,129,GO:0051385,response to mineralocorticoid,1
0,0.597977345,2,16,GO:0051409,response to nitrosative stress,1
0,0.892683221,2,85,GO:0051412,response to corticosterone,1
0,1,4,14,GO:0051414,response to cortisol,1
0,1,7,12,GO:0051415,microtubule nucleation by interphase microtubule organizing center,1
0,0.989478985,2,22,GO:0051418,microtubule nucleation by microtubule organizing center,1
0,0.560116259,2,119,GO:0051438,regulation of ubiquitin-protein transferase activity,1
0,0.993153513,2,194,GO:0051445,regulation of meiotic cell cycle,1
0,0.974340179,5,80,GO:0051446,positive regulation of meiotic cell cycle,1
0,0.798036048,3,65,GO:0051447,negative regulation of meiotic cell cycle,1
0,0.597977345,6,16,GO:0051454;GO:0045852,intracellular pH elevation,1
0,0.976582714,2,52,GO:0051457,maintenance of protein location in nucleus,1
0,1,2,5,GO:0051458,corticotropin secretion,1
0,1,6,19,GO:0051459,regulation of corticotropin secretion,1
0,1,3,13,GO:0051461,positive regulation of corticotropin secretion,1
0,0.897375626,8,11,GO:0051462;GO:0051464,regulation of cortisol secretion,1
0,1,5,5,GO:0051466,positive regulation of corticotropin-releasing hormone secretion,1
0,0.90379779,10,41,GO:0051481,negative regulation of cytosolic calcium ion concentration,1
0,1,6,19,GO:0051546,keratinocyte migration,1
0,0.644676965,3,5,GO:0051548,negative regulation of keratinocyte migration,1
0,1,3,6,GO:0051552,flavone metabolic process,1
0,0.681111055,7,18,GO:0051561,positive regulation of mitochondrial calcium ion concentration,1
0,0.644676965,2,5,GO:0051562,negative regulation of mitochondrial calcium ion concentration,1
0,0.984688776,3,39,GO:0051567,histone H3-K9 methylation,1
0,0.695936819,7,88,GO:0051568,histone H3-K4 methylation,1
0,0.980889916,2,61,GO:0051569,regulation of histone H3-K4 methylation,1
0,0.999820882,4,65,GO:0051570,regulation of histone H3-K9 methylation,1
0,0.996272042,2,38,GO:0051571,positive regulation of histone H3-K4 methylation,1
0,1,6,23,GO:0051573,negative regulation of histone H3-K9 methylation,1
0,0.992267889,2,34,GO:0051574,positive regulation of histone H3-K9 methylation,1
0,0.580669164,4,60,GO:0051580,regulation of neurotransmitter uptake,1
0,0.750716776,2,20,GO:0051582,positive regulation of neurotransmitter uptake,1
0,0.610274031,4,22,GO:0051584;GO:0051940,regulation of catecholamine uptake involved in synaptic transmission,1
0,0.897375626,3,11,GO:0051586;GO:0051944,positive regulation of catecholamine uptake involved in synaptic transmission,1
0,0.701555835,2,94,GO:0051589,negative regulation of neurotransmitter transport,1
0,0.834144776,2,345,GO:0051592,response to calcium ion,1
0,0.552259065,5,37,GO:0051593,response to folic acid,1
0,1,2,6,GO:0051595,response to methylglyoxal,1
0,0.621168675,4,28,GO:0051597,response to methylmercury,1
0,1,2,7,GO:0051598,meiotic recombination checkpoint,1
0,0.893775908,3,152,GO:0051602,response to electrical stimulus,1
0,0.999902637,2,819,GO:0051606,detection of stimulus,1
0,0.686279731,2,12,GO:0051638;GO:0051695,actin filament uncapping,1
0,0.856345373,3,153,GO:0051642;GO:0061842,microtubule organizing center localization,1
0,0.944853922,4,14,GO:0051643,endoplasmic reticulum localization,1
0,0.782820384,4,157,GO:0051646,mitochondrion localization,1
0,0.815710977,2,314,GO:0051651;GO:0032507,maintenance of location in cell,1
0,0.996898165,4,39,GO:0051657,maintenance of organelle location,1
0,1,2,5,GO:0051659,maintenance of mitochondrion location,1
0,0.997532028,2,29,GO:0051661,maintenance of centrosome location,1
0,0.977396794,4,28,GO:0051663,oocyte nucleus localization involved in oocyte dorsal/ventral axis specification,1
0,0.534949076,3,349,GO:0051668,localization within membrane,1
0,0.71110698,3,6,GO:0051684,maintenance of Golgi location,1
0,1,2,10,GO:0051686,establishment of ER localization,1
0,0.644676965,2,5,GO:0051694,pointed-end actin filament capping,1
0,0.809035153,2,8,GO:0051697,protein delipidation,1
0,0.995572768,-1,264,GO:0051705,obsolete multi-organism behavior,1
0,0.762631971,4,39,GO:0051709,regulation of killing of cells of other organism,1
0,0.770514526,5,27,GO:0051712,positive regulation of killing of cells of other organism,1
0,0.644676965,6,5,GO:0051758,homologous chromosome movement towards spindle pole in meiosis I anaphase,1
0,1,2,7,GO:0051759,sister chromosome movement towards spindle pole involved in meiotic sister chromatid segregation,1
0,0.686279731,2,12,GO:0051771,negative regulation of nitric-oxide synthase biosynthetic process,1
0,0.567994632,2,32,GO:0051775,response to redox state,1
0,0.708992306,2,229,GO:0051781,positive regulation of cell division,1
0,0.526854888,5,47,GO:0051782,negative regulation of cell division,1
0,0.999189783,6,601,GO:0051783;GO:0007088,regulation of nuclear division,1
0,0.881536069,3,215,GO:0051785;GO:0045840,positive regulation of nuclear division,1
0,0.644676965,4,5,GO:0051790,short-chain fatty acid biosynthetic process,1
0,0.686279731,4,12,GO:0051791,medium-chain fatty acid metabolic process,1
0,0.637737487,5,11,GO:0051794,regulation of timing of catagen,1
0,0.765119441,2,7,GO:0051795,positive regulation of timing of catagen,1
0,0.846499875,2,56,GO:0051797,regulation of hair follicle development,1
0,0.71110698,2,6,GO:0051801;GO:0051715,cytolysis in other organism,1
0,0.975410174,2,44,GO:0051823,regulation of synapse structural plasticity,1
0,0.729335926,2,13,GO:0051835,positive regulation of synapse structural plasticity,1
0,0.71110698,2,6,GO:0051866,general adaptation syndrome,1
0,0.729335926,2,13,GO:0051873,killing by host of symbiont cells,1
0,1,2,5,GO:0051877,pigment granule aggregation in cell center,1
0,0.610274031,3,22,GO:0051883;GO:0051818,killing of cells in other organism involved in symbiotic interaction,1
0,1,5,6,GO:0051884,regulation of timing of anagen,1
0,0.809648804,3,35,GO:0051890,regulation of cardioblast differentiation,1
0,0.844741236,2,9,GO:0051891,positive regulation of cardioblast differentiation,1
0,0.992341708,4,173,GO:0051899,membrane depolarization,1
0,0.554273495,3,48,GO:0051900,regulation of mitochondrial depolarization,1
0,0.894808338,2,19,GO:0051901,positive regulation of mitochondrial depolarization,1
0,0.671806304,3,137,GO:0051926,negative regulation of calcium ion transport,1
0,0.684387378,2,315,GO:0051928,positive regulation of calcium ion transport,1
0,0.945287483,2,137,GO:0051930;GO:0051931,regulation of sensory perception,1
0,0.644676965,7,5,GO:0051933;GO:0051935,glutamate reuptake,1
0,0.982022558,2,38,GO:0051937,catecholamine transport,1
0,0.946555173,2,31,GO:0051938,L-glutamate import,1
0,1,2,5,GO:0051939,gamma-aminobutyric acid import,1
0,0.961359954,3,342,GO:0051952,regulation of amine transport,1
0,0.757686691,2,86,GO:0051953,negative regulation of amine transport,1
0,0.96684134,3,181,GO:0051954,positive regulation of amine transport,1
0,0.626680058,2,134,GO:0051955,regulation of amino acid transport,1
0,0.716167969,2,72,GO:0051957,positive regulation of amino acid transport,1
0,0.986544439,2,56,GO:0051969,regulation of transmission of nerve impulse,1
0,0.984139529,2,30,GO:0051970,negative regulation of transmission of nerve impulse,1
0,0.800467268,2,15,GO:0051971,positive regulation of transmission of nerve impulse,1
0,0.998803177,5,89,GO:0051972,regulation of telomerase activity,1
0,0.995774552,2,64,GO:0051973,positive regulation of telomerase activity,1
0,0.989478985,3,22,GO:0051974,negative regulation of telomerase activity,1
0,0.924520082,3,21,GO:0051977,lysophospholipid transport,1
0,0.999152457,2,323,GO:0051983;GO:0033045,regulation of chromosome segregation,1
0,0.942027735,2,92,GO:0051984,positive regulation of chromosome segregation,1
0,1,3,11,GO:0051987,positive regulation of attachment of spindle microtubules to kinetochore,1
0,0.961828773,2,25,GO:0051988,regulation of attachment of spindle microtubules to kinetochore,1
0,0.686279731,3,12,GO:0052173;GO:0052200;GO:0075136,response to host defenses,1
0,0.851557146,3,81,GO:0052652;GO:0009190;GO:0006182,cyclic nucleotide biosynthetic process,1
0,0.87615256,3,18,GO:0052695;GO:0052697;GO:0070980,cellular glucuronidation,1
0,0.739449559,2,38,GO:0055003,cardiac myofibril assembly,1
0,0.71110698,3,6,GO:0055005,ventricular cardiac myofibril assembly,1
0,0.924038063,2,151,GO:0055010;GO:0003229,ventricular cardiac muscle tissue development,1
0,1,3,13,GO:0055011;GO:0055014,atrial cardiac muscle cell differentiation,1
0,0.788334882,2,34,GO:0055015,ventricular cardiac muscle cell development,1
0,0.71110698,2,6,GO:0055016,hypochord development,1
0,1,5,5,GO:0055060,asymmetric neuroblast division resulting in ganglion mother cell formation,1
0,0.632183361,2,51,GO:0055069,zinc ion homeostasis,1
0,0.989478985,6,22,GO:0055091,phospholipid homeostasis,1
0,1,2,11,GO:0055113,epiboly involved in gastrulation with mouth forming second,1
0,0.809035153,3,8,GO:0055116,entry into reproductive diapause,1
0,0.889508142,3,97,GO:0060004,reflex,1
0,0.583462932,2,10,GO:0060005,vestibular reflex,1
0,0.531800788,4,58,GO:0060009,Sertoli cell development,1
0,0.932168681,3,13,GO:0060011,Sertoli cell proliferation,1
0,0.894808338,2,19,GO:0060013,righting reflex,1
0,1,4,7,GO:0060014,granulosa cell differentiation,1
0,0.611946294,4,39,GO:0060019,radial glial cell differentiation,1
0,0.801057713,2,47,GO:0060024,rhythmic synaptic transmission,1
0,0.910346783,3,55,GO:0060025,regulation of synaptic activity,1
0,0.750716776,6,20,GO:0060040;GO:1905962,retinal bipolar neuron differentiation,1
0,0.90153296,2,512,GO:0060041,retina development in camera-type eye,1
0,0.96154057,3,222,GO:0060042,retina morphogenesis in camera-type eye,1
0,0.770514526,4,27,GO:0060046,regulation of acrosome reaction,1
0,0.993932208,5,298,GO:0060047;GO:0060048,heart contraction,1
0,0.973054824,2,27,GO:0060052,neurofilament cytoskeleton organization,1
0,0.631041946,4,34,GO:0060055,angiogenesis involved in wound healing,1
0,0.714687965,2,37,GO:0060059,embryonic retina morphogenesis in camera-type eye,1
0,1,4,7,GO:0060060,post-embryonic retina morphogenesis in camera-type eye,1
0,0.975911184,2,18,GO:0060061,Spemann organizer formation,1
0,0.979651415,4,75,GO:0060065,uterus development,1
0,1,4,5,GO:0060067,cervix development,1
0,0.770514526,2,27,GO:0060068,vagina development,1
0,0.914263642,2,35,GO:0060073,micturition,1
0,0.964969055,4,49,GO:0060074,synapse maturation,1
0,0.597977345,4,16,GO:0060075,regulation of resting membrane potential,1
0,0.932852594,4,243,GO:0060078;GO:0060079;GO:0099565,regulation of postsynaptic membrane potential,1
0,0.93790719,5,30,GO:0060080,inhibitory postsynaptic potential,1
0,0.954645761,2,24,GO:0060081,membrane hyperpolarization,1
0,1,2,6,GO:0060082,eye blink reflex,1
0,0.800467268,2,15,GO:0060083,smooth muscle contraction involved in micturition,1
0,0.844741236,2,9,GO:0060084,synaptic transmission involved in micturition,1
0,1,2,6,GO:0060112,generation of ovulation cycle rhythm,1
0,1,5,8,GO:0060114;GO:0060118,vestibular receptor cell development,1
0,0.74008856,5,44,GO:0060123,regulation of growth hormone secretion,1
0,0.743301432,3,26,GO:0060124,positive regulation of growth hormone secretion,1
0,0.729335926,4,13,GO:0060125,negative regulation of growth hormone secretion,1
0,1,4,9,GO:0060126,somatotropin secreting cell differentiation,1
0,1,4,10,GO:0060128;GO:0060129,corticotropin hormone secreting cell differentiation,1
0,0.818071128,6,29,GO:0060134,prepulse inhibition,1
0,0.647158434,2,23,GO:0060137,maternal process involved in parturition,1
0,0.581025676,2,49,GO:0060143;GO:1901741,positive regulation of syncytium formation by plasma membrane fusion,1
0,0.995932572,2,173,GO:0060147;GO:0060964;GO:0060966,regulation of gene silencing by RNA,1
0,0.995080678,3,71,GO:0060148;GO:2000637,positive regulation of posttranscriptional gene silencing,1
0,0.70208913,2,54,GO:0060149;GO:0060967,negative regulation of gene silencing by RNA,1
0,1,2,7,GO:0060157,urinary bladder development,1
0,0.873772159,3,10,GO:0060160,negative regulation of dopamine receptor signaling pathway,1
0,0.637737487,3,11,GO:0060164,regulation of timing of neuron differentiation,1
0,1,3,6,GO:0060166,olfactory pit development,1
0,0.71110698,3,6,GO:0060167,regulation of adenosine receptor signaling pathway,1
0,0.567994632,2,32,GO:0060174,limb bud formation,1
0,0.646866065,2,218,GO:0060179,male mating behavior,1
0,0.795405501,5,28,GO:0060192,negative regulation of lipase activity,1
0,0.71110698,2,6,GO:0060197,cloacal septation,1
0,0.996898165,2,39,GO:0060211;GO:0060213,regulation of nuclear-transcribed mRNA poly(A) tail shortening,1
0,0.813834942,7,84,GO:0060219,camera-type eye photoreceptor cell differentiation,1
0,0.582626129,5,38,GO:0060231,mesenchymal to epithelial transition,1
0,0.955167254,2,15,GO:0060235,lens induction in camera-type eye,1
0,0.610274031,3,22,GO:0060242;GO:0060245,detection of cell density,1
0,0.686279731,6,12,GO:0060244,negative regulation of cell proliferation involved in contact inhibition,1
0,0.950266383,4,1047,GO:0060249,anatomical structure homeostasis,1
0,0.800467268,2,15,GO:0060250,germ-line stem-cell niche homeostasis,1
0,0.822940755,2,42,GO:0060252,positive regulation of glial cell proliferation,1
0,0.998145866,2,307,GO:0060259,regulation of feeding behavior,1
0,0.916566162,3,12,GO:0060268,negative regulation of respiratory burst,1
0,0.69736533,2,48,GO:0060272;GO:0072498,embryonic skeletal joint development,1
0,0.838625136,2,30,GO:0060279,positive regulation of ovulation,1
0,0.71110698,2,6,GO:0060280,negative regulation of ovulation,1
0,0.712483039,4,246,GO:0060281;GO:1905879,regulation of oogenesis,1
0,0.829213427,4,36,GO:0060283;GO:1900194;GO:1905880,negative regulation of oogenesis,1
0,1,5,16,GO:0060287,epithelial cilium movement involved in determination of left/right asymmetry,1
0,0.765119441,2,7,GO:0060288,formation of a compartment boundary,1
0,0.81876129,3,48,GO:0060290,transdifferentiation,1
0,0.773334183,2,139,GO:0060291,long-term synaptic potentiation,1
0,0.953782655,3,54,GO:0060295;GO:0003352;GO:1902019,regulation of cilium movement,1
0,1,2,13,GO:0060296,regulation of cilium beat frequency involved in ciliary motility,1
0,1,2,5,GO:0060299,negative regulation of sarcomere organization,1
0,1,2,13,GO:0060300,regulation of cytokine activity,1
0,1,3,6,GO:0060302,negative regulation of cytokine activity,1
0,0.765119441,2,7,GO:0060327,cytoplasmic actin-based contraction involved in cell motility,1
0,0.843666237,3,62,GO:0060330;GO:0060334,regulation of response to interferon-gamma,1
0,0.807555627,5,22,GO:0060331;GO:0060336,negative regulation of interferon-gamma-mediated signaling pathway,1
0,0.809035153,6,8,GO:0060332;GO:0060335,positive regulation of response to interferon-gamma,1
0,0.850449795,2,50,GO:0060338,regulation of type I interferon-mediated signaling pathway,1
0,0.87615256,5,18,GO:0060339,negative regulation of type I interferon-mediated signaling pathway,1
0,0.788334882,2,34,GO:0060347,heart trabecula formation,1
0,0.962023271,2,460,GO:0060359,response to ammonium ion,1
0,1,2,6,GO:0060361,flight,1
0,0.944853922,2,14,GO:0060372,regulation of atrial cardiac muscle cell membrane repolarization,1
0,0.765119441,3,7,GO:0060374,mast cell differentiation,1
0,0.529794593,2,20,GO:0060379,cardiac muscle cell myoblast differentiation,1
0,0.612580706,2,78,GO:0060384,innervation,1
0,0.872041121,9,25,GO:0060385,axonogenesis involved in innervation,1
0,0.930414311,2,140,GO:0060395,SMAD protein signal transduction,1
0,0.631041946,7,34,GO:0060396,growth hormone receptor signaling pathway,1
0,0.8293944,2,16,GO:0060398,regulation of growth hormone receptor signaling pathway,1
0,0.873772159,3,10,GO:0060399,positive regulation of growth hormone receptor signaling pathway,1
0,0.837406537,2,203,GO:0060401;GO:0060402,cytosolic calcium ion transport,1
0,0.85719268,2,31,GO:0060405;GO:0060406,regulation of penile erection,1
0,1,2,6,GO:0060408;GO:0060409,regulation of acetylcholine metabolic process,1
0,0.638652486,5,96,GO:0060416,response to growth hormone,1
0,0.647158434,3,23,GO:0060430,lung saccule development,1
0,0.644676965,3,5,GO:0060431,primary lung bud formation,1
0,0.743301432,2,26,GO:0060433,bronchus development,1
0,1,2,7,GO:0060434,bronchus morphogenesis,1
0,0.641242789,3,17,GO:0060437,lung growth,1
0,0.551416908,3,15,GO:0060440,trachea formation,1
0,0.932168681,2,13,GO:0060447,bud outgrowth involved in lung branching,1
0,0.681646333,3,24,GO:0060453,regulation of gastric acid secretion,1
0,0.644676965,2,5,GO:0060454,positive regulation of gastric acid secretion,1
0,1,2,14,GO:0060455,negative regulation of gastric acid secretion,1
0,0.611946294,2,39,GO:0060456,positive regulation of digestive system process,1
0,0.994624412,2,36,GO:0060457,negative regulation of digestive system process,1
0,0.71110698,3,6,GO:0060458,right lung development,1
0,1,3,9,GO:0060459,left lung development,1
0,1,3,5,GO:0060460,left lung morphogenesis,1
0,0.894808338,3,19,GO:0060462;GO:0060463,lung lobe development,1
0,0.55487327,3,97,GO:0060465,pharynx development,1
0,0.809035153,2,8,GO:0060466,activation of meiosis involved in egg activation,1
0,0.586826143,7,27,GO:0060471,cortical granule exocytosis,1
0,0.844741236,2,9,GO:0060478,acrosomal vesicle exocytosis,1
0,0.686279731,2,12,GO:0060481;GO:0060482,lobar bronchus development,1
0,1,2,5,GO:0060492,lung induction,1
0,0.932168681,2,13,GO:0060501,positive regulation of epithelial cell proliferation involved in lung morphogenesis,1
0,0.729335926,2,13,GO:0060510,type II pneumocyte differentiation,1
0,0.767260554,3,14,GO:0060513,prostatic bud formation,1
0,0.765119441,2,7,GO:0060516,primary prostatic bud elongation,1
0,0.844741236,2,9,GO:0060523;GO:0060916,prostate epithelial cord elongation,1
0,0.583462932,3,10,GO:0060535,trachea cartilage morphogenesis,1
0,0.736171738,2,624,GO:0060538,skeletal muscle organ development,1
0,0.818071128,3,29,GO:0060539,diaphragm development,1
0,0.807555627,4,22,GO:0060558;GO:0060556,regulation of vitamin D biosynthetic process,1
0,0.640119961,3,40,GO:0060561,apoptotic process involved in morphogenesis,1
0,0.695414542,2,200,GO:0060563,neuroepithelial cell differentiation,1
0,0.905713888,2,99,GO:0060571,morphogenesis of an epithelial fold,1
0,0.838625136,3,30,GO:0060572,morphogenesis of an epithelial bud,1
0,0.985804063,2,78,GO:0060573,cell fate specification involved in pattern specification,1
0,0.883372256,3,186,GO:0060581,cell fate commitment involved in pattern specification,1
0,0.644676965,3,5,GO:0060584;GO:0060585,regulation of prostaglandin-endoperoxide synthase activity,1
0,0.621168675,3,28,GO:0060591,chondroblast differentiation,1
0,0.818071128,2,29,GO:0060592,mammary gland formation,1
0,0.71110698,4,6,GO:0060595;GO:0060615;GO:0060667;GO:0060915,mesenchymal cell differentiation involved in lung development,1
0,0.955167254,3,15,GO:0060596,mammary placode formation,1
0,0.784251738,3,40,GO:0060602,branch elongation of an epithelium,1
0,0.87615256,3,18,GO:0060605;GO:0060662,salivary gland cavitation,1
0,1,3,6,GO:0060618;GO:0060658,nipple development,1
0,1,7,16,GO:0060623,regulation of chromosome condensation,1
0,0.795405501,2,28,GO:0060631,regulation of meiosis I,1
0,0.627073137,5,123,GO:0060632,regulation of microtubule-based movement,1
0,0.729335926,3,13,GO:0060633;GO:2000143,negative regulation of transcription initiation from RNA polymerase II promoter,1
0,0.916566162,4,12,GO:0060648,mammary gland bud morphogenesis,1
0,0.529794593,3,20,GO:0060664,epithelial cell proliferation involved in salivary gland morphogenesis,1
0,0.800467268,2,15,GO:0060677,ureteric bud elongation,1
0,1,2,17,GO:0060684,epithelial-mesenchymal cell signaling,1
0,1,2,16,GO:0060685,regulation of prostatic bud formation,1
0,1,3,10,GO:0060686,negative regulation of prostatic bud formation,1
0,0.560820631,3,157,GO:0060688,regulation of morphogenesis of a branching structure,1
0,0.71110698,5,6,GO:0060701;GO:0060702,negative regulation of endoribonuclease activity,1
0,0.975250664,3,59,GO:0060706,cell differentiation involved in embryonic placenta development,1
0,0.946555173,4,31,GO:0060707,trophoblast giant cell differentiation,1
0,1,2,7,GO:0060715,syncytiotrophoblast cell differentiation involved in labyrinthine layer development,1
0,0.954645761,2,24,GO:0060717;GO:1903867,extraembryonic membrane development,1
0,0.916566162,2,12,GO:0060718,chorionic trophoblast cell differentiation,1
0,0.780653591,4,21,GO:0060729,intestinal epithelial structure maintenance,1
0,0.71110698,3,6,GO:0060730,regulation of intestinal epithelial structure maintenance,1
0,0.713294208,3,31,GO:0060736,prostate gland growth,1
0,0.637737487,2,11,GO:0060737,prostate gland morphogenetic growth,1
0,1,3,6,GO:0060738,epithelial-mesenchymal signaling involved in prostate gland development,1
0,0.534584587,4,31,GO:0060742,epithelial cell differentiation involved in prostate gland development,1
0,1,4,9,GO:0060743,epithelial cell maturation involved in prostate gland development,1
0,0.916566162,2,12,GO:0060745,mammary gland branching involved in pregnancy,1
0,0.644676965,2,5,GO:0060748,tertiary branching involved in mammary gland duct morphogenesis,1
0,1,2,6,GO:0060750,epithelial cell proliferation involved in mammary gland duct elongation,1
0,1,4,9,GO:0060751,branch elongation involved in mammary gland duct branching,1
0,0.844741236,2,9,GO:0060756,foraging behavior,1
0,0.8293944,5,16,GO:0060762,regulation of branching involved in mammary gland duct morphogenesis,1
0,0.740201537,2,32,GO:0060763,mammary duct terminal end bud growth,1
0,0.743301432,2,26,GO:0060766,negative regulation of androgen receptor signaling pathway,1
0,0.550845798,2,26,GO:0060768,regulation of epithelial cell proliferation involved in prostate gland development,1
0,1,5,7,GO:0060769,positive regulation of epithelial cell proliferation involved in prostate gland development,1
0,0.71110698,2,6,GO:0060785,regulation of apoptosis involved in tissue homeostasis,1
0,0.71110698,2,6,GO:0060786,regulation of cell differentiation involved in tissue homeostasis,1
0,0.850797559,2,87,GO:0060788;GO:0071696;GO:0071697,ectodermal placode development,1
0,0.643071154,4,124,GO:0060795,cell fate commitment involved in formation of primary germ layer,1
0,1,2,6,GO:0060800,regulation of cell differentiation involved in embryonic placenta development,1
0,1,2,5,GO:0060809,mesodermal to mesenchymal transition involved in gastrulation,1
0,0.999520895,2,135,GO:0060811;GO:0060810,intracellular mRNA localization involved in pattern specification process,1
0,0.873772159,4,10,GO:0060827;GO:0060829,regulation of canonical Wnt signaling pathway involved in neural plate anterior/posterior pattern formation,1
0,1,2,6,GO:0060830,ciliary receptor clustering involved in smoothened signaling pathway,1
0,0.686279731,3,12,GO:0060846;GO:0060844;GO:0060853,blood vessel endothelial cell fate commitment,1
0,0.840106787,-1,43,GO:0060850,obsolete regulation of transcription involved in cell fate commitment,1
0,1,8,5,GO:0060855,venous endothelial cell migration involved in lymph vessel development,1
0,0.815608377,2,96,GO:0060856;GO:0060857,establishment of blood-brain barrier,1
0,1,2,7,GO:0060876;GO:0060879,semicircular canal formation,1
0,1,2,6,GO:0060898,eye field cell fate commitment involved in camera-type eye formation,1
0,0.800467268,2,15,GO:0060903,positive regulation of meiosis I,1
0,0.932168681,2,13,GO:0060907,positive regulation of macrophage cytokine production,1
0,0.941231824,3,52,GO:0060911,cardiac cell fate commitment,1
0,0.975911184,3,18,GO:0060912,cardiac cell fate specification,1
0,0.897375626,2,11,GO:0060913,cardiac cell fate determination,1
0,0.551416908,3,15,GO:0060920;GO:0060926,cardiac pacemaker cell differentiation,1
0,0.897375626,4,11,GO:0060921;GO:0060931,sinoatrial node cell differentiation,1
0,0.641242789,2,17,GO:0060923,cardiac muscle cell fate commitment,1
0,1,3,7,GO:0060932,His-Purkinje system cell differentiation,1
0,0.762631971,2,39,GO:0060965,negative regulation of gene silencing by miRNA,1
0,0.999977594,2,286,GO:0060968,regulation of gene silencing,1
0,0.936472109,4,91,GO:0060969,negative regulation of gene silencing,1
0,0.800467268,2,15,GO:0060971,embryonic heart tube left/right pattern formation,1
0,0.900351212,4,54,GO:0060973,cell migration involved in heart development,1
0,0.788334882,3,34,GO:0060986,endocrine hormone secretion,1
0,0.568131706,2,54,GO:0060992,response to fungicide,1
0,0.644676965,3,5,GO:0060994,regulation of transcription from RNA polymerase II promoter involved in kidney development,1
0,0.938378388,3,123,GO:0060996,dendritic spine development,1
0,0.944601244,7,86,GO:0060997,dendritic spine morphogenesis,1
0,0.657082215,3,136,GO:0061001,regulation of dendritic spine morphogenesis,1
0,0.711528425,2,66,GO:0061003,positive regulation of dendritic spine morphogenesis,1
0,0.927978985,3,29,GO:0061004;GO:0072048,pattern specification involved in kidney development,1
0,0.942954534,2,105,GO:0061014,positive regulation of mRNA catabolic process,1
0,1,4,11,GO:0061026,cardiac muscle tissue regeneration,1
0,0.684470076,2,30,GO:0061029,eyelid development in camera-type eye,1
0,0.729335926,2,13,GO:0061030,epithelial cell differentiation involved in mammary gland alveolus development,1
0,0.750716776,5,20,GO:0061031,endodermal digestive tract morphogenesis,1
0,1,2,7,GO:0061033,secretion by lung epithelial cell involved in lung growth,1
0,0.571095885,2,21,GO:0061038,uterus morphogenesis,1
0,0.873772159,2,10,GO:0061042,vascular wound healing,1
0,0.963552111,5,16,GO:0061046,regulation of branching involved in lung morphogenesis,1
0,1,2,9,GO:0061047,positive regulation of branching involved in lung morphogenesis,1
0,0.617524149,2,56,GO:0061050,regulation of cell growth involved in cardiac muscle cell development,1
0,0.586826143,3,27,GO:0061051,positive regulation of cell growth involved in cardiac muscle cell development,1
0,1,3,6,GO:0061055,myotome development,1
0,0.809035153,4,8,GO:0061058;GO:0061060,negative regulation of peptidoglycan recognition protein signaling pathway,1
0,0.780653591,3,21,GO:0061072,iris morphogenesis,1
0,0.992578997,2,52,GO:0061074;GO:1902866,regulation of retina development in camera-type eye,1
0,0.897375626,3,11,GO:0061075;GO:1902868,positive regulation of neural retina development,1
0,0.765119441,4,7,GO:0061076;GO:1902867;GO:1902870,negative regulation of amacrine cell differentiation,1
0,0.99396463,2,128,GO:0061077,chaperone-mediated protein folding,1
0,1,5,12,GO:0061083,regulation of protein refolding,1
0,1,6,9,GO:0061084;GO:1903333,negative regulation of protein folding,1
0,0.714687965,2,37,GO:0061085,regulation of histone H3-K27 methylation,1
0,0.897375626,2,11,GO:0061087,positive regulation of histone H3-K27 methylation,1
0,0.551416908,2,15,GO:0061088,regulation of sequestering of zinc ion,1
0,1,2,8,GO:0061092,positive regulation of phospholipid translocation,1
0,1,5,13,GO:0061094;GO:0061096,regulation of turning behavior involved in mating,1
0,0.9920249,3,43,GO:0061101,neuroendocrine cell differentiation,1
0,0.644676965,6,5,GO:0061144,alveolar secondary septum development,1
0,1,2,10,GO:0061146;GO:0097021,Peyer's patch morphogenesis,1
0,0.765119441,3,7,GO:0061152;GO:0061153,trachea submucosa development,1
0,0.944853922,3,14,GO:0061181;GO:0061182,regulation of chondrocyte development,1
0,1,4,10,GO:0061183;GO:0061184,regulation of dermatome development,1
0,0.71110698,7,6,GO:0061187;GO:0061188,regulation of ribosomal DNA heterochromatin assembly,1
0,1,5,10,GO:0061193,taste bud development,1
0,1,2,6,GO:0061194;GO:0061195,taste bud morphogenesis,1
0,1,3,12,GO:0061196;GO:0061197,fungiform papilla development,1
0,1,2,6,GO:0061198,fungiform papilla formation,1
0,0.916566162,3,12,GO:0061205,paramesonephric duct development,1
0,1,2,5,GO:0061209;GO:0072138,cell proliferation involved in mesonephros development,1
0,0.843666237,2,62,GO:0061213;GO:0061217;GO:0090189;GO:0090190,regulation of mesonephros development,1
0,0.686279731,2,12,GO:0061218,negative regulation of mesonephros development,1
0,0.844741236,2,9,GO:0061300,cerebellum vasculature development,1
0,0.997856023,3,41,GO:0061303,cornea development in camera-type eye,1
0,1,5,10,GO:0061316,canonical Wnt signaling pathway involved in heart development,1
0,0.775414843,3,93,GO:0061318,renal filtration cell differentiation,1
0,0.538732236,5,42,GO:0061319,nephrocyte differentiation,1
0,0.550845798,2,26,GO:0061320,pericardial nephrocyte differentiation,1
0,0.529794593,6,20,GO:0061321,garland nephrocyte differentiation,1
0,0.809648804,4,35,GO:0061331;GO:2001013,epithelial cell proliferation involved in renal tubule morphogenesis,1
0,0.644676965,5,5,GO:0061336,cell morphogenesis involved in Malpighian tubule morphogenesis,1
0,1,5,5,GO:0061344;GO:1901189,regulation of cell adhesion involved in heart morphogenesis,1
0,1,4,13,GO:0061364,apoptotic process involved in luteolysis,1
0,1,3,10,GO:0061370,testosterone biosynthetic process,1
0,1,2,9,GO:0061373,mammillary axonal complex development,1
0,1,3,6,GO:0061378;GO:0061379;GO:0061374;GO:0061381,corpora quadrigemina development,1
0,0.644676965,6,5,GO:0061402,positive regulation of transcription from RNA polymerase II promoter in response to acidic pH,1
0,1,9,6,GO:0061408,positive regulation of transcription from RNA polymerase II promoter in response to heat stress,1
0,0.944853922,2,14,GO:0061438;GO:0061439;GO:0072103;GO:0072104,renal system vasculature morphogenesis,1
0,0.681111055,2,18,GO:0061484,hematopoietic stem cell homeostasis,1
0,0.999702887,2,90,GO:0061512,protein localization to cilium,1
0,0.644676965,4,5,GO:0061526,acetylcholine secretion,1
0,0.767260554,3,14,GO:0061541,rhabdomere morphogenesis,1
0,0.897375626,2,11,GO:0061552,ganglion morphogenesis,1
0,0.944853922,4,14,GO:0061577,calcium ion transmembrane transport via high voltage-gated calcium channel,1
0,0.916566162,8,12,GO:0061588;GO:0061590;GO:0061591,calcium activated phospholipid scrambling,1
0,0.809035153,2,8,GO:0061589,calcium activated phosphatidylserine scrambling,1
0,0.989478985,3,22,GO:0061635,regulation of protein complex stability,1
0,1,2,8,GO:0061642,chemoattraction of axon,1
0,1,2,15,GO:0061643,chemorepulsion of axon,1
0,0.66388369,2,58,GO:0061647,histone H3-K9 modification,1
0,0.71110698,5,6,GO:0061668,mitochondrial ribosome assembly,1
0,1,6,8,GO:0061670,evoked neurotransmitter secretion,1
0,0.932168681,2,13,GO:0061684;GO:0061741,chaperone-mediated autophagy,1
0,0.944853922,2,14,GO:0061687;GO:0010273,detoxification of inorganic compound,1
0,0.767260554,2,14,GO:0061737,leukotriene signaling pathway,1
0,0.844741236,2,9,GO:0061738,late endosomal microautophagy,1
0,1,7,6,GO:0061739,protein lipidation involved in autophagosome assembly,1
0,0.844741236,9,9,GO:0061740,protein targeting to lysosome involved in chaperone-mediated autophagy,1
0,1,2,13,GO:0061743,motor learning,1
0,1,4,7,GO:0061774;GO:0061781,cohesin unloading,1
0,0.954645761,2,24,GO:0061792,secretory granule maturation,1
0,0.71110698,4,6,GO:0061819;GO:1904505;GO:1904506;GO:1905764;GO:1905765,negative regulation of telomere maintenance in response to DNA damage,1
0,1,2,12,GO:0061820;GO:0090657,telomeric loop disassembly,1
0,0.765119441,2,7,GO:0061857,endoplasmic reticulum stress-induced pre-emptive quality control,1
0,0.8293944,3,16,GO:0061865,polarized secretion of basement membrane proteins in epithelium,1
0,0.56752392,2,43,GO:0061900,glial cell activation,1
0,0.99999865,3,333,GO:0061982,meiosis I cell cycle process,1
0,0.738046906,3,79,GO:0061983,meiosis II cell cycle process,1
0,0.781089039,3,58,GO:0062033,positive regulation of mitotic sister chromatid segregation,1
0,1,2,6,GO:0062044;GO:1905006,negative regulation of cardiac epithelial to mesenchymal transition,1
0,0.733859214,2,96,GO:0062149,detection of stimulus involved in sensory perception of pain,1
0,0.713058554,6,89,GO:0062237;GO:1903539,protein localization to postsynapse,1
0,1,3,276,GO:0065004,protein-DNA complex assembly,1
0,0.551416908,3,15,GO:0070070;GO:0070072,vacuolar proton-transporting V-type ATPase complex assembly,1
0,0.780653591,3,21,GO:0070071,proton-transporting two-sector ATPase complex assembly,1
0,0.71110698,5,6,GO:0070086,ubiquitin-dependent endocytosis,1
0,1,2,15,GO:0070092,regulation of glucagon secretion,1
0,1,2,7,GO:0070094,positive regulation of glucagon secretion,1
0,0.720728152,2,78,GO:0070098,chemokine-mediated signaling pathway,1
0,0.987057965,2,21,GO:0070099;GO:0070100,regulation of chemokine-mediated signaling pathway,1
0,0.800467268,2,15,GO:0070103,regulation of interleukin-6-mediated signaling pathway,1
0,0.873772159,2,10,GO:0070104;GO:1902232;GO:1902205;GO:1902206;GO:1902215;GO:1902233,negative regulation of interleukin-6-mediated signaling pathway,1
0,0.71110698,4,6,GO:0070105,positive regulation of interleukin-6-mediated signaling pathway,1
0,0.762631971,3,39,GO:0070121,Kupffer's vesicle development,1
0,1,2,8,GO:0070127,tRNA aminoacylation for mitochondrial protein translation,1
0,0.595485666,2,44,GO:0070129;GO:0062125,regulation of mitochondrial gene expression,1
0,0.795405501,3,28,GO:0070131,positive regulation of mitochondrial translation,1
0,0.681646333,2,24,GO:0070141,response to UV-A,1
0,1,4,202,GO:0070192,chromosome organization involved in meiotic cell cycle,1
0,0.996865477,2,66,GO:0070193,synaptonemal complex organization,1
0,1,3,5,GO:0070194,synaptonemal complex disassembly,1
0,0.936216527,2,22,GO:0070199,establishment of protein localization to chromosome,1
0,1,2,7,GO:0070200,establishment of protein localization to telomere,1
0,0.936472109,2,91,GO:0070207,protein homotrimerization,1
0,0.534584587,2,31,GO:0070230,positive regulation of lymphocyte apoptotic process,1
0,0.738046906,3,79,GO:0070265,necrotic cell death,1
0,0.86341992,3,38,GO:0070266,necroptotic process,1
0,0.989478985,4,22,GO:0070269,pyroptosis,1
0,1,5,48,GO:0070286,axonemal dynein complex assembly,1
0,1,6,5,GO:0070292,N-acylphosphatidylethanolamine metabolic process,1
0,0.782062241,4,46,GO:0070293,renal absorption,1
0,0.87615256,4,18,GO:0070294,renal sodium ion absorption,1
0,0.897375626,2,11,GO:0070295,renal water absorption,1
0,0.978915402,2,37,GO:0070296,sarcoplasmic reticulum calcium ion transport,1
0,0.770514526,3,27,GO:0070305;GO:0071321,response to cGMP,1
0,0.869191917,4,64,GO:0070306,lens fiber cell differentiation,1
0,0.765119441,2,7,GO:0070309,lens fiber cell morphogenesis,1
0,0.945492213,6,73,GO:0070316;GO:0070317,regulation of G0 to G1 transition,1
0,0.686279731,2,12,GO:0070327,thyroid hormone transport,1
0,0.653745333,2,29,GO:0070344,regulation of fat cell proliferation,1
0,0.854481282,2,17,GO:0070345,negative regulation of fat cell proliferation,1
0,0.873772159,3,10,GO:0070346,positive regulation of fat cell proliferation,1
0,0.551416908,4,15,GO:0070365,hepatocyte differentiation,1
0,1,3,7,GO:0070366,regulation of hepatocyte differentiation,1
0,1,2,5,GO:0070368,positive regulation of hepatocyte differentiation,1
0,0.563241857,2,168,GO:0070373,negative regulation of ERK1 and ERK2 cascade,1
0,0.71110698,2,6,GO:0070375,ERK5 cascade,1
0,0.644676965,5,5,GO:0070425;GO:0070433,negative regulation of nucleotide-binding oligomerization domain containing 2 signaling pathway,1
0,0.927978985,2,29,GO:0070445,regulation of oligodendrocyte progenitor proliferation,1
0,0.800467268,2,15,GO:0070447,positive regulation of oligodendrocyte progenitor proliferation,1
0,1,2,5,GO:0070459,prolactin secretion,1
0,0.971099442,2,35,GO:0070472;GO:0070474,regulation of uterine smooth muscle contraction,1
0,0.71110698,7,6,GO:0070473,negative regulation of uterine smooth muscle contraction,1
0,1,4,12,GO:0070475,rRNA base methylation,1
0,0.860758404,9,118,GO:0070509,calcium ion import,1
0,0.800467268,2,15,GO:0070525,tRNA threonylcarbamoyladenosine metabolic process,1
0,0.549066583,2,75,GO:0070534,protein K63-linked ubiquitination,1
0,0.656447755,5,52,GO:0070536,protein K63-linked deubiquitination,1
0,1,2,5,GO:0070537,histone H2A K63-linked deubiquitination,1
0,0.954070636,2,32,GO:0070544,histone H3-K36 demethylation,1
0,1,2,7,GO:0070561,vitamin D receptor signaling pathway,1
0,0.880627681,4,65,GO:0070584,mitochondrion morphogenesis,1
0,0.969244342,2,482,GO:0070588,calcium ion transmembrane transport,1
0,0.809035153,5,8,GO:0070601,centromeric sister chromatid cohesion,1
0,1,4,10,GO:0070602,regulation of centromeric sister chromatid cohesion,1
0,0.738046906,4,79,GO:0070633,transepithelial transport,1
0,1,2,11,GO:0070634,transepithelial ammonium transport,1
0,0.874038615,2,1615,GO:0070647,protein modification by small protein conjugation or removal,1
0,0.607021301,2,50,GO:0070723,response to cholesterol,1
0,0.586826143,2,27,GO:0070734,histone H3-K27 methylation,1
0,0.63046496,5,90,GO:0070741;GO:0071354,response to interleukin-6,1
0,0.641242789,3,17,GO:0070778,L-aspartate transmembrane transport,1
0,1,5,6,GO:0070781,response to biotin,1
0,1,2,6,GO:0070782,phosphatidylserine exposure on apoptotic cell surface,1
0,0.873772159,3,10,GO:0070816,phosphorylation of RNA polymerase II C-terminal domain,1
0,0.637737487,3,11,GO:0070836,caveola assembly,1
0,0.686279731,2,12,GO:0070837,dehydroascorbic acid transport,1
0,0.8293944,2,16,GO:0070841;GO:0070842,inclusion body assembly,1
0,0.526854888,3,47,GO:0070861,regulation of protein exit from endoplasmic reticulum,1
0,0.641242789,2,17,GO:0070862;GO:1904153,negative regulation of protein exit from endoplasmic reticulum,1
0,0.610274031,2,22,GO:0070863,positive regulation of protein exit from endoplasmic reticulum,1
0,0.97427025,3,73,GO:0070868,heterochromatin organization involved in chromatin silencing,1
0,1,2,5,GO:0070889,platelet alpha granule organization,1
0,0.997079455,4,49,GO:0070897,transcription preinitiation complex assembly,1
0,0.637737487,2,11,GO:0070900;GO:1900864,mitochondrial tRNA modification,1
0,0.999288067,7,35,GO:0070911,global genome nucleotide-excision repair,1
0,1,6,20,GO:0070914,UV-damage excision repair,1
0,0.781089039,2,58,GO:0070920;GO:1903798,regulation of production of small RNA involved in gene silencing by RNA,1
0,0.989478985,5,22,GO:0070922,small RNA loading onto RISC,1
0,0.999998201,2,1771,GO:0070925,organelle assembly,1
0,0.838625136,6,30,GO:0070932,histone H3 deacetylation,1
0,0.750716776,3,20,GO:0070933,histone H4 deacetylation,1
0,0.916566162,2,12,GO:0070934,CRD-mediated mRNA stabilization,1
0,0.981652384,2,46,GO:0070935,3'-UTR-mediated mRNA stabilization,1
0,1,5,9,GO:0070940,dephosphorylation of RNA polymerase II C-terminal domain,1
0,0.924520082,2,21,GO:0070948;GO:0070949,regulation of neutrophil mediated cytotoxicity,1
0,0.844741236,6,9,GO:0070950;GO:0070951,regulation of neutrophil mediated killing of bacterium,1
0,0.765119441,7,7,GO:0070953;GO:0070965,positive regulation of neutrophil mediated killing of fungus,1
0,0.686279731,3,12,GO:0070960;GO:0070961,positive regulation of neutrophil mediated killing of symbiont cell,1
0,0.644676965,4,5,GO:0070962;GO:0070963;GO:1900135,positive regulation of renin secretion into blood stream,1
0,0.999857698,3,219,GO:0070972,protein localization to endoplasmic reticulum,1
0,0.979520123,3,82,GO:0070983,dendrite guidance,1
0,1,2,30,GO:0070987,error-free translesion synthesis,1
0,0.676792167,2,115,GO:0070988,demethylation,1
0,1,3,15,GO:0071000,response to magnetism,1
0,1,3,35,GO:0071025;GO:0071027,RNA surveillance,1
0,1,3,26,GO:0071028,nuclear mRNA surveillance,1
0,1,2,11,GO:0071030,nuclear mRNA surveillance of spliceosomal pre-mRNA splicing,1
0,1,2,7,GO:0071033,nuclear retention of pre-mRNA at the site of transcription,1
0,1,5,5,GO:0071034;GO:0071043,CUT catabolic process,1
0,1,4,8,GO:0071035;GO:0071038,nuclear polyadenylation-dependent rRNA catabolic process,1
0,1,3,6,GO:0071042;GO:0071047,nuclear polyadenylation-dependent mRNA catabolic process,1
0,1,3,20,GO:0071044,histone mRNA catabolic process,1
0,1,10,10,GO:0071051,polyadenylation-dependent snoRNA 3'-end processing,1
0,0.95002794,3,39,GO:0071073,positive regulation of phospholipid biosynthetic process,1
0,0.999999978,2,457,GO:0071103;GO:0006323,DNA conformation change,1
0,1,5,7,GO:0071105,response to interleukin-11,1
0,0.784236404,4,231,GO:0071158;GO:0071156,regulation of cell cycle arrest,1
0,1,2,5,GO:0071163,DNA replication preinitiation complex assembly,1
0,0.995727367,2,72,GO:0071168,protein localization to chromatin,1
0,0.800467268,3,15,GO:0071169,establishment of protein localization to chromatin,1
0,0.667391149,2,170,GO:0071230,cellular response to amino acid stimulus,1
0,0.844741236,3,9,GO:0071233,cellular response to leucine,1
0,0.940119107,2,197,GO:0071242,cellular response to ammonium ion,1
0,0.942665246,4,38,GO:0071257,cellular response to electrical stimulus,1
0,1,2,9,GO:0071259,cellular response to magnetism,1
0,0.916566162,2,12,GO:0071265;GO:0071267;GO:0043102,L-methionine biosynthetic process,1
0,0.542611289,6,145,GO:0071277,cellular response to calcium ion,1
0,0.99540547,2,26,GO:0071286,cellular response to magnesium ion,1
0,0.71110698,2,6,GO:0071299;GO:0003131,cellular response to vitamin A,1
0,0.9951262,2,94,GO:0071312,cellular response to alkaloid,1
0,0.86341992,6,38,GO:0071313;GO:0071415,cellular response to purine-containing compound,1
0,1,4,8,GO:0071314,cellular response to cocaine,1
0,1,2,13,GO:0071315,cellular response to morphine,1
0,1,4,18,GO:0071317,cellular response to isoquinoline alkaloid,1
0,0.610274031,7,22,GO:0071324;GO:0071329,cellular response to sucrose stimulus,1
0,1,7,9,GO:0071332,cellular response to fructose stimulus,1
0,1,5,6,GO:0071336,regulation of hair follicle cell proliferation,1
0,0.941223788,2,111,GO:0071359,cellular response to dsRNA,1
0,0.583462932,4,10,GO:0071373,cellular response to luteinizing hormone stimulus,1
0,0.816041123,2,54,GO:0071378,cellular response to growth hormone stimulus,1
0,0.632676705,2,484,GO:0071383,cellular response to steroid hormone stimulus,1
0,0.568958884,2,228,GO:0071384;GO:0071385,cellular response to corticosteroid stimulus,1
0,0.809035153,6,8,GO:0071386,cellular response to corticosterone stimulus,1
0,0.534584587,7,31,GO:0071389,cellular response to mineralocorticoid stimulus,1
0,0.586826143,2,27,GO:0071397,cellular response to cholesterol,1
0,0.873772159,3,10,GO:0071418,cellular response to amine stimulus,1
0,0.987057965,2,21,GO:0071421,manganese ion transmembrane transport,1
0,0.916609206,2,28,GO:0071425,hematopoietic stem cell proliferation,1
0,1,5,6,GO:0071444,cellular response to pheromone,1
0,1,2,14,GO:0071454,cellular response to anoxia,1
0,0.765119441,3,7,GO:0071461,cellular response to redox state,1
0,0.910818511,2,20,GO:0071462,cellular response to water stimulus,1
0,0.897375626,3,11,GO:0071464,cellular response to hydrostatic pressure,1
0,1,5,6,GO:0071469,cellular response to alkaline pH,1
0,0.653745333,2,29,GO:0071472,cellular response to salt stress,1
0,0.8293944,2,16,GO:0071475,cellular hyperosmotic salinity response,1
0,0.604256353,3,61,GO:0071480,cellular response to gamma radiation,1
0,0.674638502,2,292,GO:0071482,cellular response to light stimulus,1
0,1,3,11,GO:0071492,cellular response to UV-A,1
0,0.916566162,2,12,GO:0071502,cellular response to temperature stimulus,1
0,0.99253201,7,68,GO:0071539;GO:1905508,protein localization to microtubule organizing center,1
0,0.930572037,2,109,GO:0071542,dopaminergic neuron differentiation,1
0,0.854481282,2,17,GO:0071557,histone H3-K27 demethylation,1
0,0.729335926,4,13,GO:0071578,zinc ion import across plasma membrane,1
0,1,2,5,GO:0071596,ubiquitin-dependent protein catabolic process via the N-end rule pathway,1
0,0.856883578,2,63,GO:0071599,otic vesicle development,1
0,0.581025676,2,49,GO:0071600;GO:0030916,otic vesicle morphogenesis,1
0,0.932168681,4,13,GO:0071623;GO:0090024;GO:1902623,negative regulation of neutrophil chemotaxis,1
0,0.889422126,2,53,GO:0071625,vocalization behavior,1
0,1,2,13,GO:0071630,nuclear protein quality control by the ubiquitin-proteasome system,1
0,0.916609206,2,28,GO:0071632,optomotor response,1
0,0.873772159,5,10,GO:0071638,negative regulation of monocyte chemotactic protein-1 production,1
0,0.529794593,3,20,GO:0071649,regulation of chemokine (C-C motif) ligand 5 production,1
0,0.71110698,5,6,GO:0071650,negative regulation of chemokine (C-C motif) ligand 5 production,1
0,1,2,10,GO:0071672,negative regulation of smooth muscle cell chemotaxis,1
0,0.903623095,2,27,GO:0071676,negative regulation of mononuclear cell migration,1
0,0.597977345,2,16,GO:0071680;GO:0071681,response to indole-3-methanol,1
0,0.526854888,2,47,GO:0071684,organism emergence from protective structure,1
0,0.72006575,3,49,GO:0071688,striated muscle myosin thick filament assembly,1
0,1,3,9,GO:0071694;GO:0035583,maintenance of protein location in extracellular region,1
0,0.840106787,3,43,GO:0071715;GO:1901571,icosanoid transport,1
0,1,2,5,GO:0071722,detoxification of arsenic-containing substance,1
0,0.583462932,6,10,GO:0071733;GO:0090202;GO:0090579,dsDNA loop formation,1
0,0.762631971,2,39,GO:0071763,nuclear membrane organization,1
0,1,2,391,GO:0071824,protein-DNA complex subunit organization,1
0,0.933878224,2,51,GO:0071850,mitotic cell cycle arrest,1
0,0.583462932,5,10,GO:0071878;GO:0140192;GO:0140199,negative regulation of adenylate cyclase-activating adrenergic receptor signaling pathway,1
0,0.844741236,6,9,GO:0071895,odontoblast differentiation,1
0,0.999999875,2,211,GO:0071897,DNA biosynthetic process,1
0,1,3,5,GO:0071898;GO:0071899,regulation of estrogen receptor binding,1
0,0.765119441,4,7,GO:0071918,urea transmembrane transport,1
0,0.936216527,4,22,GO:0071922;GO:1905634,regulation of protein localization to chromatin,1
0,0.637737487,3,11,GO:0071923;GO:0120186,negative regulation of cohesin loading,1
0,1,4,10,GO:0071931,positive regulation of transcription involved in G1/S transition of mitotic cell cycle,1
0,1,2,6,GO:0071934,thiamine transmembrane transport,1
0,0.944853922,2,14,GO:0071965,multicellular organismal locomotion,1
0,1,2,15,GO:0072003,kidney rudiment formation,1
0,0.840106787,5,43,GO:0072015;GO:0072310,glomerular epithelial cell development,1
0,1,3,13,GO:0072023;GO:0072233,metanephric thick ascending limb development,1
0,0.800467268,2,15,GO:0072033,renal vesicle formation,1
0,0.765119441,5,7,GO:0072034,renal vesicle induction,1
0,0.765119441,2,7,GO:0072038,mesenchymal stem cell maintenance involved in nephron morphogenesis,1
0,1,6,11,GO:0072039;GO:0072040;GO:1904673,regulation of mesenchymal cell apoptotic process involved in nephron morphogenesis,1
0,0.551416908,4,15,GO:0072047;GO:0072081,proximal/distal pattern formation involved in nephron development,1
0,0.550845798,3,26,GO:0072049;GO:0072050,S-shaped body morphogenesis,1
0,0.761745614,2,45,GO:0072074;GO:0072075,kidney mesenchyme development,1
0,0.765119441,4,7,GO:0072076;GO:0072134,nephrogenic mesenchyme development,1
0,0.784251738,2,40,GO:0072077;GO:0072087;GO:0072283,renal vesicle development,1
0,0.761954242,6,51,GO:0072079,nephron tubule formation,1
0,1,3,9,GO:0072086,specification of loop of Henle identity,1
0,0.62476863,5,309,GO:0072091,regulation of stem cell proliferation,1
0,0.686279731,4,12,GO:0072092;GO:0072093,metanephric renal vesicle formation,1
0,1,3,8,GO:0072095,regulation of branch elongation involved in ureteric bud branching,1
0,0.637737487,2,11,GO:0072098,anterior/posterior pattern specification involved in kidney development,1
0,1,3,9,GO:0072106;GO:0072107;GO:1905278,positive regulation of ureteric bud formation,1
0,1,5,9,GO:0072108,positive regulation of mesenchymal to epithelial transition involved in metanephros morphogenesis,1
0,0.944853922,2,14,GO:0072114,pronephros morphogenesis,1
0,0.873772159,2,10,GO:0072125;GO:0090194,negative regulation of glomerular mesangial cell proliferation,1
0,0.788447388,2,123,GO:0072132,mesenchyme morphogenesis,1
0,0.897375626,4,11,GO:0072135;GO:0072136,kidney mesenchymal cell proliferation,1
0,1,2,6,GO:0072139,glomerular parietal epithelial cell differentiation,1
0,0.571095885,5,21,GO:0072161;GO:2001012,mesenchymal cell differentiation involved in renal system development,1
0,0.551416908,3,15,GO:0072162,metanephric mesenchymal cell differentiation,1
0,0.963552111,3,16,GO:0072174,metanephric tubule formation,1
0,0.992267889,3,34,GO:0072178,nephric duct morphogenesis,1
0,1,4,17,GO:0072179,nephric duct formation,1
0,1,2,5,GO:0072181,mesonephric duct formation,1
0,0.770514526,4,27,GO:0072182,regulation of nephron tubule epithelial cell differentiation,1
0,0.932168681,2,13,GO:0072197;GO:0072289,ureter morphogenesis,1
0,1,6,13,GO:0072199;GO:2000729,regulation of mesenchymal cell proliferation involved in ureter development,1
0,0.91946777,5,56,GO:0072215,regulation of metanephros development,1
0,0.924894919,2,36,GO:0072216,positive regulation of metanephros development,1
0,0.903623095,2,27,GO:0072217,negative regulation of metanephros development,1
0,0.644676965,4,5,GO:0072248;GO:0072312,metanephric glomerular visceral epithelial cell differentiation,1
0,1,4,7,GO:0072275;GO:0072276;GO:0072277,metanephric glomerulus morphogenesis,1
0,0.800467268,4,15,GO:0072278;GO:0072284,metanephric S-shaped body morphogenesis,1
0,0.970369038,5,17,GO:0072298,regulation of metanephric glomerulus development,1
0,0.644676965,3,5,GO:0072299;GO:0072302;GO:2001074;GO:2001076,positive regulation of metanephric ureteric bud development,1
0,1,6,12,GO:0072300,positive regulation of metanephric glomerulus development,1
0,0.809035153,2,8,GO:0072301,regulation of metanephric glomerular mesangial cell proliferation,1
0,0.729335926,2,13,GO:0072307,regulation of metanephric nephron tubule epithelial cell differentiation,1
0,0.961828773,2,25,GO:0072319;GO:0016191;GO:0072318,vesicle uncoating,1
0,0.954645761,2,24,GO:0072321,chaperone-mediated protein transport,1
0,0.692736637,3,42,GO:0072325;GO:0072327,vulval cell fate commitment,1
0,0.974691337,2,265,GO:0072331,signal transduction by p53 class mediator,1
0,0.607021301,5,50,GO:0072337,modified amino acid transport,1
0,0.644676965,5,5,GO:0072344,rescue of stalled ribosome,1
0,0.957843105,4,364,GO:0072347,response to anesthetic,1
0,0.570667627,4,76,GO:0072348,sulfur compound transport,1
0,1,7,5,GO:0072355,histone H3-T3 phosphorylation,1
0,1,2,6,GO:0072356,chromosome passenger complex localization to kinetochore,1
0,0.644676965,-1,5,GO:0072363,obsolete regulation of glycolytic process by positive regulation of transcription from RNA polymerase II promoter,1
0,0.644676965,-1,5,GO:0072369,obsolete regulation of lipid transport by positive regulation of transcription from RNA polymerase II promoter,1
0,0.545885199,2,64,GO:0072375,medium-term memory,1
0,0.543591713,2,91,GO:0072376,protein activation cascade,1
0,0.765119441,2,7,GO:0072387,flavin adenine dinucleotide metabolic process,1
0,0.946555173,2,31,GO:0072393,microtubule anchoring at microtubule organizing center,1
0,0.844741236,6,9,GO:0072396;GO:0072402;GO:0072423,response to DNA damage checkpoint signaling,1
0,1,4,21,GO:0072425,signal transduction involved in G2 DNA damage checkpoint,1
0,1,2,5,GO:0072429,response to intra-S DNA damage checkpoint signaling,1
0,0.583462932,2,10,GO:0072513,positive regulation of secondary heart field cardioblast proliferation,1
0,0.997536198,3,50,GO:0072520,seminiferous tubule development,1
0,0.989794947,2,150,GO:0072527,pyrimidine-containing compound metabolic process,1
0,0.826845528,2,85,GO:0072528,pyrimidine-containing compound biosynthetic process,1
0,0.999382151,3,58,GO:0072529,pyrimidine-containing compound catabolic process,1
0,0.780653591,2,21,GO:0072531,pyrimidine-containing compound transmembrane transport,1
0,0.873772159,2,10,GO:0072537,fibroblast activation,1
0,1,2,17,GO:0072538;GO:0072539,T-helper 17 type immune response,1
0,0.99133982,2,82,GO:0072553,terminal button organization,1
0,1,4,9,GO:0072554,blood vessel lumenization,1
0,0.686279731,3,12,GO:0072577,endothelial cell apoptotic process,1
0,0.568131706,5,54,GO:0072578,neurotransmitter-gated ion channel clustering,1
0,0.644676965,3,5,GO:0072592,oxygen metabolic process,1
0,0.750873226,5,813,GO:0072594,establishment of protein localization to organelle,1
0,0.671586348,2,81,GO:0072595,maintenance of protein localization in organelle,1
0,1,2,7,GO:0072658;GO:0072660,maintenance of protein location in membrane,1
0,0.686279731,2,12,GO:0072674;GO:0072675,multinuclear osteoclast differentiation,1
0,0.611469592,3,89,GO:0072676,lymphocyte migration,1
0,0.761745614,2,45,GO:0072678,T cell migration,1
0,1,2,7,GO:0072679,thymocyte migration,1
0,0.71110698,3,6,GO:0072683,T cell extravasation,1
0,0.809035153,5,8,GO:0072708,response to sorbitol,1
0,1,2,20,GO:0072710;GO:0072711,response to hydroxyurea,1
0,1,3,12,GO:0072716;GO:0072717,response to actinomycin D,1
0,1,2,5,GO:0072720,response to dithiothreitol,1
0,0.583462932,3,10,GO:0072733;GO:0072734,response to staurosporine,1
0,1,3,5,GO:0072757,cellular response to camptothecin,1
0,0.946178558,2,23,GO:0075522,IRES-dependent viral translational initiation,1
0,1,2,9,GO:0075525,viral translational termination-reinitiation,1
0,0.996963937,7,28,GO:0080009,mRNA methylation,1
0,0.571095885,7,21,GO:0080111,DNA demethylation,1
0,0.637737487,2,11,GO:0080144,amino acid homeostasis,1
0,0.828549426,4,103,GO:0080154,regulation of fertilization,1
0,0.552259065,2,37,GO:0080182,histone H3-K4 trimethylation,1
0,0.897375626,2,11,GO:0085020,protein K6-linked ubiquitination,1
0,0.929729159,2,146,GO:0086001,cardiac muscle cell action potential,1
0,0.939705771,6,117,GO:0086002;GO:0086003,cardiac muscle cell contraction,1
0,0.831810152,2,55,GO:0086005,ventricular cardiac muscle cell action potential,1
0,0.648552979,3,46,GO:0086009;GO:0086011;GO:0086013;GO:0099622,membrane repolarization,1
0,0.995219935,5,116,GO:0086010,membrane depolarization during action potential,1
0,0.942159772,2,59,GO:0086012,membrane depolarization during cardiac muscle cell action potential,1
0,0.641242789,2,17,GO:0086016;GO:0086027;GO:0086045,AV node cell action potential,1
0,0.873772159,3,10,GO:0086017;GO:0086047,membrane depolarization during Purkinje myocyte cell action potential,1
0,0.903723267,2,80,GO:0086019,cell-cell signaling involved in cardiac conduction,1
0,0.873772159,2,10,GO:0086028;GO:0086043;GO:0086048,bundle of His cell to Purkinje myocyte signaling,1
0,0.743301432,2,26,GO:0086029;GO:0086068,Purkinje myocyte to ventricular cardiac muscle cell communication,1
0,0.936216527,2,22,GO:0086046,membrane depolarization during SA node cell action potential,1
0,0.71110698,2,6,GO:0086098,angiotensin-activated signaling pathway involved in heart process,1
0,0.644676965,3,5,GO:0086100,endothelin receptor signaling pathway,1
0,0.954645761,3,24,GO:0090009,primitive streak formation,1
0,0.916566162,3,12,GO:0090027,negative regulation of monocyte chemotaxis,1
0,0.550845798,4,26,GO:0090037,positive regulation of protein kinase C signaling,1
0,0.607021301,2,50,GO:0090050,positive regulation of cell migration involved in sprouting angiogenesis,1
0,0.597977345,2,16,GO:0090063,positive regulation of microtubule nucleation,1
0,0.993345722,3,696,GO:0090068,positive regulation of cell cycle process,1
0,0.96058779,2,33,GO:0090069,regulation of ribosome biogenesis,1
0,0.993047249,6,24,GO:0090070,positive regulation of ribosome biogenesis,1
0,1,2,5,GO:0090076,relaxation of skeletal muscle,1
0,0.637737487,2,11,GO:0090080,positive regulation of MAPKKK cascade by fibroblast growth factor receptor signaling pathway,1
0,1,5,6,GO:0090081;GO:0090082,positive regulation of heart induction by negative regulation of canonical Wnt signaling pathway,1
0,0.934323633,5,37,GO:0090083,regulation of inclusion body assembly,1
0,0.910818511,2,20,GO:0090084,negative regulation of inclusion body assembly,1
0,0.954645761,2,24,GO:0090091,positive regulation of extracellular matrix disassembly,1
0,0.791074428,3,129,GO:0090102,cochlea development,1
0,1,2,7,GO:0090107,regulation of high-density lipoprotein particle assembly,1
0,1,2,5,GO:0090119,vesicle-mediated cholesterol transport,1
0,0.673516691,2,47,GO:0090128;GO:0090129,regulation of synapse maturation,1
0,0.673516691,3,47,GO:0090140,regulation of mitochondrial fission,1
0,0.99626511,2,27,GO:0090148,membrane fission,1
0,1,4,5,GO:0090149,mitochondrial membrane fission,1
0,0.827592771,5,462,GO:0090150,establishment of protein localization to membrane,1
0,0.850449795,2,50,GO:0090151;GO:0051204,establishment of protein localization to mitochondrial membrane,1
0,0.932168681,2,13,GO:0090166,Golgi disassembly,1
0,0.834383629,4,133,GO:0090183;GO:0090184,regulation of kidney development,1
0,0.526854888,5,47,GO:0090185,negative regulation of kidney development,1
0,0.750716776,4,20,GO:0090186;GO:0090188,regulation of pancreatic juice secretion,1
0,0.640119961,5,40,GO:0090192;GO:0090193,regulation of glomerulus development,1
0,1,2,9,GO:0090204,protein localization to nuclear pore,1
0,0.809035153,4,8,GO:0090215;GO:0090217,negative regulation of 1-phosphatidylinositol-4-phosphate 5-kinase activity,1
0,0.610274031,2,22,GO:0090219,negative regulation of lipid kinase activity,1
0,0.844741236,2,9,GO:0090230;GO:0090234,regulation of centromere complex assembly,1
0,0.973054824,3,27,GO:0090231;GO:0090266;GO:1903504,regulation of spindle checkpoint,1
0,1,2,13,GO:0090232;GO:1901978;GO:0090267,positive regulation of cell cycle checkpoint,1
0,0.944853922,2,14,GO:0090235,regulation of metaphase plate congression,1
0,0.641242789,2,17,GO:0090237,regulation of arachidonic acid secretion,1
0,0.916566162,4,12,GO:0090238,positive regulation of arachidonic acid secretion,1
0,0.713294208,8,31,GO:0090239,regulation of histone H4 acetylation,1
0,1,2,12,GO:0090240,positive regulation of histone H4 acetylation,1
0,0.71110698,3,6,GO:0090242,retinoic acid receptor signaling pathway involved in somitogenesis,1
0,0.71110698,2,6,GO:0090256,regulation of cell proliferation involved in imaginal disc-derived wing morphogenesis,1
0,0.853039331,3,24,GO:0090259,regulation of retinal ganglion cell axon guidance,1
0,1,2,11,GO:0090260,negative regulation of retinal ganglion cell axon guidance,1
0,0.800467268,6,15,GO:0090261,positive regulation of inclusion body assembly,1
0,0.583462932,4,10,GO:0090271,positive regulation of fibroblast growth factor production,1
0,0.975911184,2,18,GO:0090273;GO:0090274,regulation of somatostatin secretion,1
0,1,5,7,GO:0090275,negative regulation of somatostatin secretion,1
0,0.643908887,2,289,GO:0090277,positive regulation of peptide hormone secretion,1
0,0.637737487,4,11,GO:0090281,negative regulation of calcium ion import,1
0,1,-1,8,GO:0090286;GO:0043578;GO:0090292,obsolete cytoskeletal anchoring at nuclear membrane,1
0,1,6,9,GO:0090296,regulation of mitochondrial DNA replication,1
0,1,2,8,GO:0090297;GO:1901860,positive regulation of mitochondrial DNA metabolic process,1
0,1,4,399,GO:0090305,nucleic acid phosphodiester bond hydrolysis,1
0,0.905209201,5,61,GO:0090306,spindle assembly involved in meiosis,1
0,0.999328532,3,117,GO:0090307,mitotic spindle assembly,1
0,0.713692873,2,25,GO:0090308,regulation of DNA methylation-dependent heterochromatin assembly,1
0,0.87615256,2,18,GO:0090309,positive regulation of DNA methylation-dependent heterochromatin assembly,1
0,0.597977345,3,16,GO:0090324,negative regulation of oxidative phosphorylation,1
0,0.991433054,2,67,GO:0090325,regulation of locomotion involved in locomotory behavior,1
0,0.888899098,3,33,GO:0090326,positive regulation of locomotion involved in locomotory behavior,1
0,1,5,10,GO:0090327,negative regulation of locomotion involved in locomotory behavior,1
0,0.999617669,2,38,GO:0090328,regulation of olfactory learning,1
0,0.999826149,2,127,GO:0090329,regulation of DNA-dependent DNA replication,1
0,0.762631971,2,39,GO:0090344,negative regulation of cell aging,1
0,0.71110698,2,6,GO:0090361,regulation of platelet-derived growth factor production,1
0,0.809035153,6,8,GO:0090364,regulation of proteasome assembly,1
0,1,3,10,GO:0090365;GO:0090367,regulation of mRNA modification,1
0,0.989478985,2,22,GO:0090381;GO:1901321,regulation of heart induction,1
0,0.924520082,2,21,GO:0090399,replicative senescence,1
0,0.910818511,4,20,GO:0090400,stress-induced premature senescence,1
0,0.873772159,2,10,GO:0090403,oxidative stress-induced premature senescence,1
0,0.686279731,5,12,GO:0090427,activation of meiosis,1
0,0.838625136,4,30,GO:0090435,protein localization to nuclear envelope,1
0,1,2,6,GO:0090472,dibasic protein processing,1
0,0.644676965,2,5,GO:0090480,purine nucleotide-sugar transmembrane transport,1
0,0.637737487,4,11,GO:0090494;GO:0090493,dopamine uptake,1
0,0.99999994,2,216,GO:0090501,RNA phosphodiester bond hydrolysis,1
0,1,3,6,GO:0090521,glomerular visceral epithelial cell migration,1
0,0.583462932,2,10,GO:0090611,ubiquitin-independent protein catabolic process via the multivesicular body sorting pathway,1
0,0.916566162,2,12,GO:0090615,mitochondrial mRNA processing,1
0,1,4,8,GO:0090616;GO:0097222,mitochondrial mRNA polyadenylation,1
0,0.924520082,2,21,GO:0090646,mitochondrial tRNA processing,1
0,1,4,19,GO:0090649;GO:0090650,cellular response to oxygen-glucose deprivation,1
0,1,4,11,GO:0090666;GO:0090670;GO:0090685;GO:1904874,RNA localization to nucleus,1
0,1,2,9,GO:0090669,telomerase RNA stabilization,1
0,0.98407997,2,20,GO:0090676,calcium ion transmembrane transport via low voltage-gated calcium channel,1
0,1,5,6,GO:0097010,eukaryotic translation initiation factor 4F complex assembly,1
0,0.970369038,3,17,GO:0097050,type B pancreatic cell apoptotic process,1
0,1,2,16,GO:0097064,ncRNA export from nucleus,1
0,0.844741236,2,9,GO:0097069;GO:1904387,cellular response to L-phenylalanine derivative,1
0,0.897375626,2,11,GO:0097070,ductus arteriosus closure,1
0,0.916566162,3,12,GO:0097089,methyl-branched fatty acid metabolic process,1
0,0.936089717,2,78,GO:0097090;GO:0097105;GO:0099054,presynaptic membrane organization,1
0,1,2,14,GO:0097091,synaptic vesicle clustering,1
0,0.969330123,4,50,GO:0097106;GO:0099084,postsynaptic density organization,1
0,0.888833254,4,26,GO:0097107;GO:0098698;GO:1904861,excitatory synapse assembly,1
0,0.924520082,2,21,GO:0097113,AMPA glutamate receptor clustering,1
0,0.597977345,2,16,GO:0097114,NMDA glutamate receptor clustering,1
0,1,5,10,GO:0097116,gephyrin clustering involved in postsynaptic density assembly,1
0,0.809035153,2,8,GO:0097117,guanylate kinase-associated protein clustering,1
0,0.980416897,2,19,GO:0097118,neuroligin clustering involved in postsynaptic membrane assembly,1
0,0.975911184,6,18,GO:0097119,postsynaptic density protein 95 clustering,1
0,0.969435577,5,92,GO:0097120,receptor localization to synapse,1
0,0.702703578,2,77,GO:0097150,neuronal stem cell population maintenance,1
0,0.933878224,5,51,GO:0097154,GABAergic neuron differentiation,1
0,0.844741236,2,9,GO:0097155,fasciculation of sensory neuron axon,1
0,0.686279731,2,12,GO:0097167,circadian regulation of translation,1
0,0.903623095,2,27,GO:0097178,ruffle assembly,1
0,0.585078714,2,115,GO:0097194,execution phase of apoptosis,1
0,0.844741236,2,9,GO:0097195,pilomotor reflex,1
0,0.765119441,4,7,GO:0097212;GO:0097213,regulation of lysosomal membrane permeability,1
0,1,4,5,GO:0097214;GO:1904592;GO:1904764;GO:1990832,chaperone-mediated autophagy translocation complex disassembly,1
0,1,4,12,GO:0097240,chromosome attachment to the nuclear envelope,1
0,0.534584587,2,31,GO:0097242,amyloid-beta clearance,1
0,1,2,5,GO:0097252,oligodendrocyte apoptotic process,1
0,0.980416897,3,19,GO:0097264,self proteolysis,1
0,1,2,5,GO:0097272,ammonium homeostasis,1
0,0.946555173,2,31,GO:0097284,hepatocyte apoptotic process,1
0,0.873772159,8,10,GO:0097296;GO:2001269,activation of cysteine-type endopeptidase activity involved in apoptotic signaling pathway,1
0,1,2,6,GO:0097298,regulation of nucleus size,1
0,0.723398078,2,55,GO:0097300,programmed necrotic cell death,1
0,0.994348019,2,25,GO:0097329,response to antimetabolite,1
0,0.975911184,4,18,GO:0097332;GO:0097338,response to antipsychotic drug,1
0,0.897375626,2,11,GO:0097350,neutrophil clearance,1
0,0.723398078,4,55,GO:0097374,sensory neuron axon guidance,1
0,0.71110698,6,6,GO:0097377;GO:0097378,dorsal spinal cord interneuron axon guidance,1
0,0.897375626,3,11,GO:0097396;GO:0097398,response to interleukin-17,1
0,1,2,8,GO:0097400,interleukin-17-mediated signaling pathway,1
0,0.686279731,2,12,GO:0097466,ubiquitin-dependent glycoprotein ERAD pathway,1
0,0.844741236,3,9,GO:0097476;GO:0097477,spinal cord motor neuron migration,1
0,0.684470076,2,30,GO:0097484,dendrite extension,1
0,0.994624412,6,36,GO:0097499,protein localization to non-motile cilium,1
0,0.870384297,3,45,GO:0097501,stress response to metal ion,1
0,0.554273495,2,48,GO:0097502,mannosylation,1
0,0.729335926,2,13,GO:0097527,necroptotic signaling pathway,1
0,1,4,5,GO:0097534;GO:0097535,lymphoid lineage cell migration,1
0,0.637737487,2,11,GO:0097623,potassium ion export across plasma membrane,1
0,1,2,7,GO:0097681,double-strand break repair via alternative nonhomologous end joining,1
0,0.954070636,6,32,GO:0097688,glutamate receptor clustering,1
0,0.999951633,2,176,GO:0097711,ciliary basal body-plasma membrane docking,1
0,1,3,5,GO:0097742;GO:0098535,de novo centriole assembly involved in multi-ciliated epithelial cell differentiation,1
0,0.932168681,5,13,GO:0097749,membrane tubulation,1
0,0.681111055,3,18,GO:0097753,membrane bending,1
0,1,4,7,GO:0098501,polynucleotide dephosphorylation,1
0,0.644676965,4,5,GO:0098508,endothelial to hematopoietic transition,1
0,0.681111055,8,18,GO:0098532,histone H3-K27 trimethylation,1
0,1,2,32,GO:0098664,G protein-coupled serotonin receptor signaling pathway,1
0,1,2,20,GO:0098700,neurotransmitter loading into synaptic vesicle,1
0,0.641242789,3,17,GO:0098712,L-glutamate import across plasma membrane,1
0,0.993550825,2,35,GO:0098719,sodium ion import across plasma membrane,1
0,1,4,5,GO:0098724,symmetric stem cell division,1
0,0.551416908,2,15,GO:0098725,symmetric cell division,1
0,0.910818511,6,20,GO:0098735,positive regulation of the force of heart contraction,1
0,0.550845798,6,26,GO:0098779;GO:1901526;GO:1904925;GO:1904923,regulation of autophagy of mitochondrion in response to mitochondrial depolarization,1
0,1,3,174,GO:0098781,ncRNA transcription,1
0,0.99540547,2,26,GO:0098787;GO:0098789,mRNA cleavage involved in mRNA processing,1
0,0.762631971,2,39,GO:0098877;GO:0098969;GO:1903540;GO:0099632,protein transport within plasma membrane,1
0,0.99540547,2,26,GO:0098880;GO:0099562,maintenance of postsynaptic specialization structure,1
0,0.800467268,4,15,GO:0098881;GO:0098967,exocytic insertion of neurotransmitter receptor to plasma membrane,1
0,1,3,5,GO:0098884;GO:0140239,postsynaptic neurotransmitter receptor internalization,1
0,0.583462932,3,10,GO:0098886,modification of dendritic spine,1
0,0.82712434,3,196,GO:0098900,regulation of action potential,1
0,0.681111055,2,18,GO:0098902;GO:1900825,regulation of membrane depolarization during action potential,1
0,0.975911184,4,18,GO:0098907,regulation of SA node cell action potential,1
0,0.765203568,3,33,GO:0098908,regulation of neuronal action potential,1
0,0.903623095,2,27,GO:0098909,regulation of cardiac muscle cell action potential involved in regulation of contraction,1
0,0.621168675,3,28,GO:0098910,regulation of atrial cardiac muscle cell action potential,1
0,0.844741236,3,9,GO:0098912,membrane depolarization during atrial cardiac muscle cell action potential,1
0,1,2,10,GO:0098914;GO:0099624,membrane repolarization during atrial cardiac muscle cell action potential,1
0,0.910818511,2,20,GO:0098915;GO:0099625,ventricular cardiac muscle cell membrane repolarization,1
0,0.809035153,5,8,GO:0098917,retrograde trans-synaptic signaling,1
0,0.932168681,4,13,GO:0098928;GO:0099526,presynaptic signal transduction,1
0,0.897375626,5,11,GO:0098953;GO:0098970;GO:0099628,postsynaptic neurotransmitter receptor diffusion trapping,1
0,1,8,7,GO:0098961;GO:0098963;GO:0098964,anterograde dendritic transport of messenger ribonucleoprotein complex,1
0,1,2,5,GO:0098971,anterograde dendritic transport of neurotransmitter receptor complex,1
0,0.894808338,2,19,GO:0098976,excitatory chemical synaptic transmission,1
0,0.637737487,2,11,GO:0098989,NMDA selective glutamate receptor signaling pathway,1
0,1,2,7,GO:0099039,sphingolipid translocation,1
0,1,2,5,GO:0099050,vesicle scission,1
0,0.883632605,2,46,GO:0099068;GO:0097104,postsynapse assembly,1
0,0.925719449,2,50,GO:0099072,regulation of postsynaptic membrane neurotransmitter receptor levels,1
0,1,2,6,GO:0099089,establishment of endoplasmic reticulum localization to postsynapse,1
0,1,8,5,GO:0099159;GO:1904266;GO:1904268;GO:1905274,regulation of modification of postsynaptic actin cytoskeleton,1
0,0.985063674,2,126,GO:0099172,presynapse organization,1
0,0.735987828,2,226,GO:0099173,postsynapse organization,1
0,0.939705771,6,117,GO:0099174,regulation of presynapse organization,1
0,0.932168681,2,13,GO:0099509,regulation of presynaptic cytosolic calcium ion concentration,1
0,1,3,6,GO:0099538;GO:0099540;GO:0099551,synaptic signaling via neuropeptide,1
0,0.873772159,5,10,GO:0099541;GO:0099542;GO:0099552;GO:0099553,trans-synaptic signaling by endocannabinoid,1
0,0.71110698,4,6,GO:0099545,trans-synaptic signaling by trans-synaptic complex,1
0,0.985511008,6,85,GO:0099558,maintenance of synapse structure,1
0,0.854481282,2,17,GO:0099560,synaptic membrane adhesion,1
0,1,2,13,GO:0099566,regulation of postsynaptic cytosolic calcium ion concentration,1
0,1,5,12,GO:0099590,neurotransmitter receptor internalization,1
0,0.879485625,2,150,GO:0099601;GO:1900449,regulation of neurotransmitter receptor activity,1
0,0.925719449,2,50,GO:0099637,neurotransmitter receptor transport,1
0,1,5,26,GO:0099640,axo-dendritic protein transport,1
0,1,2,7,GO:0099642,retrograde axonal protein transport,1
0,0.800467268,3,15,GO:0099645;GO:0099633,neurotransmitter receptor localization to postsynaptic specialization membrane,1
0,0.873772159,2,10,GO:0106001,intestinal hexose absorption,1
0,0.610274031,2,22,GO:0106049;GO:1902218;GO:1902219,regulation of cellular response to osmotic stress,1
0,0.717578449,2,19,GO:0106072,negative regulation of adenylate cyclase-activating G protein-coupled receptor signaling pathway,1
0,0.844741236,3,9,GO:0106074,aminoacyl-tRNA metabolism involved in translational fidelity,1
0,0.780653591,5,21,GO:0106104;GO:1904717,regulation of AMPA glutamate receptor clustering,1
0,1,2,8,GO:0110104,mRNA alternative polyadenylation,1
0,0.985581811,2,106,GO:0110110,positive regulation of animal organ morphogenesis,1
0,0.621168675,5,28,GO:0110156;GO:0110154,RNA decapping,1
0,0.681646333,2,24,GO:0120255,olefinic compound biosynthetic process,1
0,0.644676965,2,5,GO:0140009,L-aspartate import across plasma membrane,1
0,0.999997389,3,433,GO:0140014,mitotic nuclear division,1
0,0.999999605,2,186,GO:0140053,mitochondrial gene expression,1
0,0.831615206,3,23,GO:0140058,neuron projection arborization,1
0,0.8293944,2,16,GO:0140059,dendrite arborization,1
0,0.600190166,2,33,GO:0140131;GO:1901623,regulation of lymphocyte chemotaxis,1
0,0.916981546,3,88,GO:0140353;GO:0014047,lipid export from cell,1
0,0.583462932,9,10,GO:0150018;GO:0150019;GO:0150020,basal dendrite arborization,1
0,0.71110698,2,6,GO:0150146,cell junction disassembly,1
0,0.87615256,6,18,GO:1900017,positive regulation of cytokine production involved in inflammatory response,1
0,0.8293944,3,16,GO:1900019;GO:1900020,regulation of protein kinase C activity,1
0,0.787490775,5,88,GO:1900034,regulation of cellular response to heat,1
0,0.571095885,2,21,GO:1900044,regulation of protein K63-linked ubiquitination,1
0,0.951681488,2,126,GO:1900073,regulation of neuromuscular synaptic transmission,1
0,1,2,19,GO:1900074,negative regulation of neuromuscular synaptic transmission,1
0,0.804427764,2,101,GO:1900078,positive regulation of cellular response to insulin stimulus,1
0,0.799086312,2,77,GO:1900101,regulation of endoplasmic reticulum unfolded protein response,1
0,0.534584587,3,31,GO:1900102,negative regulation of endoplasmic reticulum unfolded protein response,1
0,0.93790719,3,30,GO:1900103,positive regulation of endoplasmic reticulum unfolded protein response,1
0,0.71110698,2,6,GO:1900104;GO:1900106,regulation of hyaluranon cable assembly,1
0,0.644676965,2,5,GO:1900108,negative regulation of nodal signaling pathway,1
0,1,9,11,GO:1900109,regulation of histone H3-K9 dimethylation,1
0,1,2,8,GO:1900111,positive regulation of histone H3-K9 dimethylation,1
0,1,9,26,GO:1900112,regulation of histone H3-K9 trimethylation,1
0,1,2,14,GO:1900113,negative regulation of histone H3-K9 trimethylation,1
0,0.888899098,5,33,GO:1900115;GO:1900116,extracellular regulation of signal transduction,1
0,0.989840205,3,88,GO:1900117,regulation of execution phase of apoptosis,1
0,0.981057373,3,29,GO:1900118,negative regulation of execution phase of apoptosis,1
0,0.850449795,3,50,GO:1900119,positive regulation of execution phase of apoptosis,1
0,0.621168675,5,28,GO:1900121,negative regulation of receptor binding,1
0,0.583462932,3,10,GO:1900126,negative regulation of hyaluronan biosynthetic process,1
0,1,2,5,GO:1900128,regulation of G-protein activated inward rectifier potassium channel activity,1
0,0.844741236,4,9,GO:1900144;GO:2001284,positive regulation of BMP secretion,1
0,1,3,14,GO:1900145;GO:1900175,regulation of nodal signaling pathway involved in determination of left/right asymmetry,1
0,0.873772159,3,10,GO:1900149,positive regulation of Schwann cell migration,1
0,0.809035153,4,8,GO:1900186,negative regulation of clathrin-dependent endocytosis,1
0,0.636176807,2,68,GO:1900193,regulation of oocyte maturation,1
0,0.932168681,2,13,GO:1900211;GO:1900212,regulation of mesenchymal cell apoptotic process involved in metanephros development,1
0,0.644676965,2,5,GO:1900222,negative regulation of amyloid-beta clearance,1
0,1,2,7,GO:1900224,positive regulation of nodal signaling pathway involved in determination of lateral mesoderm left/right asymmetry,1
0,0.686279731,3,12,GO:1900227,positive regulation of NLRP3 inflammasome complex assembly,1
0,0.636867101,2,107,GO:1900242;GO:1903421,regulation of synaptic vesicle recycling,1
0,0.569261782,2,65,GO:1900244;GO:1903423,positive regulation of synaptic vesicle recycling,1
0,0.644676965,2,5,GO:1900246,positive regulation of RIG-I signaling pathway,1
0,1,2,15,GO:1900247,regulation of cytoplasmic translational elongation,1
0,1,4,13,GO:1900262;GO:1900264,regulation of DNA-directed DNA polymerase activity,1
0,0.844741236,3,9,GO:1900275,negative regulation of phospholipase C activity,1
0,0.999288067,9,35,GO:1900363,regulation of mRNA polyadenylation,1
0,1,2,9,GO:1900365,positive regulation of mRNA polyadenylation,1
0,1,2,12,GO:1900368,regulation of RNA interference,1
0,1,2,7,GO:1900369,negative regulation of RNA interference,1
0,1,6,5,GO:1900370,positive regulation of RNA interference,1
0,0.71110698,3,6,GO:1900450;GO:1904782,negative regulation of glutamate receptor signaling pathway,1
0,0.74008856,3,44,GO:1900451,positive regulation of glutamate receptor signaling pathway,1
0,0.954070636,2,32,GO:1900452,regulation of long-term synaptic depression,1
0,0.644676965,3,5,GO:1900453,negative regulation of long-term synaptic depression,1
0,0.975911184,6,18,GO:1900454,positive regulation of long-term synaptic depression,1
0,0.844741236,2,9,GO:1900736,regulation of phospholipase C-activating G protein-coupled receptor signaling pathway,1
0,0.644676965,4,5,GO:1900738,positive regulation of phospholipase C-activating G protein-coupled receptor signaling pathway,1
0,0.632183361,7,51,GO:1900739;GO:1900740,positive regulation of protein insertion into mitochondrial membrane involved in apoptotic signaling pathway,1
0,0.800467268,3,15,GO:1900748,positive regulation of vascular endothelial growth factor signaling pathway,1
0,0.71110698,2,6,GO:1900923,regulation of glycine import across plasma membrane,1
0,0.953084688,3,225,GO:1901019,regulation of calcium ion transmembrane transporter activity,1
0,0.903211783,4,111,GO:1901021,positive regulation of calcium ion transmembrane transporter activity,1
0,1,2,9,GO:1901044,protein polyubiquitination involved in nucleus-associated proteasomal ubiquitin-dependent protein catabolic process,1
0,0.631041946,3,34,GO:1901096,regulation of autophagosome maturation,1
0,1,2,13,GO:1901097,negative regulation of autophagosome maturation,1
0,0.610274031,3,22,GO:1901098,positive regulation of autophagosome maturation,1
0,0.743301432,2,26,GO:1901142,insulin metabolic process,1
0,0.610274031,3,22,GO:1901163,regulation of trophoblast cell migration,1
0,0.916566162,2,12,GO:1901164,negative regulation of trophoblast cell migration,1
0,1,2,7,GO:1901187,regulation of ephrin receptor signaling pathway,1
0,0.71110698,2,6,GO:1901207,regulation of heart looping,1
0,0.71110698,3,6,GO:1901219;GO:1901220,negative regulation of cardiac chamber morphogenesis,1
0,1,3,7,GO:1901295;GO:1905066,regulation of canonical Wnt signaling pathway involved in heart development,1
0,0.660451347,2,35,GO:1901317;GO:1902093;GO:0003353;GO:2000155,regulation of flagellated sperm motility,1
0,0.873905701,2,32,GO:1901339,regulation of store-operated calcium channel activity,1
0,0.583462932,2,10,GO:1901355;GO:0072752,response to rapamycin,1
0,0.743671809,2,56,GO:1901380;GO:1901017,negative regulation of potassium ion transmembrane transport,1
0,1,2,7,GO:1901382,regulation of chorionic trophoblast cell proliferation,1
0,0.963915864,2,97,GO:1901385,regulation of voltage-gated calcium channel activity,1
0,0.997532028,5,29,GO:1901386,negative regulation of voltage-gated calcium channel activity,1
0,0.93790719,2,30,GO:1901387,positive regulation of voltage-gated calcium channel activity,1
0,0.894808338,5,19,GO:1901407,regulation of phosphorylation of RNA polymerase II C-terminal domain,1
0,0.944853922,4,14,GO:1901409,positive regulation of phosphorylation of RNA polymerase II C-terminal domain,1
0,1,4,9,GO:1901419;GO:1901421,regulation of response to alcohol,1
0,0.583462932,2,10,GO:1901491,negative regulation of lymphangiogenesis,1
0,0.554273495,4,48,GO:1901524,regulation of mitophagy,1
0,1,4,7,GO:1901529,positive regulation of anion channel activity,1
0,0.87615256,3,18,GO:1901533,negative regulation of hematopoietic progenitor cell differentiation,1
0,0.800467268,2,15,GO:1901534,positive regulation of hematopoietic progenitor cell differentiation,1
0,0.729335926,2,13,GO:1901535;GO:1901537,regulation of DNA demethylation,1
0,0.644676965,3,5,GO:1901558,response to metformin,1
0,0.873772159,3,10,GO:1901562,response to paraquat,1
0,0.551416908,2,15,GO:1901563,response to camptothecin,1
0,0.768165183,2,2678,GO:1901566,organonitrogen compound biosynthetic process,1
0,0.800467268,3,15,GO:1901608,regulation of vesicle transport along microtubule,1
0,1,2,11,GO:1901610;GO:1901951;GO:1901953,positive regulation of vesicle transport along microtubule,1
0,0.800467268,2,15,GO:1901620;GO:1901621,regulation of smoothened signaling pathway involved in dorsal/ventral neural tube patterning,1
0,0.595485666,4,44,GO:1901626;GO:1903909,regulation of postsynaptic membrane organization,1
0,1,3,6,GO:1901656,glycoside transport,1
0,0.644676965,3,5,GO:1901664;GO:1901666,regulation of NAD+ ADP-ribosyltransferase activity,1
0,0.844741236,2,9,GO:1901668;GO:1901671;GO:1904833,regulation of superoxide dismutase activity,1
0,0.999694321,2,288,GO:1901796,regulation of signal transduction by p53 class mediator,1
0,0.977256067,4,88,GO:1901797,negative regulation of signal transduction by p53 class mediator,1
0,0.933342959,4,44,GO:1901798,positive regulation of signal transduction by p53 class mediator,1
0,0.999745917,9,108,GO:1901799,negative regulation of proteasomal protein catabolic process,1
0,0.927978985,3,29,GO:1901836,regulation of transcription of nucleolar large rRNA by RNA polymerase I,1
0,1,2,20,GO:1901838,positive regulation of transcription of nucleolar large rRNA by RNA polymerase I,1
0,0.932168681,2,13,GO:1901843,positive regulation of high voltage-gated calcium channel activity,1
0,0.989478985,6,22,GO:1901857,positive regulation of cellular respiration,1
0,0.800467268,6,15,GO:1901858,regulation of mitochondrial DNA metabolic process,1
0,0.994348019,5,25,GO:1901894;GO:1901896,regulation of ATPase-coupled calcium transmembrane transporter activity,1
0,1,3,7,GO:1901963,regulation of cell proliferation involved in outflow tract morphogenesis,1
0,0.997303575,2,67,GO:1901976,regulation of cell cycle checkpoint,1
0,0.987057965,5,21,GO:1901977;GO:2000002,negative regulation of cell cycle checkpoint,1
0,0.799234164,4,407,GO:1901988;GO:1901991,negative regulation of cell cycle phase transition,1
0,0.998328401,2,931,GO:1901990;GO:1901987,regulation of cell cycle phase transition,1
0,0.92143083,4,252,GO:1901992;GO:1901989,positive regulation of cell cycle phase transition,1
0,1,2,20,GO:1901993;GO:1902102;GO:1905132,regulation of meiotic cell cycle phase transition,1
0,1,2,8,GO:1901994,negative regulation of meiotic cell cycle phase transition,1
0,1,2,12,GO:1901995;GO:1902104;GO:1905134,positive regulation of meiotic cell cycle phase transition,1
0,0.751678584,4,74,GO:1901998,toxin transport,1
0,0.531568392,3,85,GO:1902001,fatty acid transmembrane transport,1
0,0.949391929,2,138,GO:1902017,regulation of cilium assembly,1
0,0.713692873,2,25,GO:1902018,negative regulation of cilium assembly,1
0,0.644676965,4,5,GO:1902023;GO:1903400,L-arginine transport,1
0,0.897375626,2,11,GO:1902033,regulation of hematopoietic stem cell proliferation,1
0,1,7,7,GO:1902035,positive regulation of hematopoietic stem cell proliferation,1
0,1,2,7,GO:1902037,negative regulation of hematopoietic stem cell differentiation,1
0,1,2,7,GO:1902038,positive regulation of hematopoietic stem cell differentiation,1
0,0.995905062,2,47,GO:1902101;GO:1905820,positive regulation of chromosome separation,1
0,0.644676965,4,5,GO:1902109,negative regulation of mitochondrial membrane permeability involved in apoptotic process,1
0,0.765119441,4,7,GO:1902119;GO:1902120,negative regulation of meiotic spindle elongation,1
0,1,4,8,GO:1902159,regulation of cyclic nucleotide-gated ion channel activity,1
0,0.765119441,4,7,GO:1902174,positive regulation of keratinocyte apoptotic process,1
0,0.916566162,2,12,GO:1902202,regulation of hepatocyte growth factor receptor signaling pathway,1
0,0.767260554,2,14,GO:1902214,regulation of interleukin-4-mediated signaling pathway,1
0,0.897375626,2,11,GO:1902226;GO:1902227;GO:1903970;GO:1903973,regulation of macrophage colony-stimulating factor signaling pathway,1
0,0.610274031,3,22,GO:1902231,positive regulation of intrinsic apoptotic signaling pathway in response to DNA damage,1
0,0.536132933,3,69,GO:1902235,regulation of endoplasmic reticulum stress-induced intrinsic apoptotic signaling pathway,1
0,0.916609206,2,28,GO:1902237,positive regulation of endoplasmic reticulum stress-induced intrinsic apoptotic signaling pathway,1
0,0.937298332,2,65,GO:1902253,regulation of intrinsic apoptotic signaling pathway by p53 class mediator,1
0,0.840106787,3,43,GO:1902254,negative regulation of intrinsic apoptotic signaling pathway by p53 class mediator,1
0,0.8293944,4,16,GO:1902255,positive regulation of intrinsic apoptotic signaling pathway by p53 class mediator,1
0,1,2,6,GO:1902256,regulation of apoptotic process involved in outflow tract morphogenesis,1
0,0.946555173,3,31,GO:1902259,regulation of delayed rectifier potassium channel activity,1
0,1,2,17,GO:1902260,negative regulation of delayed rectifier potassium channel activity,1
0,1,4,5,GO:1902263,apoptotic process involved in embryonic digit morphogenesis,1
0,0.765119441,4,7,GO:1902267,regulation of polyamine transmembrane transport,1
0,0.937956341,4,524,GO:1902275,regulation of chromatin organization,1
0,0.897375626,4,11,GO:1902308;GO:1902309,regulation of peptidyl-serine dephosphorylation,1
0,0.971585882,3,43,GO:1902337,regulation of apoptotic process involved in morphogenesis,1
0,0.970369038,2,17,GO:1902338,negative regulation of apoptotic process involved in morphogenesis,1
0,0.853039331,4,24,GO:1902339,positive regulation of apoptotic process involved in morphogenesis,1
0,1,3,19,GO:1902412;GO:1903436,regulation of mitotic cytokinesis,1
0,0.984139529,2,30,GO:1902415;GO:1905214,regulation of RNA binding,1
0,0.924520082,5,21,GO:1902416;GO:1905216,positive regulation of RNA binding,1
0,0.894808338,7,19,GO:1902430,negative regulation of amyloid-beta formation,1
0,1,2,18,GO:1902435;GO:1902436,regulation of male mating behavior,1
0,1,4,6,GO:1902445,regulation of mitochondrial membrane permeability involved in programmed necrotic cell death,1
0,0.780653591,2,21,GO:1902455,negative regulation of stem cell population maintenance,1
0,1,5,6,GO:1902464,regulation of histone H3-K27 trimethylation,1
0,0.954313688,2,133,GO:1902476,chloride transmembrane transport,1
0,0.98407997,4,20,GO:1902510;GO:1903624,regulation of DNA catabolic process,1
0,1,2,11,GO:1902512;GO:1903626,positive regulation of DNA catabolic process,1
0,0.644676965,2,5,GO:1902523,positive regulation of protein K63-linked ubiquitination,1
0,0.583462932,2,10,GO:1902525,regulation of protein monoubiquitination,1
0,1,3,8,GO:1902544,regulation of DNA N-glycosylase activity,1
0,0.944853922,5,14,GO:1902566,regulation of eosinophil activation,1
0,1,2,7,GO:1902567,negative regulation of eosinophil activation,1
0,1,3,6,GO:1902569,negative regulation of activation of Janus kinase activity,1
0,1,6,11,GO:1902570,protein localization to nucleolus,1
0,1,2,7,GO:1902576,negative regulation of nuclear cell cycle DNA replication,1
0,0.71110698,2,6,GO:1902595,regulation of DNA replication origin binding,1
0,0.809035153,4,8,GO:1902606;GO:1902608,positive regulation of large conductance calcium-activated potassium channel activity,1
0,1,4,6,GO:1902626,assembly of large subunit precursor of preribosome,1
0,1,3,17,GO:1902630,regulation of membrane hyperpolarization,1
0,1,2,5,GO:1902632,positive regulation of membrane hyperpolarization,1
0,0.916566162,2,12,GO:1902644,tertiary alcohol metabolic process,1
0,1,3,5,GO:1902659;GO:1902661,positive regulation of glucose mediated signaling pathway,1
0,0.94410324,2,192,GO:1902692,regulation of neuroblast proliferation,1
0,0.71110698,3,6,GO:1902721,negative regulation of prolactin secretion,1
0,0.844741236,2,9,GO:1902722,positive regulation of prolactin secretion,1
0,0.583462932,7,10,GO:1902724,positive regulation of skeletal muscle satellite cell proliferation,1
0,0.71110698,2,6,GO:1902728,positive regulation of growth factor dependent skeletal muscle satellite cell proliferation,1
0,0.644676965,2,5,GO:1902732,positive regulation of chondrocyte proliferation,1
0,1,4,7,GO:1902733;GO:1902738;GO:1903041;GO:1903042,regulation of growth plate cartilage chondrocyte differentiation,1
0,0.975911184,3,18,GO:1902746,regulation of lens fiber cell differentiation,1
0,1,2,6,GO:1902747,negative regulation of lens fiber cell differentiation,1
0,1,2,6,GO:1902769,regulation of choline O-acetyltransferase activity,1
0,0.567994632,2,32,GO:1902805,positive regulation of synaptic vesicle transport,1
0,0.873772159,4,10,GO:1902809;GO:1902811,positive regulation of skeletal muscle fiber differentiation,1
0,0.854481282,2,17,GO:1902816;GO:1902817,regulation of protein localization to microtubule,1
0,0.844741236,4,9,GO:1902845,negative regulation of mitotic spindle elongation,1
0,0.938598675,3,484,GO:1902850,microtubule cytoskeleton organization involved in mitosis,1
0,0.958985993,3,62,GO:1902855,regulation of non-motile cilium assembly,1
0,0.944853922,4,14,GO:1902856,negative regulation of non-motile cilium assembly,1
0,0.982022558,3,38,GO:1902857,positive regulation of non-motile cilium assembly,1
0,0.916566162,3,12,GO:1902869,regulation of amacrine cell differentiation,1
0,0.644676965,5,5,GO:1902896,terminal web assembly,1
0,0.71110698,2,6,GO:1902908,regulation of melanosome transport,1
0,0.762902002,6,57,GO:1902932,positive regulation of alcohol biosynthetic process,1
0,1,2,6,GO:1902938,regulation of intracellular calcium activated chloride channel activity,1
0,0.888833254,2,26,GO:1902947,regulation of tau-protein kinase activity,1
0,0.87615256,5,18,GO:1902949,positive regulation of tau-protein kinase activity,1
0,0.71110698,3,6,GO:1902952,positive regulation of dendritic spine maintenance,1
0,1,2,6,GO:1902953,positive regulation of ER to Golgi vesicle-mediated transport,1
0,0.71110698,3,6,GO:1902962;GO:1902963,negative regulation of metalloendopeptidase activity involved in amyloid precursor protein catabolic process,1
0,1,2,5,GO:1902969,mitotic DNA replication,1
0,0.71110698,2,6,GO:1902996,regulation of neurofibrillary tangle assembly,1
0,0.946178558,2,23,GO:1903003,positive regulation of protein deubiquitination,1
0,1,4,6,GO:1903004;GO:1903006,regulation of protein K63-linked deubiquitination,1
0,0.571095885,2,21,GO:1903026,negative regulation of RNA polymerase II regulatory region sequence-specific DNA binding,1
0,1,2,670,GO:1903046;GO:0140013;GO:0051321,meiotic cell cycle,1
0,0.999324396,2,1946,GO:1903047;GO:0000278,mitotic cell cycle,1
0,0.970422592,2,195,GO:1903051;GO:1903363,negative regulation of cellular protein catabolic process,1
0,0.729335926,2,13,GO:1903069,regulation of ER-associated ubiquitin-dependent protein catabolic process,1
0,0.71110698,2,6,GO:1903070,negative regulation of ER-associated ubiquitin-dependent protein catabolic process,1
0,0.844741236,2,9,GO:1903071,positive regulation of ER-associated ubiquitin-dependent protein catabolic process,1
0,1,8,5,GO:1903093,regulation of protein K48-linked deubiquitination,1
0,1,2,6,GO:1903119,protein localization to actin cytoskeleton,1
0,0.873772159,3,10,GO:1903121;GO:1903984,regulation of TRAIL-activated apoptotic signaling pathway,1
0,0.723315979,2,369,GO:1903169,regulation of calcium ion transmembrane transport,1
0,0.939593541,3,72,GO:1903170;GO:1901020,negative regulation of calcium ion transmembrane transport,1
0,0.637737487,4,11,GO:1903207;GO:1903208,negative regulation of hydrogen peroxide-induced neuron death,1
0,0.644676965,2,5,GO:1903233,regulation of calcium ion-dependent exocytosis of neurotransmitter,1
0,0.963552111,6,16,GO:1903236,regulation of leukocyte tethering or rolling,1
0,0.873772159,2,10,GO:1903238,positive regulation of leukocyte tethering or rolling,1
0,0.844741236,4,9,GO:1903251,multi-ciliated epithelial cell differentiation,1
0,1,2,692,GO:1903311,regulation of mRNA metabolic process,1
0,0.999991471,2,205,GO:1903312,negative regulation of mRNA metabolic process,1
0,0.999784754,7,179,GO:1903313,positive regulation of mRNA metabolic process,1
0,1,2,5,GO:1903326,regulation of tRNA metabolic process,1
0,0.967911733,3,26,GO:1903332,regulation of protein folding,1
0,0.637737487,2,11,GO:1903334,positive regulation of protein folding,1
0,0.637737487,7,11,GO:1903347,negative regulation of bicellular tight junction assembly,1
0,1,2,6,GO:1903348,positive regulation of bicellular tight junction assembly,1
0,0.571095885,2,21,GO:1903385,regulation of homophilic cell adhesion,1
0,1,2,6,GO:1903394,protein localization to kinetochore involved in kinetochore assembly,1
0,0.583462932,4,10,GO:1903406,regulation of sodium:potassium-exchanging ATPase activity,1
0,1,2,6,GO:1903408,positive regulation of sodium:potassium-exchanging ATPase activity,1
0,0.545209272,6,280,GO:1903429,regulation of cell maturation,1
0,1,3,10,GO:1903438;GO:1903490,positive regulation of mitotic cytokinetic process,1
0,1,6,17,GO:1903441;GO:0097500,protein localization to ciliary membrane,1
0,1,2,5,GO:1903450,regulation of G1 to G0 transition,1
0,1,4,8,GO:1903487;GO:1903488,regulation of lactation,1
0,1,5,5,GO:1903516,regulation of single strand break repair,1
0,0.944853922,5,14,GO:1903519;GO:1903521;GO:0060058,regulation of mammary gland involution,1
0,0.681111055,2,18,GO:1903525,regulation of membrane tubulation,1
0,0.644676965,2,5,GO:1903526,negative regulation of membrane tubulation,1
0,0.637737487,2,11,GO:1903527,positive regulation of membrane tubulation,1
0,0.807555627,4,22,GO:1903538,regulation of meiotic cell cycle process involved in oocyte maturation,1
0,0.71110698,2,6,GO:1903544,response to butyrate,1
0,1,2,10,GO:1903546,protein localization to photoreceptor outer segment,1
0,0.809035153,2,8,GO:1903551;GO:1903553,regulation of extracellular exosome assembly,1
0,0.944853922,2,14,GO:1903564;GO:1903566,regulation of protein localization to cilium,1
0,0.543591713,2,91,GO:1903573,negative regulation of response to endoplasmic reticulum stress,1
0,0.873772159,2,10,GO:1903576,response to L-arginine,1
0,0.71110698,6,6,GO:1903596,regulation of gap junction assembly,1
0,0.822940755,4,42,GO:1903599,positive regulation of autophagy of mitochondrion,1
0,1,3,16,GO:1903608,protein localization to cytoplasmic stress granule,1
0,1,2,5,GO:1903613,regulation of protein tyrosine phosphatase activity,1
0,0.765119441,3,7,GO:1903630,regulation of aminoacyl-tRNA ligase activity,1
0,1,2,8,GO:1903644,regulation of chaperone-mediated protein folding,1
0,0.944853922,2,14,GO:1903650,negative regulation of cytoplasmic transport,1
0,1,2,8,GO:1903722,regulation of centriole elongation,1
0,0.627073137,2,123,GO:1903727,positive regulation of phospholipid metabolic process,1
0,1,2,5,GO:1903744,positive regulation of anterograde synaptic vesicle transport,1
0,0.897375626,2,11,GO:1903745,negative regulation of pharyngeal pumping,1
0,0.71110698,8,6,GO:1903764,regulation of potassium ion export across plasma membrane,1
0,0.932168681,5,13,GO:1903772,regulation of viral budding via host ESCRT complex,1
0,0.844741236,3,9,GO:1903774,positive regulation of viral budding via host ESCRT complex,1
0,0.644676965,4,5,GO:1903781;GO:1903949,positive regulation of atrial cardiac muscle cell action potential,1
0,1,3,15,GO:1903795,regulation of inorganic anion transmembrane transport,1
0,1,3,8,GO:1903797,positive regulation of inorganic anion transmembrane transport,1
0,0.977396794,2,28,GO:1903800,positive regulation of production of miRNAs involved in gene silencing by miRNA,1
0,0.946178558,2,23,GO:1903817,negative regulation of voltage-gated potassium channel activity,1
0,0.904330488,2,105,GO:1903859,regulation of dendrite extension,1
0,0.964309777,2,77,GO:1903861,positive regulation of dendrite extension,1
0,0.99626511,6,27,GO:1903862,positive regulation of oxidative phosphorylation,1
0,0.583462932,3,10,GO:1903891,regulation of ATF6-mediated unfolded protein response,1
0,0.750716776,3,20,GO:1903894,regulation of IRE1-mediated unfolded protein response,1
0,1,5,8,GO:1903896,positive regulation of IRE1-mediated unfolded protein response,1
0,0.961828773,3,25,GO:1903897,regulation of PERK-mediated unfolded protein response,1
0,0.637737487,2,11,GO:1903898;GO:1903912,negative regulation of PERK-mediated unfolded protein response,1
0,1,5,13,GO:1903899,positive regulation of PERK-mediated unfolded protein response,1
0,0.71110698,4,6,GO:1903929,primary palate development,1
0,0.717578449,2,19,GO:1903935,response to sodium arsenite,1
0,0.844741236,5,9,GO:1903936,cellular response to sodium arsenite,1
0,1,2,8,GO:1903937;GO:0033693,response to acrylamide,1
0,0.71110698,5,6,GO:1903940,negative regulation of TORC2 signaling,1
0,1,3,5,GO:1903964,monounsaturated fatty acid metabolic process,1
0,0.767260554,2,14,GO:1903972;GO:1903969,regulation of cellular response to macrophage colony-stimulating factor stimulus,1
0,0.686279731,2,12,GO:1903976,negative regulation of glial cell migration,1
0,0.98407997,5,20,GO:1903995;GO:1903997,regulation of non-membrane spanning protein tyrosine kinase activity,1
0,0.98407997,6,20,GO:1903999,negative regulation of eating behavior,1
0,0.897375626,2,11,GO:1904000,positive regulation of eating behavior,1
0,0.844741236,2,9,GO:1904008,response to monosodium glutamate,1
0,0.644676965,2,5,GO:1904009,cellular response to monosodium glutamate,1
0,0.964309777,2,77,GO:1904019,epithelial cell apoptotic process,1
0,0.873772159,6,10,GO:1904026,regulation of collagen fibril organization,1
0,0.765119441,2,7,GO:1904027,negative regulation of collagen fibril organization,1
0,0.554122728,6,189,GO:1904029;GO:0000079,regulation of cyclin-dependent protein kinase activity,1
0,1,2,6,GO:1904046,negative regulation of vascular endothelial growth factor production,1
0,0.71110698,2,6,GO:1904048,regulation of spontaneous neurotransmitter secretion,1
0,0.71110698,2,6,GO:1904057,negative regulation of sensory perception of pain,1
0,0.988908948,3,32,GO:1904058,positive regulation of sensory perception of pain,1
0,0.58792483,3,754,GO:1904062,regulation of cation transmembrane transport,1
0,0.811193024,2,364,GO:1904064,positive regulation of cation transmembrane transport,1
0,0.936216527,4,22,GO:1904081,positive regulation of transcription from RNA polymerase II promoter involved in neuron differentiation,1
0,0.644676965,2,5,GO:1904092,regulation of autophagic cell death,1
0,1,2,10,GO:1904106,protein localization to microvillus,1
0,1,2,7,GO:1904107,protein localization to microvillus membrane,1
0,1,5,7,GO:1904116;GO:1904117,cellular response to vasopressin,1
0,1,2,9,GO:1904146,positive regulation of meiotic cell cycle process involved in oocyte maturation,1
0,0.888833254,2,26,GO:1904181,positive regulation of membrane depolarization,1
0,0.644676965,2,5,GO:1904204,regulation of skeletal muscle hypertrophy,1
0,1,2,8,GO:1904289;GO:1904290,regulation of mitotic DNA damage checkpoint,1
0,0.850449795,3,50,GO:1904292,regulation of ERAD pathway,1
0,0.954645761,4,24,GO:1904293,negative regulation of ERAD pathway,1
0,0.647158434,2,23,GO:1904294,positive regulation of ERAD pathway,1
0,0.987057965,2,21,GO:1904304,regulation of gastro-intestinal system smooth muscle contraction,1
0,1,5,8,GO:1904305;GO:1904348,negative regulation of gastro-intestinal system smooth muscle contraction,1
0,0.932168681,5,13,GO:1904306,positive regulation of gastro-intestinal system smooth muscle contraction,1
0,0.809035153,4,8,GO:1904313,response to methamphetamine hydrochloride,1
0,0.924894919,3,36,GO:1904338,regulation of dopaminergic neuron differentiation,1
0,0.873772159,2,10,GO:1904339,negative regulation of dopaminergic neuron differentiation,1
0,0.970369038,4,17,GO:1904340,positive regulation of dopaminergic neuron differentiation,1
0,0.944853922,5,14,GO:1904347,regulation of small intestine smooth muscle contraction,1
0,0.71110698,2,6,GO:1904349,positive regulation of small intestine smooth muscle contraction,1
0,0.984179405,2,47,GO:1904353,regulation of telomere capping,1
0,0.944853922,4,14,GO:1904354,negative regulation of telomere capping,1
0,0.946555173,6,31,GO:1904355,positive regulation of telomere capping,1
0,0.997420523,6,40,GO:1904357,negative regulation of telomere maintenance via telomere lengthening,1
0,0.644676965,5,5,GO:1904378,maintenance of unfolded protein involved in ERAD pathway,1
0,0.85719268,2,31,GO:1904380,endoplasmic reticulum mannose trimming,1
0,0.873772159,3,10,GO:1904400;GO:1904401,response to Thyroid stimulating hormone,1
0,0.809035153,2,8,GO:1904426,positive regulation of GTP binding,1
0,0.767242863,2,184,GO:1904427,positive regulation of calcium ion transmembrane transport,1
0,1,2,7,GO:1904429,regulation of t-circle formation,1
0,0.854481282,2,17,GO:1904456,negative regulation of neuronal action potential,1
0,1,2,8,GO:1904464,regulation of matrix metallopeptidase secretion,1
0,0.583462932,3,10,GO:1904475;GO:2001106,regulation of Rho guanyl-nucleotide exchange factor activity,1
0,0.644676965,2,5,GO:1904479,negative regulation of intestinal absorption,1
0,1,7,11,GO:1904491,protein localization to ciliary transition zone,1
0,0.800467268,2,15,GO:1904529;GO:1904616;GO:1904531;GO:1904618,regulation of actin filament binding,1
0,0.897375626,3,11,GO:1904576,response to tunicamycin,1
0,1,2,5,GO:1904577,cellular response to tunicamycin,1
0,0.873772159,2,10,GO:1904578;GO:1904579,response to thapsigargin,1
0,0.681111055,3,18,GO:1904582;GO:0045856;GO:1902877,positive regulation of intracellular mRNA localization,1
0,0.903623095,2,27,GO:1904587,response to glycoprotein,1
0,1,3,14,GO:1904588,cellular response to glycoprotein,1
0,1,4,5,GO:1904621,regulation of actin-dependent ATPase activity,1
0,0.583462932,2,10,GO:1904627;GO:1904628,response to phorbol 13-acetate 12-myristate,1
0,1,2,7,GO:1904640,response to methionine,1
0,0.644676965,2,5,GO:1904643,response to curcumin,1
0,0.932168681,2,13,GO:1904647,response to rotenone,1
0,0.992578997,2,52,GO:1904666,regulation of ubiquitin protein ligase activity,1
0,1,2,25,GO:1904667,negative regulation of ubiquitin protein ligase activity,1
0,0.872041121,6,25,GO:1904668,positive regulation of ubiquitin protein ligase activity,1
0,1,2,15,GO:1904672,regulation of somatic stem cell population maintenance,1
0,0.916566162,2,12,GO:1904684;GO:1905049,negative regulation of metallopeptidase activity,1
0,0.809035153,3,8,GO:1904688,regulation of cytoplasmic translational initiation,1
0,0.71110698,2,6,GO:1904690;GO:1903677;GO:1903679,positive regulation of cytoplasmic translational initiation,1
0,1,4,7,GO:1904692,positive regulation of type B pancreatic cell proliferation,1
0,0.897375626,3,11,GO:1904714,regulation of chaperone-mediated autophagy,1
0,0.644676965,2,5,GO:1904742,regulation of telomeric DNA binding,1
0,0.990736119,2,33,GO:1904746,negative regulation of apoptotic process involved in development,1
0,0.656447755,2,52,GO:1904747,positive regulation of apoptotic process involved in development,1
0,0.871119364,2,95,GO:1904748,regulation of apoptotic process involved in development,1
0,0.897375626,7,11,GO:1904749;GO:1904751,regulation of protein localization to nucleolus,1
0,1,2,5,GO:1904760,regulation of myofibroblast differentiation,1
0,1,3,8,GO:1904766,negative regulation of macroautophagy by TORC1 signaling,1
0,0.795405501,2,28,GO:1904779,regulation of protein localization to centrosome,1
0,0.873772159,3,10,GO:1904780,negative regulation of protein localization to centrosome,1
0,0.87615256,2,18,GO:1904781,positive regulation of protein localization to centrosome,1
0,0.932168681,4,13,GO:1904796;GO:1904798,regulation of core promoter binding,1
0,0.581025676,2,49,GO:1904799,regulation of neuron remodeling,1
0,0.583462932,2,10,GO:1904800,negative regulation of neuron remodeling,1
0,0.838625136,2,30,GO:1904801,positive regulation of neuron remodeling,1
0,0.99540547,2,26,GO:1904809;GO:1904811,regulation of dense core granule transport,1
0,1,2,10,GO:1904810,negative regulation of dense core granule transport,1
0,0.571095885,6,21,GO:1904847;GO:2000544,regulation of endothelial cell chemotaxis to fibroblast growth factor,1
0,1,2,8,GO:1904862,inhibitory synapse assembly,1
0,1,2,14,GO:1904872,regulation of telomerase RNA localization to Cajal body,1
0,0.767260554,3,14,GO:1904901,positive regulation of myosin II filament organization,1
0,0.637737487,2,11,GO:1904903,ESCRT III complex disassembly,1
0,0.765203568,2,33,GO:1904948;GO:1904953,midbrain dopaminergic neuron differentiation,1
0,1,8,7,GO:1904954,canonical Wnt signaling pathway involved in midbrain dopaminergic neuron differentiation,1
0,0.597977345,2,16,GO:1904956;GO:1904958,regulation of midbrain dopaminergic neuron differentiation,1
0,0.788334882,7,34,GO:1904994;GO:1904996,regulation of leukocyte adhesion to vascular endothelial cell,1
0,1,4,8,GO:1904995;GO:1903237,negative regulation of leukocyte adhesion to vascular endothelial cell,1
0,1,2,6,GO:1904997,regulation of leukocyte adhesion to arterial endothelial cell,1
0,0.637737487,2,11,GO:1905065,positive regulation of vascular associated smooth muscle cell differentiation,1
0,0.644676965,2,5,GO:1905069,allantois development,1
0,1,5,7,GO:1905089,regulation of parkin-mediated stimulation of mitophagy in response to mitochondrial depolarization,1
0,0.713692873,2,25,GO:1905097,regulation of guanyl-nucleotide exchange factor activity,1
0,0.765119441,6,7,GO:1905126,regulation of axo-dendritic protein transport,1
0,0.583462932,5,10,GO:1905150,regulation of voltage-gated sodium channel activity,1
0,0.809035153,2,8,GO:1905168,positive regulation of double-strand break repair via homologous recombination,1
0,0.647566715,2,163,GO:1905207,regulation of cardiocyte differentiation,1
0,0.549066583,3,75,GO:1905209,positive regulation of cardiocyte differentiation,1
0,0.644676965,5,5,GO:1905217,response to astaxanthin,1
0,0.767260554,4,14,GO:1905232,cellular response to L-glutamate,1
0,0.989167582,6,156,GO:1905268,negative regulation of chromatin organization,1
0,1,5,6,GO:1905277,negative regulation of epithelial tube formation,1
0,0.686279731,3,12,GO:1905289,regulation of CAMKK-AMPK signaling cascade,1
0,1,6,7,GO:1905292;GO:1905294;GO:1905310;GO:1905312,regulation of cardiac neural crest cell migration involved in outflow tract morphogenesis,1
0,0.765119441,3,7,GO:1905304,regulation of cardiac myofibril assembly,1
0,1,2,10,GO:1905323,telomerase holoenzyme complex assembly,1
0,0.889422126,5,53,GO:1905331,negative regulation of morphogenesis of an epithelium,1
0,0.963729957,2,70,GO:1905332,positive regulation of morphogenesis of an epithelium,1
0,1,3,6,GO:1905333,regulation of gastric motility,1
0,1,2,9,GO:1905340,regulation of protein localization to kinetochore,1
0,1,6,6,GO:1905342,positive regulation of protein localization to kinetochore,1
0,0.644676965,3,5,GO:1905371,ceramide phosphoethanolamine metabolic process,1
0,0.897375626,2,11,GO:1905383;GO:0099641,protein localization to presynapse,1
0,0.873772159,4,10,GO:1905395;GO:1990910,response to flavonoid,1
0,0.809035153,6,8,GO:1905424;GO:1905426,regulation of Wnt-mediated midbrain dopaminergic neuron differentiation,1
0,1,9,5,GO:1905435;GO:1905437,regulation of histone H3-K4 trimethylation,1
0,0.71110698,3,6,GO:1905443;GO:1905445,positive regulation of clathrin coat assembly,1
0,0.844741236,2,9,GO:1905446;GO:1905448,regulation of mitochondrial ATP synthesis coupled electron transport,1
0,0.644676965,7,5,GO:1905458,positive regulation of lymphoid progenitor cell differentiation,1
0,0.970369038,2,17,GO:1905459,regulation of vascular associated smooth muscle cell apoptotic process,1
0,1,10,6,GO:1905460,negative regulation of vascular associated smooth muscle cell apoptotic process,1
0,0.897375626,2,11,GO:1905461,positive regulation of vascular associated smooth muscle cell apoptotic process,1
0,0.780653591,4,21,GO:1905483;GO:1905485,regulation of motor neuron migration,1
0,0.765119441,2,7,GO:1905484,negative regulation of motor neuron migration,1
0,1,6,7,GO:1905486;GO:1905488;GO:1905491,regulation of anterior/posterior axon guidance,1
0,0.925719449,3,50,GO:1905489,regulation of sensory neuron axon guidance,1
0,1,2,13,GO:1905503,regulation of motile cilium assembly,1
0,0.995080678,2,71,GO:1905515,non-motile cilium assembly,1
0,0.595485666,5,44,GO:1905516,positive regulation of fertilization,1
0,1,5,16,GO:1905518,regulation of presynaptic active zone assembly,1
0,1,3,11,GO:1905519,negative regulation of presynaptic active zone assembly,1
0,1,2,5,GO:1905520,positive regulation of presynaptic active zone assembly,1
0,0.902307661,2,34,GO:1905606,regulation of presynapse assembly,1
0,1,2,15,GO:1905607,negative regulation of presynapse assembly,1
0,1,4,7,GO:1905608,positive regulation of presynapse assembly,1
0,1,4,6,GO:1905616;GO:1905618,positive regulation of miRNA mediated inhibition of translation,1
0,0.729335926,5,13,GO:1905651,regulation of artery morphogenesis,1
0,1,2,5,GO:1905696,regulation of polysome binding,1
0,0.714687965,4,37,GO:1905710;GO:0035794,positive regulation of membrane permeability,1
0,1,2,6,GO:1905804,positive regulation of cellular response to manganese ion,1
0,1,2,8,GO:1905833,negative regulation of microtubule nucleation,1
0,1,5,19,GO:1905852,positive regulation of backward locomotion,1
0,0.613430813,2,177,GO:1905897,regulation of response to endoplasmic reticulum stress,1
0,0.768264033,3,75,GO:1905898,positive regulation of response to endoplasmic reticulum stress,1
0,0.586826143,2,27,GO:1905909,regulation of dauer entry,1
0,1,3,6,GO:1905912,regulation of calcium ion export across plasma membrane,1
0,0.765119441,4,7,GO:1905933,regulation of cell fate determination,1
0,0.770514526,4,27,GO:1905936,regulation of germ cell proliferation,1
0,0.844741236,2,9,GO:1905938,positive regulation of germ cell proliferation,1
0,0.685799927,4,59,GO:1905939,regulation of gonad development,1
0,0.750716776,5,20,GO:1905940;GO:2000195,negative regulation of gonad development,1
0,0.56752392,2,43,GO:1905941,positive regulation of gonad development,1
0,0.684456048,2,304,GO:1905954,positive regulation of lipid localization,1
0,0.955167254,4,15,GO:1990049,retrograde neuronal dense core vesicle transport,1
0,1,3,12,GO:1990086,lens fiber cell apoptotic process,1
0,1,8,8,GO:1990164,histone H2A phosphorylation,1
0,0.955167254,2,15,GO:1990169,stress response to copper ion,1
0,1,2,15,GO:1990170,stress response to cadmium ion,1
0,1,2,5,GO:1990180,mitochondrial tRNA 3'-end processing,1
0,1,2,5,GO:1990264,peptidyl-tyrosine dephosphorylation involved in inactivation of protein kinase activity,1
0,1,3,5,GO:1990267;GO:1990268,response to transition metal nanoparticle,1
0,1,2,6,GO:1990359,stress response to zinc ion,1
0,1,2,6,GO:1990401,embryonic lung development,1
0,0.686279731,5,12,GO:1990402,embryonic liver development,1
0,0.973054824,2,27,GO:1990403,embryonic brain development,1
0,1,2,7,GO:1990414,replication-born double-strand break repair via sister chromatid exchange,1
0,1,2,27,GO:1990416,cellular response to brain-derived neurotrophic factor stimulus,1
0,0.686279731,2,12,GO:1990441,negative regulation of transcription from RNA polymerase II promoter in response to endoplasmic reticulum stress,1
0,1,3,6,GO:1990481,mRNA pseudouridine synthesis,1
0,1,3,12,GO:1990502,dense core granule maturation,1
0,0.873772159,4,10,GO:1990511,piRNA biosynthetic process,1
0,0.809035153,3,8,GO:1990523,bone regeneration,1
0,0.597299509,2,154,GO:1990542,mitochondrial transmembrane transport,1
0,1,3,6,GO:1990636,reproductive senescence,1
0,1,5,11,GO:1990637;GO:1990646,response to prolactin,1
0,0.897375626,5,11,GO:1990668,vesicle fusion with endoplasmic reticulum-Golgi intermediate compartment (ERGIC) membrane,1
0,1,3,8,GO:1990785,response to water-immersion restraint stress,1
0,1,2,5,GO:1990798,pancreas regeneration,1
0,0.622521691,3,45,GO:1990834,response to odorant,1
0,1,3,5,GO:1990893,mitotic chromosome centromere condensation,1
0,1,2,6,GO:1990926,short-term synaptic potentiation,1
0,0.765119441,2,7,GO:1990927,calcium ion regulated lysosome exocytosis,1
0,0.986973357,4,40,GO:2000001,regulation of DNA damage checkpoint,1
0,0.542759397,6,118,GO:2000008,regulation of protein localization to cell surface,1
0,0.69736533,2,48,GO:2000010,positive regulation of protein localization to cell surface,1
0,0.681646333,5,24,GO:2000035,regulation of stem cell division,1
0,1,2,22,GO:2000042,negative regulation of double-strand break repair via homologous recombination,1
0,0.946178558,3,23,GO:2000043;GO:0042686,regulation of cardiac cell fate specification,1
0,0.975410174,2,44,GO:2000047,regulation of cell-cell adhesion mediated by cadherin,1
0,0.767260554,2,14,GO:2000048,negative regulation of cell-cell adhesion mediated by cadherin,1
0,1,2,14,GO:2000049,positive regulation of cell-cell adhesion mediated by cadherin,1
0,0.71110698,4,6,GO:2000055,positive regulation of Wnt signaling pathway involved in dorsal/ventral axis specification,1
0,0.583462932,4,10,GO:2000056;GO:2000057,negative regulation of Wnt signaling pathway involved in digestive tract morphogenesis,1
0,0.979717457,9,136,GO:2000059,negative regulation of ubiquitin-dependent protein catabolic process,1
0,0.686279731,2,12,GO:2000064,regulation of cortisol biosynthetic process,1
0,0.583462932,2,10,GO:2000077,negative regulation of type B pancreatic cell development,1
0,0.998218878,2,42,GO:2000104,negative regulation of DNA-dependent DNA replication,1
0,0.870384297,8,45,GO:2000105,positive regulation of DNA-dependent DNA replication,1
0,0.551416908,2,15,GO:2000109,regulation of macrophage apoptotic process,1
0,0.844741236,3,9,GO:2000110,negative regulation of macrophage apoptotic process,1
0,0.87615256,3,18,GO:2000121,regulation of removal of superoxide radicals,1
0,0.798960808,3,244,GO:2000134;GO:1902807,negative regulation of cell cycle G1/S phase transition,1
0,0.741598026,2,50,GO:2000136,regulation of cell proliferation involved in heart morphogenesis,1
0,0.936216527,6,22,GO:2000138,positive regulation of cell proliferation involved in heart morphogenesis,1
0,0.963552111,2,16,GO:2000152,regulation of ubiquitin-specific protease activity,1
0,1,2,6,GO:2000158,positive regulation of ubiquitin-specific protease activity,1
0,0.870572273,5,357,GO:2000177,regulation of neural precursor cell proliferation,1
0,0.81169274,2,154,GO:2000179,positive regulation of neural precursor cell proliferation,1
0,1,3,7,GO:2000182,regulation of progesterone biosynthetic process,1
0,0.561051781,2,81,GO:2000193,positive regulation of fatty acid transport,1
0,0.956512287,2,40,GO:2000194,regulation of female gonad development,1
0,1,3,17,GO:2000196,positive regulation of female gonad development,1
0,1,3,18,GO:2000197;GO:0010793,regulation of ribonucleoprotein complex localization,1
0,0.531800788,7,58,GO:2000209,regulation of anoikis,1
0,0.767260554,3,14,GO:2000210,positive regulation of anoikis,1
0,0.916566162,3,12,GO:2000223,regulation of BMP signaling pathway involved in heart jogging,1
0,0.644676965,4,5,GO:2000224,regulation of testosterone biosynthetic process,1
0,0.975911184,4,18,GO:2000232,regulation of rRNA processing,1
0,1,2,8,GO:2000234,positive regulation of rRNA processing,1
0,0.602065422,2,918,GO:2000241,regulation of reproductive process,1
0,0.963761546,4,229,GO:2000242,negative regulation of reproductive process,1
0,0.99988976,2,44,GO:2000252,negative regulation of feeding behavior,1
0,1,4,6,GO:2000275,regulation of oxidative phosphorylation uncoupler activity,1
0,0.985456292,3,217,GO:2000278,regulation of DNA biosynthetic process,1
0,0.930323482,3,64,GO:2000279,negative regulation of DNA biosynthetic process,1
0,0.571095885,3,21,GO:2000288,positive regulation of myoblast proliferation,1
0,1,4,6,GO:2000290,regulation of myotome development,1
0,0.873905701,2,32,GO:2000291,regulation of myoblast proliferation,1
0,0.71110698,2,6,GO:2000297,negative regulation of synapse maturation,1
0,0.8293944,3,16,GO:2000301,negative regulation of synaptic vesicle exocytosis,1
0,0.647158434,4,23,GO:2000302,positive regulation of synaptic vesicle exocytosis,1
0,0.720728152,3,78,GO:2000311,regulation of AMPA receptor activity,1
0,1,3,5,GO:2000313,regulation of fibroblast growth factor receptor signaling pathway involved in neural plate anterior/posterior pattern formation,1
0,0.767260554,2,14,GO:2000324,positive regulation of glucocorticoid receptor signaling pathway,1
0,0.686279731,-1,12,GO:2000325,obsolete regulation of nuclear receptor coactivator activity,1
0,1,-1,8,GO:2000327,obsolete positive regulation of nuclear receptor transcription coactivator activity,1
0,1,2,7,GO:2000328,regulation of T-helper 17 cell lineage commitment,1
0,1,2,5,GO:2000329,negative regulation of T-helper 17 cell lineage commitment,1
0,0.910090822,2,68,GO:2000331,regulation of terminal button organization,1
0,1,4,6,GO:2000332;GO:2000334,regulation of blood microparticle formation,1
0,1,2,5,GO:2000342,negative regulation of chemokine (C-X-C motif) ligand 2 production,1
0,0.583462932,5,10,GO:2000344,positive regulation of acrosome reaction,1
0,0.71110698,3,6,GO:2000346,negative regulation of hepatocyte proliferation,1
0,0.897375626,4,11,GO:2000354;GO:2000386,regulation of ovarian follicle development,1
0,0.854481282,3,17,GO:2000359,regulation of binding of sperm to zona pellucida,1
0,0.854481282,3,17,GO:2000371;GO:2000373,regulation of DNA topoisomerase (ATP-hydrolyzing) activity,1
0,1,2,5,GO:2000374,regulation of oxygen metabolic process,1
0,0.936216527,5,22,GO:2000381,negative regulation of mesoderm development,1
0,0.713294208,3,31,GO:2000382,positive regulation of mesoderm development,1
0,1,2,11,GO:2000389;GO:2000391,regulation of neutrophil extravasation,1
0,1,2,6,GO:2000394,positive regulation of lamellipodium morphogenesis,1
0,0.844741236,3,9,GO:2000402,negative regulation of lymphocyte migration,1
0,0.637737487,3,11,GO:2000407,regulation of T cell extravasation,1
0,0.71110698,4,6,GO:2000409;GO:2000451,positive regulation of T cell extravasation,1
0,1,5,11,GO:2000416,regulation of eosinophil migration,1
0,1,2,8,GO:2000417,negative regulation of eosinophil migration,1
0,0.831615206,8,23,GO:2000434,regulation of protein neddylation,1
0,1,2,6,GO:2000435,negative regulation of protein neddylation,1
0,0.8293944,2,16,GO:2000465,regulation of glycogen (starch) synthase activity,1
0,0.637737487,3,11,GO:2000466,negative regulation of glycogen (starch) synthase activity,1
0,0.844741236,5,9,GO:2000467,positive regulation of glycogen (starch) synthase activity,1
0,0.741598026,5,50,GO:2000479,regulation of cAMP-dependent protein kinase activity,1
0,0.809035153,8,8,GO:2000480,negative regulation of cAMP-dependent protein kinase activity,1
0,0.71110698,3,6,GO:2000535,regulation of entry of bacterium into host cell,1
0,0.621168675,3,28,GO:2000542,negative regulation of gastrulation,1
0,0.717083554,2,43,GO:2000543,positive regulation of gastrulation,1
0,0.987057965,2,21,GO:2000551,regulation of T-helper 2 cell cytokine production,1
0,1,6,5,GO:2000553,positive regulation of T-helper 2 cell cytokine production,1
0,0.844741236,4,9,GO:2000554;GO:2000556,positive regulation of T-helper 1 cell cytokine production,1
0,0.981488977,2,137,GO:2000573,positive regulation of DNA biosynthetic process,1
0,0.993550825,3,35,GO:2000574,regulation of microtubule motor activity,1
0,0.961828773,3,25,GO:2000576,positive regulation of microtubule motor activity,1
0,1,3,8,GO:2000583,regulation of platelet-derived growth factor receptor-alpha signaling pathway,1
0,0.637737487,2,11,GO:2000587,negative regulation of platelet-derived growth factor receptor-beta signaling pathway,1
0,0.71110698,2,6,GO:2000609;GO:2000611,regulation of thyroid hormone generation,1
0,0.854481282,2,17,GO:2000618,regulation of histone H4-K16 acetylation,1
0,1,10,5,GO:2000620,positive regulation of histone H4-K16 acetylation,1
0,0.765119441,2,7,GO:2000625;GO:2000627,regulation of miRNA catabolic process,1
0,1,2,6,GO:2000631,regulation of pre-miRNA processing,1
0,1,5,6,GO:2000634;GO:2000635,regulation of primary miRNA processing,1
0,0.98711538,2,86,GO:2000647,negative regulation of stem cell proliferation,1
0,0.879702477,3,102,GO:2000648,positive regulation of stem cell proliferation,1
0,0.853039331,3,24,GO:2000674,regulation of type B pancreatic cell apoptotic process,1
0,0.729335926,2,13,GO:2000675,negative regulation of type B pancreatic cell apoptotic process,1
0,1,3,5,GO:2000676,positive regulation of type B pancreatic cell apoptotic process,1
0,0.648552979,3,46,GO:2000679,positive regulation of transcription regulatory region DNA binding,1
0,0.891668811,2,40,GO:2000696,regulation of epithelial cell differentiation involved in kidney development,1
0,1,2,19,GO:2000698,positive regulation of epithelial cell differentiation involved in kidney development,1
0,1,3,8,GO:2000721,positive regulation of transcription from RNA polymerase II promoter involved in smooth muscle cell differentiation,1
0,1,2,8,GO:2000722,regulation of cardiac vascular smooth muscle cell differentiation,1
0,0.959101333,2,55,GO:2000738,positive regulation of stem cell differentiation,1
0,0.844741236,3,9,GO:2000741,positive regulation of mesenchymal stem cell differentiation,1
0,1,3,7,GO:2000742;GO:2000744,regulation of anterior head development,1
0,0.641110776,3,57,GO:2000757;GO:1901984,negative regulation of protein acetylation,1
0,0.997420523,2,40,GO:2000765,regulation of cytoplasmic translation,1
0,1,4,12,GO:2000766,negative regulation of cytoplasmic translation,1
0,0.844741236,3,9,GO:2000767,positive regulation of cytoplasmic translation,1
0,0.800467268,4,15,GO:2000773,negative regulation of cellular senescence,1
0,0.999745362,4,91,GO:2000779,regulation of double-strand break repair,1
0,0.818071128,2,29,GO:2000781,positive regulation of double-strand break repair,1
0,1,3,11,GO:2000786,positive regulation of autophagosome assembly,1
0,0.681111055,2,18,GO:2000794,regulation of epithelial cell proliferation involved in lung morphogenesis,1
0,0.873905701,3,32,GO:2000807,regulation of synaptic vesicle clustering,1
0,0.854481282,2,17,GO:2000809,positive regulation of synaptic vesicle clustering,1
0,0.765119441,5,7,GO:2000819,regulation of nucleotide-excision repair,1
0,0.765119441,6,7,GO:2000820,negative regulation of transcription from RNA polymerase II promoter involved in smooth muscle cell differentiation,1
0,0.844741236,4,9,GO:2000821,regulation of grooming behavior,1
0,1,2,8,GO:2000825,positive regulation of androgen receptor activity,1
0,0.717218593,6,112,GO:2000826,regulation of heart morphogenesis,1
0,0.967601243,3,64,GO:2000831,regulation of steroid hormone secretion,1
0,0.992267889,5,34,GO:2000833,positive regulation of steroid hormone secretion,1
0,1,4,7,GO:2000843,regulation of testosterone secretion,1
0,0.784251738,2,40,GO:2000846,regulation of corticosteroid hormone secretion,1
0,0.946178558,2,23,GO:2000848,positive regulation of corticosteroid hormone secretion,1
0,0.800467268,2,15,GO:2000851,positive regulation of glucocorticoid secretion,1
0,0.641242789,6,17,GO:2000852,regulation of corticosterone secretion,1
0,1,4,13,GO:2000855;GO:2000858,regulation of aldosterone secretion,1
0,1,2,8,GO:2000857,positive regulation of mineralocorticoid secretion,1
0,0.551416908,2,15,GO:2000864,regulation of estradiol secretion,1
0,1,2,10,GO:2000870,regulation of progesterone secretion,1
0,1,2,5,GO:2000872,positive regulation of progesterone secretion,1
0,0.621168675,6,28,GO:2000969,positive regulation of AMPA receptor activity,1
0,0.910346783,2,55,GO:2001014,regulation of skeletal muscle cell differentiation,1
0,0.894808338,2,19,GO:2001015,negative regulation of skeletal muscle cell differentiation,1
0,0.998639463,2,375,GO:2001020,regulation of response to DNA damage stimulus,1
0,0.99482956,2,157,GO:2001021,negative regulation of response to DNA damage stimulus,1
0,0.912515047,2,161,GO:2001022,positive regulation of response to DNA damage stimulus,1
0,0.558856714,4,292,GO:2001023,regulation of response to drug,1
0,0.782697783,2,70,GO:2001025,positive regulation of response to drug,1
0,0.765119441,2,7,GO:2001029,regulation of cellular glucuronidation,1
0,0.910818511,2,20,GO:2001032,regulation of double-strand break repair via nonhomologous end joining,1
0,0.583462932,3,10,GO:2001034,positive regulation of double-strand break repair via nonhomologous end joining,1
0,0.686279731,3,12,GO:2001046,positive regulation of integrin-mediated signaling pathway,1
0,0.878241677,2,39,GO:2001053,regulation of mesenchymal cell apoptotic process,1
0,0.818071128,3,29,GO:2001054,negative regulation of mesenchymal cell apoptotic process,1
0,0.765119441,3,7,GO:2001055,positive regulation of mesenchymal cell apoptotic process,1
0,0.644676965,6,5,GO:2001109;GO:2001111,regulation of lens epithelial cell proliferation,1
0,0.644676965,2,5,GO:2001137,positive regulation of endocytic recycling,1
0,0.844741236,4,9,GO:2001166;GO:2001168,regulation of histone H2B ubiquitination,1
0,0.952158733,3,107,GO:2001222,regulation of neuron migration,1
0,0.910818511,2,20,GO:2001223,negative regulation of neuron migration,1
0,0.85719268,3,31,GO:2001224,positive regulation of neuron migration,1
0,1,2,10,GO:2001225,regulation of chloride transport,1
0,0.970369038,4,17,GO:2001228,regulation of response to gamma radiation,1
0,1,5,5,GO:2001229,negative regulation of response to gamma radiation,1
0,0.765119441,4,7,GO:2001241,positive regulation of extrinsic apoptotic signaling pathway in absence of ligand,1
0,0.819446138,4,354,GO:2001242,regulation of intrinsic apoptotic signaling pathway,1
0,0.80138479,3,89,GO:2001244,positive regulation of intrinsic apoptotic signaling pathway,1
0,0.916566162,2,12,GO:2001245,regulation of phosphatidylcholine biosynthetic process,1
0,0.999859607,2,190,GO:2001251,negative regulation of chromosome organization,1
0,0.985209233,2,443,GO:2001252,positive regulation of chromosome organization,1
0,1,2,6,GO:2001256,regulation of store-operated calcium entry,1
0,0.935578442,4,402,GO:2001257,regulation of cation channel activity,1
0,0.770528777,2,81,GO:2001258,negative regulation of cation channel activity,1
0,0.655803043,3,147,GO:2001259,positive regulation of cation channel activity,1
0,0.932168681,2,13,GO:2001260,regulation of semaphorin-plexin signaling pathway,1
0,0.987057965,3,21,GO:2001270,regulation of cysteine-type endopeptidase activity involved in execution phase of apoptosis,1
0,1,2,9,GO:2001286,regulation of caveolin-mediated endocytosis,1
0,0.71110698,2,6,GO:2001293,malonyl-CoA metabolic process,1
0,0.787490775,-1,88,GO:0000060,obsolete protein import into nucleus,
0,0.635055806,2,2762,GO:0000122;GO:0045892,negative regulation of transcription,
0,1,3,207,GO:0000184,nuclear-transcribed mRNA catabolic process,
0,0.994642467,3,115,GO:0000288,nuclear-transcribed mRNA catabolic process,
0,1,3,59,GO:0000291;GO:0043928,nuclear-transcribed mRNA catabolic process,
0,0.809035153,3,8,GO:0000294,nuclear-transcribed mRNA catabolic process,
0,0.038724409,2,11,GO:0000301,retrograde transport,
0,0.916566162,4,12,GO:0000335;GO:0000337,regulation of transposition,
0,0.998772472,8,44,GO:0000380,alternative mRNA splicing,
0,1,2,260,GO:0000381,regulation of alternative mRNA splicing,
0,0.980416897,3,19,GO:0000394;GO:0006388,RNA splicing,
0,1,9,15,GO:0000447,endonucleolytic cleavage in ITS1 to separate SSU-rRNA from 5.8S rRNA and LSU-rRNA from tricistronic rRNA transcript (SSU-rRNA,
0,1,3,5,GO:0000448,cleavage in ITS2 between 5.8S rRNA and LSU-rRNA of tricistronic rRNA transcript (SSU-rRNA,
0,1,4,10,GO:0000459;GO:0000467,exonucleolytic trimming to generate mature 3'-end of 5.8S rRNA from tricistronic rRNA transcript (SSU-rRNA,
0,1,3,5,GO:0000461,endonucleolytic cleavage to generate mature 3'-end of SSU-rRNA from (SSU-rRNA,
0,0.999990843,3,56,GO:0000462,maturation of SSU-rRNA from tricistronic rRNA transcript (SSU-rRNA,
0,1,2,20,GO:0000463,maturation of LSU-rRNA from tricistronic rRNA transcript (SSU-rRNA,
0,1,2,37,GO:0000466,maturation of 5.8S rRNA from tricistronic rRNA transcript (SSU-rRNA,
0,1,2,7,GO:0000480,endonucleolytic cleavage in 5'-ETS of tricistronic rRNA transcript (SSU-rRNA,
0,0.998521024,4,43,GO:0000715,nucleotide-excision repair,
0,1,2,8,GO:0001867,complement activation,
0,0.583462932,4,10,GO:0001868;GO:0001869,regulation of complement activation,
0,0.829213427,2,36,GO:0001963,synaptic transmission,
0,0.644676965,7,5,GO:0002304;GO:0002305,CD8-positive,
0,0.227839872,3,9,GO:0002361;GO:0045066,CD4-positive,
0,0.637737487,3,11,GO:0006003,fructose 2,
0,0.983236765,3,62,GO:0006120,mitochondrial electron transport,
0,0.686279731,6,12,GO:0006121,mitochondrial electron transport,
0,0.818071128,6,29,GO:0006122,mitochondrial electron transport,
0,0.653745333,4,29,GO:0006123;GO:0019646,mitochondrial electron transport,
0,1,5,7,GO:0006269,DNA replication,
0,0.932168681,5,13,GO:0006285;GO:0045008,base-excision repair,
0,0.809035153,2,8,GO:0006287,base-excision repair,
0,1,3,32,GO:0006293,nucleotide-excision repair,
0,1,4,42,GO:0006294,nucleotide-excision repair,
0,1,6,5,GO:0006295,nucleotide-excision repair,
0,1,2,55,GO:0006296;GO:0033683,nucleotide-excision repair,
0,1,2,32,GO:0006297,nucleotide-excision repair,
0,0.877859508,3,404,GO:0006352;GO:0006367,DNA-templated transcription,
0,0.999993599,3,114,GO:0006353,DNA-templated transcription,
0,0.999999779,3,134,GO:0006354;GO:0006368,DNA-templated transcription,
0,0.597977345,2,16,GO:0006616,SRP-dependent cotranslational protein targeting to membrane,
0,0.399173987,5,178,GO:0006890,retrograde vesicle-mediated transport,
0,0.534584587,2,31,GO:0006910,phagocytosis,
0,0.024593398,5,163,GO:0006911,phagocytosis,
0,0.003365362,2,43,GO:0006930,substrate-dependent cell migration,
0,0.932168681,5,13,GO:0006957,complement activation,
0,0.963552111,7,16,GO:0006958,complement activation,
0,0.954070636,5,32,GO:0006978;GO:0042772,DNA damage response,
0,0.923544762,2,513,GO:0007187;GO:0007188,G protein-coupled receptor signaling pathway,
0,0.007703992,2,87,GO:0007223,Wnt signaling pathway,
0,0.965502378,2,130,GO:0007271,synaptic transmission,
0,0.967209756,2,42,GO:0007303,cytoplasmic transport,
0,1,3,6,GO:0007311,maternal specification of dorsal/ventral axis,
0,0.641242789,2,17,GO:0007313,maternal specification of dorsal/ventral axis,
0,0.691514836,2,244,GO:0007314;GO:0008358,maternal determination of anterior/posterior axis,
0,0.659951488,2,86,GO:0007354,zygotic determination of anterior/posterior axis,
0,0.103397075,4,35,GO:0007380,specification of segmental identity,
0,0.765119441,2,7,GO:0007381,specification of segmental identity,
0,0.17500046,5,8,GO:0007382,specification of segmental identity,
0,0.349655014,5,16,GO:0007385;GO:0035292,specification of segmental identity,
0,0.35498198,3,41,GO:0007394,dorsal closure,
0,0.362802423,3,77,GO:0007395,dorsal closure,
0,0.8293944,5,16,GO:0007421;GO:0008071,maternal determination of dorsal/ventral axis,
0,0.303273179,3,15,GO:0007425,epithelial cell fate determination,
0,0.780562947,2,105,GO:0007426,tracheal outgrowth,
0,0.815595149,6,137,GO:0007427,epithelial cell migration,
0,0.179440298,3,39,GO:0007428,primary branching,
0,0.126263576,3,7,GO:0007429,secondary branching,
0,0.000165256,3,51,GO:0007430,terminal branching,
0,0.062985777,2,58,GO:0007448,anterior/posterior pattern specification,
0,0.729577272,2,90,GO:0007449;GO:0007479;GO:0035223,proximal/distal pattern formation,
0,0.087576307,2,198,GO:0007450;GO:0048190,dorsal/ventral pattern formation,
0,0.158418279,4,38,GO:0007451,dorsal/ventral lineage restriction,
0,0.946178558,2,23,GO:0007487;GO:0048099,anterior/posterior lineage restriction,
0,0.970369038,5,17,GO:0007539,primary sex determination,
0,0.809035153,3,8,GO:0007541,sex determination,
0,0.822940755,5,42,GO:0007542,primary sex determination,
0,0.016078181,3,177,GO:0007591,molting cycle,
0,0.259365516,3,28,GO:0007597,blood coagulation,
0,0.523386488,3,9,GO:0007598,blood coagulation,
0,0.702043692,2,111,GO:0007603,phototransduction,
0,0.948351316,4,60,GO:0008069,dorsal/ventral axis specification,
0,0.227839872,2,9,GO:0008591;GO:0045813,regulation of Wnt signaling pathway,
0,0.312526887,2,6,GO:0009051,pentose-phosphate shunt,
0,0.897375626,3,11,GO:0009052,pentose-phosphate shunt,
0,0.998534724,3,71,GO:0009794,regulation of mitotic cell cycle,
0,0.970369038,3,17,GO:0010840,regulation of circadian sleep/wake cycle,
0,0.897375626,2,11,GO:0010841,positive regulation of circadian sleep/wake cycle,
0,0.5271045,2,74,GO:0014056;GO:0014057,regulation of acetylcholine secretion,
0,0.103397075,2,35,GO:0015014,heparan sulfate proteoglycan biosynthetic process,
0,0.040484212,2,26,GO:0015015,heparan sulfate proteoglycan biosynthetic process,
0,0.988928267,2,41,GO:0015985;GO:0015986,energy coupled proton transport,
0,0.002104994,2,45,GO:0015988,energy coupled proton transmembrane transport,
0,0.765119441,8,7,GO:0016267,O-glycan processing,
0,0.039610558,6,38,GO:0016545;GO:0048065;GO:0045433,male courtship behavior,
0,0.045035436,2,8,GO:0016560,protein import into peroxisome matrix,
0,0.873772159,3,10,GO:0018990,ecdysis,
0,0.261116509,2,67,GO:0018996,molting cycle,
0,1,3,6,GO:0019254,carnitine metabolic process,
0,0.004720094,7,13,GO:0019367;GO:0019368;GO:0034625;GO:0034626,fatty acid elongation,
0,0.809035153,3,8,GO:0019418;GO:0070221,sulfide oxidation,
0,1,3,6,GO:0019749,cytoskeleton-dependent cytoplasmic transport,
0,1,3,6,GO:0019918,peptidyl-arginine methylation,
0,0.975911184,3,18,GO:0019919,peptidyl-arginine methylation,
0,0.284418978,3,24,GO:0030388,fructose 1,
0,0.155114093,3,20,GO:0031086,nuclear-transcribed mRNA catabolic process,
0,0.970369038,2,17,GO:0031585,regulation of inositol 1,
0,0.844741236,5,9,GO:0031587;GO:0021990;GO:0031454;GO:0033697;GO:1905335;GO:1905337;GO:1905505,positive regulation of inositol 1,
0,0.861638983,2,130,GO:0032222,regulation of synaptic transmission,
0,0.955167254,2,15,GO:0032223,negative regulation of synaptic transmission,
0,0.827181835,2,91,GO:0032224,positive regulation of synaptic transmission,
0,0.656447755,3,52,GO:0032225,regulation of synaptic transmission,
0,0.647158434,2,23,GO:0032226,positive regulation of synaptic transmission,
0,0.809035153,2,8,GO:0032227,negative regulation of synaptic transmission,
0,0.979151853,3,168,GO:0032228,regulation of synaptic transmission,
0,0.807555627,2,22,GO:0032229,negative regulation of synaptic transmission,
0,0.975250664,2,59,GO:0032230,positive regulation of synaptic transmission,
0,0.921081997,2,126,GO:0032784;GO:0034243,regulation of DNA-templated transcription,
0,0.93790719,2,30,GO:0032785;GO:0034244,negative regulation of DNA-templated transcription,
0,0.9225365,2,76,GO:0032786;GO:0032968,positive regulation of DNA-templated transcription,
0,0.063878314,3,20,GO:0032829;GO:0032831,regulation of CD4-positive,
0,0.027134158,-1,61,GO:0033158,obsolete regulation of protein import into nucleus,
0,0.457709462,-1,8,GO:0033159,obsolete negative regulation of protein import into nucleus,
0,0.006553811,-1,38,GO:0033160,obsolete positive regulation of protein import into nucleus,
0,1,3,7,GO:0033567;GO:0043137,DNA replication,
0,1,4,15,GO:0034427,nuclear-transcribed mRNA catabolic process,
0,0.999996754,8,61,GO:0034501;GO:0071459,protein localization to chromosome,
0,0.349655014,2,16,GO:0034721,histone H3-K4 demethylation,
0,0.474718942,2,24,GO:0035002,liquid clearance,
0,0.897375626,2,11,GO:0035042,fertilization,
0,0.873772159,2,10,GO:0035093,spermatogenesis,
0,0.253083123,3,47,GO:0035146;GO:0035147,branch fusion,
0,0.010820289,3,64,GO:0035149,lumen formation,
0,0.000790197,2,161,GO:0035151,regulation of tube size,
0,0.000564328,3,294,GO:0035152,regulation of tube architecture,
0,0.660451347,2,35,GO:0035153,epithelial cell type specification,
0,0.955167254,4,15,GO:0035154,terminal cell fate specification,
0,0.032429657,5,29,GO:0035155,negative regulation of terminal cell fate specification,
0,0.128389572,3,32,GO:0035158,regulation of tube diameter,
0,0.00134428,2,114,GO:0035159,regulation of tube length,
0,0.558774306,2,70,GO:0035160,maintenance of epithelial integrity,
0,0.999263711,2,124,GO:0035249,synaptic transmission,
0,0.169081933,3,120,GO:0035277,spiracle morphogenesis,
0,0.729335926,2,13,GO:0035291,specification of segmental identity,
0,0.014695622,2,26,GO:0035313,wound healing,
0,0.274213337,8,19,GO:0036037;GO:0043374,CD8-positive,
0,0.717083554,4,43,GO:0036507;GO:0036508,protein alpha-1,
0,0.99955634,2,672,GO:0040029,regulation of gene expression,
0,1,2,5,GO:0040030,regulation of molecular function,
0,0.099215184,4,113,GO:0040034,regulation of development,
0,0.010183591,2,159,GO:0042147,retrograde transport,
0,0.975911184,2,18,GO:0042320,regulation of circadian sleep/wake cycle,
0,0.927978985,2,29,GO:0042321,negative regulation of circadian sleep/wake cycle,
0,1,4,12,GO:0042322,negative regulation of circadian sleep/wake cycle,
0,0.236168481,6,5,GO:0042323;GO:0070256,negative regulation of circadian sleep/wake cycle,
0,0.354264102,3,21,GO:0042395,ecdysis,
0,0.083451668,4,6,GO:0042747,circadian sleep/wake cycle,
0,0.999996006,2,60,GO:0042769,DNA damage response,
0,0.262927414,2,82,GO:0043367;GO:0035710,CD4-positive,
0,0.770514526,4,27,GO:0043369,CD4-positive or CD8-positive,
0,0.000370243,2,115,GO:0043370;GO:2000514,regulation of CD4-positive,
0,0.002118998,2,64,GO:0043372;GO:2000516,positive regulation of CD4-positive,
0,0.021897671,2,13,GO:0043376;GO:0043378;GO:2001187,regulation of CD8-positive,
0,0.903723267,2,80,GO:0043516,regulation of DNA damage response,
0,0.831615206,3,23,GO:0043517,positive regulation of DNA damage response,
0,0.78113724,4,52,GO:0043518,negative regulation of DNA damage response,
0,0.927978985,2,29,GO:0045188,regulation of circadian sleep/wake cycle,
0,1,2,28,GO:0045292,mRNA cis splicing,
0,0.754649128,2,80,GO:0045448,mitotic cell cycle,
0,0.932183961,4,128,GO:0045815,positive regulation of gene expression,
0,0.394794226,2,22,GO:0045977,positive regulation of mitotic cell cycle,
0,0.644676965,3,5,GO:0046005,positive regulation of circadian sleep/wake cycle,
0,0.980416897,3,19,GO:0046010,positive regulation of circadian sleep/wake cycle,
0,0.1055231,2,76,GO:0046664,dorsal closure,
0,0.927978985,2,29,GO:0046845,branched duct epithelial cell fate determination,
0,0.999727512,3,52,GO:0048026,positive regulation of mRNA splicing,
0,0.96058779,4,33,GO:0048047,mating behavior,
0,0.457709462,2,8,GO:0048203,vesicle targeting,
0,0.641242789,2,17,GO:0048209;GO:0003400;GO:0090113,regulation of vesicle targeting,
0,0.236168481,2,5,GO:0050653,chondroitin sulfate proteoglycan biosynthetic process,
0,0.944853922,3,14,GO:0050883;GO:0021750,musculoskeletal movement,
0,1,4,10,GO:0051728;GO:0060184;GO:0051729,germline cell cycle switching,
0,0.999382151,2,58,GO:0051932,synaptic transmission,
0,0.953438887,2,213,GO:0051966,regulation of synaptic transmission,
0,0.977396794,3,28,GO:0051967,negative regulation of synaptic transmission,
0,0.421351898,2,85,GO:0051968,positive regulation of synaptic transmission,
0,0.838625136,2,30,GO:0060012,synaptic transmission,
0,0.127743359,2,19,GO:0060069,Wnt signaling pathway,
0,0.000114745,7,137,GO:0060071,Wnt signaling pathway,
0,0.083451668,4,6,GO:0060097,cytoskeletal rearrangement involved in phagocytosis,
0,1,3,7,GO:0061534;GO:0061535,gamma-aminobutyric acid secretion,
0,0.993047249,7,24,GO:0070198,protein localization to chromosome,
0,0.994348019,7,25,GO:0070202;GO:0070203;GO:1904814;GO:1904816;GO:1904851,regulation of protein localization to chromosome,
0,1,2,5,GO:0070478,nuclear-transcribed mRNA catabolic process,
0,0.312526887,3,6,GO:0070966,nuclear-transcribed mRNA catabolic process,
0,0.227839872,2,9,GO:0071106,adenosine 3',
0,0.255994348,3,52,GO:0072378,blood coagulation,
0,0.999967042,3,113,GO:0090502,RNA phosphodiester bond hydrolysis,
0,0.995774552,3,64,GO:0090503,RNA phosphodiester bond hydrolysis,
0,1,2,5,GO:0098746,fast,
0,0.501788162,2,14,GO:0098887;GO:0099639,neurotransmitter receptor transport,
0,0.910818511,5,20,GO:0099550,trans-synaptic signaling,
0,0.586826143,3,27,GO:0099638;GO:1990126,retrograde transport,
0,0.933878224,2,51,GO:1900151;GO:1900153,regulation of nuclear-transcribed mRNA catabolic process,
0,0.024887218,3,10,GO:1902646;GO:1902647;GO:1905749,negative regulation of 1-phosphatidyl-1D-myo-inositol 4,
0,0.080914046,2,17,GO:1903294,regulation of glutamate secretion,
0,0.026369124,4,7,GO:1903296,positive regulation of glutamate secretion,
0,0.8293944,6,16,GO:1903689;GO:1903690,regulation of wound healing,
0,0.924520082,2,21,GO:1904152,regulation of retrograde protein transport,
0,0.809035153,5,8,GO:1904235;GO:1904237,positive regulation of substrate-dependent cell migration,
0,0.71110698,5,6,GO:1904612;GO:1905957;GO:1905959,response to 2,
0,0.963552111,3,16,GO:1905242,response to 3,
0,1,4,10,GO:1905243,cellular response to 3,
0,0.24427798,2,37,GO:2000095,regulation of Wnt signaling pathway,
0,0.955167254,5,15,GO:2000096,positive regulation of Wnt signaling pathway,
0,0.999233902,4,116,GO:2000142;GO:0060260,regulation of DNA-templated transcription,
0,0.994341087,7,70,GO:2000144;GO:0060261,positive regulation of DNA-templated transcription,
0,0.98407997,2,20,GO:2000274,regulation of epithelial cell migration,
0,0.048351877,4,5,GO:2000431;GO:2000433,positive regulation of cytokinesis,
0,0.457709462,4,8,GO:2000449,regulation of CD8-positive,
0,0.236168481,5,5,GO:2000452,regulation of CD8-positive,
0,0.000203061,3,66,GO:2000515;GO:0046639;GO:0043371,negative regulation of CD4-positive,
0,0.000164007,2,19,GO:2000561,regulation of CD4-positive,
0,2.00E-06,3,14,GO:2000562,negative regulation of CD4-positive,
0,0.024887218,3,10,GO:2000563,positive regulation of CD4-positive,
0,0.897375626,2,11,GO:2000564,regulation of CD8-positive,
0,0.686279731,2,12,GO:2000577,regulation of ATP-dependent microtubule motor activity,
0,1,2,14,GO:2000580,regulation of ATP-dependent microtubule motor activity,
0,1,2,8,GO:2000622,regulation of nuclear-transcribed mRNA catabolic process,
0,0.171787812,2,25,GO:2001185,regulation of CD8-positive,