delta.rank,pval,level,nseqs,term,name,p.adj,,,,,,,
0,5.38E-27,3,110,GO:0006096;GO:0006757;GO:0046031;GO:0042866,ADP metabolic process,4.94E-23,,25,0.1,5,0,2311,5.7
0,2.08E-26,2,118,GO:0006165;GO:0046939,nucleotide phosphorylation,9.55E-23,,245,0.6,239,0.6,63,0.2
0,7.81E-24,2,77,GO:0006007;GO:0006735;GO:0061615;GO:0061620;GO:0061621;GO:0061718,glucose catabolic process,2.08E-20,,30,0.1,40,0.1,2756,6.8
0,9.06E-24,2,130,GO:0006094;GO:0019319;GO:0046364,monosaccharide biosynthetic process,2.08E-20,,15131,37.1,21721,53.3,5217,12.8
0,1.56E-23,2,105,GO:0006734,NADH metabolic process,2.86E-20,,1449,3.6,2236,5.5,6871,16.9
0,1.92E-23,4,251,GO:0006006,glucose metabolic process,2.94E-20,,3636,8.9,3044,7.5,8138,20
0,8.44E-23,2,116,GO:0019320;GO:0046365,monosaccharide catabolic process,1.11E-19,,106,0.3,1,0,2537,6.2
0,3.13E-22,5,197,GO:0006754;GO:0009206;GO:0009145;GO:0009201;GO:0009142,nucleoside triphosphate biosynthetic process,3.59E-19,,25,0.1,31,0.1,1040,2.6
0,3.99E-22,2,161,GO:0006090,pyruvate metabolic process,4.08E-19,,230,0.6,20,0,1444,3.5
0,4.96E-22,2,202,GO:0009132;GO:0009135;GO:0009179;GO:0009185,nucleoside diphosphate metabolic process,4.56E-19,,,,,,,
0,1.69E-21,2,216,GO:0016052,carbohydrate catabolic process,1.41E-18,,,,,,,
0,6.62E-21,2,460,GO:0006164;GO:0072522;GO:0009152;GO:0009260;GO:0046390,ribose phosphate biosynthetic process,5.07E-18,,,,,,,
0,7.75E-21,2,284,GO:0016051,carbohydrate biosynthetic process,5.47E-18,,,,,,,
0,1.68E-20,2,245,GO:0009124;GO:0009127;GO:0009156;GO:0009168,nucleoside monophosphate biosynthetic process,1.10E-17,,,,,,,
0,2.19E-20,4,162,GO:0019359;GO:0019363;GO:0072525,pyridine-containing compound biosynthetic process,1.34E-17,,,,,,,
0,2.69E-20,2,491,GO:0009141;GO:0009144;GO:0009199;GO:0009205;GO:0046034,nucleoside triphosphate metabolic process,1.55E-17,,,,,,,
0,4.84E-20,2,170,GO:0019674,NAD metabolic process,2.47E-17,,,,,,,
0,4.61E-20,2,312,GO:0034404,nucleobase-containing small molecule biosynthetic process,2.47E-17,,,,,,,
0,6.38E-20,2,845,GO:0005975,carbohydrate metabolic process,3.08E-17,,,,,,,
0,1.21E-19,2,389,GO:0005996;GO:0019318,monosaccharide metabolic process,5.56E-17,,,,,,,
0,1.29E-19,2,1539,GO:0055114,oxidation-reduction process,5.63E-17,,,,,,,
0,3.22E-19,2,237,GO:0009166;GO:1901292,nucleoside phosphate catabolic process,1.35E-16,,,,,,,
0,5.61E-19,5,566,GO:0009123;GO:0009126;GO:0009161;GO:0009167,nucleoside monophosphate metabolic process,2.21E-16,,,,,,,
0,5.78E-19,2,1135,GO:0044283,small molecule biosynthetic process,2.21E-16,,,,,,,
0,6.27E-19,2,423,GO:0072330,monocarboxylic acid biosynthetic process,2.30E-16,,,,,,,
0,3.61E-18,3,618,GO:0046394;GO:0016053,carboxylic acid biosynthetic process,1.27E-15,,,,,,,
0,4.17E-18,2,801,GO:0006091,generation of precursor metabolites and energy,1.42E-15,,,,,,,
0,6.24E-18,2,107,GO:0009435,NAD biosynthetic process,2.05E-15,,,,,,,
0,1.30E-17,5,1050,GO:0006163;GO:0072521;GO:0009150;GO:0009259;GO:0019693,purine-containing compound metabolic process,4.13E-15,,,,,,,
0,2.95E-17,-1,441,GO:0009108;GO:0051188,obsolete cofactor biosynthetic process,9.04E-15,,,,,,,
0,3.21E-17,5,599,GO:0009165;GO:1901293,nucleoside phosphate biosynthetic process,9.52E-15,,,,,,,
0,6.04E-17,-1,323,GO:0006733;GO:0019362;GO:0072524;GO:0046496,obsolete oxidoreduction coenzyme metabolic process,1.73E-14,,,,,,,
0,8.64E-17,3,330,GO:0046434,organophosphate catabolic process,2.41E-14,,,,,,,
0,3.80E-16,3,1208,GO:0017144,drug metabolic process,1.03E-13,,,,,,,
0,7.55E-16,2,901,GO:0032787,monocarboxylic acid metabolic process,1.98E-13,,,,,,,
0,1.03E-15,-1,621,GO:0006732,obsolete coenzyme metabolic process,2.63E-13,,,,,,,
0,1.39E-15,2,1403,GO:0009117;GO:0006753;GO:0055086,nucleobase-containing small molecule metabolic process,3.45E-13,,,,,,,
0,1.34E-14,3,1150,GO:0090407,organophosphate biosynthetic process,3.24E-12,,,,,,,
0,1.43E-14,2,714,GO:0044282,small molecule catabolic process,3.38E-12,,,,,,,
0,1.77E-14,3,2158,GO:1901135,carbohydrate derivative metabolic process,4.06E-12,,,,,,,
0,6.63E-14,2,2103,GO:0019637,organophosphate metabolic process,1.46E-11,,,,,,,
0,6.68E-14,2,1238,GO:1901137,carbohydrate derivative biosynthetic process,1.46E-11,,,,,,,
0,1.61E-13,-1,923,GO:0051186,obsolete cofactor metabolic process,3.44E-11,,,,,,,
0,1.03E-12,2,336,GO:0006941,striated muscle contraction,2.15E-10,,,,,,,
0,4.52E-12,2,1809,GO:0006082;GO:0019752;GO:0043436,organic acid metabolic process,9.22E-10,,,,,,,
0,1.70E-11,3,810,GO:0003012;GO:0006936,muscle system process,3.40E-09,,,,,,,
0,1.78E-10,2,2678,GO:1901566,organonitrogen compound biosynthetic process,3.47E-08,,,,,,,
0,3.32E-10,3,973,GO:0034655;GO:0019439;GO:0044270;GO:0046700;GO:1901361,organic cyclic compound catabolic process,6.35E-08,,,,,,,
0,6.51E-09,3,1977,GO:0061061,muscle structure development,1.22E-06,,,,,,,
0,3.15E-08,6,108,GO:0030049;GO:0033275,actin-myosin filament sliding,5.78E-06,,,,,,,
0,3.29E-08,3,1155,GO:0042692;GO:0051146,muscle cell differentiation,5.93E-06,,,,,,,
0,1.62E-07,4,205,GO:0046716,muscle cell cellular homeostasis,2.87E-05,,,,,,,
0,1.38E-06,2,2656,GO:0016310;GO:0006468,phosphorylation,0.0002395,,,,,,,
0,2.81E-06,6,75,GO:0000272;GO:0005980;GO:0009251;GO:0044247;GO:0044275,cellular carbohydrate catabolic process,0.000478665,,,,,,,
0,5.22E-06,2,230,GO:0043627,response to estrogen,0.000871939,,,,,,,
0,5.75E-06,3,330,GO:0030239;GO:0045214,myofibril assembly,0.000942958,,,,,,,
0,5.86E-06,2,87,GO:0003009,skeletal muscle contraction,0.000944515,,,,,,,
0,9.48E-06,3,252,GO:0000768;GO:0006949;GO:0140253;GO:0007520,syncytium formation,0.001475213,,,,,,,
0,9.34E-06,3,45,GO:0005981;GO:0043471,regulation of cellular carbohydrate catabolic process,0.001475213,,,,,,,
0,9.98E-06,2,356,GO:0014902,myotube differentiation,0.001528263,,,,,,,
0,1.41E-05,2,268,GO:0007525,somatic muscle development,0.002125413,,,,,,,
0,1.52E-05,3,497,GO:0015980,energy derivation by oxidation of organic compounds,0.002253763,,,,,,,
0,1.64E-05,2,1091,GO:0001666;GO:0036293;GO:0070482,response to oxygen levels,0.002390168,,,,,,,
0,1.70E-05,3,2015,GO:0019725,cellular homeostasis,0.002438042,,,,,,,
0,2.53E-05,3,667,GO:0055001;GO:0055002,muscle cell development,0.00357382,,,,,,,
0,3.11E-05,2,21,GO:0019249,lactate biosynthetic process,0.004332384,,,,,,,
0,4.13E-05,2,23,GO:0046184,aldehyde biosynthetic process,0.005658811,,,,,,,
0,4.71E-05,4,24,GO:0006000,fructose metabolic process,0.006176965,,,,,,,
0,4.59E-05,2,133,GO:0006081,cellular aldehyde metabolic process,0.006176965,,,,,,,
0,5.14E-05,4,69,GO:0043403,skeletal muscle tissue regeneration,0.00664473,,,,,,,
0,7.55E-05,2,349,GO:0044262,cellular carbohydrate metabolic process,0.009637413,,,,,,,
0,8.45E-05,4,5,GO:0019563,glycerol catabolic process,0.010490284,,,,,,,
0,8.45E-05,2,5,GO:0045967,negative regulation of growth rate,0.010490284,,,,,,,
0,8.92E-05,2,153,GO:0050879;GO:0050881,multicellular organismal movement,0.010927167,,,,,,,
0,9.49E-05,2,155,GO:0043470,regulation of carbohydrate catabolic process,0.011464303,,,,,,,
0,0.000113428,2,32,GO:0046689,response to mercury ion,0.013530293,,,,,,,
0,0.000126533,5,6,GO:0071444,cellular response to pheromone,0.014900029,,,,,,,
0,0.000129747,2,512,GO:0031032,actomyosin structure organization,0.015085136,,,,,,,
0,0.000146548,4,824,GO:0062012,regulation of small molecule metabolic process,0.016825509,,,,,,,
0,0.000148728,3,35,GO:0030497;GO:0042761,very long-chain fatty acid biosynthetic process,0.016838033,,,,,,,
0,0.000150323,3,390,GO:0070252;GO:0030048,actin filament-based movement,0.016838033,,,,,,,
0,0.00015683,2,673,GO:0007015,actin filament organization,0.017355188,,,,,,,
0,0.000161907,2,36,GO:0006089,lactate metabolic process,0.01770372,,,,,,,
0,0.000176808,2,7,GO:0019405,alditol catabolic process,0.018666468,,,,,,,
0,0.000176808,4,7,GO:0043456;GO:1902031,regulation of NADP metabolic process,0.018666468,,,,,,,
0,0.000176808,7,7,GO:0046103,inosine biosynthetic process,0.018666468,,,,,,,
0,0.000189411,4,405,GO:0007519,skeletal muscle tissue development,0.019769776,,,,,,,
0,0.000235295,2,8,GO:0006172,ADP biosynthetic process,0.023491142,,,,,,,
0,0.000235295,5,8,GO:0017014;GO:0018119,protein nitrosylation,0.023491142,,,,,,,
0,0.000235295,2,8,GO:0044533;GO:0052042;GO:0052151;GO:0060139,positive regulation of apoptotic process in other organism,0.023491142,,,,,,,
0,0.000235295,2,8,GO:0046166,glyceraldehyde-3-phosphate biosynthetic process,0.023491142,,,,,,,
0,0.000242702,5,297,GO:0043467,regulation of generation of precursor metabolites and energy,0.023970052,,,,,,,
0,0.00025866,2,720,GO:0090257,regulation of muscle system process,0.025274355,,,,,,,
0,0.000275738,5,43,GO:0014857;GO:0014842,regulation of skeletal muscle cell proliferation,0.026659547,,,,,,,
0,0.000359251,2,47,GO:0018198,peptidyl-cysteine modification,0.034372075,,,,,,,
0,0.000382393,3,48,GO:0035336;GO:0035338,long-chain fatty-acyl-CoA metabolic process,0.036209102,,,,,,,
0,0.000406474,3,49,GO:0071688,striated muscle myosin thick filament assembly,0.03809654,,,,,,,
0,0.000459551,2,11,GO:0001907,killing by symbiont of host cells,0.041791868,,,,,,,
0,0.000459551,3,11,GO:0009180;GO:0009136;GO:0009188,ribonucleoside diphosphate biosynthetic process,0.041791868,,,,,,,
0,0.000459551,4,11,GO:0019236,response to pheromone,0.041791868,,,,,,,
0,0.000507254,2,477,GO:0014074;GO:0046683,response to purine-containing compound,0.045677688,,,,,,,
0,0.000522101,2,630,GO:0010927,cellular component assembly involved in morphogenesis,0.046558231,,,,,,,
0,0.000550412,2,12,GO:0009438,methylglyoxal metabolic process,0.048610893,,,,,,,
0,0.000571525,2,55,GO:2001014,regulation of skeletal muscle cell differentiation,0.049994815,,,,,,,
0,0.000649249,2,13,GO:0034316,negative regulation of Arp2/3 complex-mediated actin nucleation,0.055732245,,,,,,,
0,0.000649249,2,13,GO:0051873,killing by host of symbiont cells,0.055732245,,,,,,,
0,0.000693757,2,503,GO:0006937,regulation of muscle contraction,0.059001439,,,,,,,
0,0.000756016,3,14,GO:0019244,lactate biosynthetic process from pyruvate,0.063706462,,,,,,,
0,0.000778098,2,140,GO:0033574,response to testosterone,0.064971161,,,,,,,
0,0.000810022,4,247,GO:1903578;GO:0006140;GO:1900542,regulation of nucleotide metabolic process,0.067027458,,,,,,,
0,0.000817566,2,1830,GO:0030029;GO:0030036,actin filament-based process,0.067047737,,,,,,,
0,0.000870666,4,15,GO:0009133,nucleoside diphosphate biosynthetic process,0.070149746,,,,,,,
0,0.000870666,6,15,GO:0046102,inosine metabolic process,0.070149746,,,,,,,
0,0.000890596,2,64,GO:0014850,response to muscle activity,0.071131481,,,,,,,
0,0.000993155,6,16,GO:0014859;GO:1902723;GO:1902725,negative regulation of skeletal muscle cell proliferation,0.078639031,,,,,,,
0,0.00106228,4,68,GO:0000038,very long-chain fatty acid metabolic process,0.083393521,,,,,,,
0,0.001123435,2,17,GO:0032490,detection of molecule of bacterial origin,0.085989608,,,,,,,
0,0.001123435,2,17,GO:0052040;GO:0044532,modulation by symbiont of host programmed cell death,0.085989608,,,,,,,
0,0.001123435,3,17,GO:0090158,endoplasmic reticulum membrane organization,0.085989608,,,,,,,
0,0.001203858,4,71,GO:0031034;GO:0031033,myosin filament assembly,0.091383766,,,,,,,
0,0.001261462,2,18,GO:0006067,ethanol metabolic process,0.094199418,,,,,,,
0,0.00125356,2,72,GO:0035337;GO:0046949,fatty-acyl-CoA metabolic process,0.094199418,,,,,,,
0,0.001310115,4,1091,GO:0007517,muscle organ development,0.097043598,,,,,,,
0,0.00140719,2,19,GO:2001015,negative regulation of skeletal muscle cell differentiation,0.103400292,,,,,,,
0,0.001575588,4,287,GO:0022900,electron transport chain,0.114855345,,,,,,,
0,0.001589573,2,1319,GO:0097435,supramolecular fiber organization,0.11496242,,,,,,,
0,0.001721567,4,21,GO:0046826,negative regulation of protein export from nucleus,0.123535866,,,,,,,
0,0.001736934,-1,174,GO:0051193,obsolete regulation of cofactor metabolic process,0.123672387,,,,,,,
0,0.001810892,3,176,GO:0005977;GO:0006073;GO:0006112;GO:0044042,energy reserve metabolic process,0.127946516,,,,,,,
0,0.001890126,2,22,GO:0048631;GO:0048633,regulation of skeletal muscle tissue growth,0.131521298,,,,,,,
0,0.001890126,3,22,GO:0051883;GO:0051818,killing of cells in other organism involved in symbiotic interaction,0.131521298,,,,,,,
0,0.00193992,3,301,GO:0051591,response to cAMP,0.133971178,,,,,,,
0,0.002066207,4,23,GO:0045819,positive regulation of glycogen catabolic process,0.141627711,,,,,,,
0,0.002088687,3,86,GO:0009629,response to gravity,0.142108048,,,,,,,
0,0.002385243,2,624,GO:0060538,skeletal muscle organ development,0.161091606,,,,,,,
0,0.002440754,2,25,GO:0014732;GO:0014891,striated muscle atrophy,0.163637444,,,,,,,
0,0.002529943,2,193,GO:0042246,tissue regeneration,0.168387893,,,,,,,
0,0.002844855,5,27,GO:0051712,positive regulation of killing of cells of other organism,0.186642816,,,,,,,
0,0.002844855,3,27,GO:0070305;GO:0071321,response to cGMP,0.186642816,,,,,,,
0,0.002940473,3,97,GO:0060465,pharynx development,0.191547856,,,,,,,
0,0.003057878,4,28,GO:0019400;GO:0006071,alditol metabolic process,0.196409878,,,,,,,
0,0.003057878,2,28,GO:0043455,regulation of secondary metabolic process,0.196409878,,,,,,,
0,0.003173704,2,657,GO:0006790,sulfur compound metabolic process,0.202433827,,,,,,,
0,0.003278159,5,29,GO:0043501,skeletal muscle adaptation,0.2076544,,,,,,,
0,0.003424553,2,210,GO:0005976;GO:0044264,polysaccharide metabolic process,0.21544194,,,,,,,
0,0.003505653,2,30,GO:0030240,skeletal muscle thin filament assembly,0.218683675,,,,,,,
0,0.003547509,4,2620,GO:0048878,chemical homeostasis,0.218683675,,,,,,,
0,0.003536817,4,1047,GO:0060249,anatomical structure homeostasis,0.218683675,,,,,,,
0,0.003578889,2,104,GO:0034308,primary alcohol metabolic process,0.219147308,,,,,,,
0,0.003876384,5,107,GO:0033866;GO:0034030;GO:0034033;GO:0071616;GO:0035384,ribonucleoside bisphosphate biosynthetic process,0.235791947,,,,,,,
0,0.003982111,2,32,GO:2000291,regulation of myoblast proliferation,0.240629513,,,,,,,
0,0.004172067,2,222,GO:0014823,response to activity,0.250460369,,,,,,,
0,0.00430653,3,224,GO:0006119;GO:0022904;GO:0042773;GO:0042775,respiratory electron transport chain,0.256853761,,,,,,,
0,0.004375479,3,364,GO:0007338;GO:0009566,fertilization,0.259282405,,,,,,,
0,0.004486908,6,34,GO:0071786,endoplasmic reticulum tubular network organization,0.264181107,,,,,,,
0,0.004749828,2,35,GO:0014889,muscle atrophy,0.274384735,,,,,,,
0,0.004749828,3,35,GO:0019682,glyceraldehyde-3-phosphate metabolic process,0.274384735,,,,,,,
0,0.004749828,7,35,GO:0051126,negative regulation of actin nucleation,0.274384735,,,,,,,
0,0.004857642,4,116,GO:0009311,oligosaccharide metabolic process,0.278858984,,,,,,,
0,0.005012601,2,376,GO:0062013,positive regulation of small molecule metabolic process,0.285967342,,,,,,,
0,0.005296499,2,37,GO:0034315,regulation of Arp2/3 complex-mediated actin nucleation,0.300298443,,,,,,,
0,0.005580167,2,38,GO:0048642,negative regulation of skeletal muscle tissue development,0.314440686,,,,,,,
0,0.005862144,2,2759,GO:0010243;GO:1901698,response to nitrogen compound,0.322886642,,,,,,,
0,0.005836289,3,928,GO:0014706;GO:0060537,muscle tissue development,0.322886642,,,,,,,
0,0.005870666,2,39,GO:0015949,nucleobase-containing small molecule interconversion,0.322886642,,,,,,,
0,0.005870666,4,39,GO:0051709,regulation of killing of cells of other organism,0.322886642,,,,,,,
0,0.006167956,2,40,GO:0006521,regulation of cellular amino acid metabolic process,0.331302216,,,,,,,
0,0.006109215,2,126,GO:0030810;GO:0045981;GO:1900373;GO:1900544;GO:1903580,positive regulation of nucleotide metabolic process,0.331302216,,,,,,,
0,0.006167956,2,40,GO:0046033,AMP metabolic process,0.331302216,,,,,,,
0,0.006167956,2,40,GO:0046174,polyol catabolic process,0.331302216,,,,,,,
0,0.006471996,3,41,GO:0042451;GO:0046129,purine nucleoside biosynthetic process,0.3456121,,,,,,,
0,0.006752905,2,2549,GO:0009725,response to hormone,0.356467985,,,,,,,
0,0.006731497,5,572,GO:0033500;GO:0042593,carbohydrate homeostasis,0.356467985,,,,,,,
0,0.006805157,2,1597,GO:0007568,aging,0.357173522,,,,,,,
0,0.007100158,2,43,GO:0016045;GO:0098543;GO:0098581,detection of external biotic stimulus,0.370539512,,,,,,,
0,0.0074242,3,44,GO:0043050,pharyngeal pumping,0.383097043,,,,,,,
0,0.0074242,2,44,GO:0045454,cell redox homeostasis,0.383097043,,,,,,,
0,0.007537509,2,415,GO:0006109,regulation of carbohydrate metabolic process,0.386771065,,,,,,,
0,0.008000342,4,139,GO:0006110;GO:0030811;GO:0051196,obsolete regulation of coenzyme metabolic process,0.408239655,,,,,,,
0,0.008091999,2,46,GO:0006688,glycosphingolipid biosynthetic process,0.410635438,,,,,,,
0,0.009694427,2,283,GO:0010565,regulation of cellular ketone metabolic process,0.489248972,,,,,,,
0,0.00987464,2,51,GO:0014866,skeletal myofibril assembly,0.492927017,,,,,,,
0,0.00987464,4,51,GO:0061067,negative regulation of dauer larval development,0.492927017,,,,,,,
0,0.010020362,2,151,GO:0060135,maternal process involved in female pregnancy,0.49749744,,,,,,,
0,0.010250246,2,52,GO:0051457,maintenance of protein location in nucleus,0.506174779,,,,,,,
0,0.010632119,2,53,GO:0009312,oligosaccharide biosynthetic process,0.511288018,,,,,,,
0,0.010632119,3,53,GO:0045662,negative regulation of myoblast differentiation,0.511288018,,,,,,,
0,0.010632119,4,53,GO:0051016;GO:0051693,actin filament capping,0.511288018,,,,,,,
0,0.010632119,2,53,GO:0055115;GO:0043053,entry into diapause,0.511288018,,,,,,,
0,0.010567469,3,154,GO:1901570,fatty acid derivative biosynthetic process,0.511288018,,,,,,,
0,0.011517245,2,159,GO:0042180,cellular ketone metabolic process,0.550968186,,,,,,,
0,0.01171292,2,160,GO:0048641,regulation of skeletal muscle tissue development,0.557425736,,,,,,,
0,0.012221504,2,57,GO:0070875,positive regulation of glycogen metabolic process,0.57863153,,,,,,,
0,0.013052793,2,59,GO:0033002,muscle cell proliferation,0.614820029,,,,,,,
0,0.014584451,5,5,GO:0005985,sucrose metabolic process,0.666349657,,,,,,,
0,0.014584451,2,5,GO:0009269,response to desiccation,0.666349657,,,,,,,
0,0.014584451,2,5,GO:0009441,glycolate metabolic process,0.666349657,,,,,,,
0,0.014584451,2,5,GO:0015743,malate transport,0.666349657,,,,,,,
0,0.014654614,2,174,GO:0021545,cranial nerve development,0.666349657,,,,,,,
0,0.014584451,3,5,GO:0050666,regulation of homocysteine metabolic process,0.666349657,,,,,,,
0,0.014584451,8,5,GO:1903093,regulation of protein K48-linked deubiquitination,0.666349657,,,,,,,
0,0.015059961,2,1097,GO:0006518;GO:0043604,amide biosynthetic process,0.681407598,,,,,,,
0,0.01558385,5,326,GO:0010675;GO:0010906,regulation of cellular carbohydrate metabolic process,0.701655216,,,,,,,
0,0.015797487,2,179,GO:0032570,response to progesterone,0.707804494,,,,,,,
0,0.015902115,2,328,GO:0044272,sulfur compound biosynthetic process,0.709033634,,,,,,,
0,0.016149248,2,66,GO:0040009,regulation of growth rate,0.716574111,,,,,,,
0,0.017086128,3,68,GO:0009595,detection of biotic stimulus,0.729940685,,,,,,,
0,0.01756308,5,69,GO:0019433;GO:0046464;GO:0046461,neutral lipid catabolic process,0.729940685,,,,,,,
0,0.01756308,6,69,GO:0030835,negative regulation of actin filament depolymerization,0.729940685,,,,,,,
0,0.016614838,2,67,GO:0035036;GO:0007339,sperm-egg recognition,0.729940685,,,,,,,
0,0.017476034,4,6,GO:0045764,positive regulation of cellular amino acid metabolic process,0.729940685,,,,,,,
0,0.016614838,2,67,GO:0046164,alcohol catabolic process,0.729940685,,,,,,,
0,0.017476034,2,6,GO:0051595,response to methylglyoxal,0.729940685,,,,,,,
0,0.017476034,3,6,GO:0061055,myotome development,0.729940685,,,,,,,
0,0.017476034,2,6,GO:0061428,negative regulation of transcription from RNA polymerase II promoter in response to hypoxia,0.729940685,,,,,,,
0,0.017476034,3,6,GO:1900450;GO:1904782,negative regulation of glutamate receptor signaling pathway,0.729940685,,,,,,,
0,0.017476034,5,6,GO:1902774,late endosome to lysosome transport,0.729940685,,,,,,,
0,0.017476034,3,6,GO:1902822;GO:1903335,regulation of vacuolar transport,0.729940685,,,,,,,
0,0.017476034,3,6,GO:1903179;GO:1903181,regulation of dopamine biosynthetic process,0.729940685,,,,,,,
0,0.017476034,4,6,GO:2000275,regulation of oxidative phosphorylation uncoupler activity,0.729940685,,,,,,,
0,0.018040277,3,710,GO:0002237;GO:0032496,response to molecule of bacterial origin,0.739952557,,,,,,,
0,0.018045658,2,70,GO:0019054;GO:0044068,modulation by symbiont of host cellular process,0.739952557,,,,,,,
0,0.017978173,3,188,GO:0045843;GO:0048635;GO:1901862,negative regulation of muscle organ development,0.739952557,,,,,,,
0,0.01823031,2,189,GO:0035094,response to nicotine,0.744201765,,,,,,,
0,0.018533827,3,71,GO:0031640;GO:0044364,disruption of cells of other organism,0.749925978,,,,,,,
0,0.018484419,3,190,GO:0046627;GO:1900077,negative regulation of cellular response to insulin stimulus,0.749925978,,,,,,,
0,0.019074809,2,1146,GO:0008610,lipid biosynthetic process,0.768430351,,,,,,,
0,0.019161053,2,928,GO:0010259;GO:0008340,multicellular organism aging,0.768533948,,,,,,,
0,0.01959284,3,528,GO:0006631,fatty acid metabolic process,0.779048632,,,,,,,
0,0.019526788,2,73,GO:0048147,negative regulation of fibroblast proliferation,0.779048632,,,,,,,
0,0.020359239,3,7,GO:0001744,optic lobe placode formation,0.789027878,,,,,,,
0,0.020359239,2,7,GO:0035801;GO:0035802,adrenal cortex development,0.789027878,,,,,,,
0,0.02003151,2,74,GO:0046940,nucleoside monophosphate phosphorylation,0.789027878,,,,,,,
0,0.020313123,2,533,GO:0048640,negative regulation of developmental growth,0.789027878,,,,,,,
0,0.020359239,6,7,GO:0051583;GO:0051934,dopamine uptake involved in synaptic transmission,0.789027878,,,,,,,
0,0.020359239,3,7,GO:1904145,negative regulation of meiotic cell cycle process involved in oocyte maturation,0.789027878,,,,,,,
0,0.021134156,2,200,GO:0006633,fatty acid biosynthetic process,0.815618579,,,,,,,
0,0.021350473,2,540,GO:0006066,alcohol metabolic process,0.820519225,,,,,,,
0,0.021578213,3,77,GO:0000096,sulfur amino acid metabolic process,0.82581619,,,,,,,
0,0.023234088,2,8,GO:0006127,glycerophosphate shuttle,0.840177543,,,,,,,
0,0.022533218,6,205,GO:0006637;GO:0033875;GO:0034032;GO:0035383;GO:0033865,ribonucleoside bisphosphate metabolic process,0.840177543,,,,,,,
0,0.022249445,3,204,GO:0010676;GO:0045913,positive regulation of carbohydrate metabolic process,0.840177543,,,,,,,
0,0.023234088,2,8,GO:0018171,peptidyl-cysteine oxidation,0.840177543,,,,,,,
0,0.023234088,3,8,GO:0034309;GO:0032341;GO:0032342;GO:0034650;GO:0034651;GO:1902645,primary alcohol biosynthetic process,0.840177543,,,,,,,
0,0.023234088,2,8,GO:0035271,ring gland development,0.840177543,,,,,,,
0,0.02263611,2,79,GO:0043094,cellular metabolic compound salvage,0.840177543,,,,,,,
0,0.023172523,4,1661,GO:0044057,regulation of system process,0.840177543,,,,,,,
0,0.023172982,2,80,GO:0051125,regulation of actin nucleation,0.840177543,,,,,,,
0,0.023234088,3,8,GO:0072095,regulation of branch elongation involved in ureteric bud branching,0.840177543,,,,,,,
0,0.023234088,2,8,GO:0090191,negative regulation of branching involved in ureteric bud morphogenesis,0.840177543,,,,,,,
0,0.023234088,4,8,GO:1903377,negative regulation of oxidative stress-induced neuron intrinsic apoptotic signaling pathway,0.840177543,,,,,,,
0,0.023234088,2,8,GO:2000825,positive regulation of androgen receptor activity,0.840177543,,,,,,,
0,0.02371509,2,81,GO:0072595,maintenance of protein localization in organelle,0.854208253,,,,,,,
0,0.024795604,4,376,GO:0010466;GO:0010951,negative regulation of peptidase activity,0.883428864,,,,,,,
0,0.024814877,3,83,GO:0010614;GO:0014741,negative regulation of muscle hypertrophy,0.883428864,,,,,,,
0,0.024814877,2,83,GO:0046513,ceramide biosynthetic process,0.883428864,,,,,,,
0,0.026100605,5,9,GO:0006069,ethanol oxidation,0.884627532,,,,,,,
0,0.026100605,2,9,GO:0006973,intracellular accumulation of glycerol,0.884627532,,,,,,,
0,0.025372487,3,84,GO:0030536,larval feeding behavior,0.884627532,,,,,,,
0,0.026100605,5,9,GO:0038107;GO:1900094;GO:1900164,nodal signaling pathway involved in determination of lateral mesoderm left/right asymmetry,0.884627532,,,,,,,
0,0.026100605,5,9,GO:0070940,dephosphorylation of RNA polymerase II C-terminal domain,0.884627532,,,,,,,
0,0.026100605,2,9,GO:0071259,cellular response to magnetism,0.884627532,,,,,,,
0,0.026100605,3,9,GO:0072106;GO:0072107;GO:1905278,positive regulation of ureteric bud formation,0.884627532,,,,,,,
0,0.026100605,6,9,GO:0072191;GO:0072193,ureter smooth muscle development,0.884627532,,,,,,,
0,0.02602339,3,989,GO:1901615,organic hydroxy compound metabolic process,0.884627532,,,,,,,
0,0.025639428,4,770,GO:1901654,response to ketone,0.884627532,,,,,,,
0,0.026100605,2,9,GO:1901668;GO:1901671;GO:1904833,regulation of superoxide dismutase activity,0.884627532,,,,,,,
0,0.026100605,2,9,GO:1903860,negative regulation of dendrite extension,0.884627532,,,,,,,
0,0.026100605,2,9,GO:1905446;GO:1905448,regulation of mitochondrial ATP synthesis coupled electron transport,0.884627532,,,,,,,
0,0.02650297,2,86,GO:0022611,dormancy process,0.894962434,,,,,,,
0,0.026646552,4,777,GO:0051346,negative regulation of hydrolase activity,0.896514934,,,,,,,
0,0.027075776,3,87,GO:0035994,response to muscle stretch,0.907313761,,,,,,,
0,0.027165083,2,2210,GO:0044255;GO:0006629,lipid metabolic process,0.907313761,,,,,,,
0,0.027660221,3,222,GO:1901568,fatty acid derivative metabolic process,0.920504107,,,,,,,
0,0.028958816,2,10,GO:0072513,positive regulation of secondary heart field cardioblast proliferation,0.949952577,,,,,,,
0,0.028958816,3,10,GO:1903121;GO:1903984,regulation of TRAIL-activated apoptotic signaling pathway,0.949952577,,,,,,,
0,0.028958816,2,10,GO:1990809,endoplasmic reticulum tubular network membrane organization,0.949952577,,,,,,,
0,0.02941664,3,91,GO:0001893,maternal placenta development,0.960889946,,,,,,,
0,0.029606081,3,228,GO:0006638;GO:0006639;GO:0006641,neutral lipid metabolic process,0.960889946,,,,,,,
0,0.029606081,2,228,GO:0048145,regulation of fibroblast proliferation,0.960889946,,,,,,,
0,0.030270454,2,230,GO:0016999,antibiotic metabolic process,0.978993384,,,,,,,
0,0.030616392,2,93,GO:0043500;GO:0014888,muscle adaptation,0.983257217,,,,,,,
0,0.030616392,4,93,GO:0061844,antimicrobial humoral immune response mediated by antimicrobial peptide,0.983257217,,,,,,,
0,0.031808742,3,11,GO:0002074,extraocular skeletal muscle development,0.994583723,,,,,,,
0,0.031808742,5,11,GO:0030091,protein repair,0.994583723,,,,,,,
0,0.031808742,2,11,GO:0051005,negative regulation of lipoprotein lipase activity,0.994583723,,,,,,,
0,0.031835342,7,95,GO:0061065,regulation of dauer larval development,0.994583723,,,,,,,
0,0.031808742,2,11,GO:0071787,endoplasmic reticulum tubular network formation,0.994583723,,,,,,,
0,0.031808742,4,11,GO:0090494;GO:0090493,dopamine uptake,0.994583723,,,,,,,
0,0.031808742,4,11,GO:1903207;GO:1903208,negative regulation of hydrogen peroxide-induced neuron death,0.994583723,,,,,,,
0,0.031808742,4,11,GO:1903297;GO:1903298,negative regulation of hypoxia-induced intrinsic apoptotic signaling pathway,0.994583723,,,,,,,
0,1,2,60,GO:0000002,mitochondrial genome maintenance,1,,,,,,,
0,1,4,9,GO:0000012,single strand break repair,1,,,,,,,
0,1,4,138,GO:0000018,regulation of DNA recombination,1,,,,,,,
0,1,5,8,GO:0000019;GO:0045950,regulation of mitotic recombination,1,,,,,,,
0,1,2,57,GO:0000022;GO:0051231,spindle elongation,1,,,,,,,
0,1,4,49,GO:0000027,ribosomal large subunit assembly,1,,,,,,,
0,1,2,36,GO:0000028,ribosomal small subunit assembly,1,,,,,,,
0,1,3,244,GO:0000041,transition metal ion transport,1,,,,,,,
0,1,2,142,GO:0000045;GO:1905037,autophagosome organization,1,,,,,,,
0,1,3,29,GO:0000050;GO:0019627;GO:0071941,nitrogen cycle metabolic process,1,,,,,,,
0,1,3,20,GO:0000052,citrulline metabolic process,1,,,,,,,
0,1,3,31,GO:0000054;GO:0033750;GO:0071428,rRNA-containing ribonucleoprotein complex export from nucleus,1,,,,,,,
0,1,3,14,GO:0000055,ribosomal large subunit export from nucleus,1,,,,,,,
0,1,7,11,GO:0000056,ribosomal small subunit export from nucleus,1,,,,,,,
0,1,4,354,GO:0000070;GO:0000819,sister chromatid segregation,1,,,,,,,
0,0.349742655,3,420,GO:0000075;GO:0007093,cell cycle checkpoint,1,,,,,,,
0,0.103075536,7,37,GO:0000076,DNA replication checkpoint,1,,,,,,,
0,0.232906349,2,312,GO:0000077;GO:0031570,DNA integrity checkpoint,1,,,,,,,
0,0.595113586,5,306,GO:0000082;GO:0044843,cell cycle G1/S phase transition,1,,,,,,,
0,0.164249506,2,61,GO:0000083,regulation of transcription involved in G1/S transition of mitotic cell cycle,1,,,,,,,
0,1,2,305,GO:0000086;GO:0044839,cell cycle G2/M phase transition,1,,,,,,,
0,0.089785045,2,32,GO:0000097,sulfur amino acid biosynthetic process,1,,,,,,,
0,0.081717598,5,29,GO:0000098,sulfur amino acid catabolic process,1,,,,,,,
0,1,2,14,GO:0000101,sulfur amino acid transport,1,,,,,,,
0,1,4,14,GO:0000117;GO:0090282,regulation of transcription involved in G2/M transition of mitotic cell cycle,1,,,,,,,
0,1,2,242,GO:0000132;GO:0051294,establishment of spindle orientation,1,,,,,,,
0,1,2,56,GO:0000154,rRNA modification,1,,,,,,,
0,0.907136148,2,797,GO:0000165,MAPK cascade,1,,,,,,,
0,1,2,18,GO:0000183,rDNA heterochromatin assembly,1,,,,,,,
0,1,2,49,GO:0000185,activation of MAPKKK activity,1,,,,,,,
0,1,6,129,GO:0000186,activation of MAPKK activity,1,,,,,,,
0,1,6,360,GO:0000187,activation of MAPK activity,1,,,,,,,
0,1,2,51,GO:0000188,inactivation of MAPK activity,1,,,,,,,
0,1,9,568,GO:0000209,protein polyubiquitination,1,,,,,,,
0,1,2,122,GO:0000212,meiotic spindle organization,1,,,,,,,
0,1,5,25,GO:0000244,spliceosomal tri-snRNP complex assembly,1,,,,,,,
0,1,2,126,GO:0000245,spliceosomal complex assembly,1,,,,,,,
0,1,3,9,GO:0000255,allantoin metabolic process,1,,,,,,,
0,1,2,57,GO:0000266,mitochondrial fission,1,,,,,,,
0,0.053744037,5,127,GO:0000271;GO:0033692;GO:0034637,cellular carbohydrate biosynthetic process,1,,,,,,,
0,0.770034391,2,945,GO:0000280;GO:0048285,organelle fission,1,,,,,,,
0,1,2,302,GO:0000281,mitotic cytokinesis,1,,,,,,,
0,1,3,50,GO:0000289,nuclear-transcribed mRNA poly(A) tail shortening,1,,,,,,,
0,1,3,18,GO:0000290,deadenylation-dependent decapping of nuclear-transcribed mRNA,1,,,,,,,
0,0.058515763,2,497,GO:0000302,response to reactive oxygen species,1,,,,,,,
0,1,5,48,GO:0000303;GO:0000305,response to oxygen radical,1,,,,,,,
0,1,2,12,GO:0000320,re-entry into mitotic cell cycle,1,,,,,,,
0,1,7,24,GO:0000338,protein deneddylation,1,,,,,,,
0,1,2,6,GO:0000349,generation of catalytic spliceosome for first transesterification step,1,,,,,,,
0,0.930799706,2,894,GO:0000375;GO:0008380;GO:0000377;GO:0000398;GO:0006397,mRNA processing,1,,,,,,,
0,1,2,71,GO:0000387,spliceosomal snRNP assembly,1,,,,,,,
0,1,2,13,GO:0000389,mRNA 3'-splice site recognition,1,,,,,,,
0,1,5,9,GO:0000393,spliceosomal conformational changes to generate catalytic conformation,1,,,,,,,
0,1,2,12,GO:0000395,mRNA 5'-splice site recognition,1,,,,,,,
0,1,3,47,GO:0000413,protein peptidyl-prolyl isomerization,1,,,,,,,
0,1,8,14,GO:0000414,regulation of histone H3-K36 methylation,1,,,,,,,
0,1,2,5,GO:0000416,positive regulation of histone H3-K36 methylation,1,,,,,,,
0,1,2,93,GO:0000422;GO:0061726,autophagy of mitochondrion,1,,,,,,,
0,1,3,15,GO:0000423,mitophagy,1,,,,,,,
0,1,3,11,GO:0000430;GO:0000432,regulation of transcription from RNA polymerase II promoter by glucose,1,,,,,,,
0,1,4,6,GO:0000451,rRNA 2'-O-methylation,1,,,,,,,
0,1,2,8,GO:0000454,snoRNA guided rRNA pseudouridine synthesis,1,,,,,,,
0,1,4,5,GO:0000455,enzyme-directed rRNA pseudouridine synthesis,1,,,,,,,
0,1,2,54,GO:0000460,maturation of 5.8S rRNA,1,,,,,,,
0,1,3,41,GO:0000469,cleavage involved in rRNA processing,1,,,,,,,
0,1,2,45,GO:0000470,maturation of LSU-rRNA,1,,,,,,,
0,1,2,26,GO:0000479;GO:0000478,endonucleolytic cleavage involved in rRNA processing,1,,,,,,,
0,1,2,17,GO:0000491;GO:0000492,small nucleolar ribonucleoprotein complex assembly,1,,,,,,,
0,1,9,7,GO:0000495;GO:0034964;GO:0033979,box H/ACA RNA metabolic process,1,,,,,,,
0,0.414499251,4,482,GO:0000578;GO:0007351;GO:0008595,embryonic axis specification,1,,,,,,,
0,1,6,12,GO:0000706,meiotic DNA double-strand break processing,1,,,,,,,
0,1,6,8,GO:0000707,meiotic DNA recombinase assembly,1,,,,,,,
0,1,5,13,GO:0000711,meiotic DNA repair synthesis,1,,,,,,,
0,1,2,23,GO:0000712,resolution of meiotic recombination intermediates,1,,,,,,,
0,1,3,19,GO:0000722,telomere maintenance via recombination,1,,,,,,,
0,1,2,155,GO:0000723;GO:0032200,telomere organization,1,,,,,,,
0,1,2,156,GO:0000724;GO:0000725,recombinational repair,1,,,,,,,
0,1,3,93,GO:0000726;GO:0006303,non-recombinational repair,1,,,,,,,
0,1,2,7,GO:0000727,double-strand break repair via break-induced replication,1,,,,,,,
0,1,5,32,GO:0000729,DNA double-strand break processing,1,,,,,,,
0,1,5,11,GO:0000730;GO:0090735;GO:0042148,DNA recombinase assembly,1,,,,,,,
0,1,6,115,GO:0000731;GO:0006301;GO:0019985,postreplication repair,1,,,,,,,
0,1,6,16,GO:0000733,DNA strand renaturation,1,,,,,,,
0,1,5,53,GO:0000737;GO:0006308,DNA catabolic process,1,,,,,,,
0,1,4,8,GO:0000741;GO:0007344,karyogamy,1,,,,,,,
0,1,3,12,GO:0000820,regulation of glutamine family amino acid metabolic process,1,,,,,,,
0,1,4,3057,GO:0000904;GO:0048812;GO:0120039;GO:0048858;GO:0032990;GO:0048667,cell morphogenesis involved in differentiation,1,,,,,,,
0,1,2,71,GO:0000912;GO:0000915,assembly of actomyosin apparatus involved in cytokinesis,1,,,,,,,
0,1,5,48,GO:0000916;GO:0036213,actomyosin contractile ring contraction,1,,,,,,,
0,1,2,41,GO:0000920,septum digestion after cytokinesis,1,,,,,,,
0,1,2,461,GO:0000956;GO:0006402;GO:0006401,RNA catabolic process,1,,,,,,,
0,1,5,6,GO:0000957;GO:0000958;GO:0000960,mitochondrial RNA catabolic process,1,,,,,,,
0,1,2,66,GO:0000959,mitochondrial RNA metabolic process,1,,,,,,,
0,1,7,30,GO:0000963,mitochondrial RNA processing,1,,,,,,,
0,1,2,8,GO:0000964;GO:0097745,mitochondrial RNA 5'-end processing,1,,,,,,,
0,1,2,13,GO:0000965,mitochondrial RNA 3'-end processing,1,,,,,,,
0,1,2,30,GO:0000966;GO:0099116;GO:0034471,RNA 5'-end processing,1,,,,,,,
0,1,4,14,GO:0000972,transcription-dependent tethering of RNA polymerase II gene DNA at nuclear periphery,1,,,,,,,
0,1,2,6,GO:0000973,posttranscriptional tethering of RNA polymerase II gene DNA at nuclear periphery,1,,,,,,,
0,0.332252779,3,992,GO:0001101,response to acid chemical,1,,,,,,,
0,1,4,8,GO:0001109;GO:0001111;GO:0001112;GO:0001120;GO:0001113,promoter clearance from RNA polymerase II promoter,1,,,,,,,
0,1,2,24,GO:0001178,regulation of transcriptional start site selection at RNA polymerase II promoter,1,,,,,,,
0,1,6,14,GO:0001188,RNA polymerase I preinitiation complex assembly,1,,,,,,,
0,1,-1,7,GO:0001302,obsolete replicative cell aging,1,,,,,,,
0,1,2,12,GO:0001306;GO:0007571,age-dependent response to oxidative stress,1,,,,,,,
0,1,5,15,GO:0001325;GO:0090656;GO:0090737,formation of extrachromosomal circular DNA,1,,,,,,,
0,0.478870425,4,1213,GO:0001501,skeletal system development,1,,,,,,,
0,1,3,72,GO:0001502;GO:0098743,cell aggregation,1,,,,,,,
0,1,2,452,GO:0001503,ossification,1,,,,,,,
0,0.116174358,2,42,GO:0001504,neurotransmitter uptake,1,,,,,,,
0,0.633805687,3,1104,GO:0001505,regulation of neurotransmitter levels,1,,,,,,,
0,1,3,6,GO:0001507;GO:0006581,acetylcholine catabolic process in synaptic cleft,1,,,,,,,
0,1,4,350,GO:0001508,action potential,1,,,,,,,
0,1,6,88,GO:0001510,RNA methylation,1,,,,,,,
0,1,6,9,GO:0001514,selenocysteine incorporation,1,,,,,,,
0,1,4,41,GO:0001516;GO:0046457,prostanoid biosynthetic process,1,,,,,,,
0,1,2,26,GO:0001522,pseudouridine synthesis,1,,,,,,,
0,0.835790329,2,608,GO:0001525,angiogenesis,1,,,,,,,
0,1,2,165,GO:0001541,ovarian follicle development,1,,,,,,,
0,1,2,25,GO:0001542,ovulation from ovarian follicle,1,,,,,,,
0,1,2,8,GO:0001545,primary ovarian follicle growth,1,,,,,,,
0,1,2,20,GO:0001547,antral ovarian follicle growth,1,,,,,,,
0,1,4,8,GO:0001550;GO:0048165,fused antrum stage,1,,,,,,,
0,1,2,5,GO:0001552,ovarian follicle atresia,1,,,,,,,
0,1,2,46,GO:0001553,luteinization,1,,,,,,,
0,1,3,20,GO:0001554,luteolysis,1,,,,,,,
0,1,2,27,GO:0001555,oocyte growth,1,,,,,,,
0,1,3,86,GO:0001556,oocyte maturation,1,,,,,,,
0,0.923804065,4,1411,GO:0001558,regulation of cell growth,1,,,,,,,
0,1,2,10,GO:0001560,regulation of cell growth by extracellular stimulus,1,,,,,,,
0,1,2,22,GO:0001561,fatty acid alpha-oxidation,1,,,,,,,
0,1,2,35,GO:0001562;GO:0042832,response to protozoan,1,,,,,,,
0,0.455516916,2,1177,GO:0001568;GO:0001944;GO:0048514,vasculature development,1,,,,,,,
0,1,2,96,GO:0001569,branching involved in blood vessel morphogenesis,1,,,,,,,
0,0.482059066,3,223,GO:0001570,vasculogenesis,1,,,,,,,
0,0.084414562,2,30,GO:0001573,ganglioside metabolic process,1,,,,,,,
0,0.051528265,3,18,GO:0001574,ganglioside biosynthetic process,1,,,,,,,
0,1,3,240,GO:0001578,microtubule bundle formation,1,,,,,,,
0,1,2,8,GO:0001579,medium-chain fatty acid transport,1,,,,,,,
0,1,3,28,GO:0001580;GO:0050912,detection of chemical stimulus involved in sensory perception of taste,1,,,,,,,
0,1,3,201,GO:0001649,osteoblast differentiation,1,,,,,,,
0,0.988273727,3,2124,GO:0001654,eye development,1,,,,,,,
0,0.81914303,2,1051,GO:0001655;GO:0072001,urogenital system development,1,,,,,,,
0,0.492690135,5,230,GO:0001656,metanephros development,1,,,,,,,
0,0.521891625,5,250,GO:0001657;GO:0072164;GO:0072163;GO:0001823,mesonephros development,1,,,,,,,
0,0.278768903,2,111,GO:0001658,branching involved in ureteric bud morphogenesis,1,,,,,,,
0,1,2,77,GO:0001659,temperature homeostasis,1,,,,,,,
0,1,4,9,GO:0001660,fever generation,1,,,,,,,
0,1,2,26,GO:0001661,conditioned taste aversion,1,,,,,,,
0,1,2,130,GO:0001662;GO:0002209;GO:0042596,fear response,1,,,,,,,
0,0.967238634,4,1139,GO:0001667,ameboidal-type cell migration,1,,,,,,,
0,1,2,98,GO:0001672,regulation of chromatin assembly or disassembly,1,,,,,,,
0,1,4,30,GO:0001675,acrosome assembly,1,,,,,,,
0,1,4,183,GO:0001676,long-chain fatty acid metabolic process,1,,,,,,,
0,1,2,17,GO:0001682,tRNA 5'-leader removal,1,,,,,,,
0,1,3,7,GO:0001692,histamine metabolic process,1,,,,,,,
0,1,5,18,GO:0001696,gastric acid secretion,1,,,,,,,
0,0.841130993,2,619,GO:0001700,embryonic development via the syncytial blastoderm,1,,,,,,,
0,0.04966378,2,904,GO:0001701,in utero embryonic development,1,,,,,,,
0,1,5,104,GO:0001702,gastrulation with mouth forming second,1,,,,,,,
0,1,5,105,GO:0001703;GO:0010004,gastrulation with mouth forming first,1,,,,,,,
0,0.718463988,2,428,GO:0001704,formation of primary germ layer,1,,,,,,,
0,1,4,18,GO:0001705,ectoderm formation,1,,,,,,,
0,1,2,163,GO:0001706;GO:0035987,endoderm formation,1,,,,,,,
0,0.580419015,3,294,GO:0001707;GO:0048332,mesoderm morphogenesis,1,,,,,,,
0,0.842083425,2,621,GO:0001708,cell fate specification,1,,,,,,,
0,1,2,518,GO:0001709,cell fate determination,1,,,,,,,
0,1,2,64,GO:0001710;GO:0007501,mesodermal cell fate commitment,1,,,,,,,
0,1,2,54,GO:0001711;GO:0001714,endodermal cell fate commitment,1,,,,,,,
0,1,2,10,GO:0001712,ectodermal cell fate commitment,1,,,,,,,
0,1,4,6,GO:0001715,ectodermal cell fate specification,1,,,,,,,
0,1,4,25,GO:0001731,formation of translation preinitiation complex,1,,,,,,,
0,1,2,450,GO:0001736;GO:0007164;GO:0001738,morphogenesis of a polarized epithelium,1,,,,,,,
0,1,4,86,GO:0001737,establishment of imaginal disc-derived wing hair orientation,1,,,,,,,
0,1,3,58,GO:0001742,oenocyte differentiation,1,,,,,,,
0,1,3,15,GO:0001743,optic placode formation,1,,,,,,,
0,0.963305559,2,1102,GO:0001745;GO:0048749,compound eye development,1,,,,,,,
0,0.070851072,6,25,GO:0001746;GO:0055034,Bolwig's organ development,1,,,,,,,
0,1,2,6,GO:0001748,optic lobe placode development,1,,,,,,,
0,1,2,475,GO:0001751,compound eye photoreceptor cell differentiation,1,,,,,,,
0,1,2,170,GO:0001752;GO:0042706;GO:0046552,photoreceptor cell fate commitment,1,,,,,,,
0,1,5,145,GO:0001755,neural crest cell migration,1,,,,,,,
0,0.210269836,2,291,GO:0001756;GO:0061053,somite development,1,,,,,,,
0,1,2,17,GO:0001757,somite specification,1,,,,,,,
0,0.134195892,3,49,GO:0001759,organ induction,1,,,,,,,
0,0.850405477,2,639,GO:0001763;GO:0048754;GO:0061138,morphogenesis of a branching structure,1,,,,,,,
0,1,4,501,GO:0001764,neuron migration,1,,,,,,,
0,1,2,39,GO:0001765,membrane raft assembly,1,,,,,,,
0,1,2,22,GO:0001766;GO:0031580;GO:0051665,membrane raft localization,1,,,,,,,
0,1,3,13,GO:0001767,establishment of lymphocyte polarity,1,,,,,,,
0,1,5,9,GO:0001768,establishment of T cell polarity,1,,,,,,,
0,1,3,31,GO:0001771,immunological synapse formation,1,,,,,,,
0,1,2,51,GO:0001773;GO:0043011,myeloid dendritic cell activation,1,,,,,,,
0,1,2,25,GO:0001774,microglial cell activation,1,,,,,,,
0,0.68646824,2,1952,GO:0001775;GO:0045321,cell activation,1,,,,,,,
0,1,2,151,GO:0001776;GO:0002260,leukocyte homeostasis,1,,,,,,,
0,1,6,20,GO:0001778,plasma membrane repair,1,,,,,,,
0,1,4,27,GO:0001779,natural killer cell differentiation,1,,,,,,,
0,1,2,21,GO:0001780,neutrophil homeostasis,1,,,,,,,
0,1,2,57,GO:0001782,B cell homeostasis,1,,,,,,,
0,1,7,14,GO:0001783,B cell apoptotic process,1,,,,,,,
0,1,2,297,GO:0001816,cytokine production,1,,,,,,,
0,0.441747304,4,1156,GO:0001817,regulation of cytokine production,1,,,,,,,
0,0.761130946,2,483,GO:0001818,negative regulation of cytokine production,1,,,,,,,
0,0.341259617,2,704,GO:0001819,positive regulation of cytokine production,1,,,,,,,
0,1,2,24,GO:0001820;GO:0006837,serotonin transport,1,,,,,,,
0,0.890335065,2,742,GO:0001822,kidney development,1,,,,,,,
0,0.427210573,3,189,GO:0001824,blastocyst development,1,,,,,,,
0,0.232691996,2,90,GO:0001825,blastocyst formation,1,,,,,,,
0,1,3,15,GO:0001826,inner cell mass cell differentiation,1,,,,,,,
0,1,4,6,GO:0001827,inner cell mass cell fate commitment,1,,,,,,,
0,1,2,6,GO:0001828,inner cell mass cellular morphogenesis,1,,,,,,,
0,0.161784892,3,60,GO:0001829,trophectodermal cell differentiation,1,,,,,,,
0,1,2,6,GO:0001830,trophectodermal cell fate commitment,1,,,,,,,
0,1,4,9,GO:0001831,trophectodermal cellular morphogenesis,1,,,,,,,
0,1,2,50,GO:0001832,blastocyst growth,1,,,,,,,
0,1,2,31,GO:0001833,inner cell mass cell proliferation,1,,,,,,,
0,1,2,8,GO:0001834,trophectodermal cell proliferation,1,,,,,,,
0,1,4,8,GO:0001835,blastocyst hatching,1,,,,,,,
0,1,2,46,GO:0001836,release of cytochrome c from mitochondria,1,,,,,,,
0,0.500151542,2,235,GO:0001837,epithelial to mesenchymal transition,1,,,,,,,
0,0.126637429,2,421,GO:0001838;GO:0072175,epithelial tube formation,1,,,,,,,
0,1,2,38,GO:0001839;GO:0001840,neural plate development,1,,,,,,,
0,0.222101897,6,302,GO:0001841;GO:0001843;GO:0060606;GO:0014020,neural tube formation,1,,,,,,,
0,1,2,16,GO:0001842,neural fold formation,1,,,,,,,
0,1,6,8,GO:0001844,protein insertion into mitochondrial membrane involved in apoptotic signaling pathway,1,,,,,,,
0,1,3,45,GO:0001845,phagolysosome assembly,1,,,,,,,
0,1,8,5,GO:0001865,NK T cell differentiation,1,,,,,,,
0,1,2,45,GO:0001878,response to yeast,1,,,,,,,
0,1,3,8,GO:0001879;GO:0016046;GO:0097323,detection of fungus,1,,,,,,,
0,1,3,6,GO:0001880,Mullerian duct regression,1,,,,,,,
0,1,5,26,GO:0001881,receptor recycling,1,,,,,,,
0,1,5,145,GO:0001885,endothelial cell development,1,,,,,,,
0,1,2,28,GO:0001886,endothelial cell morphogenesis,1,,,,,,,
0,1,2,7,GO:0001887,selenium compound metabolic process,1,,,,,,,
0,0.374083184,2,443,GO:0001889;GO:0061008,hepaticobiliary system development,1,,,,,,,
0,0.311080244,3,384,GO:0001890,placenta development,1,,,,,,,
0,0.149481475,2,233,GO:0001892,embryonic placenta development,1,,,,,,,
0,1,5,588,GO:0001894,tissue homeostasis,1,,,,,,,
0,1,2,163,GO:0001895;GO:0045494,retina homeostasis,1,,,,,,,
0,0.041563485,2,110,GO:0001906,cell killing,1,,,,,,,
0,1,3,47,GO:0001909,leukocyte mediated cytotoxicity,1,,,,,,,
0,0.084717815,2,165,GO:0001910;GO:0031341,regulation of cell killing,1,,,,,,,
0,1,2,30,GO:0001911;GO:0031342;GO:0002716;GO:0045953,negative regulation of cell killing,1,,,,,,,
0,0.043627586,6,113,GO:0001912;GO:0031343,positive regulation of cell killing,1,,,,,,,
0,1,3,19,GO:0001913,T cell mediated cytotoxicity,1,,,,,,,
0,1,2,48,GO:0001914;GO:0001916,regulation of T cell mediated cytotoxicity,1,,,,,,,
0,1,4,58,GO:0001919,regulation of receptor recycling,1,,,,,,,
0,1,5,32,GO:0001921,positive regulation of receptor recycling,1,,,,,,,
0,1,3,10,GO:0001922,B-1 B cell homeostasis,1,,,,,,,
0,1,2,9,GO:0001923;GO:0002337,B-1 B cell differentiation,1,,,,,,,
0,1,3,10,GO:0001928;GO:0106020,regulation of vesicle docking,1,,,,,,,
0,0.780318686,2,2965,GO:0001934;GO:0031401;GO:0042327;GO:0045937;GO:0010562,positive regulation of protein modification process,1,,,,,,,
0,1,2,58,GO:0001935,endothelial cell proliferation,1,,,,,,,
0,1,6,303,GO:0001936,regulation of endothelial cell proliferation,1,,,,,,,
0,1,4,105,GO:0001937,negative regulation of endothelial cell proliferation,1,,,,,,,
0,1,4,216,GO:0001938,positive regulation of endothelial cell proliferation,1,,,,,,,
0,1,3,109,GO:0001941,postsynaptic membrane organization,1,,,,,,,
0,1,2,233,GO:0001942;GO:0022405;GO:0042633;GO:0098773,hair cycle,1,,,,,,,
0,1,3,65,GO:0001945,lymph vessel development,1,,,,,,,
0,1,2,38,GO:0001946;GO:0036303,lymph vessel morphogenesis,1,,,,,,,
0,0.195315839,4,277,GO:0001947;GO:0003143;GO:0061371,embryonic heart tube morphogenesis,1,,,,,,,
0,1,3,7,GO:0001951,intestinal D-glucose absorption,1,,,,,,,
0,0.581663416,2,295,GO:0001952,regulation of cell-matrix adhesion,1,,,,,,,
0,1,2,89,GO:0001953,negative regulation of cell-matrix adhesion,1,,,,,,,
0,1,3,144,GO:0001954,positive regulation of cell-matrix adhesion,1,,,,,,,
0,1,4,17,GO:0001955,blood vessel maturation,1,,,,,,,
0,1,2,126,GO:0001956,positive regulation of neurotransmitter secretion,1,,,,,,,
0,1,3,16,GO:0001957;GO:0036072,direct ossification,1,,,,,,,
0,1,4,70,GO:0001958;GO:0036075,endochondral ossification,1,,,,,,,
0,1,5,307,GO:0001959;GO:0060759,regulation of response to cytokine stimulus,1,,,,,,,
0,1,3,118,GO:0001960;GO:0060761,negative regulation of response to cytokine stimulus,1,,,,,,,
0,1,3,87,GO:0001961;GO:0060760,positive regulation of response to cytokine stimulus,1,,,,,,,
0,1,4,61,GO:0001964,startle response,1,,,,,,,
0,1,2,12,GO:0001966,thigmotaxis,1,,,,,,,
0,1,2,33,GO:0001967,suckling behavior,1,,,,,,,
0,1,6,10,GO:0001969,regulation of activation of membrane attack complex,1,,,,,,,
0,1,4,7,GO:0001970,positive regulation of activation of membrane attack complex,1,,,,,,,
0,1,4,31,GO:0001973;GO:0035588,G protein-coupled purinergic receptor signaling pathway,1,,,,,,,
0,1,3,105,GO:0001974,blood vessel remodeling,1,,,,,,,
0,1,2,110,GO:0001975,response to amphetamine,1,,,,,,,
0,1,2,49,GO:0001976,nervous system process involved in regulation of systemic arterial blood pressure,1,,,,,,,
0,1,3,41,GO:0001977;GO:0003093,renal system process involved in regulation of blood volume,1,,,,,,,
0,1,2,18,GO:0001978;GO:0003025,regulation of systemic arterial blood pressure by baroreceptor feedback,1,,,,,,,
0,1,2,12,GO:0001980,regulation of systemic arterial blood pressure by ischemic conditions,1,,,,,,,
0,1,5,8,GO:0001982,baroreceptor response to decreased systemic arterial blood pressure,1,,,,,,,
0,1,5,8,GO:0001983,baroreceptor response to increased systemic arterial blood pressure,1,,,,,,,
0,0.265890346,5,105,GO:0001990;GO:0003044,regulation of systemic arterial blood pressure mediated by a chemical signal,1,,,,,,,
0,1,3,27,GO:0001991,regulation of systemic arterial blood pressure by circulatory renin-angiotensin,1,,,,,,,
0,1,2,12,GO:0001992,regulation of systemic arterial blood pressure by vasopressin,1,,,,,,,
0,0.068114659,4,24,GO:0001993;GO:0003321,regulation of systemic arterial blood pressure by norepinephrine-epinephrine,1,,,,,,,
0,1,2,12,GO:0001994,norepinephrine-epinephrine vasoconstriction involved in regulation of systemic arterial blood pressure,1,,,,,,,
0,0.037483838,5,13,GO:0001996,positive regulation of heart rate by epinephrine-norepinephrine,1,,,,,,,
0,1,4,14,GO:0001997;GO:0003099,positive regulation of the force of heart contraction by chemical signal,1,,,,,,,
0,1,3,8,GO:0001998,angiotensin-mediated vasoconstriction involved in regulation of systemic arterial blood pressure,1,,,,,,,
0,1,2,6,GO:0001999;GO:0002001,renal response to blood flow involved in circulatory renin-angiotensin regulation of systemic arterial blood pressure,1,,,,,,,
0,1,4,20,GO:0002002;GO:0002003,regulation of angiotensin levels in blood,1,,,,,,,
0,1,2,187,GO:0002011,morphogenesis of an epithelial sheet,1,,,,,,,
0,1,3,22,GO:0002016,regulation of blood volume by renin-angiotensin,1,,,,,,,
0,1,2,5,GO:0002018,renin-angiotensin regulation of aldosterone production,1,,,,,,,
0,1,2,6,GO:0002019,regulation of renal output by angiotensin,1,,,,,,,
0,1,2,51,GO:0002021,response to dietary excess,1,,,,,,,
0,1,4,6,GO:0002023,reduction of food intake in response to dietary excess,1,,,,,,,
0,1,3,24,GO:0002024,diet induced thermogenesis,1,,,,,,,
0,1,3,7,GO:0002025,norepinephrine-epinephrine-mediated vasodilation involved in regulation of systemic arterial blood pressure,1,,,,,,,
0,1,2,79,GO:0002026,regulation of the force of heart contraction,1,,,,,,,
0,0.58660468,5,299,GO:0002027,regulation of heart rate,1,,,,,,,
0,1,2,225,GO:0002028,regulation of sodium ion transport,1,,,,,,,
0,1,4,56,GO:0002029;GO:0022401,negative adaptation of signaling pathway,1,,,,,,,
0,1,4,36,GO:0002031,G protein-coupled receptor internalization,1,,,,,,,
0,1,5,8,GO:0002032,desensitization of G protein-coupled receptor signaling pathway by arrestin,1,,,,,,,
0,1,5,15,GO:0002034;GO:0003072,renal control of peripheral vascular resistance involved in regulation of systemic arterial blood pressure,1,,,,,,,
0,1,2,12,GO:0002035,brain renin-angiotensin system,1,,,,,,,
0,1,2,20,GO:0002036,regulation of L-glutamate import across plasma membrane,1,,,,,,,
0,1,3,8,GO:0002037,negative regulation of L-glutamate import across plasma membrane,1,,,,,,,
0,1,2,6,GO:0002038,positive regulation of L-glutamate import across plasma membrane,1,,,,,,,
0,1,2,139,GO:0002040,sprouting angiogenesis,1,,,,,,,
0,1,8,45,GO:0002042,cell migration involved in sprouting angiogenesis,1,,,,,,,
0,1,4,18,GO:0002043,blood vessel endothelial cell proliferation involved in sprouting angiogenesis,1,,,,,,,
0,1,3,13,GO:0002051,osteoblast fate commitment,1,,,,,,,
0,1,3,74,GO:0002052,positive regulation of neuroblast proliferation,1,,,,,,,
0,1,3,155,GO:0002062,chondrocyte differentiation,1,,,,,,,
0,1,4,69,GO:0002063,chondrocyte development,1,,,,,,,
0,0.931568907,2,1454,GO:0002064,epithelial cell development,1,,,,,,,
0,0.862072029,4,1167,GO:0002065;GO:0002066;GO:0030707,columnar/cuboidal epithelial cell differentiation,1,,,,,,,
0,0.289330406,2,116,GO:0002067,glandular epithelial cell differentiation,1,,,,,,,
0,0.161784892,2,60,GO:0002068,glandular epithelial cell development,1,,,,,,,
0,1,5,12,GO:0002069,columnar/cuboidal epithelial cell maturation,1,,,,,,,
0,1,3,33,GO:0002070,epithelial cell maturation,1,,,,,,,
0,1,2,7,GO:0002071,glandular epithelial cell maturation,1,,,,,,,
0,1,2,51,GO:0002072;GO:0060900,embryonic camera-type eye formation,1,,,,,,,
0,1,2,55,GO:0002076,osteoblast development,1,,,,,,,
0,0.166706963,3,62,GO:0002082,regulation of oxidative phosphorylation,1,,,,,,,
0,1,3,19,GO:0002084;GO:0098734,macromolecule depalmitoylation,1,,,,,,,
0,1,2,11,GO:0002085;GO:0045608,inhibition of neuroepithelial cell differentiation,1,,,,,,,
0,1,2,38,GO:0002087;GO:0044065,regulation of respiratory system process,1,,,,,,,
0,0.418675005,2,184,GO:0002088,lens development in camera-type eye,1,,,,,,,
0,0.146845769,2,54,GO:0002089,lens morphogenesis in camera-type eye,1,,,,,,,
0,1,3,113,GO:0002090,regulation of receptor internalization,1,,,,,,,
0,1,5,18,GO:0002091,negative regulation of receptor internalization,1,,,,,,,
0,1,4,69,GO:0002092,positive regulation of receptor internalization,1,,,,,,,
0,1,2,51,GO:0002093;GO:0060088,auditory receptor cell morphogenesis,1,,,,,,,
0,1,3,18,GO:0002097;GO:0002098,tRNA wobble base modification,1,,,,,,,
0,1,2,16,GO:0002115,store-operated calcium entry,1,,,,,,,
0,1,2,66,GO:0002118,aggressive behavior,1,,,,,,,
0,0.219113017,2,818,GO:0002119,nematode larval development,1,,,,,,,
0,1,3,30,GO:0002121,inter-male aggressive behavior,1,,,,,,,
0,1,2,12,GO:0002125,maternal aggressive behavior,1,,,,,,,
0,1,3,17,GO:0002138,retinoic acid biosynthetic process,1,,,,,,,
0,1,2,5,GO:0002143,tRNA wobble position uridine thiolation,1,,,,,,,
0,1,2,5,GO:0002154,thyroid hormone mediated signaling pathway,1,,,,,,,
0,1,2,10,GO:0002155,regulation of thyroid hormone mediated signaling pathway,1,,,,,,,
0,1,2,11,GO:0002159,desmosome assembly,1,,,,,,,
0,0.417272168,3,1119,GO:0002164,larval development,1,,,,,,,
0,0.640326413,2,2215,GO:0002165;GO:0007444;GO:0007560;GO:0048563;GO:0009886;GO:0007552;GO:0048569;GO:0048707,imaginal disc development,1,,,,,,,
0,1,2,173,GO:0002168,instar larval development,1,,,,,,,
0,1,2,14,GO:0002175,protein localization to paranode region of axon,1,,,,,,,
0,1,3,5,GO:0002176,male germ cell proliferation,1,,,,,,,
0,1,5,214,GO:0002181,cytoplasmic translation,1,,,,,,,
0,1,2,47,GO:0002183,cytoplasmic translational initiation,1,,,,,,,
0,1,4,8,GO:0002190;GO:0002192;GO:0110017,cap-independent translational initiation of linear mRNA,1,,,,,,,
0,1,3,11,GO:0002191,cap-dependent translational initiation,1,,,,,,,
0,1,2,77,GO:0002200;GO:0002562;GO:0016444,somatic diversification of immune receptors,1,,,,,,,
0,1,2,29,GO:0002204;GO:0002208;GO:0045190,somatic recombination of immunoglobulin genes involved in immune response,1,,,,,,,
0,1,4,321,GO:0002218;GO:0002758,activation of innate immune response,1,,,,,,,
0,1,3,123,GO:0002220;GO:0002223,innate immune response activating cell surface receptor signaling pathway,1,,,,,,,
0,1,2,191,GO:0002221;GO:0002224,pattern recognition receptor signaling pathway,1,,,,,,,
0,1,2,54,GO:0002225;GO:0002760,positive regulation of antimicrobial humoral response,1,,,,,,,
0,1,2,14,GO:0002227,innate immune response in mucosa,1,,,,,,,
0,1,5,21,GO:0002228;GO:0042267,natural killer cell mediated cytotoxicity,1,,,,,,,
0,1,4,53,GO:0002230,positive regulation of defense response to virus by host,1,,,,,,,
0,1,2,8,GO:0002232,leukocyte chemotaxis involved in inflammatory response,1,,,,,,,
0,1,2,7,GO:0002238,response to molecule of fungal origin,1,,,,,,,
0,0.468066744,3,214,GO:0002244,hematopoietic progenitor cell differentiation,1,,,,,,,
0,1,5,15,GO:0002246;GO:0090594,inflammatory response to wounding,1,,,,,,,
0,1,4,8,GO:0002248;GO:0097709,connective tissue replacement involved in inflammatory response wound healing,1,,,,,,,
0,1,3,261,GO:0002250;GO:0002460,adaptive immune response,1,,,,,,,
0,0.547570349,2,1671,GO:0002252,immune effector process,1,,,,,,,
0,1,3,741,GO:0002253;GO:0002757;GO:0002764,activation of immune response,1,,,,,,,
0,0.212416321,2,293,GO:0002262;GO:0030218;GO:0034101,myeloid cell homeostasis,1,,,,,,,
0,0.323951124,2,1283,GO:0002263;GO:0002274;GO:0002275;GO:0002366;GO:0002283;GO:0042119;GO:0036230;GO:0002443;GO:0002444;GO:0002446;GO:0043299;GO:0043312,cell activation involved in immune response,1,,,,,,,
0,1,2,9,GO:0002265,astrocyte activation involved in immune response,1,,,,,,,
0,1,2,28,GO:0002279;GO:0002448;GO:0043303,mast cell mediated immunity,1,,,,,,,
0,1,2,31,GO:0002281,macrophage activation involved in immune response,1,,,,,,,
0,1,2,187,GO:0002285,lymphocyte activation involved in immune response,1,,,,,,,
0,1,4,117,GO:0002286,T cell activation involved in immune response,1,,,,,,,
0,1,6,71,GO:0002287;GO:0002292;GO:0002293;GO:0002294;GO:0042093,T cell differentiation involved in immune response,1,,,,,,,
0,1,2,14,GO:0002291,T cell activation via T cell receptor contact with antigen bound to MHC molecule on antigen presenting cell,1,,,,,,,
0,1,3,16,GO:0002295;GO:0043373;GO:0072540,T-helper cell lineage commitment,1,,,,,,,
0,1,6,5,GO:0002309,T cell proliferation involved in immune response,1,,,,,,,
0,1,5,77,GO:0002312,B cell activation involved in immune response,1,,,,,,,
0,1,2,36,GO:0002313,mature B cell differentiation involved in immune response,1,,,,,,,
0,1,3,6,GO:0002314,germinal center B cell differentiation,1,,,,,,,
0,1,4,22,GO:0002315,marginal zone B cell differentiation,1,,,,,,,
0,1,2,5,GO:0002317,plasma cell differentiation,1,,,,,,,
0,1,2,12,GO:0002318,myeloid progenitor cell differentiation,1,,,,,,,
0,1,4,27,GO:0002320,lymphoid progenitor cell differentiation,1,,,,,,,
0,1,2,12,GO:0002322,B cell proliferation involved in immune response,1,,,,,,,
0,1,5,23,GO:0002323,natural killer cell activation involved in immune response,1,,,,,,,
0,1,2,11,GO:0002326,B cell lineage commitment,1,,,,,,,
0,1,2,19,GO:0002327,immature B cell differentiation,1,,,,,,,
0,1,2,7,GO:0002328,pro-B cell differentiation,1,,,,,,,
0,1,2,11,GO:0002329,pre-B cell differentiation,1,,,,,,,
0,1,2,50,GO:0002335,mature B cell differentiation,1,,,,,,,
0,1,2,6,GO:0002339,B cell selection,1,,,,,,,
0,1,3,19,GO:0002347,response to tumor cell,1,,,,,,,
0,1,6,8,GO:0002349;GO:0002441;GO:0002553,histamine secretion by mast cell,1,,,,,,,
0,1,3,13,GO:0002351;GO:0002442,serotonin production involved in inflammatory response,1,,,,,,,
0,1,2,12,GO:0002357,defense response to tumor cell,1,,,,,,,
0,1,2,37,GO:0002360,T cell lineage commitment,1,,,,,,,
0,1,2,24,GO:0002363,alpha-beta T cell lineage commitment,1,,,,,,,
0,1,2,35,GO:0002367,cytokine production involved in immune response,1,,,,,,,
0,1,3,12,GO:0002369;GO:0035743,T cell cytokine production,1,,,,,,,
0,1,2,82,GO:0002377,immunoglobulin production,1,,,,,,,
0,1,3,44,GO:0002381,immunoglobulin production involved in immunoglobulin-mediated immune response,1,,,,,,,
0,1,4,90,GO:0002385;GO:0002251,organ or tissue specific immune response,1,,,,,,,
0,1,3,7,GO:0002396;GO:0002501,MHC protein complex assembly,1,,,,,,,
0,1,8,5,GO:0002397;GO:0002502,peptide antigen assembly with MHC class I protein complex,1,,,,,,,
0,1,5,9,GO:0002404;GO:0002406;GO:0002412,antigen transcytosis by M cells in mucosal-associated lymphoid tissue,1,,,,,,,
0,1,2,39,GO:0002407;GO:0036336,dendritic cell migration,1,,,,,,,
0,1,2,6,GO:0002408,myeloid dendritic cell chemotaxis,1,,,,,,,
0,1,6,5,GO:0002414;GO:0002415,immunoglobulin transcytosis in epithelial cells mediated by polymeric immunoglobulin receptor,1,,,,,,,
0,1,2,7,GO:0002418,immune response to tumor cell,1,,,,,,,
0,1,2,6,GO:0002426,immunoglobulin production in mucosal tissue,1,,,,,,,
0,1,2,10,GO:0002428;GO:0002477;GO:0002481;GO:0002480;GO:1904432;GO:1904434;GO:1904435;GO:1904437,antigen processing and presentation of peptide antigen via MHC class Ib,1,,,,,,,
0,1,3,172,GO:0002431;GO:0002433;GO:0038094;GO:0038096,immune response-regulating cell surface receptor signaling pathway involved in phagocytosis,1,,,,,,,
0,1,3,62,GO:0002437,inflammatory response to antigenic stimulus,1,,,,,,,
0,1,2,29,GO:0002438,acute inflammatory response to antigenic stimulus,1,,,,,,,
0,1,2,13,GO:0002439,chronic inflammatory response to antigenic stimulus,1,,,,,,,
0,1,4,119,GO:0002440,production of molecular mediator of immune response,1,,,,,,,
0,1,2,172,GO:0002449,lymphocyte mediated immunity,1,,,,,,,
0,1,5,26,GO:0002455,humoral immune response mediated by circulating immunoglobulin,1,,,,,,,
0,1,3,59,GO:0002456,T cell mediated immunity,1,,,,,,,
0,1,2,13,GO:0002457,T cell antigen processing and presentation,1,,,,,,,
0,1,2,13,GO:0002467,germinal center formation,1,,,,,,,
0,1,2,74,GO:0002474,antigen processing and presentation of peptide antigen via MHC class I,1,,,,,,,
0,1,2,12,GO:0002475,antigen processing and presentation via MHC class Ib,1,,,,,,,
0,0.53723832,2,261,GO:0002478;GO:0019884;GO:0048002,antigen processing and presentation of peptide antigen,1,,,,,,,
0,1,2,49,GO:0002479;GO:0042590,antigen processing and presentation of exogenous peptide antigen via MHC class I,1,,,,,,,
0,0.433949819,2,193,GO:0002495;GO:0002504;GO:0019886,antigen processing and presentation of peptide antigen via MHC class II,1,,,,,,,
0,1,2,28,GO:0002507,tolerance induction,1,,,,,,,
0,1,2,6,GO:0002513,tolerance induction to self antigen,1,,,,,,,
0,1,5,5,GO:0002519;GO:0032832;GO:0032834;GO:0043322;GO:0070239;GO:0070241;GO:2001190,negative regulation of natural killer cell degranulation,1,,,,,,,
0,0.966013364,3,1727,GO:0002520;GO:0030097;GO:0048534,immune system development,1,,,,,,,
0,0.879940115,3,712,GO:0002521,leukocyte differentiation,1,,,,,,,
0,1,2,8,GO:0002522,leukocyte migration involved in immune response,1,,,,,,,
0,1,2,22,GO:0002523,leukocyte migration involved in inflammatory response,1,,,,,,,
0,1,2,127,GO:0002526,acute inflammatory response,1,,,,,,,
0,1,2,47,GO:0002532,production of molecular mediator involved in inflammatory response,1,,,,,,,
0,1,2,6,GO:0002538,arachidonic acid metabolite production involved in inflammatory response,1,,,,,,,
0,1,6,5,GO:0002541,activation of plasma proteins involved in acute inflammatory response,1,,,,,,,
0,1,2,7,GO:0002543,activation of blood coagulation via clotting cascade,1,,,,,,,
0,1,2,33,GO:0002544,chronic inflammatory response,1,,,,,,,
0,1,2,52,GO:0002548,monocyte chemotaxis,1,,,,,,,
0,1,2,23,GO:0002551;GO:0097531,mast cell migration,1,,,,,,,
0,1,2,9,GO:0002554,serotonin secretion by platelet,1,,,,,,,
0,1,2,17,GO:0002566;GO:0016446,somatic diversification of immune receptors via somatic mutation,1,,,,,,,
0,1,3,10,GO:0002568;GO:0002681;GO:0033153,somatic diversification of T cell receptor genes,1,,,,,,,
0,0.530323812,2,256,GO:0002573,myeloid leukocyte differentiation,1,,,,,,,
0,1,2,7,GO:0002574,thrombocyte differentiation,1,,,,,,,
0,0.18472456,3,267,GO:0002576,platelet degranulation,1,,,,,,,
0,1,2,21,GO:0002577,regulation of antigen processing and presentation,1,,,,,,,
0,1,2,15,GO:0002579,positive regulation of antigen processing and presentation,1,,,,,,,
0,1,3,13,GO:0002604;GO:0002606,regulation of dendritic cell antigen processing and presentation,1,,,,,,,
0,1,3,15,GO:0002634,regulation of germinal center formation,1,,,,,,,
0,1,4,5,GO:0002635,negative regulation of germinal center formation,1,,,,,,,
0,0.202723867,2,77,GO:0002637,regulation of immunoglobulin production,1,,,,,,,
0,1,5,13,GO:0002638,negative regulation of immunoglobulin production,1,,,,,,,
0,0.121360832,4,44,GO:0002639;GO:0045830,positive regulation of immunoglobulin production,1,,,,,,,
0,0.084414562,2,30,GO:0002643,regulation of tolerance induction,1,,,,,,,
0,1,2,17,GO:0002645,positive regulation of tolerance induction,1,,,,,,,
0,1,3,7,GO:0002649,regulation of tolerance induction to self antigen,1,,,,,,,
0,1,3,5,GO:0002651;GO:1905317;GO:1990428,positive regulation of tolerance induction to self antigen,1,,,,,,,
0,1,2,7,GO:0002661;GO:0002663,regulation of B cell tolerance induction,1,,,,,,,
0,1,3,16,GO:0002664,regulation of T cell tolerance induction,1,,,,,,,
0,1,6,11,GO:0002666,positive regulation of T cell tolerance induction,1,,,,,,,
0,1,5,11,GO:0002667;GO:0002911,regulation of lymphocyte anergy,1,,,,,,,
0,1,2,6,GO:0002669;GO:0002913,positive regulation of T cell anergy,1,,,,,,,
0,0.359103853,4,151,GO:0002673,regulation of acute inflammatory response,1,,,,,,,
0,1,2,19,GO:0002674,negative regulation of acute inflammatory response,1,,,,,,,
0,0.159313101,2,59,GO:0002675,positive regulation of acute inflammatory response,1,,,,,,,
0,1,3,15,GO:0002676,regulation of chronic inflammatory response,1,,,,,,,
0,1,4,6,GO:0002677,negative regulation of chronic inflammatory response,1,,,,,,,
0,1,4,9,GO:0002678,positive regulation of chronic inflammatory response,1,,,,,,,
0,1,2,14,GO:0002679,respiratory burst involved in defense response,1,,,,,,,
0,0.928881961,4,885,GO:0002683,negative regulation of immune system process,1,,,,,,,
0,0.962764117,2,1692,GO:0002684,positive regulation of immune system process,1,,,,,,,
0,1,3,364,GO:0002685,regulation of leukocyte migration,1,,,,,,,
0,1,2,77,GO:0002686,negative regulation of leukocyte migration,1,,,,,,,
0,1,5,267,GO:0002687,positive regulation of leukocyte migration,1,,,,,,,
0,1,2,214,GO:0002688;GO:0002690,regulation of leukocyte chemotaxis,1,,,,,,,
0,1,2,30,GO:0002689,negative regulation of leukocyte chemotaxis,1,,,,,,,
0,1,2,60,GO:0002691,regulation of cellular extravasation,1,,,,,,,
0,1,2,21,GO:0002692,negative regulation of cellular extravasation,1,,,,,,,
0,1,6,38,GO:0002693,positive regulation of cellular extravasation,1,,,,,,,
0,0.950792739,2,1006,GO:0002694;GO:0050865;GO:0051249,regulation of cell activation,1,,,,,,,
0,0.599897922,3,310,GO:0002695;GO:0051250,negative regulation of leukocyte activation,1,,,,,,,
0,1,2,607,GO:0002696;GO:0050867;GO:0051251,positive regulation of cell activation,1,,,,,,,
0,0.890335065,2,742,GO:0002697,regulation of immune effector process,1,,,,,,,
0,1,2,222,GO:0002698,negative regulation of immune effector process,1,,,,,,,
0,0.685611343,3,391,GO:0002699,positive regulation of immune effector process,1,,,,,,,
0,0.561308376,2,279,GO:0002700,regulation of production of molecular mediator of immune response,1,,,,,,,
0,1,3,66,GO:0002701,negative regulation of production of molecular mediator of immune response,1,,,,,,,
0,0.415225716,2,182,GO:0002702,positive regulation of production of molecular mediator of immune response,1,,,,,,,
0,1,3,351,GO:0002703,regulation of leukocyte mediated immunity,1,,,,,,,
0,1,2,81,GO:0002704,negative regulation of leukocyte mediated immunity,1,,,,,,,
0,1,2,217,GO:0002705,positive regulation of leukocyte mediated immunity,1,,,,,,,
0,1,2,240,GO:0002706,regulation of lymphocyte mediated immunity,1,,,,,,,
0,1,3,60,GO:0002707,negative regulation of lymphocyte mediated immunity,1,,,,,,,
0,1,3,208,GO:0002708;GO:0002824;GO:0002821,positive regulation of adaptive immune response,1,,,,,,,
0,1,2,116,GO:0002709,regulation of T cell mediated immunity,1,,,,,,,
0,1,4,24,GO:0002710,negative regulation of T cell mediated immunity,1,,,,,,,
0,1,4,78,GO:0002711,positive regulation of T cell mediated immunity,1,,,,,,,
0,1,4,84,GO:0002712;GO:0002714;GO:0002889;GO:0002891,regulation of immunoglobulin mediated immune response,1,,,,,,,
0,1,6,11,GO:0002713;GO:0002890,negative regulation of immunoglobulin mediated immune response,1,,,,,,,
0,1,3,74,GO:0002715;GO:0042269,regulation of natural killer cell mediated immunity,1,,,,,,,
0,1,7,46,GO:0002717;GO:0045954,positive regulation of natural killer cell mediated cytotoxicity,1,,,,,,,
0,1,3,149,GO:0002718,regulation of cytokine production involved in immune response,1,,,,,,,
0,1,3,45,GO:0002719,negative regulation of cytokine production involved in immune response,1,,,,,,,
0,1,2,95,GO:0002720,positive regulation of cytokine production involved in immune response,1,,,,,,,
0,1,5,57,GO:0002724,regulation of T cell cytokine production,1,,,,,,,
0,1,2,17,GO:0002725;GO:2000552,negative regulation of T cell cytokine production,1,,,,,,,
0,1,2,37,GO:0002726,positive regulation of T cell cytokine production,1,,,,,,,
0,1,5,13,GO:0002727;GO:0002729;GO:0033955,positive regulation of natural killer cell cytokine production,1,,,,,,,
0,1,3,6,GO:0002730,regulation of dendritic cell cytokine production,1,,,,,,,
0,1,2,64,GO:0002753;GO:0035872;GO:0070423,cytoplasmic pattern recognition receptor signaling pathway,1,,,,,,,
0,1,2,39,GO:0002755,MyD88-dependent toll-like receptor signaling pathway,1,,,,,,,
0,1,2,38,GO:0002756;GO:0035666,MyD88-independent toll-like receptor signaling pathway,1,,,,,,,
0,1,6,260,GO:0002761,regulation of myeloid leukocyte differentiation,1,,,,,,,
0,1,2,108,GO:0002762,negative regulation of myeloid leukocyte differentiation,1,,,,,,,
0,1,2,117,GO:0002763,positive regulation of myeloid leukocyte differentiation,1,,,,,,,
0,1,2,8,GO:0002765;GO:0002767;GO:0002769,immune response-inhibiting signal transduction,1,,,,,,,
0,1,2,500,GO:0002768;GO:0002429,immune response-regulating cell surface receptor signaling pathway,1,,,,,,,
0,1,2,5,GO:0002775,antimicrobial peptide production,1,,,,,,,
0,1,3,105,GO:0002784;GO:0002759,regulation of antimicrobial humoral response,1,,,,,,,
0,1,2,9,GO:0002785,negative regulation of antimicrobial peptide production,1,,,,,,,
0,1,2,27,GO:0002786;GO:0002803;GO:0002808;GO:0006963,regulation of antibacterial peptide production,1,,,,,,,
0,1,7,5,GO:0002787;GO:0002806;GO:0002809,negative regulation of antibacterial peptide production,1,,,,,,,
0,1,6,9,GO:0002788;GO:0002804;GO:0002810;GO:0006967,regulation of antifungal peptide production,1,,,,,,,
0,0.433732596,4,501,GO:0002790;GO:0009306;GO:0035592;GO:0071692,peptide secretion,1,,,,,,,
0,0.65135184,4,1133,GO:0002791;GO:0050708,regulation of peptide secretion,1,,,,,,,
0,1,2,332,GO:0002792;GO:0050709,negative regulation of peptide secretion,1,,,,,,,
0,0.307443631,3,662,GO:0002793;GO:0050714,positive regulation of peptide secretion,1,,,,,,,
0,1,4,54,GO:0002805,regulation of antimicrobial peptide biosynthetic process,1,,,,,,,
0,1,4,30,GO:0002807,positive regulation of antimicrobial peptide biosynthetic process,1,,,,,,,
0,1,6,17,GO:0002813;GO:0006964,regulation of biosynthetic process of antibacterial peptides active against Gram-negative bacteria,1,,,,,,,
0,1,3,57,GO:0002820;GO:0002823,negative regulation of adaptive immune response,1,,,,,,,
0,1,2,272,GO:0002822;GO:0002819,regulation of adaptive immune response,1,,,,,,,
0,1,3,38,GO:0002825;GO:0002827,regulation of T-helper 1 type immune response,1,,,,,,,
0,1,5,54,GO:0002828,regulation of type 2 immune response,1,,,,,,,
0,1,3,34,GO:0002829,negative regulation of type 2 immune response,1,,,,,,,
0,1,2,24,GO:0002830;GO:0032754,positive regulation of type 2 immune response,1,,,,,,,
0,1,5,218,GO:0002832,negative regulation of response to biotic stimulus,1,,,,,,,
0,1,2,23,GO:0002834;GO:0002836;GO:0002837;GO:0002839,regulation of response to tumor cell,1,,,,,,,
0,1,6,6,GO:0002840,regulation of T cell mediated immune response to tumor cell,1,,,,,,,
0,1,8,15,GO:0002855;GO:0002857;GO:0002858;GO:0002860,positive regulation of natural killer cell mediated cytotoxicity directed against tumor cell target,1,,,,,,,
0,0.126517248,3,46,GO:0002861,regulation of inflammatory response to antigenic stimulus,1,,,,,,,
0,1,2,23,GO:0002862,negative regulation of inflammatory response to antigenic stimulus,1,,,,,,,
0,0.081717598,2,29,GO:0002863;GO:0002864;GO:0002866,regulation of acute inflammatory response to antigenic stimulus,1,,,,,,,
0,1,4,6,GO:0002865,negative regulation of acute inflammatory response to antigenic stimulus,1,,,,,,,
0,1,2,6,GO:0002874,regulation of chronic inflammatory response to antigenic stimulus,1,,,,,,,
0,1,2,5,GO:0002877,regulation of acute inflammatory response to non-antigenic stimulus,1,,,,,,,
0,1,7,13,GO:0002883;GO:0002885;GO:0001796;GO:0002892;GO:0001798;GO:0002894,regulation of hypersensitivity,1,,,,,,,
0,1,2,125,GO:0002886;GO:0043300,regulation of myeloid leukocyte mediated immunity,1,,,,,,,
0,1,3,25,GO:0002887;GO:0043301,negative regulation of myeloid leukocyte mediated immunity,1,,,,,,,
0,1,3,65,GO:0002888,positive regulation of myeloid leukocyte mediated immunity,1,,,,,,,
0,1,4,40,GO:0002902,regulation of B cell apoptotic process,1,,,,,,,
0,1,10,23,GO:0002903,negative regulation of B cell apoptotic process,1,,,,,,,
0,1,3,10,GO:0002904,positive regulation of B cell apoptotic process,1,,,,,,,
0,1,5,12,GO:0002905;GO:0002906,regulation of mature B cell apoptotic process,1,,,,,,,
0,1,2,203,GO:0002920,regulation of humoral immune response,1,,,,,,,
0,1,3,55,GO:0002921,negative regulation of humoral immune response,1,,,,,,,
0,1,2,87,GO:0002922,positive regulation of humoral immune response,1,,,,,,,
0,1,6,21,GO:0002923;GO:0002925,regulation of humoral immune response mediated by circulating immunoglobulin,1,,,,,,,
0,1,2,5,GO:0002924,negative regulation of humoral immune response mediated by circulating immunoglobulin,1,,,,,,,
0,1,2,7,GO:0002930,trabecular meshwork development,1,,,,,,,
0,1,2,103,GO:0002931,response to ischemia,1,,,,,,,
0,1,2,20,GO:0002933;GO:0016098;GO:0042738,exogenous drug catabolic process,1,,,,,,,
0,1,4,28,GO:0002934,desmosome organization,1,,,,,,,
0,1,3,7,GO:0002943,tRNA dihydrouridine synthesis,1,,,,,,,
0,1,2,5,GO:0002946,tRNA C5-cytosine methylation,1,,,,,,,
0,0.888716549,3,2596,GO:0003002;GO:0007389,pattern specification process,1,,,,,,,
0,0.099522433,2,837,GO:0003007,heart morphogenesis,1,,,,,,,
0,1,4,6,GO:0003010;GO:0014721,twitch skeletal muscle contraction,1,,,,,,,
0,1,2,9,GO:0003011;GO:0002086,involuntary skeletal muscle contraction,1,,,,,,,
0,0.618208693,3,1079,GO:0003013;GO:0008015,circulatory system process,1,,,,,,,
0,1,3,332,GO:0003014,renal system process,1,,,,,,,
0,0.101648173,2,381,GO:0003015,heart process,1,,,,,,,
0,1,3,39,GO:0003016,respiratory system process,1,,,,,,,
0,1,4,487,GO:0003018;GO:0035296;GO:0097746,vascular process in circulatory system,1,,,,,,,
0,1,4,7,GO:0003031,detection of carbon dioxide,1,,,,,,,
0,1,2,13,GO:0003032,detection of oxygen,1,,,,,,,
0,1,2,5,GO:0003050,regulation of systemic arterial blood pressure by atrial natriuretic peptide,1,,,,,,,
0,1,4,6,GO:0003051,angiotensin-mediated drinking behavior,1,,,,,,,
0,1,2,9,GO:0003053,circadian regulation of heart rate,1,,,,,,,
0,1,3,21,GO:0003056,regulation of vascular associated smooth muscle contraction,1,,,,,,,
0,1,2,18,GO:0003057,regulation of the force of heart contraction by chemical signal,1,,,,,,,
0,0.051528265,2,18,GO:0003062,regulation of heart rate by chemical signal,1,,,,,,,
0,1,7,10,GO:0003064,regulation of heart rate by hormone,1,,,,,,,
0,1,2,62,GO:0003071,renal system process involved in regulation of systemic arterial blood pressure,1,,,,,,,
0,0.491184709,2,229,GO:0003073,regulation of systemic arterial blood pressure,1,,,,,,,
0,1,2,55,GO:0003081,regulation of systemic arterial blood pressure by renin-angiotensin,1,,,,,,,
0,1,3,46,GO:0003084,positive regulation of systemic arterial blood pressure,1,,,,,,,
0,1,2,50,GO:0003085,negative regulation of systemic arterial blood pressure,1,,,,,,,
0,1,3,70,GO:0003091,renal water homeostasis,1,,,,,,,
0,1,2,33,GO:0003094,glomerular filtration,1,,,,,,,
0,1,2,26,GO:0003096,renal sodium ion transport,1,,,,,,,
0,1,2,19,GO:0003097,renal water transport,1,,,,,,,
0,1,2,11,GO:0003100,regulation of systemic arterial blood pressure by endothelin,1,,,,,,,
0,1,2,13,GO:0003104,positive regulation of glomerular filtration,1,,,,,,,
0,1,3,16,GO:0003105,negative regulation of glomerular filtration,1,,,,,,,
0,1,5,20,GO:0003128;GO:0003139,heart field specification,1,,,,,,,
0,0.070851072,2,25,GO:0003140,determination of left/right asymmetry in lateral mesoderm,1,,,,,,,
0,1,4,26,GO:0003144;GO:0003315;GO:0003319;GO:0007505;GO:0007561;GO:1901202,heart rudiment formation,1,,,,,,,
0,1,4,26,GO:0003146,heart jogging,1,,,,,,,
0,1,4,80,GO:0003148,outflow tract septum morphogenesis,1,,,,,,,
0,1,2,30,GO:0003149,membranous septum morphogenesis,1,,,,,,,
0,1,3,13,GO:0003150,muscular septum morphogenesis,1,,,,,,,
0,0.134422756,2,218,GO:0003151,outflow tract morphogenesis,1,,,,,,,
0,0.06300659,6,139,GO:0003156,regulation of animal organ formation,1,,,,,,,
0,1,3,38,GO:0003157,endocardium development,1,,,,,,,
0,1,3,255,GO:0003158;GO:0045446,endothelium development,1,,,,,,,
0,1,2,26,GO:0003159;GO:0061154,morphogenesis of an endothelium,1,,,,,,,
0,1,3,16,GO:0003160,endocardium morphogenesis,1,,,,,,,
0,1,7,38,GO:0003161,cardiac conduction system development,1,,,,,,,
0,1,7,6,GO:0003162,atrioventricular node development,1,,,,,,,
0,1,2,16,GO:0003163,sinoatrial node development,1,,,,,,,
0,1,6,17,GO:0003164;GO:0003166,His-Purkinje system development,1,,,,,,,
0,1,6,6,GO:0003165,Purkinje myocyte development,1,,,,,,,
0,1,2,5,GO:0003167,atrioventricular bundle cell differentiation,1,,,,,,,
0,1,2,6,GO:0003169,coronary vein morphogenesis,1,,,,,,,
0,1,3,150,GO:0003170;GO:0003179,heart valve development,1,,,,,,,
0,1,4,70,GO:0003171;GO:0003181,atrioventricular valve development,1,,,,,,,
0,1,5,28,GO:0003174;GO:0003183,mitral valve development,1,,,,,,,
0,1,5,19,GO:0003175;GO:0003186,tricuspid valve development,1,,,,,,,
0,1,2,56,GO:0003176;GO:0003180,aortic valve development,1,,,,,,,
0,1,2,53,GO:0003177;GO:0003184,pulmonary valve development,1,,,,,,,
0,1,3,45,GO:0003188,heart valve formation,1,,,,,,,
0,1,2,27,GO:0003190,atrioventricular valve formation,1,,,,,,,
0,1,3,10,GO:0003192,mitral valve formation,1,,,,,,,
0,1,4,6,GO:0003193;GO:0035922,pulmonary valve formation,1,,,,,,,
0,1,2,8,GO:0003195,tricuspid valve formation,1,,,,,,,
0,0.283011976,2,113,GO:0003197,endocardial cushion development,1,,,,,,,
0,1,4,30,GO:0003198,epithelial to mesenchymal transition involved in endocardial cushion formation,1,,,,,,,
0,1,2,13,GO:0003199;GO:0090500,endocardial cushion to mesenchymal transition,1,,,,,,,
0,1,5,76,GO:0003203,endocardial cushion morphogenesis,1,,,,,,,
0,0.384556749,3,453,GO:0003205,cardiac chamber development,1,,,,,,,
0,0.333704709,3,405,GO:0003206;GO:0003231,cardiac chamber morphogenesis,1,,,,,,,
0,1,2,23,GO:0003207;GO:0003211,cardiac chamber formation,1,,,,,,,
0,0.420392107,2,185,GO:0003208,cardiac ventricle morphogenesis,1,,,,,,,
0,1,2,82,GO:0003209;GO:0003230,cardiac atrium development,1,,,,,,,
0,1,3,47,GO:0003214,cardiac left ventricle morphogenesis,1,,,,,,,
0,1,2,41,GO:0003215,cardiac right ventricle morphogenesis,1,,,,,,,
0,1,2,8,GO:0003219,cardiac right ventricle formation,1,,,,,,,
0,1,3,14,GO:0003220,left ventricular cardiac muscle tissue morphogenesis,1,,,,,,,
0,1,3,7,GO:0003221,right ventricular cardiac muscle tissue morphogenesis,1,,,,,,,
0,1,3,37,GO:0003222,ventricular trabecula myocardium morphogenesis,1,,,,,,,
0,1,3,21,GO:0003223,ventricular compact myocardium morphogenesis,1,,,,,,,
0,1,3,17,GO:0003228;GO:0055009,atrial cardiac muscle tissue development,1,,,,,,,
0,1,2,7,GO:0003241,growth involved in heart morphogenesis,1,,,,,,,
0,1,2,8,GO:0003250,regulation of cell proliferation involved in heart valve morphogenesis,1,,,,,,,
0,1,2,5,GO:0003253,cardiac neural crest cell migration involved in outflow tract morphogenesis,1,,,,,,,
0,1,2,114,GO:0003254,regulation of membrane depolarization,1,,,,,,,
0,1,2,14,GO:0003256,regulation of transcription from RNA polymerase II promoter involved in myocardial precursor cell differentiation,1,,,,,,,
0,1,5,7,GO:0003257,positive regulation of transcription from RNA polymerase II promoter involved in myocardial precursor cell differentiation,1,,,,,,,
0,1,6,6,GO:0003260;GO:0060975,cardioblast migration,1,,,,,,,
0,0.073579549,6,26,GO:0003264;GO:0003266,regulation of cardioblast proliferation,1,,,,,,,
0,1,3,50,GO:0003272,endocardial cushion formation,1,,,,,,,
0,1,2,6,GO:0003273,cell migration involved in endocardial cushion formation,1,,,,,,,
0,1,2,11,GO:0003274,endocardial cushion fusion,1,,,,,,,
0,1,2,7,GO:0003278,apoptotic process involved in heart morphogenesis,1,,,,,,,
0,0.575404752,3,290,GO:0003279,cardiac septum development,1,,,,,,,
0,0.418675005,2,184,GO:0003281,ventricular septum development,1,,,,,,,
0,1,2,46,GO:0003283,atrial septum development,1,,,,,,,
0,1,5,13,GO:0003284,septum primum development,1,,,,,,,
0,1,3,5,GO:0003285,septum secundum development,1,,,,,,,
0,1,2,9,GO:0003289,atrial septum primum morphogenesis,1,,,,,,,
0,1,3,10,GO:0003294;GO:0010643;GO:0010645;GO:0010652,cell communication by chemical coupling,1,,,,,,,
0,1,3,33,GO:0003298;GO:0003301;GO:0061049,physiological muscle hypertrophy,1,,,,,,,
0,1,4,44,GO:0003299;GO:0014887;GO:0014898,muscle hypertrophy in response to stress,1,,,,,,,
0,1,2,112,GO:0003300;GO:0014897;GO:0014896,muscle hypertrophy,1,,,,,,,
0,1,2,15,GO:0003306,Wnt signaling pathway involved in heart development,1,,,,,,,
0,1,2,17,GO:0003307;GO:0003308,regulation of Wnt signaling pathway involved in heart development,1,,,,,,,
0,1,2,21,GO:0003310,pancreatic A cell differentiation,1,,,,,,,
0,1,2,5,GO:0003312;GO:0003326;GO:0003329,pancreatic PP cell differentiation,1,,,,,,,
0,1,5,30,GO:0003318;GO:0003313;GO:0003314,cell migration to the midline involved in heart development,1,,,,,,,
0,1,2,7,GO:0003322,pancreatic A cell development,1,,,,,,,
0,0.108337912,3,39,GO:0003323,type B pancreatic cell development,1,,,,,,,
0,1,2,21,GO:0003330,regulation of extracellular matrix constituent secretion,1,,,,,,,
0,1,2,13,GO:0003331,positive regulation of extracellular matrix constituent secretion,1,,,,,,,
0,1,3,6,GO:0003332,negative regulation of extracellular matrix constituent secretion,1,,,,,,,
0,1,6,212,GO:0003333,amino acid transmembrane transport,1,,,,,,,
0,1,2,28,GO:0003334,keratinocyte development,1,,,,,,,
0,1,2,18,GO:0003337,mesenchymal to epithelial transition involved in metanephros morphogenesis,1,,,,,,,
0,1,2,79,GO:0003338;GO:0072273,metanephros morphogenesis,1,,,,,,,
0,1,4,22,GO:0003339,regulation of mesenchymal to epithelial transition involved in metanephros morphogenesis,1,,,,,,,
0,0.495687805,2,232,GO:0003341,cilium movement,1,,,,,,,
0,1,5,10,GO:0003342;GO:0003343,septum transversum development,1,,,,,,,
0,1,3,39,GO:0003344,pericardium morphogenesis,1,,,,,,,
0,1,6,20,GO:0003347,epicardial cell to mesenchymal cell transition,1,,,,,,,
0,1,2,25,GO:0003348;GO:0060956,cardiac endothelial cell differentiation,1,,,,,,,
0,1,6,6,GO:0003350,pulmonary myocardium development,1,,,,,,,
0,1,4,54,GO:0003351;GO:0006858,extracellular transport,1,,,,,,,
0,1,2,19,GO:0003356,regulation of cilium beat frequency,1,,,,,,,
0,1,2,17,GO:0003357,noradrenergic neuron differentiation,1,,,,,,,
0,1,2,8,GO:0003358;GO:0061104,noradrenergic neuron development,1,,,,,,,
0,1,3,18,GO:0003360,brainstem development,1,,,,,,,
0,1,4,9,GO:0003365;GO:0003371;GO:0003379;GO:0003380;GO:0048383,establishment of cell polarity involved in ameboidal cell migration,1,,,,,,,
0,1,2,6,GO:0003366,cell-matrix adhesion involved in ameboidal cell migration,1,,,,,,,
0,1,7,17,GO:0003373;GO:0003374,dynamin family protein polymerization involved in mitochondrial fission,1,,,,,,,
0,1,3,20,GO:0003376;GO:0090520,sphingosine-1-phosphate receptor signaling pathway,1,,,,,,,
0,1,2,48,GO:0003381;GO:0003384,epithelial cell morphogenesis involved in gastrulation,1,,,,,,,
0,1,2,194,GO:0003382,epithelial cell morphogenesis,1,,,,,,,
0,1,5,88,GO:0003383,apical constriction,1,,,,,,,
0,1,3,9,GO:0003399;GO:0035231;GO:0035232,germ cell attraction,1,,,,,,,
0,1,2,92,GO:0003401,axis elongation,1,,,,,,,
0,1,2,17,GO:0003402,planar cell polarity pathway involved in axis elongation,1,,,,,,,
0,1,2,10,GO:0003404,optic vesicle morphogenesis,1,,,,,,,
0,1,3,29,GO:0003406,retinal pigment epithelium development,1,,,,,,,
0,1,3,242,GO:0003407,neural retina development,1,,,,,,,
0,1,3,13,GO:0003408,optic cup formation involved in camera-type eye development,1,,,,,,,
0,1,2,39,GO:0003413,chondrocyte differentiation involved in endochondral bone morphogenesis,1,,,,,,,
0,1,4,21,GO:0003415;GO:0003430;GO:0003431,chondrocyte hypertrophy,1,,,,,,,
0,1,6,28,GO:0003418;GO:0003433,growth plate cartilage chondrocyte differentiation,1,,,,,,,
0,1,2,6,GO:0003419,growth plate cartilage chondrocyte proliferation,1,,,,,,,
0,1,2,16,GO:0003420,regulation of growth plate cartilage chondrocyte proliferation,1,,,,,,,
0,1,3,11,GO:0003422,growth plate cartilage morphogenesis,1,,,,,,,
0,1,4,8,GO:0003428,chondrocyte intercalation involved in growth plate cartilage morphogenesis,1,,,,,,,
0,1,2,51,GO:0005513,detection of calcium ion,1,,,,,,,
0,0.129084239,4,47,GO:0005978;GO:0009250,glycogen biosynthetic process,1,,,,,,,
0,1,2,67,GO:0005979;GO:0010962,regulation of glycogen biosynthetic process,1,,,,,,,
0,0.059857582,3,21,GO:0005984,disaccharide metabolic process,1,,,,,,,
0,1,4,9,GO:0005988;GO:0005989,lactose biosynthetic process,1,,,,,,,
0,1,2,6,GO:0005991,trehalose metabolic process,1,,,,,,,
0,1,5,7,GO:0005997,xylulose metabolic process,1,,,,,,,
0,1,3,5,GO:0005999,xylulose biosynthetic process,1,,,,,,,
0,1,6,6,GO:0006001;GO:0061624,fructose catabolic process to hydroxyacetone phosphate and glyceraldehyde-3-phosphate,1,,,,,,,
0,0.065370288,3,23,GO:0006002,fructose 6-phosphate metabolic process,1,,,,,,,
0,1,2,30,GO:0006004,fucose metabolic process,1,,,,,,,
0,1,5,35,GO:0006011,UDP-glucose metabolic process,1,,,,,,,
0,0.073579549,4,26,GO:0006012,galactose metabolic process,1,,,,,,,
0,1,2,15,GO:0006013,mannose metabolic process,1,,,,,,,
0,1,2,5,GO:0006014,D-ribose metabolic process,1,,,,,,,
0,1,3,7,GO:0006015;GO:0046391,5-phosphoribose 1-diphosphate biosynthetic process,1,,,,,,,
0,1,3,21,GO:0006020,inositol metabolic process,1,,,,,,,
0,1,2,337,GO:0006022;GO:0030203,aminoglycan metabolic process,1,,,,,,,
0,1,2,229,GO:0006023;GO:0006024,aminoglycan biosynthetic process,1,,,,,,,
0,1,2,121,GO:0006026;GO:0006027,aminoglycan catabolic process,1,,,,,,,
0,1,5,207,GO:0006029;GO:0030166,proteoglycan metabolic process,1,,,,,,,
0,1,3,16,GO:0006030,chitin metabolic process,1,,,,,,,
0,1,4,7,GO:0006031;GO:0006034;GO:0006035,chitin biosynthetic process,1,,,,,,,
0,1,3,9,GO:0006032,chitin catabolic process,1,,,,,,,
0,1,2,7,GO:0006037,cell wall chitin metabolic process,1,,,,,,,
0,1,2,93,GO:0006040,amino sugar metabolic process,1,,,,,,,
0,1,2,10,GO:0006041,glucosamine metabolic process,1,,,,,,,
0,1,6,38,GO:0006044,N-acetylglucosamine metabolic process,1,,,,,,,
0,1,5,26,GO:0006047,UDP-N-acetylglucosamine metabolic process,1,,,,,,,
0,1,4,16,GO:0006048,UDP-N-acetylglucosamine biosynthetic process,1,,,,,,,
0,1,2,17,GO:0006054,N-acetylneuraminate metabolic process,1,,,,,,,
0,1,2,5,GO:0006059,hexitol metabolic process,1,,,,,,,
0,1,2,25,GO:0006063;GO:0019585,uronic acid metabolic process,1,,,,,,,
0,1,6,7,GO:0006064;GO:0019640;GO:1901159;GO:0051167,glucuronate catabolic process to xylulose 5-phosphate,1,,,,,,,
0,1,2,6,GO:0006065,UDP-glucuronate biosynthetic process,1,,,,,,,
0,0.054312769,3,19,GO:0006072;GO:0052646,alditol phosphate metabolic process,1,,,,,,,
0,1,2,6,GO:0006083,acetate metabolic process,1,,,,,,,
0,1,2,50,GO:0006084,acetyl-CoA metabolic process,1,,,,,,,
0,1,3,27,GO:0006085,acetyl-CoA biosynthetic process,1,,,,,,,
0,1,3,19,GO:0006086;GO:0061732,acetyl-CoA biosynthetic process from pyruvate,1,,,,,,,
0,1,4,27,GO:0006098;GO:0006740,NADPH regeneration,1,,,,,,,
0,1,3,113,GO:0006099;GO:0006101;GO:0072350,tricarboxylic acid metabolic process,1,,,,,,,
0,1,3,18,GO:0006102,isocitrate metabolic process,1,,,,,,,
0,1,3,55,GO:0006103,2-oxoglutarate metabolic process,1,,,,,,,
0,1,2,15,GO:0006104,succinyl-CoA metabolic process,1,,,,,,,
0,1,3,26,GO:0006105,succinate metabolic process,1,,,,,,,
0,1,3,14,GO:0006106;GO:0019551,fumarate metabolic process,1,,,,,,,
0,1,3,30,GO:0006107,oxaloacetate metabolic process,1,,,,,,,
0,1,3,13,GO:0006108,malate metabolic process,1,,,,,,,
0,1,3,97,GO:0006111,regulation of gluconeogenesis,1,,,,,,,
0,1,4,6,GO:0006114,glycerol biosynthetic process,1,,,,,,,
0,0.048735665,2,17,GO:0006116,NADH oxidation,1,,,,,,,
0,1,5,42,GO:0006144,purine nucleobase metabolic process,1,,,,,,,
0,1,4,8,GO:0006145,purine nucleobase catabolic process,1,,,,,,,
0,1,7,9,GO:0006148;GO:0006149;GO:0046094;GO:0006161;GO:0042453;GO:0006738;GO:0070638;GO:0008617;GO:0046115,guanosine metabolic process,1,,,,,,,
0,1,2,34,GO:0006152;GO:0046130,purine nucleoside catabolic process,1,,,,,,,
0,1,2,5,GO:0006154,adenosine catabolic process,1,,,,,,,
0,1,3,7,GO:0006166,purine ribonucleoside salvage,1,,,,,,,
0,1,4,19,GO:0006167,AMP biosynthetic process,1,,,,,,,
0,1,2,31,GO:0006171,cAMP biosynthetic process,1,,,,,,,
0,1,3,19,GO:0006188,IMP biosynthetic process,1,,,,,,,
0,1,4,10,GO:0006189,'de novo' IMP biosynthetic process,1,,,,,,,
0,1,2,115,GO:0006195;GO:0072523,purine-containing compound catabolic process,1,,,,,,,
0,1,2,8,GO:0006196,AMP catabolic process,1,,,,,,,
0,1,2,36,GO:0006198;GO:0009214,cyclic nucleotide catabolic process,1,,,,,,,
0,1,2,63,GO:0006206,pyrimidine nucleobase metabolic process,1,,,,,,,
0,1,6,26,GO:0006207;GO:0019856,'de novo' pyrimidine nucleobase biosynthetic process,1,,,,,,,
0,1,2,17,GO:0006208;GO:0006212;GO:0019860,pyrimidine nucleobase catabolic process,1,,,,,,,
0,1,3,7,GO:0006210;GO:0019859,thymine metabolic process,1,,,,,,,
0,1,4,77,GO:0006213,pyrimidine nucleoside metabolic process,1,,,,,,,
0,1,3,12,GO:0006216;GO:0046087;GO:0009972,cytidine metabolic process,1,,,,,,,
0,1,5,5,GO:0006217;GO:0046109,uridine biosynthetic process,1,,,,,,,
0,0.193272496,5,73,GO:0006220,pyrimidine nucleotide metabolic process,1,,,,,,,
0,1,2,46,GO:0006221,pyrimidine nucleotide biosynthetic process,1,,,,,,,
0,1,3,17,GO:0006222;GO:0009174;GO:0046049;GO:0009173,pyrimidine ribonucleoside monophosphate biosynthetic process,1,,,,,,,
0,1,2,5,GO:0006226,dUMP biosynthetic process,1,,,,,,,
0,1,5,8,GO:0006228;GO:0046051,UTP metabolic process,1,,,,,,,
0,1,2,7,GO:0006241;GO:0046036,CTP biosynthetic process,1,,,,,,,
0,0.054312769,3,19,GO:0006244;GO:0009223,pyrimidine nucleotide catabolic process,1,,,,,,,
0,0.485294221,2,1223,GO:0006259,DNA metabolic process,1,,,,,,,
0,0.615064723,4,323,GO:0006260,DNA replication,1,,,,,,,
0,1,2,227,GO:0006261,DNA-dependent DNA replication,1,,,,,,,
0,1,2,15,GO:0006264,mitochondrial DNA replication,1,,,,,,,
0,1,5,27,GO:0006265,DNA topological change,1,,,,,,,
0,1,5,20,GO:0006266;GO:0051103,DNA ligation,1,,,,,,,
0,1,2,25,GO:0006268,DNA unwinding involved in DNA replication,1,,,,,,,
0,1,2,35,GO:0006270,DNA replication initiation,1,,,,,,,
0,1,2,32,GO:0006271;GO:0022616,DNA strand elongation,1,,,,,,,
0,1,2,7,GO:0006272,leading strand elongation,1,,,,,,,
0,1,2,11,GO:0006273,lagging strand elongation,1,,,,,,,
0,0.530323812,4,256,GO:0006275,regulation of DNA replication,1,,,,,,,
0,1,4,55,GO:0006277;GO:0007307,DNA amplification,1,,,,,,,
0,1,3,50,GO:0006278;GO:0007004;GO:0010833,telomere maintenance via telomere lengthening,1,,,,,,,
0,0.603656606,2,689,GO:0006281,DNA repair,1,,,,,,,
0,1,2,181,GO:0006282,regulation of DNA repair,1,,,,,,,
0,1,2,113,GO:0006283,transcription-coupled nucleotide-excision repair,1,,,,,,,
0,0.174036601,6,65,GO:0006284,base-excision repair,1,,,,,,,
0,1,6,168,GO:0006289,nucleotide-excision repair,1,,,,,,,
0,1,6,8,GO:0006290,pyrimidine dimer repair,1,,,,,,,
0,1,4,38,GO:0006298,mismatch repair,1,,,,,,,
0,1,3,298,GO:0006302,double-strand break repair,1,,,,,,,
0,0.056773589,3,131,GO:0006304;GO:0044728,DNA modification,1,,,,,,,
0,0.225876568,7,87,GO:0006305;GO:0006306,DNA methylation,1,,,,,,,
0,1,7,14,GO:0006307,DNA dealkylation involved in DNA repair,1,,,,,,,
0,1,2,35,GO:0006309,apoptotic DNA fragmentation,1,,,,,,,
0,1,5,310,GO:0006310,DNA recombination,1,,,,,,,
0,1,2,6,GO:0006311,meiotic gene conversion,1,,,,,,,
0,1,2,26,GO:0006312,mitotic recombination,1,,,,,,,
0,0.979471818,2,1291,GO:0006325,chromatin organization,1,,,,,,,
0,1,2,257,GO:0006333;GO:0031497,chromatin assembly or disassembly,1,,,,,,,
0,1,4,129,GO:0006334,nucleosome assembly,1,,,,,,,
0,1,2,16,GO:0006335;GO:0034723,DNA replication-dependent nucleosome assembly,1,,,,,,,
0,1,2,58,GO:0006336;GO:0034724,DNA replication-independent nucleosome organization,1,,,,,,,
0,1,2,37,GO:0006337;GO:0032986;GO:0031498,protein-DNA complex disassembly,1,,,,,,,
0,1,3,434,GO:0006338,chromatin remodeling,1,,,,,,,
0,1,6,305,GO:0006342;GO:0045814;GO:0097549;GO:0034401,chromatin organization involved in regulation of transcription,1,,,,,,,
0,1,5,16,GO:0006346,DNA methylation-dependent heterochromatin assembly,1,,,,,,,
0,1,2,14,GO:0006348,chromatin silencing at telomere,1,,,,,,,
0,1,2,34,GO:0006349,regulation of gene expression by genetic imprinting,1,,,,,,,
0,0.928062457,2,1926,GO:0006351;GO:0097659;GO:0032774;GO:0006366,RNA biosynthetic process,1,,,,,,,
0,1,2,67,GO:0006356,regulation of transcription by RNA polymerase I,1,,,,,,,
0,1,4,52,GO:0006359,regulation of transcription by RNA polymerase III,1,,,,,,,
0,1,3,60,GO:0006360;GO:0006361;GO:0006363,transcription by RNA polymerase I,1,,,,,,,
0,1,7,336,GO:0006364;GO:0016072,rRNA metabolic process,1,,,,,,,
0,1,4,58,GO:0006369,termination of RNA polymerase II transcription,1,,,,,,,
0,1,6,48,GO:0006370;GO:0009452;GO:0036260,RNA capping,1,,,,,,,
0,1,7,65,GO:0006376,mRNA splice site selection,1,,,,,,,
0,1,3,78,GO:0006378;GO:0043631,mRNA polyadenylation,1,,,,,,,
0,1,3,45,GO:0006379,mRNA cleavage,1,,,,,,,
0,1,2,9,GO:0006382,adenosine to inosine editing,1,,,,,,,
0,1,3,54,GO:0006383,transcription by RNA polymerase III,1,,,,,,,
0,1,4,16,GO:0006384,transcription initiation from RNA polymerase III promoter,1,,,,,,,
0,1,3,26,GO:0006390,mitochondrial transcription,1,,,,,,,
0,1,4,5,GO:0006391,transcription initiation from mitochondrial promoter,1,,,,,,,
0,0.98464649,5,1385,GO:0006396,RNA processing,1,,,,,,,
0,1,3,7,GO:0006398,mRNA 3'-end processing by stem-loop binding and cleavage,1,,,,,,,
0,1,6,226,GO:0006399,tRNA metabolic process,1,,,,,,,
0,1,2,92,GO:0006400,tRNA modification,1,,,,,,,
0,1,2,566,GO:0006403,RNA localization,1,,,,,,,
0,1,2,6,GO:0006404,RNA import into nucleus,1,,,,,,,
0,1,2,257,GO:0006405;GO:0071166;GO:0071426,RNA export from nucleus,1,,,,,,,
0,1,7,240,GO:0006406;GO:0051028;GO:0071427,mRNA transport,1,,,,,,,
0,1,6,6,GO:0006407,rRNA export from nucleus,1,,,,,,,
0,1,8,8,GO:0006409;GO:0071431,tRNA export from nucleus,1,,,,,,,
0,0.585032228,3,666,GO:0006412;GO:0043043,peptide biosynthetic process,1,,,,,,,
0,1,3,256,GO:0006413,translational initiation,1,,,,,,,
0,1,4,152,GO:0006414,translational elongation,1,,,,,,,
0,0.347642731,2,145,GO:0006415;GO:0032543;GO:0070125;GO:0070126,mitochondrial translation,1,,,,,,,
0,0.319556459,3,973,GO:0006417;GO:0034248,regulation of cellular amide metabolic process,1,,,,,,,
0,1,2,68,GO:0006418;GO:0043039;GO:0043038,amino acid activation,1,,,,,,,
0,1,2,6,GO:0006421,asparaginyl-tRNA aminoacylation,1,,,,,,,
0,1,2,6,GO:0006432,phenylalanyl-tRNA aminoacylation,1,,,,,,,
0,1,2,160,GO:0006446,regulation of translational initiation,1,,,,,,,
0,1,3,9,GO:0006447;GO:0045994,regulation of translational initiation by iron,1,,,,,,,
0,1,2,26,GO:0006448,regulation of translational elongation,1,,,,,,,
0,1,2,12,GO:0006449,regulation of translational termination,1,,,,,,,
0,1,3,14,GO:0006450,regulation of translational fidelity,1,,,,,,,
0,1,2,15,GO:0006451,translational readthrough,1,,,,,,,
0,1,2,406,GO:0006457,protein folding,1,,,,,,,
0,1,3,68,GO:0006458,'de novo' protein folding,1,,,,,,,
0,1,3,22,GO:0006465,signal peptide processing,1,,,,,,,
0,0.391844871,5,460,GO:0006470,protein dephosphorylation,1,,,,,,,
0,1,2,46,GO:0006471,protein ADP-ribosylation,1,,,,,,,
0,1,2,296,GO:0006473;GO:0006475;GO:0016573;GO:0018393;GO:0018394,protein acetylation,1,,,,,,,
0,1,3,28,GO:0006474,N-terminal protein amino acid acetylation,1,,,,,,,
0,1,2,149,GO:0006476;GO:0035601;GO:0098732;GO:0016575,macromolecule deacylation,1,,,,,,,
0,1,2,18,GO:0006477;GO:0051923,sulfation,1,,,,,,,
0,0.204914107,2,286,GO:0006479;GO:0008213,protein methylation,1,,,,,,,
0,1,6,70,GO:0006482;GO:0008214;GO:0016577;GO:0070076,protein demethylation,1,,,,,,,
0,0.131881774,2,429,GO:0006486;GO:0043413;GO:0070085,glycosylation,1,,,,,,,
0,0.397673789,2,172,GO:0006487,protein N-linked glycosylation,1,,,,,,,
0,1,4,30,GO:0006488;GO:0006490,oligosaccharide-lipid intermediate biosynthetic process,1,,,,,,,
0,1,2,7,GO:0006489;GO:0046465,dolichyl diphosphate biosynthetic process,1,,,,,,,
0,1,4,53,GO:0006491,N-glycan processing,1,,,,,,,
0,0.102728175,2,185,GO:0006493,protein O-linked glycosylation,1,,,,,,,
0,1,2,185,GO:0006497;GO:0042157;GO:0042158,lipoprotein metabolic process,1,,,,,,,
0,1,2,14,GO:0006498;GO:0006499;GO:0018377,N-terminal protein lipidation,1,,,,,,,
0,1,3,18,GO:0006501,C-terminal protein lipidation,1,,,,,,,
0,1,3,44,GO:0006505;GO:0006506,GPI anchor metabolic process,1,,,,,,,
0,1,2,5,GO:0006507,GPI anchor release,1,,,,,,,
0,0.772551479,2,2169,GO:0006508,proteolysis,1,,,,,,,
0,1,4,49,GO:0006509,membrane protein ectodomain proteolysis,1,,,,,,,
0,1,3,150,GO:0006513,protein monoubiquitination,1,,,,,,,
0,1,2,68,GO:0006515;GO:0051788;GO:0071218,protein quality control for misfolded or incompletely synthesized proteins,1,,,,,,,
0,1,4,36,GO:0006516,glycoprotein catabolic process,1,,,,,,,
0,0.161784892,2,60,GO:0006517,protein deglycosylation,1,,,,,,,
0,0.222813566,2,555,GO:0006520,cellular amino acid metabolic process,1,,,,,,,
0,1,4,11,GO:0006522;GO:0009078;GO:0042851,alanine metabolic process,1,,,,,,,
0,1,4,29,GO:0006525,arginine metabolic process,1,,,,,,,
0,1,4,7,GO:0006526,arginine biosynthetic process,1,,,,,,,
0,1,2,15,GO:0006527,arginine catabolic process,1,,,,,,,
0,1,2,8,GO:0006528,asparagine metabolic process,1,,,,,,,
0,1,4,20,GO:0006531,aspartate metabolic process,1,,,,,,,
0,1,3,9,GO:0006532;GO:0006533;GO:0019550,aspartate catabolic process,1,,,,,,,
0,1,4,38,GO:0006534,cysteine metabolic process,1,,,,,,,
0,1,4,58,GO:0006536,glutamate metabolic process,1,,,,,,,
0,1,3,25,GO:0006537,glutamate biosynthetic process,1,,,,,,,
0,1,2,24,GO:0006538,glutamate catabolic process,1,,,,,,,
0,1,3,6,GO:0006540,glutamate decarboxylation to succinate,1,,,,,,,
0,1,2,40,GO:0006541,glutamine metabolic process,1,,,,,,,
0,1,2,9,GO:0006543,glutamine catabolic process,1,,,,,,,
0,1,4,30,GO:0006544,glycine metabolic process,1,,,,,,,
0,1,2,6,GO:0006545,glycine biosynthetic process,1,,,,,,,
0,1,2,10,GO:0006546;GO:0019464,glycine catabolic process,1,,,,,,,
0,0.051528265,2,18,GO:0006547;GO:0006548;GO:0052803;GO:0052805,imidazole-containing compound metabolic process,1,,,,,,,
0,1,3,10,GO:0006549,isoleucine metabolic process,1,,,,,,,
0,1,2,12,GO:0006551,leucine metabolic process,1,,,,,,,
0,1,4,6,GO:0006552,leucine catabolic process,1,,,,,,,
0,1,2,13,GO:0006553;GO:0006554,lysine metabolic process,1,,,,,,,
0,0.116174358,4,42,GO:0006555,methionine metabolic process,1,,,,,,,
0,1,2,8,GO:0006556,S-adenosylmethionine biosynthetic process,1,,,,,,,
0,1,4,17,GO:0006558;GO:1902221;GO:0006559;GO:1902222,L-phenylalanine metabolic process,1,,,,,,,
0,1,4,14,GO:0006560,proline metabolic process,1,,,,,,,
0,1,2,6,GO:0006561,proline biosynthetic process,1,,,,,,,
0,1,2,7,GO:0006562,proline catabolic process,1,,,,,,,
0,1,4,16,GO:0006563,L-serine metabolic process,1,,,,,,,
0,1,2,11,GO:0006564,L-serine biosynthetic process,1,,,,,,,
0,1,4,6,GO:0006565,L-serine catabolic process,1,,,,,,,
0,1,2,10,GO:0006566;GO:0006567,threonine metabolic process,1,,,,,,,
0,1,4,35,GO:0006568;GO:0006586,indolalkylamine metabolic process,1,,,,,,,
0,1,5,18,GO:0006569;GO:0046218;GO:0042436,indole-containing compound catabolic process,1,,,,,,,
0,1,3,32,GO:0006570,tyrosine metabolic process,1,,,,,,,
0,1,3,10,GO:0006572,tyrosine catabolic process,1,,,,,,,
0,1,2,15,GO:0006573,valine metabolic process,1,,,,,,,
0,1,4,5,GO:0006574,valine catabolic process,1,,,,,,,
0,0.062635335,2,309,GO:0006575,cellular modified amino acid metabolic process,1,,,,,,,
0,0.104583726,2,187,GO:0006576;GO:0044106;GO:0009308,amine metabolic process,1,,,,,,,
0,0.073579549,3,26,GO:0006577;GO:0009437,amino-acid betaine metabolic process,1,,,,,,,
0,1,4,8,GO:0006578;GO:0045329,carnitine biosynthetic process,1,,,,,,,
0,1,4,190,GO:0006582,melanin metabolic process,1,,,,,,,
0,1,3,9,GO:0006583,melanin biosynthetic process from tyrosine,1,,,,,,,
0,0.232691996,4,90,GO:0006584;GO:0009712;GO:0042417,catechol-containing compound metabolic process,1,,,,,,,
0,1,6,8,GO:0006585,dopamine biosynthetic process from tyrosine,1,,,,,,,
0,1,2,7,GO:0006587;GO:0042427;GO:1901162,primary amino compound biosynthetic process,1,,,,,,,
0,1,2,16,GO:0006590,thyroid hormone generation,1,,,,,,,
0,1,3,18,GO:0006591,ornithine metabolic process,1,,,,,,,
0,1,2,27,GO:0006595;GO:0006596,polyamine metabolic process,1,,,,,,,
0,1,2,12,GO:0006598;GO:0046208,polyamine catabolic process,1,,,,,,,
0,1,3,6,GO:0006599;GO:0006603,phosphocreatine metabolic process,1,,,,,,,
0,1,3,23,GO:0006600,creatine metabolic process,1,,,,,,,
0,1,4,647,GO:0006605,protein targeting,1,,,,,,,
0,0.677064169,4,382,GO:0006606;GO:0017038;GO:0051170,protein import,1,,,,,,,
0,1,2,57,GO:0006607,NLS-bearing protein import into nucleus,1,,,,,,,
0,1,2,16,GO:0006610,ribosomal protein import into nucleus,1,,,,,,,
0,1,7,246,GO:0006612,protein targeting to membrane,1,,,,,,,
0,1,2,193,GO:0006613;GO:0006614;GO:0045047;GO:0072599,establishment of protein localization to endoplasmic reticulum,1,,,,,,,
0,1,2,10,GO:0006620,posttranslational protein targeting to endoplasmic reticulum membrane,1,,,,,,,
0,1,3,48,GO:0006622,protein targeting to lysosome,1,,,,,,,
0,1,2,86,GO:0006623;GO:0072666,establishment of protein localization to vacuole,1,,,,,,,
0,1,4,8,GO:0006624,vacuolar protein processing,1,,,,,,,
0,1,4,121,GO:0006625;GO:0043574;GO:0072663;GO:0072662;GO:0007031,peroxisome organization,1,,,,,,,
0,1,3,111,GO:0006626,protein targeting to mitochondrion,1,,,,,,,
0,1,2,9,GO:0006627,protein processing involved in protein targeting to mitochondrion,1,,,,,,,
0,0.041563485,2,110,GO:0006635,fatty acid beta-oxidation,1,,,,,,,
0,1,2,55,GO:0006636,unsaturated fatty acid biosynthetic process,1,,,,,,,
0,1,2,24,GO:0006642,triglyceride mobilization,1,,,,,,,
0,0.17995235,3,1020,GO:0006644;GO:0006650;GO:0046486,glycerolipid metabolic process,1,,,,,,,
0,1,4,39,GO:0006646;GO:0046337,phosphatidylethanolamine metabolic process,1,,,,,,,
0,1,6,7,GO:0006649,phospholipid transfer to membrane,1,,,,,,,
0,1,2,16,GO:0006651,diacylglycerol biosynthetic process,1,,,,,,,
0,0.216696262,5,83,GO:0006654;GO:0046473,phosphatidic acid metabolic process,1,,,,,,,
0,1,3,23,GO:0006655,phosphatidylglycerol biosynthetic process,1,,,,,,,
0,0.223591502,3,86,GO:0006656,phosphatidylcholine biosynthetic process,1,,,,,,,
0,0.070851072,2,25,GO:0006657,CDP-choline pathway,1,,,,,,,
0,1,5,47,GO:0006658,phosphatidylserine metabolic process,1,,,,,,,
0,1,3,11,GO:0006659,phosphatidylserine biosynthetic process,1,,,,,,,
0,0.552098367,3,272,GO:0006661,phosphatidylinositol biosynthetic process,1,,,,,,,
0,1,3,23,GO:0006662;GO:0046485,glycerol ether metabolic process,1,,,,,,,
0,1,2,7,GO:0006663,platelet activating factor biosynthetic process,1,,,,,,,
0,0.106448494,2,189,GO:0006664;GO:1903509,glycolipid metabolic process,1,,,,,,,
0,0.291572662,4,366,GO:0006665;GO:0006643,membrane lipid metabolic process,1,,,,,,,
0,1,2,6,GO:0006667;GO:0046511,sphinganine metabolic process,1,,,,,,,
0,0.063801489,2,140,GO:0006672,ceramide metabolic process,1,,,,,,,
0,0.073579549,5,26,GO:0006677,glycosylceramide metabolic process,1,,,,,,,
0,1,2,7,GO:0006678,glucosylceramide metabolic process,1,,,,,,,
0,0.043126083,2,15,GO:0006681;GO:0019374,galactosylceramide metabolic process,1,,,,,,,
0,1,2,24,GO:0006684,sphingomyelin metabolic process,1,,,,,,,
0,1,3,6,GO:0006685,sphingomyelin catabolic process,1,,,,,,,
0,1,3,14,GO:0006686,sphingomyelin biosynthetic process,1,,,,,,,
0,0.042935338,5,112,GO:0006687,glycosphingolipid metabolic process,1,,,,,,,
0,1,3,10,GO:0006689,ganglioside catabolic process,1,,,,,,,
0,1,2,168,GO:0006690;GO:0033559,icosanoid metabolic process,1,,,,,,,
0,1,3,40,GO:0006691,leukotriene metabolic process,1,,,,,,,
0,1,6,59,GO:0006693;GO:0006692,prostaglandin metabolic process,1,,,,,,,
0,1,2,233,GO:0006694,steroid biosynthetic process,1,,,,,,,
0,1,2,59,GO:0006695,cholesterol biosynthetic process,1,,,,,,,
0,1,4,22,GO:0006697;GO:0008205;GO:0045456;GO:0045455,ecdysteroid metabolic process,1,,,,,,,
0,1,3,32,GO:0006700,C21-steroid hormone biosynthetic process,1,,,,,,,
0,1,4,8,GO:0006701,progesterone biosynthetic process,1,,,,,,,
0,1,4,15,GO:0006702,androgen biosynthetic process,1,,,,,,,
0,1,3,17,GO:0006703,estrogen biosynthetic process,1,,,,,,,
0,1,2,16,GO:0006704,glucocorticoid biosynthetic process,1,,,,,,,
0,1,4,9,GO:0006705;GO:0008212,mineralocorticoid biosynthetic process,1,,,,,,,
0,1,5,55,GO:0006706,steroid catabolic process,1,,,,,,,
0,1,3,21,GO:0006707;GO:0016127,cholesterol catabolic process,1,,,,,,,
0,1,2,14,GO:0006714,sesquiterpenoid metabolic process,1,,,,,,,
0,1,6,7,GO:0006716,juvenile hormone metabolic process,1,,,,,,,
0,1,3,215,GO:0006720;GO:0006721,isoprenoid metabolic process,1,,,,,,,
0,1,5,16,GO:0006723;GO:0120251,cuticle hydrocarbon biosynthetic process,1,,,,,,,
0,1,4,91,GO:0006726;GO:0042441;GO:0043324;GO:0043474;GO:0048069,eye pigmentation,1,,,,,,,
0,1,3,37,GO:0006727;GO:0008055;GO:0046152;GO:0046158;GO:0033060,ommochrome biosynthetic process,1,,,,,,,
0,1,4,5,GO:0006728,pteridine biosynthetic process,1,,,,,,,
0,1,3,12,GO:0006729;GO:0046146,tetrahydrobiopterin metabolic process,1,,,,,,,
0,1,2,20,GO:0006730,one-carbon metabolic process,1,,,,,,,
0,1,2,62,GO:0006739,NADP metabolic process,1,,,,,,,
0,1,2,12,GO:0006741,NADP biosynthetic process,1,,,,,,,
0,1,2,6,GO:0006742;GO:0019364,pyridine nucleotide catabolic process,1,,,,,,,
0,1,3,33,GO:0006743;GO:0006744;GO:1901663,ubiquinone metabolic process,1,,,,,,,
0,0.190892418,3,72,GO:0006749,glutathione metabolic process,1,,,,,,,
0,1,3,20,GO:0006750;GO:0019184,nonribosomal peptide biosynthetic process,1,,,,,,,
0,1,2,6,GO:0006751,glutathione catabolic process,1,,,,,,,
0,1,4,45,GO:0006760,folic acid-containing compound metabolic process,1,,,,,,,
0,1,2,233,GO:0006766,vitamin metabolic process,1,,,,,,,
0,1,3,140,GO:0006767,water-soluble vitamin metabolic process,1,,,,,,,
0,1,2,16,GO:0006768,biotin metabolic process,1,,,,,,,
0,1,2,91,GO:0006775,fat-soluble vitamin metabolic process,1,,,,,,,
0,1,7,28,GO:0006776,vitamin A metabolic process,1,,,,,,,
0,1,3,7,GO:0006777;GO:0019720,Mo-molybdopterin cofactor biosynthetic process,1,,,,,,,
0,1,5,93,GO:0006778;GO:0042168,porphyrin-containing compound metabolic process,1,,,,,,,
0,1,2,67,GO:0006779;GO:0033014;GO:0006783,tetrapyrrole biosynthetic process,1,,,,,,,
0,1,4,8,GO:0006797,polyphosphate metabolic process,1,,,,,,,
0,1,2,5,GO:0006798,polyphosphate catabolic process,1,,,,,,,
0,1,2,56,GO:0006801,superoxide metabolic process,1,,,,,,,
0,1,2,158,GO:0006805,xenobiotic metabolic process,1,,,,,,,
0,1,2,8,GO:0006808,regulation of nitrogen utilization,1,,,,,,,
0,1,3,33,GO:0006809,nitric oxide biosynthetic process,1,,,,,,,
0,0.996980055,2,1905,GO:0006812,cation transport,1,,,,,,,
0,1,2,446,GO:0006813;GO:0071805,potassium ion transport,1,,,,,,,
0,1,2,405,GO:0006814;GO:0035725,sodium ion transport,1,,,,,,,
0,1,5,699,GO:0006816;GO:0070838;GO:0072511,divalent inorganic cation transport,1,,,,,,,
0,0.121360832,4,44,GO:0006817;GO:0035435,phosphate ion transport,1,,,,,,,
0,0.53860911,2,262,GO:0006821;GO:0098661,inorganic anion transmembrane transport,1,,,,,,,
0,1,4,5,GO:0006824,cobalt ion transport,1,,,,,,,
0,1,4,32,GO:0006825,copper ion transport,1,,,,,,,
0,1,5,140,GO:0006826,iron ion transport,1,,,,,,,
0,1,4,39,GO:0006828,manganese ion transport,1,,,,,,,
0,1,4,54,GO:0006829;GO:0071577,zinc ion transport,1,,,,,,,
0,1,5,42,GO:0006833,water transport,1,,,,,,,
0,0.383258544,3,164,GO:0006835,dicarboxylic acid transport,1,,,,,,,
0,0.586676563,4,668,GO:0006836,neurotransmitter transport,1,,,,,,,
0,0.753879435,4,473,GO:0006839,mitochondrial transport,1,,,,,,,
0,1,3,17,GO:0006842;GO:0015746;GO:0035674,tricarboxylic acid transmembrane transport,1,,,,,,,
0,1,2,6,GO:0006844;GO:1902616,acyl carnitine transport,1,,,,,,,
0,1,2,17,GO:0006848;GO:1901475,pyruvate transport,1,,,,,,,
0,1,2,5,GO:0006850,mitochondrial pyruvate transmembrane transport,1,,,,,,,
0,1,3,45,GO:0006851,mitochondrial calcium ion transmembrane transport,1,,,,,,,
0,1,5,14,GO:0006853,carnitine shuttle,1,,,,,,,
0,0.531714827,4,257,GO:0006855,drug transmembrane transport,1,,,,,,,
0,1,4,7,GO:0006856;GO:1903232,eye pigment precursor transport,1,,,,,,,
0,1,2,23,GO:0006857;GO:0035672,oligopeptide transport,1,,,,,,,
0,1,6,47,GO:0006862,nucleotide transport,1,,,,,,,
0,1,2,29,GO:0006863;GO:0015851,nucleobase transport,1,,,,,,,
0,1,2,6,GO:0006864;GO:1990519,pyrimidine nucleotide transport,1,,,,,,,
0,1,5,294,GO:0006865,amino acid transport,1,,,,,,,
0,1,2,6,GO:0006867,asparagine transport,1,,,,,,,
0,1,7,13,GO:0006868,glutamine transport,1,,,,,,,
0,0.155222232,2,1513,GO:0006873;GO:0006875;GO:0030003;GO:0055065,cellular ion homeostasis,1,,,,,,,
0,0.092588344,2,1065,GO:0006874;GO:0055074;GO:0072503;GO:0072507,divalent inorganic cation homeostasis,1,,,,,,,
0,1,6,25,GO:0006878,cellular copper ion homeostasis,1,,,,,,,
0,1,2,131,GO:0006879,cellular iron ion homeostasis,1,,,,,,,
0,1,5,8,GO:0006880;GO:0097577,intracellular sequestering of iron ion,1,,,,,,,
0,1,2,29,GO:0006882,cellular zinc ion homeostasis,1,,,,,,,
0,1,5,46,GO:0006883;GO:0055078,sodium ion homeostasis,1,,,,,,,
0,1,4,47,GO:0006884,cell volume homeostasis,1,,,,,,,
0,0.466489185,3,213,GO:0006885;GO:0030641;GO:0051453,regulation of pH,1,,,,,,,
0,0.774387921,2,1779,GO:0006886,intracellular protein transport,1,,,,,,,
0,0.333488321,4,1609,GO:0006887;GO:0045055,exocytosis,1,,,,,,,
0,0.292658394,2,367,GO:0006888,endoplasmic reticulum to Golgi vesicle-mediated transport,1,,,,,,,
0,1,2,78,GO:0006891,intra-Golgi vesicle-mediated transport,1,,,,,,,
0,1,5,228,GO:0006892,post-Golgi vesicle-mediated transport,1,,,,,,,
0,1,2,107,GO:0006893,Golgi to plasma membrane transport,1,,,,,,,
0,1,5,52,GO:0006895,Golgi to endosome transport,1,,,,,,,
0,1,2,29,GO:0006896,Golgi to vacuole transport,1,,,,,,,
0,0.941176797,4,1514,GO:0006897;GO:0098657,import into cell,1,,,,,,,
0,1,5,463,GO:0006898,receptor-mediated endocytosis,1,,,,,,,
0,0.492690135,3,230,GO:0006900,vesicle budding from membrane,1,,,,,,,
0,0.416952879,2,183,GO:0006901;GO:0048194;GO:0048199;GO:0048207;GO:0048208;GO:0090114,Golgi vesicle budding,1,,,,,,,
0,0.524718832,2,252,GO:0006903,vesicle targeting,1,,,,,,,
0,1,3,168,GO:0006904;GO:0048278,vesicle docking,1,,,,,,,
0,1,5,45,GO:0006907,pinocytosis,1,,,,,,,
0,1,4,532,GO:0006909,phagocytosis,1,,,,,,,
0,0.555494563,2,631,GO:0006913;GO:0051169,nuclear transport,1,,,,,,,
0,0.75461426,3,474,GO:0006914;GO:0061919,autophagy,1,,,,,,,
0,0.922096898,4,1890,GO:0006915;GO:0012501;GO:0008219,cell death,1,,,,,,,
0,1,5,188,GO:0006919,activation of cysteine-type endopeptidase activity involved in apoptotic process,1,,,,,,,
0,1,3,58,GO:0006921;GO:0030262,cellular component disassembly involved in execution phase of apoptosis,1,,,,,,,
0,1,8,13,GO:0006924,activation-induced cell death of T cells,1,,,,,,,
0,1,2,13,GO:0006925;GO:0033028,inflammatory cell apoptotic process,1,,,,,,,
0,1,3,113,GO:0006929,substrate-dependent cell migration,1,,,,,,,
0,1,3,2157,GO:0006935;GO:0042330,taxis,1,,,,,,,
0,1,2,145,GO:0006939,smooth muscle contraction,1,,,,,,,
0,1,3,204,GO:0006940,regulation of smooth muscle contraction,1,,,,,,,
0,0.036233897,2,247,GO:0006942;GO:0055117,regulation of striated muscle contraction,1,,,,,,,
0,0.892648401,2,2187,GO:0006952,defense response,1,,,,,,,
0,1,3,65,GO:0006953,acute-phase response,1,,,,,,,
0,1,4,659,GO:0006954,inflammatory response,1,,,,,,,
0,0.302484518,2,2480,GO:0006955,immune response,1,,,,,,,
0,1,3,37,GO:0006956,complement activation,1,,,,,,,
0,0.096329766,3,372,GO:0006959,humoral immune response,1,,,,,,,
0,1,4,79,GO:0006968,cellular defense response,1,,,,,,,
0,0.558696199,3,277,GO:0006970,response to osmotic stress,1,,,,,,,
0,1,2,21,GO:0006971,hypotonic response,1,,,,,,,
0,0.324109905,2,133,GO:0006972,hyperosmotic response,1,,,,,,,
0,0.730683094,2,1279,GO:0006974,cellular response to DNA damage stimulus,1,,,,,,,
0,1,2,27,GO:0006975,DNA damage induced protein phosphorylation,1,,,,,,,
0,0.408266395,6,178,GO:0006977;GO:0072431;GO:1902400;GO:1902402;GO:0072422;GO:0072401;GO:0072395;GO:1902403;GO:0072413;GO:0031571;GO:0044783;GO:0044819,mitotic G1/S transition checkpoint,1,,,,,,,
0,0.361082527,2,1035,GO:0006979,response to oxidative stress,1,,,,,,,
0,1,2,5,GO:0006982;GO:0071449,response to lipid hydroperoxide,1,,,,,,,
0,1,3,21,GO:0006983,ER overload response,1,,,,,,,
0,1,2,89,GO:0006984,ER-nucleus signaling pathway,1,,,,,,,
0,0.660288743,3,365,GO:0006986;GO:0035966;GO:0035967,response to topologically incorrect protein,1,,,,,,,
0,1,5,16,GO:0006990,positive regulation of transcription from RNA polymerase II promoter involved in unfolded protein response,1,,,,,,,
0,1,2,35,GO:0006991;GO:0032933;GO:0071501,response to sterol depletion,1,,,,,,,
0,1,2,14,GO:0006995;GO:0043562,cellular response to nitrogen starvation,1,,,,,,,
0,0.631860408,3,338,GO:0006997,nucleus organization,1,,,,,,,
0,1,3,135,GO:0006998,nuclear envelope organization,1,,,,,,,
0,0.108337912,2,39,GO:0006999,nuclear pore organization,1,,,,,,,
0,1,2,15,GO:0007000,nucleolus organization,1,,,,,,,
0,0.532519277,2,952,GO:0007005,mitochondrion organization,1,,,,,,,
0,1,2,262,GO:0007006,mitochondrial membrane organization,1,,,,,,,
0,1,4,70,GO:0007007,inner mitochondrial membrane organization,1,,,,,,,
0,1,4,19,GO:0007008,outer mitochondrial membrane organization,1,,,,,,,
0,1,3,215,GO:0007009,plasma membrane organization,1,,,,,,,
0,1,-1,84,GO:0007016,obsolete cytoskeletal anchoring at plasma membrane,1,,,,,,,
0,0.677566555,2,1932,GO:0007017;GO:0000226,microtubule-based process,1,,,,,,,
0,0.376596309,2,748,GO:0007018,microtubule-based movement,1,,,,,,,
0,1,2,56,GO:0007019,microtubule depolymerization,1,,,,,,,
0,1,5,62,GO:0007020,microtubule nucleation,1,,,,,,,
0,1,3,13,GO:0007021,tubulin complex assembly,1,,,,,,,
0,1,3,10,GO:0007023,post-chaperonin tubulin folding pathway,1,,,,,,,
0,1,2,114,GO:0007026;GO:0031114,regulation of microtubule depolymerization,1,,,,,,,
0,1,2,205,GO:0007028;GO:0007315,cytoplasm organization,1,,,,,,,
0,0.088236326,2,169,GO:0007029,endoplasmic reticulum organization,1,,,,,,,
0,0.277444623,3,353,GO:0007030,Golgi organization,1,,,,,,,
0,1,4,177,GO:0007032,endosome organization,1,,,,,,,
0,0.609299732,2,318,GO:0007033,vacuole organization,1,,,,,,,
0,0.549432044,3,270,GO:0007034;GO:0007041,vacuolar transport,1,,,,,,,
0,0.134195892,8,49,GO:0007035,vacuolar acidification,1,,,,,,,
0,1,5,8,GO:0007039,protein catabolic process in the vacuole,1,,,,,,,
0,0.406513824,6,177,GO:0007040;GO:0080171,lytic vacuole organization,1,,,,,,,
0,0.048735665,11,17,GO:0007042,lysosomal lumen acidification,1,,,,,,,
0,1,4,440,GO:0007043,cell-cell junction assembly,1,,,,,,,
0,1,4,147,GO:0007044;GO:0150115,cell-substrate junction assembly,1,,,,,,,
0,0.218868865,3,299,GO:0007050,cell cycle arrest,1,,,,,,,
0,1,5,503,GO:0007051,spindle organization,1,,,,,,,
0,1,2,265,GO:0007052,mitotic spindle organization,1,,,,,,,
0,1,2,19,GO:0007053,spindle assembly involved in male meiosis,1,,,,,,,
0,1,2,32,GO:0007056,spindle assembly involved in female meiosis,1,,,,,,,
0,1,3,16,GO:0007057,spindle assembly involved in female meiosis I,1,,,,,,,
0,1,7,7,GO:0007058,spindle assembly involved in female meiosis II,1,,,,,,,
0,0.842083425,2,621,GO:0007059;GO:0098813,chromosome segregation,1,,,,,,,
0,1,2,26,GO:0007060,male meiosis chromosome segregation,1,,,,,,,
0,1,2,88,GO:0007062,sister chromatid cohesion,1,,,,,,,
0,1,2,68,GO:0007063,regulation of sister chromatid cohesion,1,,,,,,,
0,1,5,51,GO:0007064,mitotic sister chromatid cohesion,1,,,,,,,
0,1,2,7,GO:0007066,female meiosis sister chromatid cohesion,1,,,,,,,
0,1,2,52,GO:0007076,mitotic chromosome condensation,1,,,,,,,
0,1,5,41,GO:0007077,mitotic nuclear envelope disassembly,1,,,,,,,
0,1,2,6,GO:0007078,lamin depolymerization,1,,,,,,,
0,1,3,19,GO:0007079,mitotic chromosome movement towards spindle pole,1,,,,,,,
0,1,3,28,GO:0007084;GO:0101024,mitotic nuclear membrane organization,1,,,,,,,
0,0.040309056,3,14,GO:0007089,traversing start control point of mitotic cell cycle,1,,,,,,,
0,1,5,37,GO:0007091;GO:0044784,metaphase/anaphase transition of cell cycle,1,,,,,,,
0,1,4,43,GO:0007094;GO:0045841;GO:0071173;GO:0071174;GO:1902100;GO:2000816;GO:0031577;GO:1905819,negative regulation of chromosome separation,1,,,,,,,
0,0.239448163,4,93,GO:0007095;GO:0031572;GO:0044818,G2 DNA damage checkpoint,1,,,,,,,
0,1,2,86,GO:0007096,regulation of exit from mitosis,1,,,,,,,
0,1,4,213,GO:0007097;GO:0051647,nucleus localization,1,,,,,,,
0,1,3,295,GO:0007098;GO:0031023,microtubule organizing center organization,1,,,,,,,
0,1,2,83,GO:0007099;GO:0098534,centriole assembly,1,,,,,,,
0,1,4,29,GO:0007100,mitotic centrosome separation,1,,,,,,,
0,1,2,48,GO:0007110;GO:0007111,meiosis I cytokinesis,1,,,,,,,
0,1,2,91,GO:0007112,male meiosis cytokinesis,1,,,,,,,
0,1,2,32,GO:0007113,endomitotic cell cycle,1,,,,,,,
0,1,2,219,GO:0007127,meiosis I,1,,,,,,,
0,1,2,105,GO:0007129;GO:0045143,homologous chromosome segregation,1,,,,,,,
0,1,2,49,GO:0007130,synaptonemal complex assembly,1,,,,,,,
0,1,7,101,GO:0007131;GO:0140527;GO:0035825,homologous recombination,1,,,,,,,
0,1,2,42,GO:0007135,meiosis II,1,,,,,,,
0,1,6,223,GO:0007140,male meiotic nuclear division,1,,,,,,,
0,1,2,48,GO:0007141,male meiosis I,1,,,,,,,
0,1,2,172,GO:0007143,female meiotic nuclear division,1,,,,,,,
0,1,7,28,GO:0007144,female meiosis I,1,,,,,,,
0,1,2,12,GO:0007147,female meiosis II,1,,,,,,,
0,1,2,1699,GO:0007155;GO:0022610,biological adhesion,1,,,,,,,
0,1,5,220,GO:0007156,homophilic cell adhesion via plasma membrane adhesion molecules,1,,,,,,,
0,1,5,186,GO:0007157,heterophilic cell-cell adhesion via plasma membrane cell adhesion molecules,1,,,,,,,
0,1,4,68,GO:0007158,neuron cell-cell adhesion,1,,,,,,,
0,1,4,115,GO:0007159,leukocyte cell-cell adhesion,1,,,,,,,
0,1,2,263,GO:0007160,cell-matrix adhesion,1,,,,,,,
0,1,5,10,GO:0007161,calcium-independent cell-matrix adhesion,1,,,,,,,
0,0.841130993,5,619,GO:0007162,negative regulation of cell adhesion,1,,,,,,,
0,1,2,1190,GO:0007163,establishment or maintenance of cell polarity,1,,,,,,,
0,0.832112648,3,1948,GO:0007167,enzyme linked receptor protein signaling pathway,1,,,,,,,
0,1,4,24,GO:0007168,receptor guanylyl cyclase signaling pathway,1,,,,,,,
0,0.985068408,2,1394,GO:0007169,transmembrane receptor protein tyrosine kinase signaling pathway,1,,,,,,,
0,1,6,42,GO:0007171,activation of transmembrane receptor protein tyrosine kinase activity,1,,,,,,,
0,1,3,18,GO:0007172,signal complex assembly,1,,,,,,,
0,1,3,273,GO:0007173;GO:0038127,ERBB signaling pathway,1,,,,,,,
0,1,7,29,GO:0007175,negative regulation of epidermal growth factor-activated receptor activity,1,,,,,,,
0,1,5,69,GO:0007176,regulation of epidermal growth factor-activated receptor activity,1,,,,,,,
0,0.221275296,4,553,GO:0007178,transmembrane receptor protein serine/threonine kinase signaling pathway,1,,,,,,,
0,0.052011776,2,286,GO:0007179,transforming growth factor beta receptor signaling pathway,1,,,,,,,
0,1,3,6,GO:0007181,transforming growth factor beta receptor complex assembly,1,,,,,,,
0,1,2,16,GO:0007182,common-partner SMAD protein phosphorylation,1,,,,,,,
0,1,3,14,GO:0007183,SMAD protein complex assembly,1,,,,,,,
0,1,4,32,GO:0007185,transmembrane receptor protein tyrosine phosphatase signaling pathway,1,,,,,,,
0,1,2,1732,GO:0007186,G protein-coupled receptor signaling pathway,1,,,,,,,
0,1,3,244,GO:0007189,adenylate cyclase-activating G protein-coupled receptor signaling pathway,1,,,,,,,
0,1,2,78,GO:0007190,activation of adenylate cyclase activity,1,,,,,,,
0,1,5,40,GO:0007191,adenylate cyclase-activating dopamine receptor signaling pathway,1,,,,,,,
0,1,2,195,GO:0007193,adenylate cyclase-inhibiting G protein-coupled receptor signaling pathway,1,,,,,,,
0,1,2,12,GO:0007195,adenylate cyclase-inhibiting dopamine receptor signaling pathway,1,,,,,,,
0,1,4,30,GO:0007196,adenylate cyclase-inhibiting G protein-coupled glutamate receptor signaling pathway,1,,,,,,,
0,1,3,14,GO:0007197;GO:0007207,phospholipase C-activating G protein-coupled acetylcholine receptor signaling pathway,1,,,,,,,
0,1,2,12,GO:0007198,adenylate cyclase-inhibiting serotonin receptor signaling pathway,1,,,,,,,
0,1,4,29,GO:0007199,G protein-coupled receptor signaling pathway coupled to cGMP nucleotide second messenger,1,,,,,,,
0,1,2,239,GO:0007200,phospholipase C-activating G protein-coupled receptor signaling pathway,1,,,,,,,
0,1,3,72,GO:0007202,activation of phospholipase C activity,1,,,,,,,
0,1,2,703,GO:0007204;GO:0051480,regulation of cytosolic calcium ion concentration,1,,,,,,,
0,1,2,58,GO:0007205,protein kinase C-activating G protein-coupled receptor signaling pathway,1,,,,,,,
0,1,4,10,GO:0007206,phospholipase C-activating G protein-coupled glutamate receptor signaling pathway,1,,,,,,,
0,1,2,10,GO:0007208,phospholipase C-activating serotonin receptor signaling pathway,1,,,,,,,
0,1,2,50,GO:0007210,serotonin receptor signaling pathway,1,,,,,,,
0,1,2,121,GO:0007212,dopamine receptor signaling pathway,1,,,,,,,
0,1,3,85,GO:0007213;GO:0095500;GO:0098926;GO:1903831;GO:1905144;GO:1905145,postsynaptic signal transduction,1,,,,,,,
0,1,3,70,GO:0007214,gamma-aminobutyric acid signaling pathway,1,,,,,,,
0,1,3,151,GO:0007215,glutamate receptor signaling pathway,1,,,,,,,
0,1,2,48,GO:0007216,G protein-coupled glutamate receptor signaling pathway,1,,,,,,,
0,1,3,22,GO:0007217,tachykinin receptor signaling pathway,1,,,,,,,
0,1,3,228,GO:0007218,neuropeptide signaling pathway,1,,,,,,,
0,0.247001134,3,325,GO:0007219,Notch signaling pathway,1,,,,,,,
0,1,4,59,GO:0007220,Notch receptor processing,1,,,,,,,
0,1,4,58,GO:0007221,positive regulation of transcription of Notch receptor target,1,,,,,,,
0,1,3,218,GO:0007224,smoothened signaling pathway,1,,,,,,,
0,1,2,24,GO:0007227;GO:0007228,signal transduction downstream of smoothened,1,,,,,,,
0,1,5,162,GO:0007229,integrin-mediated signaling pathway,1,,,,,,,
0,1,4,6,GO:0007231,osmosensory signaling pathway,1,,,,,,,
0,1,3,144,GO:0007249,I-kappaB kinase/NF-kappaB signaling,1,,,,,,,
0,1,5,31,GO:0007250,activation of NF-kappaB-inducing kinase activity,1,,,,,,,
0,1,2,31,GO:0007252,I-kappaB phosphorylation,1,,,,,,,
0,1,2,17,GO:0007253,cytoplasmic sequestering of NF-kappaB,1,,,,,,,
0,1,5,305,GO:0007254;GO:0051403,stress-activated MAPK cascade,1,,,,,,,
0,1,2,20,GO:0007256,activation of JNKK activity,1,,,,,,,
0,1,2,93,GO:0007257,activation of JUN kinase activity,1,,,,,,,
0,1,6,12,GO:0007258,JUN phosphorylation,1,,,,,,,
0,1,4,70,GO:0007259;GO:0097696,receptor signaling pathway via JAK-STAT,1,,,,,,,
0,1,3,11,GO:0007260,tyrosine phosphorylation of STAT protein,1,,,,,,,
0,1,4,35,GO:0007263,nitric oxide mediated signal transduction,1,,,,,,,
0,0.8758897,3,701,GO:0007264;GO:0007265,small GTPase mediated signal transduction,1,,,,,,,
0,1,3,213,GO:0007266,Rho protein signal transduction,1,,,,,,,
0,0.825796015,6,1507,GO:0007268;GO:0098916;GO:0099537;GO:0099536,synaptic signaling,1,,,,,,,
0,0.740274794,2,455,GO:0007269;GO:0099643,neurotransmitter secretion,1,,,,,,,
0,1,7,55,GO:0007270,neuron-neuron synaptic transmission,1,,,,,,,
0,1,2,289,GO:0007272;GO:0008366;GO:0042552,ensheathment of neurons,1,,,,,,,
0,1,2,261,GO:0007274,neuromuscular synaptic transmission,1,,,,,,,
0,1,2,71,GO:0007277,pole cell development,1,,,,,,,
0,1,2,6,GO:0007278,pole cell fate determination,1,,,,,,,
0,1,2,48,GO:0007279,pole cell formation,1,,,,,,,
0,1,2,65,GO:0007280,pole cell migration,1,,,,,,,
0,0.984506428,2,2576,GO:0007281;GO:0007292;GO:0048477,germ cell development,1,,,,,,,
0,1,2,45,GO:0007282,cystoblast division,1,,,,,,,
0,0.26651321,2,1479,GO:0007283;GO:0048232,male gamete generation,1,,,,,,,
0,1,2,13,GO:0007284,spermatogonial cell division,1,,,,,,,
0,1,2,5,GO:0007285,primary spermatocyte growth,1,,,,,,,
0,0.776349868,2,505,GO:0007286;GO:0048515,spermatid differentiation,1,,,,,,,
0,1,2,7,GO:0007287,Nebenkern assembly,1,,,,,,,
0,1,5,46,GO:0007288,sperm axoneme assembly,1,,,,,,,
0,1,2,55,GO:0007289,spermatid nucleus differentiation,1,,,,,,,
0,1,2,8,GO:0007290,spermatid nucleus elongation,1,,,,,,,
0,1,2,141,GO:0007291,sperm individualization,1,,,,,,,
0,1,3,270,GO:0007293,germarium-derived egg chamber formation,1,,,,,,,
0,1,2,112,GO:0007294;GO:0030716;GO:0030706,oocyte fate determination,1,,,,,,,
0,1,3,37,GO:0007295,growth of a germarium-derived egg chamber,1,,,,,,,
0,1,3,42,GO:0007296,vitellogenesis,1,,,,,,,
0,0.766779897,3,491,GO:0007297;GO:0007298,ovarian follicle cell migration,1,,,,,,,
0,1,4,15,GO:0007299,ovarian follicle cell-cell adhesion,1,,,,,,,
0,0.214384438,3,82,GO:0007300,ovarian nurse cell to oocyte transport,1,,,,,,,
0,1,2,22,GO:0007301,female germline ring canal formation,1,,,,,,,
0,1,4,259,GO:0007304;GO:0030703;GO:0007306;GO:0045229,eggshell formation,1,,,,,,,
0,1,3,390,GO:0007308;GO:0007309,oocyte construction,1,,,,,,,
0,1,2,146,GO:0007310,oocyte dorsal/ventral axis specification,1,,,,,,,
0,1,3,20,GO:0007312,oocyte nucleus migration involved in oocyte dorsal/ventral axis specification,1,,,,,,,
0,1,3,107,GO:0007316;GO:0019094;GO:0045451,pole plasm RNA localization,1,,,,,,,
0,1,3,119,GO:0007317;GO:1904580;GO:1902875,regulation of intracellular mRNA localization,1,,,,,,,
0,1,2,29,GO:0007318,pole plasm protein localization,1,,,,,,,
0,1,4,21,GO:0007319,negative regulation of oskar mRNA translation,1,,,,,,,
0,1,2,81,GO:0007320;GO:0007620,copulation,1,,,,,,,
0,0.095124418,2,34,GO:0007340,acrosome reaction,1,,,,,,,
0,1,2,10,GO:0007341,penetration of zona pellucida,1,,,,,,,
0,1,5,11,GO:0007342,fusion of sperm to egg plasma membrane involved in single fertilization,1,,,,,,,
0,1,2,63,GO:0007343;GO:0060467;GO:0060468,egg activation,1,,,,,,,
0,0.961583926,2,1680,GO:0007346,regulation of mitotic cell cycle,1,,,,,,,
0,1,2,7,GO:0007347,regulation of preblastoderm mitotic cell cycle,1,,,,,,,
0,1,2,6,GO:0007348,regulation of syncytial blastoderm mitotic cell cycle,1,,,,,,,
0,1,2,296,GO:0007349,cellularization,1,,,,,,,
0,0.7011087,2,825,GO:0007350;GO:0009880,embryonic pattern specification,1,,,,,,,
0,1,5,16,GO:0007352,zygotic specification of dorsal/ventral axis,1,,,,,,,
0,1,2,7,GO:0007356,thorax and anterior abdomen determination,1,,,,,,,
0,1,2,63,GO:0007362,terminal region determination,1,,,,,,,
0,1,2,194,GO:0007365;GO:0007367,periodic partitioning,1,,,,,,,
0,1,2,13,GO:0007366,periodic partitioning by pair rule gene,1,,,,,,,
0,0.383512616,4,452,GO:0007368;GO:0009855;GO:0009799,specification of symmetry,1,,,,,,,
0,0.911794959,2,814,GO:0007369,gastrulation,1,,,,,,,
0,1,3,44,GO:0007370,ventral furrow formation,1,,,,,,,
0,1,3,14,GO:0007374,posterior midgut invagination,1,,,,,,,
0,1,2,6,GO:0007375,anterior midgut invagination,1,,,,,,,
0,1,4,40,GO:0007377,germ-band extension,1,,,,,,,
0,1,2,23,GO:0007378,amnioserosa formation,1,,,,,,,
0,1,2,123,GO:0007379,segment specification,1,,,,,,,
0,1,5,12,GO:0007383;GO:2000495;GO:2000497,regulation of cell proliferation involved in compound eye morphogenesis,1,,,,,,,
0,1,2,55,GO:0007386,compartment pattern specification,1,,,,,,,
0,1,2,11,GO:0007388,posterior compartment specification,1,,,,,,,
0,1,2,65,GO:0007390,germ-band shortening,1,,,,,,,
0,1,2,394,GO:0007391,dorsal closure,1,,,,,,,
0,1,4,76,GO:0007392,initiation of dorsal closure,1,,,,,,,
0,1,4,6,GO:0007393;GO:0035028;GO:0035027;GO:0035029,leading edge cell fate determination,1,,,,,,,
0,1,2,130,GO:0007398,ectoderm development,1,,,,,,,
0,1,2,81,GO:0007400;GO:0048867,stem cell fate determination,1,,,,,,,
0,1,4,22,GO:0007402,ganglion mother cell fate determination,1,,,,,,,
0,1,4,9,GO:0007403,glial cell fate determination,1,,,,,,,
0,1,2,369,GO:0007405;GO:0072089,stem cell proliferation,1,,,,,,,
0,1,2,143,GO:0007406;GO:2000178,negative regulation of neural precursor cell proliferation,1,,,,,,,
0,0.998383185,3,2102,GO:0007409;GO:0061564,axon development,1,,,,,,,
0,1,2,1503,GO:0007411;GO:0097485,neuron projection guidance,1,,,,,,,
0,1,2,78,GO:0007412,axon target recognition,1,,,,,,,
0,0.425513419,6,188,GO:0007413;GO:0106030,axonal fasciculation,1,,,,,,,
0,1,2,52,GO:0007414,axonal defasciculation,1,,,,,,,
0,1,4,19,GO:0007415,defasciculation of motor neuron axon,1,,,,,,,
0,1,4,438,GO:0007416,synapse assembly,1,,,,,,,
0,1,2,50,GO:0007418,ventral midline development,1,,,,,,,
0,1,2,157,GO:0007419,ventral cord development,1,,,,,,,
0,0.997063732,4,2617,GO:0007420;GO:0060322,head development,1,,,,,,,
0,0.413478184,4,481,GO:0007422,peripheral nervous system development,1,,,,,,,
0,0.877007552,5,704,GO:0007424,open tracheal system development,1,,,,,,,
0,1,2,544,GO:0007431;GO:0035272,exocrine system development,1,,,,,,,
0,1,2,73,GO:0007432,salivary gland boundary specification,1,,,,,,,
0,1,2,374,GO:0007435,salivary gland morphogenesis,1,,,,,,,
0,1,4,25,GO:0007436,larval salivary gland morphogenesis,1,,,,,,,
0,1,2,29,GO:0007438,oenocyte development,1,,,,,,,
0,0.1837105,2,69,GO:0007439;GO:0048567,ectodermal digestive tract development,1,,,,,,,
0,1,2,40,GO:0007440,foregut morphogenesis,1,,,,,,,
0,1,2,22,GO:0007441;GO:0048615,anterior midgut (ectodermal) morphogenesis,1,,,,,,,
0,0.422104201,2,186,GO:0007442;GO:0061525,hindgut development,1,,,,,,,
0,0.355305748,4,149,GO:0007443;GO:0048619,embryonic hindgut morphogenesis,1,,,,,,,
0,1,2,44,GO:0007445;GO:0035225,determination of imaginal disc primordium,1,,,,,,,
0,1,3,57,GO:0007446,imaginal disc growth,1,,,,,,,
0,1,2,361,GO:0007447,imaginal disc pattern formation,1,,,,,,,
0,0.44882816,4,202,GO:0007455;GO:0035214,eye-antennal disc development,1,,,,,,,
0,1,3,44,GO:0007458,progression of morphogenetic furrow involved in compound eye morphogenesis,1,,,,,,,
0,1,8,37,GO:0007460,R8 cell fate commitment,1,,,,,,,
0,1,8,62,GO:0007464;GO:0048056,R3/R4 cell differentiation,1,,,,,,,
0,1,2,41,GO:0007465,R7 cell fate commitment,1,,,,,,,
0,1,-1,20,GO:0007468,obsolete regulation of rhodopsin gene expression,1,,,,,,,
0,1,2,78,GO:0007469,antennal development,1,,,,,,,
0,0.918113492,4,1382,GO:0007472;GO:0007476;GO:0035114;GO:0035120;GO:0035220;GO:0048737,wing disc development,1,,,,,,,
0,1,3,35,GO:0007473,wing disc proximal/distal pattern formation,1,,,,,,,
0,1,2,215,GO:0007474,imaginal disc-derived wing vein specification,1,,,,,,,
0,1,4,87,GO:0007475,apposition of dorsal and ventral imaginal disc-derived wing surfaces,1,,,,,,,
0,1,2,36,GO:0007477,notum development,1,,,,,,,
0,1,2,388,GO:0007478;GO:0007480;GO:0035218,leg disc development,1,,,,,,,
0,1,3,13,GO:0007481;GO:0048735,haltere morphogenesis,1,,,,,,,
0,1,5,56,GO:0007482;GO:0035216,haltere development,1,,,,,,,
0,1,2,81,GO:0007483;GO:0035126;GO:0048803;GO:0048805,genital disc morphogenesis,1,,,,,,,
0,1,2,105,GO:0007484;GO:0007485,imaginal disc-derived genitalia development,1,,,,,,,
0,1,2,27,GO:0007486,imaginal disc-derived female genitalia development,1,,,,,,,
0,1,2,19,GO:0007488,histoblast morphogenesis,1,,,,,,,
0,1,4,255,GO:0007492,endoderm development,1,,,,,,,
0,1,3,159,GO:0007494,midgut development,1,,,,,,,
0,1,2,9,GO:0007495,visceral mesoderm-endoderm interaction involved in midgut development,1,,,,,,,
0,1,3,31,GO:0007496;GO:0031036;GO:0031038;GO:0060289,compartment boundary maintenance,1,,,,,,,
0,1,3,5,GO:0007497,posterior midgut development,1,,,,,,,
0,0.098141219,2,596,GO:0007498,mesoderm development,1,,,,,,,
0,1,2,6,GO:0007500,mesodermal cell fate determination,1,,,,,,,
0,1,4,30,GO:0007502,digestive tract mesoderm development,1,,,,,,,
0,1,2,25,GO:0007503,fat body development,1,,,,,,,
0,1,2,5,GO:0007504,larval fat body development,1,,,,,,,
0,1,4,19,GO:0007506,gonadal mesoderm development,1,,,,,,,
0,0.246774868,2,1736,GO:0007507,heart development,1,,,,,,,
0,1,2,21,GO:0007508,larval heart development,1,,,,,,,
0,1,2,43,GO:0007509,mesoderm migration involved in gastrulation,1,,,,,,,
0,1,3,5,GO:0007510,cardioblast cell fate determination,1,,,,,,,
0,1,2,53,GO:0007512,adult heart development,1,,,,,,,
0,1,2,33,GO:0007516,hemocyte development,1,,,,,,,
0,1,2,6,GO:0007518,myoblast fate determination,1,,,,,,,
0,1,2,24,GO:0007521,muscle cell fate determination,1,,,,,,,
0,1,2,34,GO:0007522,visceral muscle development,1,,,,,,,
0,1,5,23,GO:0007523,larval visceral muscle development,1,,,,,,,
0,1,2,84,GO:0007526,larval somatic muscle development,1,,,,,,,
0,1,3,35,GO:0007527,adult somatic muscle development,1,,,,,,,
0,1,6,425,GO:0007528,neuromuscular junction development,1,,,,,,,
0,1,2,10,GO:0007529,establishment of synaptic specificity at neuromuscular junction,1,,,,,,,
0,0.386893978,2,166,GO:0007530,sex determination,1,,,,,,,
0,1,3,77,GO:0007538,primary sex determination,1,,,,,,,
0,0.89933753,3,1298,GO:0007548,sex differentiation,1,,,,,,,
0,1,2,99,GO:0007549,dosage compensation,1,,,,,,,
0,1,5,9,GO:0007553;GO:0007554;GO:0045966;GO:0045998,positive regulation of ecdysteroid biosynthetic process,1,,,,,,,
0,1,2,12,GO:0007555,regulation of ecdysteroid secretion,1,,,,,,,
0,1,2,30,GO:0007562;GO:0008062,eclosion,1,,,,,,,
0,1,5,19,GO:0007563,regulation of eclosion,1,,,,,,,
0,1,2,27,GO:0007564;GO:0048082,regulation of chitin-based cuticle tanning,1,,,,,,,
0,1,2,116,GO:0007566,embryo implantation,1,,,,,,,
0,1,3,73,GO:0007567,parturition,1,,,,,,,
0,1,2,149,GO:0007569,cell aging,1,,,,,,,
0,0.611558947,2,699,GO:0007584,response to nutrient,1,,,,,,,
0,1,2,89,GO:0007585,respiratory gaseous exchange by respiratory system,1,,,,,,,
0,1,2,229,GO:0007586;GO:0022600,digestion,1,,,,,,,
0,1,3,178,GO:0007588,excretion,1,,,,,,,
0,1,4,194,GO:0007589,body fluid secretion,1,,,,,,,
0,1,2,5,GO:0007594;GO:0022609;GO:0022608,puparial adhesion,1,,,,,,,
0,1,2,118,GO:0007595,lactation,1,,,,,,,
0,0.469244011,3,537,GO:0007596;GO:0007599;GO:0050817,hemostasis,1,,,,,,,
0,0.9897116,2,1514,GO:0007600,sensory perception,1,,,,,,,
0,1,6,432,GO:0007601;GO:0050953,sensory perception of light stimulus,1,,,,,,,
0,1,3,229,GO:0007602,phototransduction,1,,,,,,,
0,0.829761835,2,596,GO:0007605;GO:0050954,sensory perception of mechanical stimulus,1,,,,,,,
0,1,2,325,GO:0007606,sensory perception of chemical stimulus,1,,,,,,,
0,1,6,185,GO:0007608,sensory perception of smell,1,,,,,,,
0,0.985878191,3,1412,GO:0007611;GO:0050890,cognition,1,,,,,,,
0,1,5,730,GO:0007612,learning,1,,,,,,,
0,1,5,776,GO:0007613,memory,1,,,,,,,
0,1,2,162,GO:0007614,short-term memory,1,,,,,,,
0,1,2,32,GO:0007615,anesthesia-resistant memory,1,,,,,,,
0,1,2,349,GO:0007616,long-term memory,1,,,,,,,
0,1,2,434,GO:0007617;GO:0007618,mating,1,,,,,,,
0,1,2,213,GO:0007619,courtship behavior,1,,,,,,,
0,1,2,20,GO:0007621,negative regulation of female receptivity,1,,,,,,,
0,1,2,262,GO:0007622;GO:0045475;GO:0048512,rhythmic behavior,1,,,,,,,
0,0.791861503,2,529,GO:0007623,circadian rhythm,1,,,,,,,
0,1,2,8,GO:0007624,ultradian rhythm,1,,,,,,,
0,1,2,53,GO:0007625,grooming behavior,1,,,,,,,
0,0.846998981,2,1123,GO:0007626,locomotory behavior,1,,,,,,,
0,1,4,126,GO:0007628;GO:0090659,walking behavior,1,,,,,,,
0,0.195645661,2,74,GO:0007629,flight behavior,1,,,,,,,
0,1,3,39,GO:0007630,jump response,1,,,,,,,
0,0.036200128,2,424,GO:0007631,feeding behavior,1,,,,,,,
0,1,2,261,GO:0007632,visual behavior,1,,,,,,,
0,1,2,38,GO:0007634,optokinetic behavior,1,,,,,,,
0,1,2,396,GO:0007635,chemosensory behavior,1,,,,,,,
0,1,2,8,GO:0007636;GO:1904080,chemosensory jump behavior,1,,,,,,,
0,1,2,38,GO:0007637;GO:0051780,behavioral response to nutrient,1,,,,,,,
0,1,2,112,GO:0007638,mechanosensory behavior,1,,,,,,,
0,0.894239558,6,754,GO:0008016;GO:1903522,regulation of blood circulation,1,,,,,,,
0,1,2,135,GO:0008033,tRNA processing,1,,,,,,,
0,0.331595111,2,692,GO:0008037,cell recognition,1,,,,,,,
0,0.777018403,2,506,GO:0008038,neuron recognition,1,,,,,,,
0,1,3,126,GO:0008039,synaptic target recognition,1,,,,,,,
0,1,3,417,GO:0008045,motor neuron axon guidance,1,,,,,,,
0,1,4,154,GO:0008049,male courtship behavior,1,,,,,,,
0,1,4,37,GO:0008050,female courtship behavior,1,,,,,,,
0,1,2,99,GO:0008052;GO:0016360;GO:0060582,sensory organ boundary specification,1,,,,,,,
0,1,2,29,GO:0008053,mitochondrial fusion,1,,,,,,,
0,1,3,8,GO:0008056,ocellus development,1,,,,,,,
0,1,2,33,GO:0008057,eye pigment granule organization,1,,,,,,,
0,1,3,32,GO:0008063,Toll signaling pathway,1,,,,,,,
0,0.06026339,4,502,GO:0008064;GO:0030832;GO:0030833,regulation of actin filament length,1,,,,,,,
0,1,2,19,GO:0008065,establishment of blood-nerve barrier,1,,,,,,,
0,1,2,135,GO:0008078,mesodermal cell migration,1,,,,,,,
0,0.534484663,2,259,GO:0008088,axo-dendritic transport,1,,,,,,,
0,0.283011976,4,113,GO:0008089,anterograde axonal transport,1,,,,,,,
0,0.198011931,4,75,GO:0008090,retrograde axonal transport,1,,,,,,,
0,1,2,125,GO:0008103;GO:0016325,oocyte microtubule cytoskeleton organization,1,,,,,,,
0,1,2,116,GO:0008154,actin polymerization or depolymerization,1,,,,,,,
0,0.223591502,8,86,GO:0008156,negative regulation of DNA replication,1,,,,,,,
0,1,2,450,GO:0008202,steroid metabolic process,1,,,,,,,
0,1,5,265,GO:0008203;GO:0016125;GO:1902652,sterol metabolic process,1,,,,,,,
0,1,2,69,GO:0008206;GO:0006699,bile acid metabolic process,1,,,,,,,
0,1,3,52,GO:0008207,C21-steroid hormone metabolic process,1,,,,,,,
0,1,2,65,GO:0008209,androgen metabolic process,1,,,,,,,
0,1,5,58,GO:0008210,estrogen metabolic process,1,,,,,,,
0,1,3,24,GO:0008211,glucocorticoid metabolic process,1,,,,,,,
0,1,3,15,GO:0008215,spermine metabolic process,1,,,,,,,
0,1,3,14,GO:0008216,spermidine metabolic process,1,,,,,,,
0,0.697564262,3,404,GO:0008217,regulation of blood pressure,1,,,,,,,
0,1,2,5,GO:0008228,opsonization,1,,,,,,,
0,0.257178751,2,101,GO:0008258,head involution,1,,,,,,,
0,0.070851072,3,25,GO:0008272,sulfate transport,1,,,,,,,
0,1,2,388,GO:0008277,regulation of G protein-coupled receptor signaling pathway,1,,,,,,,
0,0.848367464,2,2004,GO:0008283,cell population proliferation,1,,,,,,,
0,0.957370462,2,2156,GO:0008284,positive regulation of cell population proliferation,1,,,,,,,
0,0.262560092,5,1771,GO:0008285,negative regulation of cell population proliferation,1,,,,,,,
0,0.53860911,5,262,GO:0008286,insulin receptor signaling pathway,1,,,,,,,
0,1,3,14,GO:0008291;GO:1900619,acetate ester metabolic process,1,,,,,,,
0,1,2,8,GO:0008292;GO:1900620,acetylcholine biosynthetic process,1,,,,,,,
0,1,5,71,GO:0008293,torso signaling pathway,1,,,,,,,
0,1,3,181,GO:0008298,intracellular mRNA localization,1,,,,,,,
0,1,2,49,GO:0008299,isoprenoid biosynthetic process,1,,,,,,,
0,1,2,21,GO:0008300,isoprenoid catabolic process,1,,,,,,,
0,1,6,486,GO:0008306,associative learning,1,,,,,,,
0,0.328089451,3,135,GO:0008333,endosome to lysosome transport,1,,,,,,,
0,1,2,39,GO:0008334,histone mRNA metabolic process,1,,,,,,,
0,1,2,14,GO:0008335,female germline ring canal stabilization,1,,,,,,,
0,1,2,36,GO:0008343,adult feeding behavior,1,,,,,,,
0,0.431723333,2,499,GO:0008344,adult locomotory behavior,1,,,,,,,
0,1,2,113,GO:0008345,larval locomotory behavior,1,,,,,,,
0,0.151514938,4,235,GO:0008347,glial cell migration,1,,,,,,,
0,1,4,33,GO:0008348,negative regulation of antimicrobial humoral response,1,,,,,,,
0,1,3,158,GO:0008354,germ cell migration,1,,,,,,,
0,1,7,175,GO:0008355,olfactory learning,1,,,,,,,
0,1,2,422,GO:0008356,asymmetric cell division,1,,,,,,,
0,1,4,10,GO:0008359,regulation of bicoid mRNA localization,1,,,,,,,
0,0.194756204,4,518,GO:0008360,regulation of cell shape,1,,,,,,,
0,0.763809852,2,933,GO:0008361,regulation of cell size,1,,,,,,,
0,1,2,48,GO:0008362,chitin-based embryonic cuticle biosynthetic process,1,,,,,,,
0,1,6,69,GO:0008363;GO:0042337;GO:0035293,larval chitin-based cuticle development,1,,,,,,,
0,0.788348806,3,982,GO:0008406;GO:0045137,development of primary sexual characteristics,1,,,,,,,
0,1,2,142,GO:0008407,chaeta morphogenesis,1,,,,,,,
0,1,6,37,GO:0008535;GO:0033617,respiratory chain complex IV assembly,1,,,,,,,
0,1,6,173,GO:0008542,visual learning,1,,,,,,,
0,1,7,207,GO:0008543,fibroblast growth factor receptor signaling pathway,1,,,,,,,
0,1,2,884,GO:0008544,epidermis development,1,,,,,,,
0,0.409385422,3,477,GO:0008582;GO:1904396,regulation of neuromuscular junction development,1,,,,,,,
0,0.311080244,4,384,GO:0008584;GO:0046546,development of primary male sexual characteristics,1,,,,,,,
0,1,5,416,GO:0008585;GO:0046545;GO:0046660,female sex differentiation,1,,,,,,,
0,1,3,192,GO:0008586,imaginal disc-derived wing vein morphogenesis,1,,,,,,,
0,1,3,225,GO:0008587,imaginal disc-derived wing margin morphogenesis,1,,,,,,,
0,1,2,332,GO:0008589,regulation of smoothened signaling pathway,1,,,,,,,
0,1,2,56,GO:0008592,regulation of Toll signaling pathway,1,,,,,,,
0,0.820845672,2,579,GO:0008593,regulation of Notch signaling pathway,1,,,,,,,
0,1,2,83,GO:0008594,photoreceptor cell morphogenesis,1,,,,,,,
0,1,2,53,GO:0008608,attachment of spindle microtubules to kinetochore,1,,,,,,,
0,1,4,16,GO:0008611;GO:0046504;GO:0097384;GO:1901503,cellular lipid biosynthetic process,1,,,,,,,
0,1,6,11,GO:0008616;GO:0046116,queuosine metabolic process,1,,,,,,,
0,1,2,74,GO:0008625,extrinsic apoptotic signaling pathway via death domain receptors,1,,,,,,,
0,1,2,6,GO:0008626;GO:0140507,granzyme-mediated apoptotic signaling pathway,1,,,,,,,
0,1,3,20,GO:0008628,hormone-mediated apoptotic signaling pathway,1,,,,,,,
0,1,4,160,GO:0008630,intrinsic apoptotic signaling pathway in response to DNA damage,1,,,,,,,
0,1,2,49,GO:0008631;GO:0036473,cell death in response to oxidative stress,1,,,,,,,
0,1,2,11,GO:0008635,activation of cysteine-type endopeptidase activity involved in apoptotic process by cytochrome c,1,,,,,,,
0,1,4,137,GO:0008637,apoptotic mitochondrial changes,1,,,,,,,
0,1,4,108,GO:0008643;GO:0034219,carbohydrate transport,1,,,,,,,
0,1,2,78,GO:0008645;GO:0015749,monosaccharide transmembrane transport,1,,,,,,,
0,0.360994612,2,152,GO:0008652,cellular amino acid biosynthetic process,1,,,,,,,
0,0.214381657,2,544,GO:0008654;GO:0046474;GO:0045017,phospholipid biosynthetic process,1,,,,,,,
0,1,2,34,GO:0008655;GO:0043097;GO:0043174,nucleoside salvage,1,,,,,,,
0,1,2,35,GO:0009047,dosage compensation by hyperactivation of X chromosome,1,,,,,,,
0,1,2,36,GO:0009048,dosage compensation by inactivation of X chromosome,1,,,,,,,
0,0.837190957,2,1965,GO:0009057;GO:0044265,macromolecule catabolic process,1,,,,,,,
0,0.364759618,3,154,GO:0009060,aerobic respiration,1,,,,,,,
0,0.124591994,4,208,GO:0009062;GO:0072329,monocarboxylic acid catabolic process,1,,,,,,,
0,0.128502765,2,212,GO:0009063;GO:1901606,cellular amino acid catabolic process,1,,,,,,,
0,1,3,112,GO:0009064,glutamine family amino acid metabolic process,1,,,,,,,
0,1,5,59,GO:0009065,glutamine family amino acid catabolic process,1,,,,,,,
0,0.257178751,3,101,GO:0009066,aspartate family amino acid metabolic process,1,,,,,,,
0,0.116174358,3,42,GO:0009067,aspartate family amino acid biosynthetic process,1,,,,,,,
0,1,4,36,GO:0009068,aspartate family amino acid catabolic process,1,,,,,,,
0,1,2,80,GO:0009069,serine family amino acid metabolic process,1,,,,,,,
0,1,5,28,GO:0009070,serine family amino acid biosynthetic process,1,,,,,,,
0,1,4,25,GO:0009071,serine family amino acid catabolic process,1,,,,,,,
0,1,3,62,GO:0009072,aromatic amino acid family metabolic process,1,,,,,,,
0,1,2,31,GO:0009074,aromatic amino acid family catabolic process,1,,,,,,,
0,1,4,39,GO:0009081,branched-chain amino acid metabolic process,1,,,,,,,
0,1,2,29,GO:0009083,branched-chain amino acid catabolic process,1,,,,,,,
0,1,2,43,GO:0009084,glutamine family amino acid biosynthetic process,1,,,,,,,
0,0.062617937,4,22,GO:0009086,methionine biosynthetic process,1,,,,,,,
0,1,4,15,GO:0009092;GO:0019346;GO:0070813;GO:0009403;GO:0070814,homoserine metabolic process,1,,,,,,,
0,1,3,9,GO:0009093;GO:0019448,L-cysteine catabolic process,1,,,,,,,
0,0.157262976,2,713,GO:0009100;GO:0009101,glycoprotein metabolic process,1,,,,,,,
0,1,4,6,GO:0009106,lipoate metabolic process,1,,,,,,,
0,1,-1,24,GO:0009109,obsolete coenzyme catabolic process,1,,,,,,,
0,1,2,41,GO:0009110,vitamin biosynthetic process,1,,,,,,,
0,1,3,25,GO:0009111,vitamin catabolic process,1,,,,,,,
0,1,4,99,GO:0009112,nucleobase metabolic process,1,,,,,,,
0,1,5,25,GO:0009113,purine nucleobase biosynthetic process,1,,,,,,,
0,0.239405988,2,318,GO:0009116;GO:1901657,glycosyl compound metabolic process,1,,,,,,,
0,0.165898609,2,249,GO:0009119;GO:0042278;GO:0046128,ribonucleoside metabolic process,1,,,,,,,
0,1,5,32,GO:0009120,deoxyribonucleoside metabolic process,1,,,,,,,
0,1,2,35,GO:0009125,nucleoside monophosphate catabolic process,1,,,,,,,
0,1,2,25,GO:0009130;GO:0009129,pyrimidine nucleoside monophosphate metabolic process,1,,,,,,,
0,1,3,16,GO:0009134;GO:0009191,nucleoside diphosphate catabolic process,1,,,,,,,
0,1,5,8,GO:0009137;GO:0009181,purine nucleoside diphosphate catabolic process,1,,,,,,,
0,1,6,11,GO:0009138;GO:0009193;GO:0046048,pyrimidine nucleoside diphosphate metabolic process,1,,,,,,,
0,1,6,18,GO:0009143,nucleoside triphosphate catabolic process,1,,,,,,,
0,1,6,19,GO:0009147,pyrimidine nucleoside triphosphate metabolic process,1,,,,,,,
0,1,3,6,GO:0009153,purine deoxyribonucleotide biosynthetic process,1,,,,,,,
0,1,3,72,GO:0009154;GO:0009261,ribonucleotide catabolic process,1,,,,,,,
0,1,4,9,GO:0009155;GO:0009217;GO:0009146;GO:0046061,purine deoxyribonucleotide catabolic process,1,,,,,,,
0,1,2,18,GO:0009162;GO:0009157,deoxyribonucleoside monophosphate metabolic process,1,,,,,,,
0,0.032451934,2,96,GO:0009163;GO:1901659;GO:0042455,glycosyl compound biosynthetic process,1,,,,,,,
0,1,3,82,GO:0009164;GO:1901658,glycosyl compound catabolic process,1,,,,,,,
0,1,2,33,GO:0009169;GO:0009128;GO:0009158,ribonucleoside monophosphate catabolic process,1,,,,,,,
0,1,3,8,GO:0009177;GO:0046078;GO:0009176,pyrimidine deoxyribonucleoside monophosphate metabolic process,1,,,,,,,
0,1,2,5,GO:0009182,purine deoxyribonucleoside diphosphate metabolic process,1,,,,,,,
0,1,2,8,GO:0009186;GO:0009189,deoxyribonucleoside diphosphate metabolic process,1,,,,,,,
0,1,2,150,GO:0009187,cyclic nucleotide metabolic process,1,,,,,,,
0,1,3,38,GO:0009200,deoxyribonucleoside triphosphate metabolic process,1,,,,,,,
0,1,2,7,GO:0009202,deoxyribonucleoside triphosphate biosynthetic process,1,,,,,,,
0,1,2,12,GO:0009204,deoxyribonucleoside triphosphate catabolic process,1,,,,,,,
0,1,4,14,GO:0009209;GO:0009148;GO:0009208,pyrimidine nucleoside triphosphate biosynthetic process,1,,,,,,,
0,1,2,8,GO:0009211,pyrimidine deoxyribonucleoside triphosphate metabolic process,1,,,,,,,
0,1,2,5,GO:0009213;GO:0009149,pyrimidine deoxyribonucleoside triphosphate catabolic process,1,,,,,,,
0,1,7,30,GO:0009215;GO:0009151,purine deoxyribonucleotide metabolic process,1,,,,,,,
0,1,3,37,GO:0009218,pyrimidine ribonucleotide metabolic process,1,,,,,,,
0,0.070851072,2,25,GO:0009219,pyrimidine deoxyribonucleotide metabolic process,1,,,,,,,
0,1,2,32,GO:0009220;GO:0046132,pyrimidine ribonucleoside biosynthetic process,1,,,,,,,
0,1,3,11,GO:0009221,pyrimidine deoxyribonucleotide biosynthetic process,1,,,,,,,
0,1,2,102,GO:0009225,nucleotide-sugar metabolic process,1,,,,,,,
0,1,3,43,GO:0009226,nucleotide-sugar biosynthetic process,1,,,,,,,
0,1,3,35,GO:0009235,cobalamin metabolic process,1,,,,,,,
0,1,2,5,GO:0009240;GO:0046490,isopentenyl diphosphate biosynthetic process,1,,,,,,,
0,0.037551254,2,104,GO:0009247,glycolipid biosynthetic process,1,,,,,,,
0,1,3,15,GO:0009249,protein lipoylation,1,,,,,,,
0,1,3,5,GO:0009256,10-formyltetrahydrofolate metabolic process,1,,,,,,,
0,0.178887619,6,67,GO:0009262;GO:0009394;GO:0019692,deoxyribonucleotide metabolic process,1,,,,,,,
0,1,2,23,GO:0009263,deoxyribonucleotide biosynthetic process,1,,,,,,,
0,0.081717598,3,29,GO:0009264;GO:0046386,deoxyribonucleotide catabolic process,1,,,,,,,
0,1,2,17,GO:0009265;GO:0046385,2'-deoxyribonucleotide biosynthetic process,1,,,,,,,
0,0.230341056,3,836,GO:0009266,response to temperature stimulus,1,,,,,,,
0,0.712520145,3,421,GO:0009267,cellular response to starvation,1,,,,,,,
0,1,3,109,GO:0009268,response to pH,1,,,,,,,
0,1,3,6,GO:0009298,GDP-mannose biosynthetic process,1,,,,,,,
0,1,3,61,GO:0009299,mRNA transcription,1,,,,,,,
0,1,2,46,GO:0009303,rRNA transcription,1,,,,,,,
0,1,4,18,GO:0009304;GO:0042797,tRNA transcription,1,,,,,,,
0,1,5,22,GO:0009313,oligosaccharide catabolic process,1,,,,,,,
0,1,4,61,GO:0009395,phospholipid catabolic process,1,,,,,,,
0,1,2,11,GO:0009396,folic acid-containing compound biosynthetic process,1,,,,,,,
0,1,2,44,GO:0009404,toxin metabolic process,1,,,,,,,
0,1,2,9,GO:0009405,pathogenesis,1,,,,,,,
0,0.045542919,2,457,GO:0009408,response to heat,1,,,,,,,
0,1,3,142,GO:0009409,response to cold,1,,,,,,,
0,0.400501434,3,778,GO:0009410,response to xenobiotic stimulus,1,,,,,,,
0,1,2,361,GO:0009411,response to UV,1,,,,,,,
0,0.13164378,3,48,GO:0009414,response to water deprivation,1,,,,,,,
0,0.176465637,2,66,GO:0009415,response to water,1,,,,,,,
0,1,4,1481,GO:0009416;GO:0009314,response to radiation,1,,,,,,,
0,1,4,6,GO:0009436,glyoxylate catabolic process,1,,,,,,,
0,1,5,8,GO:0009445;GO:0009446;GO:0033387,putrescine metabolic process,1,,,,,,,
0,1,2,18,GO:0009448;GO:0009449,gamma-aminobutyric acid metabolic process,1,,,,,,,
0,1,4,5,GO:0009450,gamma-aminobutyric acid catabolic process,1,,,,,,,
0,0.453701266,2,205,GO:0009451,RNA modification,1,,,,,,,
0,1,3,83,GO:0009453;GO:0042331,energy taxis,1,,,,,,,
0,1,2,18,GO:0009454,aerotaxis,1,,,,,,,
0,1,2,537,GO:0009581;GO:0009582,detection of abiotic stimulus,1,,,,,,,
0,1,2,331,GO:0009583,detection of light stimulus,1,,,,,,,
0,1,2,217,GO:0009584,detection of visible light,1,,,,,,,
0,1,3,20,GO:0009589;GO:0007604,detection of UV,1,,,,,,,
0,0.106448494,3,189,GO:0009593,detection of chemical stimulus,1,,,,,,,
0,1,2,7,GO:0009597,detection of virus,1,,,,,,,
0,0.284520698,2,2436,GO:0009607;GO:0051707;GO:0043207,response to biotic stimulus,1,,,,,,,
0,1,2,24,GO:0009608,response to symbiont,1,,,,,,,
0,0.141861992,2,1476,GO:0009611;GO:0042060,response to wounding,1,,,,,,,
0,0.203180814,2,792,GO:0009612,response to mechanical stimulus,1,,,,,,,
0,0.722635127,2,433,GO:0009615,response to virus,1,,,,,,,
0,0.171039012,2,1275,GO:0009617,response to bacterium,1,,,,,,,
0,0.142410399,2,226,GO:0009620;GO:0050832,response to fungus,1,,,,,,,
0,1,2,6,GO:0009624,response to nematode,1,,,,,,,
0,1,2,16,GO:0009631,cold acclimation,1,,,,,,,
0,1,3,55,GO:0009635,response to herbicide,1,,,,,,,
0,0.057826662,2,1428,GO:0009636,response to toxic substance,1,,,,,,,
0,1,2,7,GO:0009637,response to blue light,1,,,,,,,
0,1,2,66,GO:0009642,response to light intensity,1,,,,,,,
0,1,2,7,GO:0009644,response to high light intensity,1,,,,,,,
0,1,2,84,GO:0009648;GO:0043153,photoperiodism,1,,,,,,,
0,0.29766952,2,120,GO:0009649,entrainment of circadian clock,1,,,,,,,
0,1,2,27,GO:0009650,UV protection,1,,,,,,,
0,1,2,105,GO:0009651,response to salt stress,1,,,,,,,
0,1,3,12,GO:0009698;GO:0009804;GO:0046226;GO:0046271,phenylpropanoid metabolic process,1,,,,,,,
0,1,2,49,GO:0009713;GO:0042423,catechol-containing compound biosynthetic process,1,,,,,,,
0,1,6,7,GO:0009730;GO:0009732;GO:0034287;GO:0051594,detection of hexose stimulus,1,,,,,,,
0,0.504359876,4,574,GO:0009743,response to carbohydrate,1,,,,,,,
0,1,6,75,GO:0009744;GO:0034285,response to disaccharide,1,,,,,,,
0,0.390805972,2,459,GO:0009746;GO:0034284;GO:0009749,response to monosaccharide,1,,,,,,,
0,1,3,28,GO:0009750,response to fructose,1,,,,,,,
0,0.642653338,2,348,GO:0009755,hormone-mediated signaling pathway,1,,,,,,,
0,1,5,55,GO:0009786,regulation of asymmetric cell division,1,,,,,,,
0,0.76527014,2,2535,GO:0009791,post-embryonic development,1,,,,,,,
0,0.493088295,2,898,GO:0009798,axis specification,1,,,,,,,
0,1,3,15,GO:0009812,flavonoid metabolic process,1,,,,,,,
0,1,2,15,GO:0009820,alkaloid metabolic process,1,,,,,,,
0,1,3,7,GO:0009822,alkaloid catabolic process,1,,,,,,,
0,1,3,83,GO:0009826,unidimensional cell growth,1,,,,,,,
0,1,2,15,GO:0009838,abscission,1,,,,,,,
0,0.101718505,4,2168,GO:0009894;GO:0031329,regulation of catabolic process,1,,,,,,,
0,0.890995559,5,744,GO:0009895;GO:0031330,negative regulation of catabolic process,1,,,,,,,
0,0.103303239,5,1098,GO:0009896;GO:0031331,positive regulation of catabolic process,1,,,,,,,
0,1,4,28,GO:0009912;GO:0060120,inner ear receptor cell fate commitment,1,,,,,,,
0,1,4,547,GO:0009913,epidermal cell differentiation,1,,,,,,,
0,0.495687805,4,232,GO:0009914;GO:0046879,hormone transport,1,,,,,,,
0,1,4,20,GO:0009946,proximal/distal axis specification,1,,,,,,,
0,0.801011629,3,544,GO:0009948,anterior/posterior axis specification,1,,,,,,,
0,1,4,48,GO:0009949,polarity specification of anterior/posterior axis,1,,,,,,,
0,1,3,272,GO:0009950,dorsal/ventral axis specification,1,,,,,,,
0,1,4,16,GO:0009951,polarity specification of dorsal/ventral axis,1,,,,,,,
0,0.839298124,4,1102,GO:0009952,anterior/posterior pattern specification,1,,,,,,,
0,1,2,736,GO:0009953,dorsal/ventral pattern formation,1,,,,,,,
0,0.432272384,2,192,GO:0009954,proximal/distal pattern formation,1,,,,,,,
0,1,2,30,GO:0009957,epidermal cell fate specification,1,,,,,,,
0,0.042935338,2,112,GO:0009988,cell-cell recognition,1,,,,,,,
0,1,2,636,GO:0009994;GO:0048599,oocyte differentiation,1,,,,,,,
0,1,4,155,GO:0009996;GO:0010454,negative regulation of cell fate commitment,1,,,,,,,
0,1,2,20,GO:0009997;GO:0051892;GO:2000044,negative regulation of cardioblast differentiation,1,,,,,,,
0,0.806889842,2,554,GO:0010001,glial cell differentiation,1,,,,,,,
0,1,2,71,GO:0010002,cardioblast differentiation,1,,,,,,,
0,1,2,21,GO:0010032,meiotic chromosome condensation,1,,,,,,,
0,0.072628083,2,1762,GO:0010035,response to inorganic substance,1,,,,,,,
0,1,4,31,GO:0010037;GO:0071244,response to carbon dioxide,1,,,,,,,
0,0.342969804,4,1008,GO:0010038,response to metal ion,1,,,,,,,
0,1,2,86,GO:0010039,response to iron ion,1,,,,,,,
0,1,6,16,GO:0010040,response to iron(II) ion,1,,,,,,,
0,1,3,20,GO:0010041,response to iron(III) ion,1,,,,,,,
0,1,2,50,GO:0010042,response to manganese ion,1,,,,,,,
0,1,2,111,GO:0010043,response to zinc ion,1,,,,,,,
0,1,5,27,GO:0010044,response to aluminum ion,1,,,,,,,
0,1,2,9,GO:0010045,response to nickel cation,1,,,,,,,
0,1,3,15,GO:0010046,response to mycotoxin,1,,,,,,,
0,1,3,11,GO:0010085,polarity specification of proximal/distal axis,1,,,,,,,
0,1,2,54,GO:0010092,specification of animal organ identity,1,,,,,,,
0,0.118771363,4,43,GO:0010155,regulation of proton transport,1,,,,,,,
0,1,2,6,GO:0010157,response to chlorate,1,,,,,,,
0,1,4,15,GO:0010159,specification of animal organ position,1,,,,,,,
0,1,2,214,GO:0010160;GO:0048859,formation of anatomical boundary,1,,,,,,,
0,1,5,85,GO:0010165,response to X-ray,1,,,,,,,
0,0.697564262,2,404,GO:0010171,body morphogenesis,1,,,,,,,
0,1,4,160,GO:0010172,embryonic body morphogenesis,1,,,,,,,
0,1,3,17,GO:0010193,response to ozone,1,,,,,,,
0,1,2,357,GO:0010212,response to ionizing radiation,1,,,,,,,
0,1,5,17,GO:0010216,maintenance of DNA methylation,1,,,,,,,
0,1,2,37,GO:0010224,response to UV-B,1,,,,,,,
0,1,2,35,GO:0010225,response to UV-C,1,,,,,,,
0,1,5,103,GO:0010226,response to lithium ion,1,,,,,,,
0,1,3,5,GO:0010232,vascular transport,1,,,,,,,
0,1,3,23,GO:0010248,establishment or maintenance of transmembrane electrochemical gradient,1,,,,,,,
0,0.367793207,2,1045,GO:0010256,endomembrane system organization,1,,,,,,,
0,1,3,82,GO:0010257;GO:0032981,NADH dehydrogenase complex assembly,1,,,,,,,
0,1,4,12,GO:0010265,SCF complex assembly,1,,,,,,,
0,1,2,25,GO:0010269,response to selenium ion,1,,,,,,,
0,1,4,48,GO:0010286,heat acclimation,1,,,,,,,
0,1,2,80,GO:0010288,response to lead ion,1,,,,,,,
0,0.097782494,2,35,GO:0010310,regulation of hydrogen peroxide metabolic process,1,,,,,,,
0,1,2,19,GO:0010312,detoxification of zinc ion,1,,,,,,,
0,1,2,225,GO:0010324;GO:0099024,membrane invagination,1,,,,,,,
0,1,5,126,GO:0010332,response to gamma radiation,1,,,,,,,
0,1,6,10,GO:0010353,response to trehalose,1,,,,,,,
0,1,2,25,GO:0010359,regulation of anion channel activity,1,,,,,,,
0,1,2,11,GO:0010360,negative regulation of anion channel activity,1,,,,,,,
0,1,3,13,GO:0010378,temperature compensation of the circadian clock,1,,,,,,,
0,1,2,13,GO:0010383;GO:0044036;GO:0071554,cell wall macromolecule metabolic process,1,,,,,,,
0,1,5,6,GO:0010387,COP9 signalosome assembly,1,,,,,,,
0,0.645829851,2,351,GO:0010389;GO:1902749,regulation of cell cycle G2/M phase transition,1,,,,,,,
0,1,6,61,GO:0010390,histone monoubiquitination,1,,,,,,,
0,1,5,5,GO:0010421;GO:0097468;GO:0036481,hydrogen peroxide-mediated programmed cell death,1,,,,,,,
0,1,2,6,GO:0010424,DNA methylation on cytosine within a CG sequence,1,,,,,,,
0,1,4,21,GO:0010446,response to alkaline pH,1,,,,,,,
0,1,4,44,GO:0010447,response to acidic pH,1,,,,,,,
0,1,7,21,GO:0010452,histone H3-K36 methylation,1,,,,,,,
0,1,3,43,GO:0010455,positive regulation of cell fate commitment,1,,,,,,,
0,1,2,20,GO:0010457,centriole-centriole cohesion,1,,,,,,,
0,1,5,32,GO:0010458,exit from mitosis,1,,,,,,,
0,1,2,21,GO:0010459,negative regulation of heart rate,1,,,,,,,
0,0.212065877,2,81,GO:0010460,positive regulation of heart rate,1,,,,,,,
0,1,2,38,GO:0010463,mesenchymal cell proliferation,1,,,,,,,
0,0.283011976,2,113,GO:0010464;GO:0002053,regulation of mesenchymal cell proliferation,1,,,,,,,
0,0.475065715,2,874,GO:0010469,regulation of signaling receptor activity,1,,,,,,,
0,1,2,201,GO:0010470,regulation of gastrulation,1,,,,,,,
0,1,4,9,GO:0010477,response to sulfur dioxide,1,,,,,,,
0,1,2,736,GO:0010498;GO:0043161,proteasomal protein catabolic process,1,,,,,,,
0,1,3,10,GO:0010499,proteasomal ubiquitin-independent protein catabolic process,1,,,,,,,
0,1,2,76,GO:0010501,RNA secondary structure unwinding,1,,,,,,,
0,0.217256837,2,815,GO:0010506,regulation of autophagy,1,,,,,,,
0,1,3,221,GO:0010507,negative regulation of autophagy,1,,,,,,,
0,0.227499187,3,307,GO:0010508,positive regulation of autophagy,1,,,,,,,
0,1,3,16,GO:0010510;GO:0050812,regulation of acetyl-CoA biosynthetic process from pyruvate,1,,,,,,,
0,1,4,40,GO:0010511,regulation of phosphatidylinositol biosynthetic process,1,,,,,,,
0,1,2,16,GO:0010512,negative regulation of phosphatidylinositol biosynthetic process,1,,,,,,,
0,1,2,24,GO:0010513,positive regulation of phosphatidylinositol biosynthetic process,1,,,,,,,
0,1,4,169,GO:0010517;GO:0010518;GO:0060193,regulation of phospholipase activity,1,,,,,,,
0,1,2,17,GO:0010519,negative regulation of phospholipase activity,1,,,,,,,
0,1,2,6,GO:0010520,regulation of reciprocal meiotic recombination,1,,,,,,,
0,0.556068663,2,275,GO:0010522;GO:0051279,regulation of calcium ion transport into cytosol,1,,,,,,,
0,1,2,47,GO:0010523,negative regulation of calcium ion transport into cytosol,1,,,,,,,
0,1,9,129,GO:0010524,positive regulation of calcium ion transport into cytosol,1,,,,,,,
0,1,4,40,GO:0010528;GO:0010529,regulation of transposition,1,,,,,,,
0,1,4,16,GO:0010533,regulation of activation of Janus kinase activity,1,,,,,,,
0,1,5,9,GO:0010536,positive regulation of activation of Janus kinase activity,1,,,,,,,
0,1,5,73,GO:0010543,regulation of platelet activation,1,,,,,,,
0,1,5,48,GO:0010544,negative regulation of platelet activation,1,,,,,,,
0,1,3,88,GO:0010559;GO:1903018,regulation of glycoprotein metabolic process,1,,,,,,,
0,1,2,49,GO:0010560;GO:1903020,positive regulation of glycoprotein metabolic process,1,,,,,,,
0,0.890576583,2,1733,GO:0010564,regulation of cell cycle process,1,,,,,,,
0,1,2,38,GO:0010566,regulation of ketone biosynthetic process,1,,,,,,,
0,1,5,57,GO:0010569,regulation of double-strand break repair via homologous recombination,1,,,,,,,
0,1,2,20,GO:0010571,positive regulation of nuclear cell cycle DNA replication,1,,,,,,,
0,1,2,7,GO:0010572,positive regulation of platelet activation,1,,,,,,,
0,1,2,6,GO:0010573,vascular endothelial growth factor production,1,,,,,,,
0,1,2,81,GO:0010574;GO:0010575,regulation of vascular endothelial growth factor production,1,,,,,,,
0,1,2,50,GO:0010586,miRNA metabolic process,1,,,,,,,
0,1,4,20,GO:0010587,miRNA catabolic process,1,,,,,,,
0,1,3,104,GO:0010592;GO:1902745,positive regulation of lamellipodium organization,1,,,,,,,
0,0.655193037,5,360,GO:0010594,regulation of endothelial cell migration,1,,,,,,,
0,0.475885706,5,219,GO:0010595,positive regulation of endothelial cell migration,1,,,,,,,
0,1,3,118,GO:0010596,negative regulation of endothelial cell migration,1,,,,,,,
0,1,6,24,GO:0010603,regulation of cytoplasmic mRNA processing body assembly,1,,,,,,,
0,1,2,14,GO:0010606,positive regulation of cytoplasmic mRNA processing body assembly,1,,,,,,,
0,0.856075026,2,1149,GO:0010608,posttranscriptional regulation of gene expression,1,,,,,,,
0,1,2,5,GO:0010609,mRNA localization resulting in posttranscriptional regulation of gene expression,1,,,,,,,
0,0.113996401,2,197,GO:0010611;GO:0014743,regulation of muscle hypertrophy,1,,,,,,,
0,1,2,23,GO:0010612;GO:1903242,regulation of cardiac muscle adaptation,1,,,,,,,
0,1,4,88,GO:0010613;GO:0014742,positive regulation of cardiac muscle hypertrophy,1,,,,,,,
0,1,2,16,GO:0010616;GO:1903243,negative regulation of cardiac muscle adaptation,1,,,,,,,
0,1,6,13,GO:0010621,negative regulation of transcription by transcription factor localization,1,,,,,,,
0,1,3,237,GO:0010623,programmed cell death involved in cell development,1,,,,,,,
0,1,6,17,GO:0010624;GO:0010626,regulation of Schwann cell proliferation,1,,,,,,,
0,0.921390476,2,852,GO:0010631;GO:0090130;GO:0090132,tissue migration,1,,,,,,,
0,0.483655484,3,552,GO:0010632,regulation of epithelial cell migration,1,,,,,,,
0,1,2,167,GO:0010633,negative regulation of epithelial cell migration,1,,,,,,,
0,0.247001134,2,325,GO:0010634,positive regulation of epithelial cell migration,1,,,,,,,
0,1,5,25,GO:0010635,regulation of mitochondrial fusion,1,,,,,,,
0,1,2,9,GO:0010636,positive regulation of mitochondrial fusion,1,,,,,,,
0,1,2,12,GO:0010637,negative regulation of mitochondrial fusion,1,,,,,,,
0,0.846503635,2,1570,GO:0010638,positive regulation of organelle organization,1,,,,,,,
0,0.324897449,6,981,GO:0010639,negative regulation of organelle organization,1,,,,,,,
0,1,2,57,GO:0010640,regulation of platelet-derived growth factor receptor signaling pathway,1,,,,,,,
0,1,3,14,GO:0010641,positive regulation of platelet-derived growth factor receptor signaling pathway,1,,,,,,,
0,1,3,37,GO:0010642,negative regulation of platelet-derived growth factor receptor signaling pathway,1,,,,,,,
0,1,3,59,GO:0010644;GO:0086064,cell communication by electrical coupling,1,,,,,,,
0,1,2,38,GO:0010649,regulation of cell communication by electrical coupling,1,,,,,,,
0,1,8,132,GO:0010656,negative regulation of muscle cell apoptotic process,1,,,,,,,
0,1,2,15,GO:0010657;GO:0010658;GO:0010659,muscle cell apoptotic process,1,,,,,,,
0,1,2,207,GO:0010660,regulation of muscle cell apoptotic process,1,,,,,,,
0,1,2,75,GO:0010661,positive regulation of muscle cell apoptotic process,1,,,,,,,
0,1,2,118,GO:0010662;GO:0010665,regulation of striated muscle cell apoptotic process,1,,,,,,,
0,1,3,45,GO:0010663;GO:0010666,positive regulation of striated muscle cell apoptotic process,1,,,,,,,
0,1,2,75,GO:0010664;GO:0010667,negative regulation of striated muscle cell apoptotic process,1,,,,,,,
0,1,3,22,GO:0010668,ectodermal cell differentiation,1,,,,,,,
0,1,2,127,GO:0010669,epithelial structure maintenance,1,,,,,,,
0,1,2,112,GO:0010677;GO:0045912,negative regulation of carbohydrate metabolic process,1,,,,,,,
0,1,2,31,GO:0010692,regulation of alkaline phosphatase activity,1,,,,,,,
0,1,2,11,GO:0010693,negative regulation of alkaline phosphatase activity,1,,,,,,,
0,1,2,20,GO:0010694,positive regulation of alkaline phosphatase activity,1,,,,,,,
0,1,5,25,GO:0010700,negative regulation of norepinephrine secretion,1,,,,,,,
0,1,5,18,GO:0010701,positive regulation of norepinephrine secretion,1,,,,,,,
0,1,7,6,GO:0010705,meiotic DNA double-strand break processing involved in reciprocal meiotic recombination,1,,,,,,,
0,1,2,7,GO:0010710,regulation of collagen catabolic process,1,,,,,,,
0,1,4,116,GO:0010712;GO:0032965,regulation of collagen metabolic process,1,,,,,,,
0,1,5,27,GO:0010713;GO:0032966,negative regulation of collagen metabolic process,1,,,,,,,
0,1,5,76,GO:0010714;GO:0032967,positive regulation of collagen metabolic process,1,,,,,,,
0,1,2,40,GO:0010715,regulation of extracellular matrix disassembly,1,,,,,,,
0,1,2,6,GO:0010716,negative regulation of extracellular matrix disassembly,1,,,,,,,
0,1,2,197,GO:0010717,regulation of epithelial to mesenchymal transition,1,,,,,,,
0,1,2,97,GO:0010718,positive regulation of epithelial to mesenchymal transition,1,,,,,,,
0,1,3,73,GO:0010719,negative regulation of epithelial to mesenchymal transition,1,,,,,,,
0,0.991098306,3,2224,GO:0010720;GO:0051962,positive regulation of cell development,1,,,,,,,
0,1,2,8,GO:0010724,regulation of definitive erythrocyte differentiation,1,,,,,,,
0,1,2,5,GO:0010725,regulation of primitive erythrocyte differentiation,1,,,,,,,
0,1,7,15,GO:0010727,negative regulation of hydrogen peroxide metabolic process,1,,,,,,,
0,1,2,9,GO:0010728;GO:0010730,regulation of hydrogen peroxide biosynthetic process,1,,,,,,,
0,1,7,5,GO:0010732;GO:0010734,regulation of protein glutathionylation,1,,,,,,,
0,1,4,12,GO:0010735,positive regulation of transcription via serum response element binding,1,,,,,,,
0,1,2,30,GO:0010737,protein kinase A signaling,1,,,,,,,
0,1,2,50,GO:0010738,regulation of protein kinase A signaling,1,,,,,,,
0,1,7,26,GO:0010739,positive regulation of protein kinase A signaling,1,,,,,,,
0,1,4,17,GO:0010742;GO:0090077,foam cell differentiation,1,,,,,,,
0,1,2,54,GO:0010743,regulation of macrophage derived foam cell differentiation,1,,,,,,,
0,1,2,21,GO:0010744,positive regulation of macrophage derived foam cell differentiation,1,,,,,,,
0,1,3,33,GO:0010745,negative regulation of macrophage derived foam cell differentiation,1,,,,,,,
0,1,4,17,GO:0010746;GO:0140212;GO:0010748;GO:0140213,regulation of long-chain fatty acid import across plasma membrane,1,,,,,,,
0,1,2,12,GO:0010749,regulation of nitric oxide mediated signal transduction,1,,,,,,,
0,1,4,6,GO:0010750,positive regulation of nitric oxide mediated signal transduction,1,,,,,,,
0,1,3,6,GO:0010751,negative regulation of nitric oxide mediated signal transduction,1,,,,,,,
0,1,2,49,GO:0010752,regulation of cGMP-mediated signaling,1,,,,,,,
0,1,4,17,GO:0010753,positive regulation of cGMP-mediated signaling,1,,,,,,,
0,1,2,33,GO:0010754,negative regulation of cGMP-mediated signaling,1,,,,,,,
0,0.108337912,3,39,GO:0010755,regulation of plasminogen activation,1,,,,,,,
0,0.048735665,3,17,GO:0010756,positive regulation of plasminogen activation,1,,,,,,,
0,1,5,19,GO:0010757,negative regulation of plasminogen activation,1,,,,,,,
0,1,6,53,GO:0010758;GO:1905521,regulation of macrophage migration,1,,,,,,,
0,1,4,8,GO:0010760,negative regulation of macrophage chemotaxis,1,,,,,,,
0,1,2,23,GO:0010761,fibroblast migration,1,,,,,,,
0,1,3,87,GO:0010762,regulation of fibroblast migration,1,,,,,,,
0,1,4,50,GO:0010763,positive regulation of fibroblast migration,1,,,,,,,
0,1,2,9,GO:0010764,negative regulation of fibroblast migration,1,,,,,,,
0,1,3,120,GO:0010765,positive regulation of sodium ion transport,1,,,,,,,
0,1,3,42,GO:0010766,negative regulation of sodium ion transport,1,,,,,,,
0,1,4,5,GO:0010767,regulation of transcription from RNA polymerase II promoter in response to UV-induced DNA damage,1,,,,,,,
0,0.980520791,6,1308,GO:0010769,regulation of cell morphogenesis involved in differentiation,1,,,,,,,
0,0.862083002,2,666,GO:0010770,positive regulation of cell morphogenesis involved in differentiation,1,,,,,,,
0,0.611615889,2,320,GO:0010771,negative regulation of cell morphogenesis involved in differentiation,1,,,,,,,
0,1,3,6,GO:0010796,regulation of multivesicular body size,1,,,,,,,
0,1,3,110,GO:0010799,regulation of peptidyl-threonine phosphorylation,1,,,,,,,
0,1,4,78,GO:0010800,positive regulation of peptidyl-threonine phosphorylation,1,,,,,,,
0,1,2,44,GO:0010801,negative regulation of peptidyl-threonine phosphorylation,1,,,,,,,
0,1,2,111,GO:0010803,regulation of tumor necrosis factor-mediated signaling pathway,1,,,,,,,
0,1,2,37,GO:0010804,negative regulation of tumor necrosis factor-mediated signaling pathway,1,,,,,,,
0,1,6,28,GO:0010807,regulation of synaptic vesicle priming,1,,,,,,,
0,1,2,7,GO:0010808,positive regulation of synaptic vesicle priming,1,,,,,,,
0,0.782296121,5,514,GO:0010810,regulation of cell-substrate adhesion,1,,,,,,,
0,1,2,313,GO:0010811,positive regulation of cell-substrate adhesion,1,,,,,,,
0,1,6,154,GO:0010812,negative regulation of cell-substrate adhesion,1,,,,,,,
0,1,2,6,GO:0010813,neuropeptide catabolic process,1,,,,,,,
0,1,2,11,GO:0010815,bradykinin catabolic process,1,,,,,,,
0,0.985790402,3,1410,GO:0010817,regulation of hormone levels,1,,,,,,,
0,1,2,18,GO:0010818,T cell chemotaxis,1,,,,,,,
0,1,7,16,GO:0010819;GO:0010820,regulation of T cell chemotaxis,1,,,,,,,
0,0.638374185,2,344,GO:0010821,regulation of mitochondrion organization,1,,,,,,,
0,0.432272384,7,192,GO:0010822,positive regulation of mitochondrion organization,1,,,,,,,
0,1,2,130,GO:0010823,negative regulation of mitochondrion organization,1,,,,,,,
0,1,2,93,GO:0010824,regulation of centrosome duplication,1,,,,,,,
0,1,2,8,GO:0010825,positive regulation of centrosome duplication,1,,,,,,,
0,1,4,48,GO:0010826;GO:0046606,negative regulation of centrosome cycle,1,,,,,,,
0,0.151514938,3,235,GO:0010827;GO:0046324,regulation of glucose transmembrane transport,1,,,,,,,
0,0.079524359,3,159,GO:0010828;GO:1903961;GO:0046326,positive regulation of anion transmembrane transport,1,,,,,,,
0,1,4,68,GO:0010829;GO:0046325,negative regulation of glucose transmembrane transport,1,,,,,,,
0,1,4,184,GO:0010830,regulation of myotube differentiation,1,,,,,,,
0,1,3,83,GO:0010831,positive regulation of myotube differentiation,1,,,,,,,
0,1,3,27,GO:0010832,negative regulation of myotube differentiation,1,,,,,,,
0,1,2,14,GO:0010835,regulation of protein ADP-ribosylation,1,,,,,,,
0,1,6,65,GO:0010837,regulation of keratinocyte proliferation,1,,,,,,,
0,1,2,22,GO:0010838,positive regulation of keratinocyte proliferation,1,,,,,,,
0,1,3,30,GO:0010839,negative regulation of keratinocyte proliferation,1,,,,,,,
0,1,3,92,GO:0010842,retina layer formation,1,,,,,,,
0,1,3,76,GO:0010847;GO:0031445;GO:0120261,regulation of chromatin assembly,1,,,,,,,
0,1,7,5,GO:0010848,regulation of chromatin disassembly,1,,,,,,,
0,0.062215133,3,138,GO:0010862;GO:0060393,regulation of pathway-restricted SMAD protein phosphorylation,1,,,,,,,
0,1,3,48,GO:0010866,regulation of triglyceride biosynthetic process,1,,,,,,,
0,1,2,29,GO:0010867,positive regulation of triglyceride biosynthetic process,1,,,,,,,
0,1,4,9,GO:0010868,negative regulation of triglyceride biosynthetic process,1,,,,,,,
0,1,-1,45,GO:0010869,obsolete regulation of receptor biosynthetic process,1,,,,,,,
0,1,-1,18,GO:0010870,obsolete positive regulation of receptor biosynthetic process,1,,,,,,,
0,1,-1,17,GO:0010871,obsolete negative regulation of receptor biosynthetic process,1,,,,,,,
0,1,5,15,GO:0010872,regulation of cholesterol esterification,1,,,,,,,
0,1,2,11,GO:0010873,positive regulation of cholesterol esterification,1,,,,,,,
0,1,3,50,GO:0010874,regulation of cholesterol efflux,1,,,,,,,
0,1,7,35,GO:0010875,positive regulation of cholesterol efflux,1,,,,,,,
0,0.903117688,3,783,GO:0010876;GO:0006869,lipid localization,1,,,,,,,
0,1,2,11,GO:0010877,lipid transport involved in lipid storage,1,,,,,,,
0,0.230426796,2,89,GO:0010880;GO:0010881,regulation of release of sequestered calcium ion into cytosol by sarcoplasmic reticulum,1,,,,,,,
0,1,5,96,GO:0010882,regulation of cardiac muscle contraction by calcium ion signaling,1,,,,,,,
0,0.548093011,2,269,GO:0010883,regulation of lipid storage,1,,,,,,,
0,1,2,109,GO:0010884,positive regulation of lipid storage,1,,,,,,,
0,1,4,29,GO:0010885,regulation of cholesterol storage,1,,,,,,,
0,1,5,15,GO:0010886,positive regulation of cholesterol storage,1,,,,,,,
0,1,2,14,GO:0010887,negative regulation of cholesterol storage,1,,,,,,,
0,0.219001368,2,84,GO:0010888,negative regulation of lipid storage,1,,,,,,,
0,0.118771363,3,43,GO:0010889,regulation of sequestering of triglyceride,1,,,,,,,
0,1,3,22,GO:0010890,positive regulation of sequestering of triglyceride,1,,,,,,,
0,0.040309056,2,14,GO:0010891,negative regulation of sequestering of triglyceride,1,,,,,,,
0,1,3,76,GO:0010893;GO:0045940,positive regulation of steroid metabolic process,1,,,,,,,
0,1,4,49,GO:0010894;GO:0045939,negative regulation of steroid metabolic process,1,,,,,,,
0,1,2,46,GO:0010896,regulation of triglyceride catabolic process,1,,,,,,,
0,1,7,20,GO:0010897,negative regulation of triglyceride catabolic process,1,,,,,,,
0,1,2,26,GO:0010898,positive regulation of triglyceride catabolic process,1,,,,,,,
0,1,4,7,GO:0010899,regulation of phosphatidylcholine catabolic process,1,,,,,,,
0,0.04572926,2,116,GO:0010907,positive regulation of glucose metabolic process,1,,,,,,,
0,1,5,6,GO:0010908;GO:0010909;GO:1902730,positive regulation of proteoglycan biosynthetic process,1,,,,,,,
0,1,2,21,GO:0010911;GO:0010912,regulation of isomerase activity,1,,,,,,,
0,1,2,24,GO:0010917;GO:0045837,negative regulation of membrane potential,1,,,,,,,
0,1,5,32,GO:0010918,positive regulation of mitochondrial membrane potential,1,,,,,,,
0,1,2,32,GO:0010919;GO:0060732,regulation of inositol phosphate biosynthetic process,1,,,,,,,
0,1,2,5,GO:0010920,negative regulation of inositol phosphate biosynthetic process,1,,,,,,,
0,1,2,458,GO:0010921;GO:0035303,regulation of dephosphorylation,1,,,,,,,
0,1,3,79,GO:0010922,positive regulation of phosphatase activity,1,,,,,,,
0,1,5,220,GO:0010923;GO:0035305,negative regulation of dephosphorylation,1,,,,,,,
0,1,2,30,GO:0010935,regulation of macrophage cytokine production,1,,,,,,,
0,1,2,17,GO:0010936,negative regulation of macrophage cytokine production,1,,,,,,,
0,1,5,5,GO:0010938;GO:0070462,cytoplasmic microtubule depolymerization,1,,,,,,,
0,1,2,135,GO:0010939,regulation of necrotic cell death,1,,,,,,,
0,1,3,96,GO:0010940,positive regulation of necrotic cell death,1,,,,,,,
0,0.686026982,2,1951,GO:0010942;GO:0043065;GO:0043068,positive regulation of cell death,1,,,,,,,
0,1,5,18,GO:0010944,negative regulation of transcription by competitive promoter binding,1,,,,,,,
0,0.585032228,2,666,GO:0010948,negative regulation of cell cycle process,1,,,,,,,
0,1,2,424,GO:0010950;GO:0010952,positive regulation of peptidase activity,1,,,,,,,
0,0.18611144,2,70,GO:0010954;GO:1903319,positive regulation of protein maturation,1,,,,,,,
0,1,3,100,GO:0010955;GO:1903318,negative regulation of protein maturation,1,,,,,,,
0,1,6,10,GO:0010956;GO:0010957;GO:0046137,negative regulation of vitamin D biosynthetic process,1,,,,,,,
0,1,8,32,GO:0010958;GO:1903789,regulation of amino acid transmembrane transport,1,,,,,,,
0,0.939095085,2,936,GO:0010959,regulation of metal ion transport,1,,,,,,,
0,1,2,48,GO:0010960,magnesium ion homeostasis,1,,,,,,,
0,1,2,7,GO:0010961,cellular magnesium ion homeostasis,1,,,,,,,
0,1,3,5,GO:0010963,regulation of L-arginine import,1,,,,,,,
0,0.381432852,3,163,GO:0010965;GO:1905818;GO:0030071;GO:1902099,regulation of chromosome separation,1,,,,,,,
0,1,2,17,GO:0010966,regulation of phosphate transport,1,,,,,,,
0,1,2,27,GO:0010968,regulation of microtubule nucleation,1,,,,,,,
0,0.781643214,3,513,GO:0010970;GO:0030705;GO:0099111,cytoskeleton-dependent intracellular transport,1,,,,,,,
0,1,2,59,GO:0010971;GO:1902751,positive regulation of cell cycle G2/M phase transition,1,,,,,,,
0,0.312031087,2,127,GO:0010972;GO:1902750,negative regulation of cell cycle G2/M phase transition,1,,,,,,,
0,0.980777374,2,2995,GO:0010975;GO:0120035;GO:0031344;GO:0045664,regulation of neuron differentiation,1,,,,,,,
0,0.985206487,2,1397,GO:0010976;GO:0031346,positive regulation of cell projection organization,1,,,,,,,
0,0.266655326,2,611,GO:0010977;GO:0031345,negative regulation of cell projection organization,1,,,,,,,
0,1,4,9,GO:0010979;GO:0010980,regulation of vitamin D 24-hydroxylase activity,1,,,,,,,
0,1,3,33,GO:0010984,regulation of lipoprotein particle clearance,1,,,,,,,
0,1,2,16,GO:0010985;GO:0010989,negative regulation of lipoprotein particle clearance,1,,,,,,,
0,1,2,8,GO:0010986,positive regulation of lipoprotein particle clearance,1,,,,,,,
0,1,5,23,GO:0010988,regulation of low-density lipoprotein particle clearance,1,,,,,,,
0,1,2,12,GO:0010990;GO:0010991,regulation of SMAD protein complex assembly,1,,,,,,,
0,1,4,12,GO:0010992,ubiquitin recycling,1,,,,,,,
0,1,3,84,GO:0010996,response to auditory stimulus,1,,,,,,,
0,1,2,6,GO:0010998,regulation of translational initiation by eIF2 alpha phosphorylation,1,,,,,,,
0,1,5,41,GO:0012502;GO:0035072;GO:0035078;GO:0035081,ecdysone-mediated induction of salivary gland cell autophagic cell death,1,,,,,,,
0,1,2,62,GO:0014002,astrocyte development,1,,,,,,,
0,1,2,105,GO:0014003,oligodendrocyte development,1,,,,,,,
0,1,2,13,GO:0014004,microglia differentiation,1,,,,,,,
0,1,3,9,GO:0014005,microglia development,1,,,,,,,
0,1,2,38,GO:0014009,glial cell proliferation,1,,,,,,,
0,1,7,23,GO:0014012,peripheral nervous system axon regeneration,1,,,,,,,
0,0.604626423,4,314,GO:0014013,regulation of gliogenesis,1,,,,,,,
0,1,3,132,GO:0014014,negative regulation of gliogenesis,1,,,,,,,
0,0.401225299,2,174,GO:0014015,positive regulation of gliogenesis,1,,,,,,,
0,1,3,128,GO:0014016;GO:0014017,neuroblast differentiation,1,,,,,,,
0,1,4,30,GO:0014018,neuroblast fate specification,1,,,,,,,
0,1,4,36,GO:0014019,neuroblast development,1,,,,,,,
0,1,2,9,GO:0014022;GO:0022007,neural plate elongation,1,,,,,,,
0,1,2,16,GO:0014028,notochord formation,1,,,,,,,
0,1,5,43,GO:0014029,neural crest formation,1,,,,,,,
0,0.59631494,4,307,GO:0014031;GO:0014032;GO:0048864;GO:0014033,stem cell development,1,,,,,,,
0,1,4,24,GO:0014034,neural crest cell fate commitment,1,,,,,,,
0,1,2,11,GO:0014036,neural crest cell fate specification,1,,,,,,,
0,1,5,84,GO:0014037,Schwann cell differentiation,1,,,,,,,
0,1,2,6,GO:0014038,regulation of Schwann cell differentiation,1,,,,,,,
0,1,2,82,GO:0014041,regulation of neuron maturation,1,,,,,,,
0,1,5,41,GO:0014042,positive regulation of neuron maturation,1,,,,,,,
0,1,7,22,GO:0014043,negative regulation of neuron maturation,1,,,,,,,
0,1,5,65,GO:0014044;GO:0022011;GO:0032292,Schwann cell development,1,,,,,,,
0,1,3,15,GO:0014045,establishment of endothelial blood-brain barrier,1,,,,,,,
0,1,2,70,GO:0014048,regulation of glutamate secretion,1,,,,,,,
0,1,3,38,GO:0014049,positive regulation of glutamate secretion,1,,,,,,,
0,1,3,18,GO:0014050,negative regulation of glutamate secretion,1,,,,,,,
0,1,2,30,GO:0014051,gamma-aminobutyric acid secretion,1,,,,,,,
0,1,6,31,GO:0014052,regulation of gamma-aminobutyric acid secretion,1,,,,,,,
0,1,2,10,GO:0014053,negative regulation of gamma-aminobutyric acid secretion,1,,,,,,,
0,1,2,19,GO:0014054,positive regulation of gamma-aminobutyric acid secretion,1,,,,,,,
0,0.239448163,3,93,GO:0014059,regulation of dopamine secretion,1,,,,,,,
0,1,2,30,GO:0014060;GO:0032811,regulation of epinephrine secretion,1,,,,,,,
0,1,2,55,GO:0014061,regulation of norepinephrine secretion,1,,,,,,,
0,1,3,26,GO:0014062,regulation of serotonin secretion,1,,,,,,,
0,1,2,14,GO:0014063,negative regulation of serotonin secretion,1,,,,,,,
0,1,2,6,GO:0014064,positive regulation of serotonin secretion,1,,,,,,,
0,0.25278475,5,99,GO:0014065,phosphatidylinositol 3-kinase signaling,1,,,,,,,
0,0.577919236,2,292,GO:0014066,regulation of phosphatidylinositol 3-kinase signaling,1,,,,,,,
0,1,3,66,GO:0014067,negative regulation of phosphatidylinositol 3-kinase signaling,1,,,,,,,
0,1,4,186,GO:0014068,positive regulation of phosphatidylinositol 3-kinase signaling,1,,,,,,,
0,0.109224484,2,2483,GO:0014070,response to organic cyclic compound,1,,,,,,,
0,0.295593846,5,119,GO:0014072;GO:0043278,response to isoquinoline alkaloid,1,,,,,,,
0,1,5,152,GO:0014075,response to amine,1,,,,,,,
0,1,5,6,GO:0014717,regulation of satellite cell activation involved in skeletal muscle regeneration,1,,,,,,,
0,1,2,5,GO:0014719,skeletal muscle satellite cell activation,1,,,,,,,
0,1,6,13,GO:0014722;GO:0014809;GO:0021629,regulation of skeletal muscle contraction by calcium ion signaling,1,,,,,,,
0,1,5,14,GO:0014724,regulation of twitch skeletal muscle contraction,1,,,,,,,
0,1,6,10,GO:0014728;GO:0014862,regulation of the force of skeletal muscle contraction,1,,,,,,,
0,1,2,45,GO:0014733,regulation of skeletal muscle adaptation,1,,,,,,,
0,1,2,5,GO:0014734,skeletal muscle hypertrophy,1,,,,,,,
0,1,2,6,GO:0014735;GO:0014737,regulation of muscle atrophy,1,,,,,,,
0,1,2,11,GO:0014744,positive regulation of muscle adaptation,1,,,,,,,
0,1,2,23,GO:0014745,negative regulation of muscle adaptation,1,,,,,,,
0,1,2,6,GO:0014805,smooth muscle adaptation,1,,,,,,,
0,1,4,31,GO:0014807,regulation of somitogenesis,1,,,,,,,
0,1,4,20,GO:0014808;GO:1903514,release of sequestered calcium ion into cytosol by endoplasmic reticulum,1,,,,,,,
0,0.159313101,4,59,GO:0014812,muscle cell migration,1,,,,,,,
0,1,2,8,GO:0014816,skeletal muscle satellite cell differentiation,1,,,,,,,
0,1,4,36,GO:0014819,regulation of skeletal muscle contraction,1,,,,,,,
0,1,2,21,GO:0014820;GO:0014824,tonic smooth muscle contraction,1,,,,,,,
0,1,2,41,GO:0014821,phasic smooth muscle contraction,1,,,,,,,
0,1,2,8,GO:0014826,vein smooth muscle contraction,1,,,,,,,
0,1,2,7,GO:0014827,intestine smooth muscle contraction,1,,,,,,,
0,1,3,31,GO:0014829,vascular associated smooth muscle contraction,1,,,,,,,
0,1,3,17,GO:0014831,gastro-intestinal system smooth muscle contraction,1,,,,,,,
0,1,2,37,GO:0014832;GO:0014848,urinary tract smooth muscle contraction,1,,,,,,,
0,1,2,8,GO:0014834,skeletal muscle satellite cell maintenance involved in skeletal muscle regeneration,1,,,,,,,
0,1,5,7,GO:0014835,myoblast differentiation involved in skeletal muscle regeneration,1,,,,,,,
0,1,4,8,GO:0014846,esophagus smooth muscle contraction,1,,,,,,,
0,1,2,48,GO:0014854,response to inactivity,1,,,,,,,
0,1,3,43,GO:0014855;GO:0060038,striated muscle cell proliferation,1,,,,,,,
0,1,2,19,GO:0014858,positive regulation of skeletal muscle cell proliferation,1,,,,,,,
0,1,3,35,GO:0014870;GO:0014877;GO:0014894,response to muscle inactivity,1,,,,,,,
0,1,3,6,GO:0014873,response to muscle activity involved in regulation of muscle adaptation,1,,,,,,,
0,1,2,41,GO:0014874,response to stimulus involved in regulation of muscle adaptation,1,,,,,,,
0,1,3,13,GO:0014878,response to electrical stimulus involved in regulation of muscle adaptation,1,,,,,,,
0,1,2,12,GO:0014881,regulation of myofibril size,1,,,,,,,
0,1,3,30,GO:0014883,transition between fast and slow fiber,1,,,,,,,
0,0.263721952,2,104,GO:0014904;GO:0048741,myotube cell development,1,,,,,,,
0,1,7,6,GO:0014908,myotube differentiation involved in skeletal muscle regeneration,1,,,,,,,
0,1,5,26,GO:0014909,smooth muscle cell migration,1,,,,,,,
0,0.482059066,6,223,GO:0014910,regulation of smooth muscle cell migration,1,,,,,,,
0,1,2,157,GO:0014911,positive regulation of smooth muscle cell migration,1,,,,,,,
0,0.156834113,2,58,GO:0014912,negative regulation of smooth muscle cell migration,1,,,,,,,
0,1,4,6,GO:0014916,regulation of lung blood pressure,1,,,,,,,
0,1,5,93,GO:0015012;GO:0030201,heparan sulfate proteoglycan metabolic process,1,,,,,,,
0,0.921097136,4,2783,GO:0015031;GO:0015833;GO:0045184;GO:0042886,establishment of protein localization,1,,,,,,,
0,1,5,11,GO:0015074,DNA integration,1,,,,,,,
0,1,4,50,GO:0015669,gas transport,1,,,,,,,
0,1,3,15,GO:0015670,carbon dioxide transport,1,,,,,,,
0,1,5,35,GO:0015671,oxygen transport,1,,,,,,,
0,0.955914263,3,1042,GO:0015672,monovalent inorganic cation transport,1,,,,,,,
0,1,6,19,GO:0015677,copper ion import,1,,,,,,,
0,1,3,7,GO:0015679,plasma membrane copper ion transport,1,,,,,,,
0,1,5,12,GO:0015691;GO:0070574;GO:0071585,cadmium ion transmembrane transport,1,,,,,,,
0,1,2,33,GO:0015693,magnesium ion transport,1,,,,,,,
0,1,2,106,GO:0015695,organic cation transport,1,,,,,,,
0,0.379601824,2,162,GO:0015696,ammonium transport,1,,,,,,,
0,1,5,21,GO:0015697,quaternary ammonium group transport,1,,,,,,,
0,0.62634386,3,333,GO:0015698,inorganic anion transport,1,,,,,,,
0,1,2,69,GO:0015701,bicarbonate transport,1,,,,,,,
0,1,2,10,GO:0015705,iodide transport,1,,,,,,,
0,0.754746341,4,916,GO:0015711,organic anion transport,1,,,,,,,
0,1,3,12,GO:0015712;GO:0015760,hexose phosphate transport,1,,,,,,,
0,0.747922072,9,465,GO:0015718,monocarboxylic acid transport,1,,,,,,,
0,1,2,54,GO:0015721,bile acid and bile salt transport,1,,,,,,,
0,1,2,14,GO:0015722,canalicular bile acid transport,1,,,,,,,
0,1,2,12,GO:0015724,formate transport,1,,,,,,,
0,1,6,17,GO:0015727;GO:0035873,lactate transmembrane transport,1,,,,,,,
0,1,2,14,GO:0015732,prostaglandin transport,1,,,,,,,
0,1,3,5,GO:0015734;GO:0042918,taurine transport,1,,,,,,,
0,0.105710546,4,38,GO:0015740,C4-dicarboxylate transport,1,,,,,,,
0,0.034650408,8,12,GO:0015744;GO:0071422,succinate transmembrane transport,1,,,,,,,
0,1,2,9,GO:0015747,urate transport,1,,,,,,,
0,1,2,220,GO:0015748,organophosphate ester transport,1,,,,,,,
0,1,7,6,GO:0015755,fructose transmembrane transport,1,,,,,,,
0,1,4,21,GO:0015780;GO:0090481,nucleotide-sugar transmembrane transport,1,,,,,,,
0,1,2,6,GO:0015786;GO:0015789,UDP-glucose transmembrane transport,1,,,,,,,
0,1,2,6,GO:0015790,UDP-xylose transmembrane transport,1,,,,,,,
0,1,2,27,GO:0015791,polyol transport,1,,,,,,,
0,1,2,11,GO:0015793,glycerol transport,1,,,,,,,
0,1,5,5,GO:0015797;GO:0090088;GO:0090089;GO:2000878;GO:2000880;GO:2001148,regulation of dipeptide transport,1,,,,,,,
0,1,2,9,GO:0015798,myo-inositol transport,1,,,,,,,
0,1,6,121,GO:0015800,acidic amino acid transport,1,,,,,,,
0,1,2,21,GO:0015801,aromatic amino acid transport,1,,,,,,,
0,1,2,29,GO:0015802,basic amino acid transport,1,,,,,,,
0,1,2,17,GO:0015803;GO:0015820,branched-chain amino acid transport,1,,,,,,,
0,1,2,92,GO:0015804,neutral amino acid transport,1,,,,,,,
0,1,3,157,GO:0015807;GO:1902475,L-amino acid transport,1,,,,,,,
0,1,3,13,GO:0015808,L-alanine transport,1,,,,,,,
0,1,2,18,GO:0015809;GO:1903826;GO:1990822,basic amino acid transmembrane transport,1,,,,,,,
0,1,2,10,GO:0015810,aspartate transmembrane transport,1,,,,,,,
0,1,3,10,GO:0015811,L-cystine transport,1,,,,,,,
0,1,6,48,GO:0015812,gamma-aminobutyric acid transport,1,,,,,,,
0,1,3,54,GO:0015813,L-glutamate transmembrane transport,1,,,,,,,
0,1,2,21,GO:0015816,glycine transport,1,,,,,,,
0,1,2,6,GO:0015817,histidine transport,1,,,,,,,
0,1,3,6,GO:0015819,lysine transport,1,,,,,,,
0,1,3,13,GO:0015822;GO:1902022;GO:1903352;GO:1903401,L-lysine transmembrane transport,1,,,,,,,
0,1,2,15,GO:0015824,proline transport,1,,,,,,,
0,1,4,6,GO:0015827,tryptophan transport,1,,,,,,,
0,1,2,20,GO:0015837,amine transport,1,,,,,,,
0,1,2,13,GO:0015838,amino-acid betaine transport,1,,,,,,,
0,1,2,10,GO:0015840,urea transport,1,,,,,,,
0,1,4,7,GO:0015842,aminergic neurotransmitter loading into synaptic vesicle,1,,,,,,,
0,0.159313101,4,59,GO:0015844,monoamine transport,1,,,,,,,
0,0.556358403,2,632,GO:0015849;GO:0046942,organic acid transport,1,,,,,,,
0,0.579170959,2,293,GO:0015850,organic hydroxy compound transport,1,,,,,,,
0,1,2,15,GO:0015853,adenine transport,1,,,,,,,
0,1,2,8,GO:0015854,guanine transport,1,,,,,,,
0,1,5,10,GO:0015855,pyrimidine nucleobase transport,1,,,,,,,
0,1,2,19,GO:0015858,nucleoside transport,1,,,,,,,
0,1,7,12,GO:0015862;GO:0015864;GO:1901642,nucleoside transmembrane transport,1,,,,,,,
0,1,2,35,GO:0015865;GO:0015868;GO:0051503,purine nucleotide transport,1,,,,,,,
0,1,2,24,GO:0015866;GO:0015867,ATP transport,1,,,,,,,
0,1,3,30,GO:0015871,choline transport,1,,,,,,,
0,0.073579549,3,26,GO:0015872,dopamine transport,1,,,,,,,
0,1,3,5,GO:0015874,norepinephrine transport,1,,,,,,,
0,1,3,9,GO:0015879,carnitine transport,1,,,,,,,
0,1,2,6,GO:0015880;GO:0035349;GO:0080121,coenzyme A transport,1,,,,,,,
0,1,3,10,GO:0015884;GO:0098838,folic acid transport,1,,,,,,,
0,1,2,31,GO:0015886;GO:1901678,iron coordination entity transport,1,,,,,,,
0,1,4,10,GO:0015888,thiamine transport,1,,,,,,,
0,1,2,12,GO:0015889,cobalamin transport,1,,,,,,,
0,0.320797684,4,393,GO:0015893,drug transport,1,,,,,,,
0,0.567772205,2,284,GO:0015908,fatty acid transport,1,,,,,,,
0,0.309997331,6,126,GO:0015909,long-chain fatty acid transport,1,,,,,,,
0,1,4,7,GO:0015910,long-chain fatty acid import into peroxisome,1,,,,,,,
0,1,6,10,GO:0015911,long-chain fatty acid import across plasma membrane,1,,,,,,,
0,1,2,160,GO:0015914,phospholipid transport,1,,,,,,,
0,1,3,8,GO:0015917,aminophospholipid transport,1,,,,,,,
0,1,5,124,GO:0015918;GO:0030301,sterol transport,1,,,,,,,
0,1,2,29,GO:0015919,peroxisomal membrane transport,1,,,,,,,
0,1,2,17,GO:0015936,coenzyme A metabolic process,1,,,,,,,
0,1,2,11,GO:0015937,coenzyme A biosynthetic process,1,,,,,,,
0,1,3,13,GO:0015959,diadenosine polyphosphate metabolic process,1,,,,,,,
0,1,5,10,GO:0015961;GO:0071543;GO:1901906;GO:1901907;GO:1901908;GO:1901909;GO:1901910,diadenosine polyphosphate catabolic process,1,,,,,,,
0,1,3,508,GO:0016032,viral process,1,,,,,,,
0,1,2,21,GO:0016037,light absorption,1,,,,,,,
0,1,2,11,GO:0016038;GO:0018298,absorption of visible light,1,,,,,,,
0,1,4,10,GO:0016039;GO:0030265,phospholipase C-activating rhodopsin mediated signaling pathway,1,,,,,,,
0,1,2,655,GO:0016049;GO:0048588,cell growth,1,,,,,,,
0,0.707439551,2,835,GO:0016050,vesicle organization,1,,,,,,,
0,0.038901216,3,434,GO:0016054;GO:0046395,organic acid catabolic process,1,,,,,,,
0,0.819766858,4,577,GO:0016055;GO:0198738,cell-cell signaling by wnt,1,,,,,,,
0,1,2,70,GO:0016056,rhodopsin mediated signaling pathway,1,,,,,,,
0,1,4,40,GO:0016057,regulation of membrane potential in photoreceptor cell,1,,,,,,,
0,1,2,41,GO:0016059,deactivation of rhodopsin mediated signaling,1,,,,,,,
0,1,2,10,GO:0016060,metarhodopsin inactivation,1,,,,,,,
0,1,3,17,GO:0016062;GO:0036367,adaptation of rhodopsin mediated signaling,1,,,,,,,
0,1,2,23,GO:0016063;GO:0046154,rhodopsin metabolic process,1,,,,,,,
0,1,2,97,GO:0016064;GO:0019724,B cell mediated immunity,1,,,,,,,
0,0.979023849,2,1284,GO:0016071,mRNA metabolic process,1,,,,,,,
0,0.364759618,3,154,GO:0016073;GO:0009301;GO:0042795,snRNA metabolic process,1,,,,,,,
0,1,3,27,GO:0016074,sno(s)RNA metabolic process,1,,,,,,,
0,1,4,24,GO:0016075,rRNA catabolic process,1,,,,,,,
0,1,4,11,GO:0016078,tRNA catabolic process,1,,,,,,,
0,1,3,61,GO:0016080,synaptic vesicle targeting,1,,,,,,,
0,1,2,93,GO:0016081,synaptic vesicle docking,1,,,,,,,
0,1,3,80,GO:0016082,synaptic vesicle priming,1,,,,,,,
0,1,4,14,GO:0016093,polyprenol metabolic process,1,,,,,,,
0,1,2,6,GO:0016094,polyprenol biosynthetic process,1,,,,,,,
0,1,3,165,GO:0016101;GO:0001523,diterpenoid metabolic process,1,,,,,,,
0,1,2,24,GO:0016102,diterpenoid biosynthetic process,1,,,,,,,
0,1,4,7,GO:0016107,sesquiterpenoid catabolic process,1,,,,,,,
0,1,5,10,GO:0016108;GO:0016116,tetraterpenoid metabolic process,1,,,,,,,
0,1,4,34,GO:0016114,terpenoid biosynthetic process,1,,,,,,,
0,1,2,15,GO:0016115,terpenoid catabolic process,1,,,,,,,
0,1,5,9,GO:0016119;GO:0042214;GO:0035238,terpene metabolic process,1,,,,,,,
0,1,8,7,GO:0016122,xanthophyll metabolic process,1,,,,,,,
0,1,5,82,GO:0016126;GO:1902653,sterol biosynthetic process,1,,,,,,,
0,1,3,32,GO:0016137,glycoside metabolic process,1,,,,,,,
0,1,2,14,GO:0016139,glycoside catabolic process,1,,,,,,,
0,1,2,40,GO:0016180;GO:0034472,snRNA processing,1,,,,,,,
0,1,7,28,GO:0016185;GO:0070142,synaptic vesicle budding,1,,,,,,,
0,0.103075536,5,37,GO:0016188,synaptic vesicle maturation,1,,,,,,,
0,1,3,546,GO:0016197,endosomal transport,1,,,,,,,
0,1,3,127,GO:0016198;GO:0016199,axon choice point recognition,1,,,,,,,
0,1,2,6,GO:0016200,synaptic target attraction,1,,,,,,,
0,1,2,34,GO:0016201,synaptic target inhibition,1,,,,,,,
0,0.044941617,2,455,GO:0016202;GO:0048634;GO:1901861,regulation of muscle organ development,1,,,,,,,
0,1,2,211,GO:0016203,muscle attachment,1,,,,,,,
0,1,2,49,GO:0016204,determination of muscle attachment site,1,,,,,,,
0,1,2,43,GO:0016226;GO:0031163,iron-sulfur cluster assembly,1,,,,,,,
0,1,4,23,GO:0016233,telomere capping,1,,,,,,,
0,0.629663507,4,336,GO:0016236,macroautophagy,1,,,,,,,
0,0.395890242,2,171,GO:0016239,positive regulation of macroautophagy,1,,,,,,,
0,1,2,7,GO:0016240,autophagosome membrane docking,1,,,,,,,
0,0.11955548,2,410,GO:0016241,regulation of macroautophagy,1,,,,,,,
0,1,2,94,GO:0016242,negative regulation of macroautophagy,1,,,,,,,
0,1,2,5,GO:0016243,regulation of autophagosome size,1,,,,,,,
0,1,2,85,GO:0016246,RNA interference,1,,,,,,,
0,1,2,22,GO:0016254,preassembly of GPI anchor in ER membrane,1,,,,,,,
0,1,2,7,GO:0016255,attachment of GPI anchor to protein,1,,,,,,,
0,1,4,7,GO:0016259,selenocysteine metabolic process,1,,,,,,,
0,1,2,17,GO:0016264,gap junction assembly,1,,,,,,,
0,1,3,106,GO:0016266,O-glycan processing,1,,,,,,,
0,0.301817905,3,655,GO:0016311,dephosphorylation,1,,,,,,,
0,1,2,129,GO:0016318,ommatidial rotation,1,,,,,,,
0,1,3,270,GO:0016319,mushroom body development,1,,,,,,,
0,1,4,16,GO:0016320,endoplasmic reticulum membrane fusion,1,,,,,,,
0,1,2,23,GO:0016321,female meiosis chromosome segregation,1,,,,,,,
0,1,3,164,GO:0016322,neuron remodeling,1,,,,,,,
0,1,2,46,GO:0016330,second mitotic wave involved in compound eye morphogenesis,1,,,,,,,
0,0.475065715,2,874,GO:0016331,morphogenesis of embryonic epithelium,1,,,,,,,
0,1,2,28,GO:0016332,establishment or maintenance of polarity of embryonic epithelium,1,,,,,,,
0,1,2,161,GO:0016333,morphogenesis of follicular epithelium,1,,,,,,,
0,1,3,100,GO:0016334,establishment or maintenance of polarity of follicular epithelium,1,,,,,,,
0,1,2,29,GO:0016335,morphogenesis of larval imaginal disc epithelium,1,,,,,,,
0,1,3,18,GO:0016336,establishment or maintenance of polarity of larval imaginal disc epithelium,1,,,,,,,
0,1,2,68,GO:0016338,calcium-independent cell-cell adhesion via plasma membrane cell-adhesion molecules,1,,,,,,,
0,1,2,101,GO:0016339,calcium-dependent cell-cell adhesion via plasma membrane cell adhesion molecules,1,,,,,,,
0,1,5,25,GO:0016340;GO:0035001,calcium-dependent cell-matrix adhesion,1,,,,,,,
0,1,3,21,GO:0016344,meiotic chromosome movement towards spindle pole,1,,,,,,,
0,1,3,72,GO:0016348,imaginal disc-derived leg joint morphogenesis,1,,,,,,,
0,1,2,827,GO:0016358;GO:0048813,dendrite development,1,,,,,,,
0,1,5,210,GO:0016441;GO:0031047;GO:0035194,gene silencing by RNA,1,,,,,,,
0,1,2,49,GO:0016445;GO:0016447,somatic diversification of immunoglobulins,1,,,,,,,
0,1,2,9,GO:0016457;GO:0042714,dosage compensation complex assembly,1,,,,,,,
0,1,2,469,GO:0016458,gene silencing,1,,,,,,,
0,1,2,109,GO:0016476,regulation of embryonic cell shape,1,,,,,,,
0,1,6,19,GO:0016479,negative regulation of transcription by RNA polymerase I,1,,,,,,,
0,1,6,10,GO:0016480,negative regulation of transcription by RNA polymerase III,1,,,,,,,
0,0.634044438,4,340,GO:0016482,cytosolic transport,1,,,,,,,
0,0.640520049,3,346,GO:0016485,protein processing,1,,,,,,,
0,1,4,68,GO:0016486;GO:0140448,peptide hormone processing,1,,,,,,,
0,0.560004202,2,278,GO:0016525;GO:2000181;GO:1901343,negative regulation of vasculature development,1,,,,,,,
0,1,2,59,GO:0016540,protein autoprocessing,1,,,,,,,
0,1,6,17,GO:0016553,base conversion or substitution editing,1,,,,,,,
0,1,2,8,GO:0016554,cytidine to uridine editing,1,,,,,,,
0,1,2,48,GO:0016556,mRNA modification,1,,,,,,,
0,1,5,6,GO:0016557,peroxisome membrane biogenesis,1,,,,,,,
0,1,3,17,GO:0016558,protein import into peroxisome matrix,1,,,,,,,
0,1,3,17,GO:0016559,peroxisome fission,1,,,,,,,
0,0.969093463,2,1158,GO:0016567;GO:0032446,protein modification by small protein conjugation,1,,,,,,,
0,0.903702096,3,785,GO:0016569;GO:0016570,covalent chromatin modification,1,,,,,,,
0,0.486641911,3,226,GO:0016571;GO:0018022;GO:0034968,histone methylation,1,,,,,,,
0,1,2,82,GO:0016572,histone phosphorylation,1,,,,,,,
0,1,3,93,GO:0016574,histone ubiquitination,1,,,,,,,
0,1,2,9,GO:0016576,histone dephosphorylation,1,,,,,,,
0,1,3,43,GO:0016578,histone deubiquitination,1,,,,,,,
0,0.792484229,2,530,GO:0016579;GO:0070646,protein modification by small protein removal,1,,,,,,,
0,1,2,25,GO:0016584,nucleosome positioning,1,,,,,,,
0,1,3,72,GO:0016601,Rac protein signal transduction,1,,,,,,,
0,1,3,80,GO:0016925,protein sumoylation,1,,,,,,,
0,1,7,31,GO:0016926,protein desumoylation,1,,,,,,,
0,1,2,24,GO:0016973,poly(A)+ mRNA export from nucleus,1,,,,,,,
0,1,2,22,GO:0017000,antibiotic biosynthetic process,1,,,,,,,
0,1,2,43,GO:0017001,antibiotic catabolic process,1,,,,,,,
0,1,5,55,GO:0017004,cytochrome complex assembly,1,,,,,,,
0,0.558696199,2,277,GO:0017015;GO:1903844,regulation of cellular response to transforming growth factor beta stimulus,1,,,,,,,
0,1,2,8,GO:0017055,negative regulation of RNA polymerase II transcription preinitiation complex assembly,1,,,,,,,
0,1,2,14,GO:0017062;GO:0034551,respiratory chain complex III assembly,1,,,,,,,
0,1,2,85,GO:0017085,response to insecticide,1,,,,,,,
0,1,2,23,GO:0017121,plasma membrane phospholipid scrambling,1,,,,,,,
0,1,2,6,GO:0017143,insecticide metabolic process,1,,,,,,,
0,1,3,423,GO:0017145,stem cell division,1,,,,,,,
0,0.342272718,2,413,GO:0017148;GO:0034249,negative regulation of cellular amide metabolic process,1,,,,,,,
0,0.678025074,3,383,GO:0017156;GO:0016079,calcium-ion regulated exocytosis,1,,,,,,,
0,1,2,510,GO:0017157,regulation of exocytosis,1,,,,,,,
0,1,2,236,GO:0017158,regulation of calcium ion-dependent exocytosis,1,,,,,,,
0,1,3,12,GO:0017182;GO:0018202;GO:0017183,peptidyl-histidine modification,1,,,,,,,
0,1,2,18,GO:0017185,peptidyl-lysine hydroxylation,1,,,,,,,
0,1,2,10,GO:0017196,N-terminal peptidyl-methionine acetylation,1,,,,,,,
0,0.176465637,2,66,GO:0018023,peptidyl-lysine trimethylation,1,,,,,,,
0,1,2,17,GO:0018026,peptidyl-lysine monomethylation,1,,,,,,,
0,1,2,29,GO:0018027,peptidyl-lysine dimethylation,1,,,,,,,
0,1,6,7,GO:0018057,peptidyl-lysine oxidation,1,,,,,,,
0,1,-1,22,GO:0018065,obsolete protein-cofactor linkage,1,,,,,,,
0,1,4,8,GO:0018076;GO:0043971,N-terminal peptidyl-lysine acetylation,1,,,,,,,
0,1,2,14,GO:0018094,protein polyglycylation,1,,,,,,,
0,1,7,20,GO:0018095,protein polyglutamylation,1,,,,,,,
0,1,3,7,GO:0018103;GO:0018211;GO:0018317;GO:0018406,protein C-linked glycosylation via tryptophan,1,,,,,,,
0,1,2,534,GO:0018105;GO:0018209,peptidyl-serine modification,1,,,,,,,
0,1,2,265,GO:0018107;GO:0018210,peptidyl-threonine modification,1,,,,,,,
0,1,2,466,GO:0018108;GO:0018212,peptidyl-tyrosine modification,1,,,,,,,
0,1,3,8,GO:0018125,peptidyl-cysteine methylation,1,,,,,,,
0,1,5,47,GO:0018126,protein hydroxylation,1,,,,,,,
0,1,2,61,GO:0018149,peptide cross-linking,1,,,,,,,
0,0.045934945,5,16,GO:0018158,protein oxidation,1,,,,,,,
0,0.817724188,5,1902,GO:0018193,peptidyl-amino acid modification,1,,,,,,,
0,0.13164378,2,48,GO:0018195,peptidyl-arginine modification,1,,,,,,,
0,1,2,83,GO:0018196;GO:0018279,peptidyl-asparagine modification,1,,,,,,,
0,1,2,8,GO:0018197,peptidyl-aspartic acid modification,1,,,,,,,
0,1,2,7,GO:0018199,peptidyl-glutamine modification,1,,,,,,,
0,1,2,39,GO:0018200,peptidyl-glutamic acid modification,1,,,,,,,
0,1,2,6,GO:0018201;GO:0018008,peptidyl-glycine modification,1,,,,,,,
0,0.517259736,2,588,GO:0018205,peptidyl-lysine modification,1,,,,,,,
0,1,2,18,GO:0018206,peptidyl-methionine modification,1,,,,,,,
0,1,2,73,GO:0018208,peptidyl-proline modification,1,,,,,,,
0,1,3,34,GO:0018216;GO:0035246,peptidyl-arginine methylation,1,,,,,,,
0,1,3,21,GO:0018230;GO:0018231,peptidyl-L-cysteine S-palmitoylation,1,,,,,,,
0,1,3,12,GO:0018242,protein O-linked glycosylation via serine,1,,,,,,,
0,1,4,17,GO:0018243,protein O-linked glycosylation via threonine,1,,,,,,,
0,1,3,5,GO:0018312,peptidyl-serine ADP-ribosylation,1,,,,,,,
0,1,2,10,GO:0018335;GO:0106077,protein succinylation,1,,,,,,,
0,1,3,13,GO:0018342;GO:0097354,prenylation,1,,,,,,,
0,1,3,7,GO:0018343,protein farnesylation,1,,,,,,,
0,1,4,6,GO:0018344,protein geranylgeranylation,1,,,,,,,
0,1,2,68,GO:0018345,protein palmitoylation,1,,,,,,,
0,1,6,5,GO:0018352,protein-pyridoxal-5-phosphate linkage,1,,,,,,,
0,1,2,15,GO:0018401,peptidyl-proline hydroxylation to 4-hydroxy-L-proline,1,,,,,,,
0,1,3,32,GO:0018410,C-terminal protein amino acid modification,1,,,,,,,
0,1,2,27,GO:0018879,biphenyl metabolic process,1,,,,,,,
0,1,3,17,GO:0018894,dibenzo-p-dioxin metabolic process,1,,,,,,,
0,1,2,34,GO:0018904,ether metabolic process,1,,,,,,,
0,1,3,8,GO:0018931;GO:0090420;GO:0018933;GO:0018979;GO:0042196;GO:0042197,naphthalene-containing compound metabolic process,1,,,,,,,
0,0.613918485,3,322,GO:0018958,phenol-containing compound metabolic process,1,,,,,,,
0,1,3,12,GO:0018963,phthalate metabolic process,1,,,,,,,
0,1,2,5,GO:0018985,pronuclear envelope synthesis,1,,,,,,,
0,0.461728734,2,210,GO:0018991,oviposition,1,,,,,,,
0,1,4,72,GO:0018992,germ-line sex determination,1,,,,,,,
0,1,4,48,GO:0018993,somatic sex determination,1,,,,,,,
0,1,4,18,GO:0019042,viral latency,1,,,,,,,
0,1,4,13,GO:0019043,establishment of viral latency,1,,,,,,,
0,1,4,7,GO:0019045;GO:0019046,latent virus replication,1,,,,,,,
0,0.041563485,3,110,GO:0019048;GO:0044003,modulation by symbiont of host process,1,,,,,,,
0,1,4,6,GO:0019049;GO:0030682,mitigation of host defenses by symbiont,1,,,,,,,
0,1,2,9,GO:0019050;GO:0033668;GO:0052041;GO:0060154,negative regulation by symbiont of host apoptotic process,1,,,,,,,
0,1,4,250,GO:0019058,viral life cycle,1,,,,,,,
0,1,4,45,GO:0019062;GO:0044650;GO:0044406,adhesion of symbiont to host,1,,,,,,,
0,1,6,16,GO:0019064;GO:0039663;GO:0044800;GO:0044803,multi-organism membrane organization,1,,,,,,,
0,1,2,7,GO:0019065;GO:0075509,receptor-mediated endocytosis of virus by host cell,1,,,,,,,
0,1,2,66,GO:0019068,virion assembly,1,,,,,,,
0,1,2,6,GO:0019075,virus maturation,1,,,,,,,
0,1,6,11,GO:0019076;GO:0035891;GO:0035890;GO:0052192,exit from host cell,1,,,,,,,
0,1,2,56,GO:0019079,viral genome replication,1,,,,,,,
0,1,4,50,GO:0019080,viral gene expression,1,,,,,,,
0,1,4,32,GO:0019081,viral translation,1,,,,,,,
0,1,2,14,GO:0019083;GO:0019086,viral transcription,1,,,,,,,
0,1,3,6,GO:0019085,early viral transcription,1,,,,,,,
0,1,2,10,GO:0019087,transformation of host cell by virus,1,,,,,,,
0,0.836774373,2,610,GO:0019098,reproductive behavior,1,,,,,,,
0,1,5,26,GO:0019099,female germ-line sex determination,1,,,,,,,
0,1,2,16,GO:0019100,male germ-line sex determination,1,,,,,,,
0,1,2,15,GO:0019101,female somatic sex determination,1,,,,,,,
0,1,2,10,GO:0019102,male somatic sex determination,1,,,,,,,
0,0.523176646,5,939,GO:0019216,regulation of lipid metabolic process,1,,,,,,,
0,0.104583726,3,187,GO:0019217,regulation of fatty acid metabolic process,1,,,,,,,
0,1,3,1022,GO:0019221,cytokine-mediated signaling pathway,1,,,,,,,
0,1,3,195,GO:0019226,transmission of nerve impulse,1,,,,,,,
0,1,2,27,GO:0019227;GO:0098870,neuronal action potential propagation,1,,,,,,,
0,1,2,99,GO:0019228,neuronal action potential,1,,,,,,,
0,1,6,187,GO:0019229,regulation of vasoconstriction,1,,,,,,,
0,1,5,11,GO:0019230,proprioception,1,,,,,,,
0,1,5,301,GO:0019233,sensory perception of pain,1,,,,,,,
0,1,4,7,GO:0019240,citrulline biosynthetic process,1,,,,,,,
0,1,5,7,GO:0019276,UDP-N-acetylgalactosamine metabolic process,1,,,,,,,
0,1,6,15,GO:0019317;GO:0042354;GO:0042355,L-fucose metabolic process,1,,,,,,,
0,1,3,25,GO:0019321,pentose metabolic process,1,,,,,,,
0,1,2,9,GO:0019322,pentose biosynthetic process,1,,,,,,,
0,1,4,8,GO:0019323,pentose catabolic process,1,,,,,,,
0,1,2,17,GO:0019336,phenol-containing compound catabolic process,1,,,,,,,
0,1,2,8,GO:0019344,cysteine biosynthetic process,1,,,,,,,
0,1,2,9,GO:0019348,dolichol metabolic process,1,,,,,,,
0,1,5,82,GO:0019369,arachidonic acid metabolic process,1,,,,,,,
0,1,3,20,GO:0019370,leukotriene biosynthetic process,1,,,,,,,
0,1,6,29,GO:0019371,cyclooxygenase pathway,1,,,,,,,
0,1,4,12,GO:0019372,lipoxygenase pathway,1,,,,,,,
0,1,2,21,GO:0019373,epoxygenase P450 pathway,1,,,,,,,
0,0.043126083,2,15,GO:0019388,galactose catabolic process,1,,,,,,,
0,1,4,7,GO:0019389,glucuronoside metabolic process,1,,,,,,,
0,0.078668924,4,158,GO:0019395;GO:0034440,lipid oxidation,1,,,,,,,
0,1,2,10,GO:0019401,alditol biosynthetic process,1,,,,,,,
0,1,3,6,GO:0019417,sulfur oxidation,1,,,,,,,
0,1,6,16,GO:0019430;GO:0071450;GO:0071451,cellular response to superoxide,1,,,,,,,
0,1,2,7,GO:0019441,tryptophan catabolic process to kynurenine,1,,,,,,,
0,1,3,12,GO:0019470,4-hydroxyproline catabolic process,1,,,,,,,
0,1,3,32,GO:0019471,4-hydroxyproline metabolic process,1,,,,,,,
0,1,2,12,GO:0019482,beta-alanine metabolic process,1,,,,,,,
0,1,2,7,GO:0019483,beta-alanine biosynthetic process,1,,,,,,,
0,1,2,8,GO:0019509,L-methionine salvage from methylthioadenosine,1,,,,,,,
0,1,2,25,GO:0019511,peptidyl-proline hydroxylation,1,,,,,,,
0,1,2,6,GO:0019518,L-threonine catabolic process to glycine,1,,,,,,,
0,1,3,13,GO:0019530;GO:0019694,taurine metabolic process,1,,,,,,,
0,0.062617937,2,22,GO:0019532;GO:1902358,sulfate transmembrane transport,1,,,,,,,
0,1,2,5,GO:0019541,propionate metabolic process,1,,,,,,,
0,1,4,12,GO:0019614;GO:0042420;GO:0042424,catecholamine catabolic process,1,,,,,,,
0,1,2,8,GO:0019626,short-chain fatty acid catabolic process,1,,,,,,,
0,1,3,14,GO:0019673,GDP-mannose metabolic process,1,,,,,,,
0,1,5,6,GO:0019676;GO:0019740;GO:0006542,ammonia assimilation cycle,1,,,,,,,
0,0.045934945,3,16,GO:0019695;GO:0042426,choline metabolic process,1,,,,,,,
0,1,2,397,GO:0019722,calcium-mediated signaling,1,,,,,,,
0,0.130469067,3,214,GO:0019730,antimicrobial humoral response,1,,,,,,,
0,1,2,62,GO:0019731,antibacterial humoral response,1,,,,,,,
0,1,4,26,GO:0019732,antifungal humoral response,1,,,,,,,
0,1,2,5,GO:0019747,regulation of isoprenoid metabolic process,1,,,,,,,
0,1,2,299,GO:0019748,secondary metabolic process,1,,,,,,,
0,0.138403584,2,222,GO:0019751,polyol metabolic process,1,,,,,,,
0,1,2,25,GO:0019755,one-carbon compound transport,1,,,,,,,
0,1,3,16,GO:0019800,peptide cross-linking via chondroitin 4-sulfate glycosaminoglycan,1,,,,,,,
0,1,2,618,GO:0019827;GO:0098727,maintenance of cell number,1,,,,,,,
0,1,2,19,GO:0019835,cytolysis,1,,,,,,,
0,1,3,24,GO:0019852,L-ascorbic acid metabolic process,1,,,,,,,
0,1,2,6,GO:0019853,L-ascorbic acid biosynthetic process,1,,,,,,,
0,0.603449497,2,313,GO:0019882,antigen processing and presentation,1,,,,,,,
0,1,3,16,GO:0019883;GO:0002483;GO:0019885,antigen processing and presentation of endogenous antigen,1,,,,,,,
0,1,4,10,GO:0019889,pteridine metabolic process,1,,,,,,,
0,1,2,64,GO:0019896,axonal transport of mitochondrion,1,,,,,,,
0,1,2,158,GO:0019915,lipid storage,1,,,,,,,
0,1,2,794,GO:0019932,second-messenger-mediated signaling,1,,,,,,,
0,1,2,369,GO:0019933;GO:0019935,cyclic-nucleotide-mediated signaling,1,,,,,,,
0,1,2,47,GO:0019934,cGMP-mediated signaling,1,,,,,,,
0,1,3,118,GO:0019991,septate junction assembly,1,,,,,,,
0,1,3,31,GO:0020027,hemoglobin metabolic process,1,,,,,,,
0,1,3,10,GO:0021501,prechordal plate formation,1,,,,,,,
0,1,2,7,GO:0021502,neural fold elevation formation,1,,,,,,,
0,1,2,6,GO:0021506;GO:0021995,anterior neuropore closure,1,,,,,,,
0,1,3,16,GO:0021508;GO:0033505,floor plate morphogenesis,1,,,,,,,
0,1,2,361,GO:0021510,spinal cord development,1,,,,,,,
0,1,2,87,GO:0021511;GO:0021513,spinal cord patterning,1,,,,,,,
0,1,2,57,GO:0021514;GO:0060579,ventral spinal cord interneuron differentiation,1,,,,,,,
0,1,3,179,GO:0021515;GO:0021517,cell differentiation in spinal cord,1,,,,,,,
0,1,3,67,GO:0021516,dorsal spinal cord development,1,,,,,,,
0,1,5,6,GO:0021519,spinal cord association neuron specification,1,,,,,,,
0,1,2,34,GO:0021520,spinal cord motor neuron cell fate specification,1,,,,,,,
0,1,4,32,GO:0021521,ventral spinal cord interneuron specification,1,,,,,,,
0,1,2,102,GO:0021522,spinal cord motor neuron differentiation,1,,,,,,,
0,1,4,16,GO:0021523,somatic motor neuron differentiation,1,,,,,,,
0,1,5,8,GO:0021524,visceral motor neuron differentiation,1,,,,,,,
0,1,2,43,GO:0021527,spinal cord association neuron differentiation,1,,,,,,,
0,1,5,8,GO:0021529;GO:0021530,spinal cord oligodendrocyte cell differentiation,1,,,,,,,
0,1,4,149,GO:0021532,neural tube patterning,1,,,,,,,
0,1,3,86,GO:0021533;GO:0021697,cell differentiation in hindbrain,1,,,,,,,
0,1,2,18,GO:0021534;GO:0021924;GO:0021930,cell proliferation in hindbrain,1,,,,,,,
0,1,4,59,GO:0021535,cell migration in hindbrain,1,,,,,,,
0,0.561308376,3,279,GO:0021536,diencephalon development,1,,,,,,,
0,0.906854657,2,796,GO:0021537,telencephalon development,1,,,,,,,
0,1,2,27,GO:0021538;GO:0021986,epithalamus development,1,,,,,,,
0,1,3,5,GO:0021539,subthalamus development,1,,,,,,,
0,1,10,21,GO:0021540,corpus callosum morphogenesis,1,,,,,,,
0,1,3,39,GO:0021542,dentate gyrus development,1,,,,,,,
0,0.788086204,3,523,GO:0021543,pallium development,1,,,,,,,
0,1,3,77,GO:0021544;GO:0021756,subpallium development,1,,,,,,,
0,1,2,48,GO:0021546,rhombomere development,1,,,,,,,
0,1,3,47,GO:0021548,pons development,1,,,,,,,
0,1,3,337,GO:0021549;GO:0022037,metencephalon development,1,,,,,,,
0,1,3,22,GO:0021550,medulla oblongata development,1,,,,,,,
0,1,3,44,GO:0021551,central nervous system morphogenesis,1,,,,,,,
0,0.068114659,3,24,GO:0021553,olfactory nerve development,1,,,,,,,
0,1,5,38,GO:0021554,optic nerve development,1,,,,,,,
0,1,2,19,GO:0021555,midbrain-hindbrain boundary morphogenesis,1,,,,,,,
0,1,3,9,GO:0021557;GO:0021558,oculomotor nerve development,1,,,,,,,
0,1,2,37,GO:0021559,trigeminal nerve development,1,,,,,,,
0,0.116174358,3,42,GO:0021561;GO:0021610;GO:0021612,facial nerve development,1,,,,,,,
0,1,3,22,GO:0021562;GO:0021648,vestibulocochlear nerve development,1,,,,,,,
0,1,3,13,GO:0021563;GO:0021615,glossopharyngeal nerve development,1,,,,,,,
0,1,5,8,GO:0021564;GO:0021644;GO:0021793,vagus nerve development,1,,,,,,,
0,1,4,10,GO:0021569,rhombomere 3 development,1,,,,,,,
0,1,3,11,GO:0021570,rhombomere 4 development,1,,,,,,,
0,1,2,17,GO:0021571,rhombomere 5 development,1,,,,,,,
0,1,4,10,GO:0021572,rhombomere 6 development,1,,,,,,,
0,1,2,151,GO:0021575,hindbrain morphogenesis,1,,,,,,,
0,1,2,5,GO:0021577,hindbrain structural organization,1,,,,,,,
0,1,4,29,GO:0021578;GO:0021626,hindbrain maturation,1,,,,,,,
0,1,4,12,GO:0021586;GO:0021718;GO:0021722,pons maturation,1,,,,,,,
0,1,2,119,GO:0021587;GO:0021696,cerebellum morphogenesis,1,,,,,,,
0,1,2,15,GO:0021590,cerebellum maturation,1,,,,,,,
0,1,2,83,GO:0021591,ventricular system development,1,,,,,,,
0,1,3,12,GO:0021592,fourth ventricle development,1,,,,,,,
0,1,3,33,GO:0021593,rhombomere morphogenesis,1,,,,,,,
0,1,2,17,GO:0021594;GO:0021654,rhombomere formation,1,,,,,,,
0,0.03689794,3,103,GO:0021602,cranial nerve morphogenesis,1,,,,,,,
0,1,2,21,GO:0021603,cranial nerve formation,1,,,,,,,
0,1,2,51,GO:0021604,cranial nerve structural organization,1,,,,,,,
0,1,4,6,GO:0021622;GO:0021623;GO:0070172,oculomotor nerve morphogenesis,1,,,,,,,
0,1,2,14,GO:0021627,olfactory nerve morphogenesis,1,,,,,,,
0,1,4,23,GO:0021631,optic nerve morphogenesis,1,,,,,,,
0,1,2,8,GO:0021633,optic nerve structural organization,1,,,,,,,
0,1,4,26,GO:0021636;GO:0021637;GO:1902285;GO:1902287,semaphorin-plexin signaling pathway involved in neuron projection guidance,1,,,,,,,
0,1,3,7,GO:0021649;GO:1904835,dorsal root ganglion morphogenesis,1,,,,,,,
0,1,3,10,GO:0021650,vestibulocochlear nerve formation,1,,,,,,,
0,1,2,7,GO:0021658,rhombomere 3 morphogenesis,1,,,,,,,
0,1,7,10,GO:0021661;GO:0016103;GO:0034653,retinoic acid catabolic process,1,,,,,,,
0,1,2,6,GO:0021664,rhombomere 5 morphogenesis,1,,,,,,,
0,1,3,33,GO:0021670,lateral ventricle development,1,,,,,,,
0,0.064578821,3,313,GO:0021675,nerve development,1,,,,,,,
0,1,3,10,GO:0021678,third ventricle development,1,,,,,,,
0,1,3,16,GO:0021679,cerebellar molecular layer development,1,,,,,,,
0,1,2,76,GO:0021680,cerebellar Purkinje cell layer development,1,,,,,,,
0,1,2,38,GO:0021681,cerebellar granular layer development,1,,,,,,,
0,1,4,52,GO:0021682,nerve maturation,1,,,,,,,
0,1,3,28,GO:0021683;GO:0021684;GO:0021707,cerebellar granular layer morphogenesis,1,,,,,,,
0,1,3,6,GO:0021687,cerebellar molecular layer morphogenesis,1,,,,,,,
0,1,4,5,GO:0021691;GO:0021699,cerebellar cortex maturation,1,,,,,,,
0,1,3,49,GO:0021692;GO:0021694;GO:0021702,cerebellar Purkinje cell layer morphogenesis,1,,,,,,,
0,1,2,5,GO:0021693,cerebellar Purkinje cell layer structural organization,1,,,,,,,
0,1,2,141,GO:0021695,cerebellar cortex development,1,,,,,,,
0,1,2,8,GO:0021698,cerebellar cortex structural organization,1,,,,,,,
0,0.877271822,2,1216,GO:0021700,developmental maturation,1,,,,,,,
0,1,4,8,GO:0021703,locus ceruleus development,1,,,,,,,
0,1,5,8,GO:0021730;GO:0021740,principal sensory nucleus of trigeminal nerve development,1,,,,,,,
0,1,4,9,GO:0021747,cochlear nucleus development,1,,,,,,,
0,1,4,5,GO:0021754,facial nucleus development,1,,,,,,,
0,1,3,12,GO:0021759,globus pallidus development,1,,,,,,,
0,1,4,348,GO:0021761,limbic system development,1,,,,,,,
0,1,3,18,GO:0021764,amygdala development,1,,,,,,,
0,1,2,245,GO:0021766,hippocampus development,1,,,,,,,
0,1,3,14,GO:0021767,mammillary body development,1,,,,,,,
0,1,2,16,GO:0021769,orbitofrontal cortex development,1,,,,,,,
0,1,2,132,GO:0021772;GO:0021988,olfactory lobe development,1,,,,,,,
0,1,7,13,GO:0021773,striatal medium spiny neuron differentiation,1,,,,,,,
0,1,2,9,GO:0021775;GO:0021910;GO:0021776,smoothened signaling pathway involved in ventral spinal cord patterning,1,,,,,,,
0,1,3,17,GO:0021779;GO:0021778;GO:0021780,oligodendrocyte cell fate commitment,1,,,,,,,
0,1,3,41,GO:0021781,glial cell fate commitment,1,,,,,,,
0,1,2,332,GO:0021782,glial cell development,1,,,,,,,
0,0.161784892,3,60,GO:0021783;GO:0048486,parasympathetic nervous system development,1,,,,,,,
0,1,5,9,GO:0021784,postganglionic parasympathetic fiber development,1,,,,,,,
0,1,2,33,GO:0021785,branchiomotor neuron axon guidance,1,,,,,,,
0,1,2,47,GO:0021794,thalamus development,1,,,,,,,
0,0.453701266,2,205,GO:0021795;GO:0022029;GO:0021885,forebrain cell migration,1,,,,,,,
0,1,4,24,GO:0021796,cerebral cortex regionalization,1,,,,,,,
0,1,5,16,GO:0021797,forebrain anterior/posterior pattern specification,1,,,,,,,
0,1,3,15,GO:0021798,forebrain dorsal/ventral pattern formation,1,,,,,,,
0,0.24614558,2,96,GO:0021799,cerebral cortex radially oriented cell migration,1,,,,,,,
0,1,3,41,GO:0021800,cerebral cortex tangential migration,1,,,,,,,
0,0.17160049,2,64,GO:0021801;GO:0022030,cerebral cortex radial glia guided migration,1,,,,,,,
0,1,4,6,GO:0021812,neuronal-glial interaction involved in cerebral cortex radial glia guided migration,1,,,,,,,
0,1,3,10,GO:0021814;GO:0021815,cell motility involved in cerebral cortex radial glia guided migration,1,,,,,,,
0,1,2,5,GO:0021817,nucleokinesis involved in cell motility in cerebral cortex radial glia guided migration,1,,,,,,,
0,1,3,40,GO:0021819,layer formation in cerebral cortex,1,,,,,,,
0,1,4,16,GO:0021823;GO:0021827;GO:0021836,postnatal olfactory bulb interneuron migration,1,,,,,,,
0,1,5,17,GO:0021824;GO:0021828;GO:0021856;GO:0021886;GO:0021888;GO:0036484;GO:0036486;GO:0097490;GO:0097491;GO:1903375,trunk neural crest cell migration,1,,,,,,,
0,1,2,28,GO:0021825,substrate-dependent cerebral cortex tangential migration,1,,,,,,,
0,1,3,29,GO:0021826;GO:0021830;GO:0021843,substrate-independent telencephalic tangential interneuron migration,1,,,,,,,
0,1,2,9,GO:0021831,embryonic olfactory bulb interneuron precursor migration,1,,,,,,,
0,1,4,81,GO:0021846,cell proliferation in forebrain,1,,,,,,,
0,1,4,9,GO:0021847,ventricular zone neuroblast division,1,,,,,,,
0,1,2,8,GO:0021852,pyramidal neuron migration,1,,,,,,,
0,1,3,18,GO:0021853;GO:1904936,cerebral cortex GABAergic interneuron migration,1,,,,,,,
0,1,3,84,GO:0021854,hypothalamus development,1,,,,,,,
0,1,3,19,GO:0021855,hypothalamus cell migration,1,,,,,,,
0,1,6,29,GO:0021859;GO:0021860,pyramidal neuron differentiation,1,,,,,,,
0,1,6,25,GO:0021861,forebrain radial glial cell differentiation,1,,,,,,,
0,1,3,18,GO:0021869,forebrain ventricular zone progenitor cell division,1,,,,,,,
0,1,4,72,GO:0021871,forebrain regionalization,1,,,,,,,
0,1,2,23,GO:0021873,forebrain neuroblast division,1,,,,,,,
0,1,2,6,GO:0021874,Wnt signaling pathway involved in forebrain neuroblast division,1,,,,,,,
0,1,4,38,GO:0021877,forebrain neuron fate commitment,1,,,,,,,
0,1,2,231,GO:0021879;GO:0021872,forebrain generation of neurons,1,,,,,,,
0,1,-1,7,GO:0021882,obsolete regulation of transcription from RNA polymerase II promoter involved in forebrain neuron fate commitment,1,,,,,,,
0,1,6,119,GO:0021884,forebrain neuron development,1,,,,,,,
0,1,4,51,GO:0021889,olfactory bulb interneuron differentiation,1,,,,,,,
0,1,2,34,GO:0021891,olfactory bulb interneuron development,1,,,,,,,
0,1,6,36,GO:0021892;GO:0021894,cerebral cortex GABAergic interneuron differentiation,1,,,,,,,
0,1,4,5,GO:0021893;GO:1902871,positive regulation of amacrine cell differentiation,1,,,,,,,
0,1,5,68,GO:0021895,cerebral cortex neuron differentiation,1,,,,,,,
0,1,6,7,GO:0021896;GO:0021897,forebrain astrocyte differentiation,1,,,,,,,
0,1,2,13,GO:0021898,commitment of multipotent stem cells to neuronal lineage in forebrain,1,,,,,,,
0,1,5,21,GO:0021902,commitment of neuronal cell to specific neuron type in forebrain,1,,,,,,,
0,1,2,89,GO:0021903;GO:0030917,rostrocaudal neural tube patterning,1,,,,,,,
0,1,3,53,GO:0021904,dorsal/ventral neural tube patterning,1,,,,,,,
0,1,-1,5,GO:0021912,obsolete regulation of transcription from RNA polymerase II promoter involved in spinal cord motor neuron fate specification,1,,,,,,,
0,1,-1,7,GO:0021913,obsolete regulation of transcription from RNA polymerase II promoter involved in ventral spinal cord interneuron specification,1,,,,,,,
0,1,2,29,GO:0021914;GO:0021919,negative regulation of smoothened signaling pathway involved in ventral spinal cord patterning,1,,,,,,,
0,0.438739535,4,506,GO:0021915,neural tube development,1,,,,,,,
0,1,2,34,GO:0021932,hindbrain radial glia guided cell migration,1,,,,,,,
0,1,2,11,GO:0021934;GO:0021935,hindbrain tangential cell migration,1,,,,,,,
0,1,6,30,GO:0021936;GO:0021940,regulation of cerebellar granule cell precursor proliferation,1,,,,,,,
0,1,2,17,GO:0021937,cerebellar Purkinje cell-granule cell precursor cell signaling involved in regulation of granule cell precursor cell proliferation,1,,,,,,,
0,1,2,11,GO:0021938,smoothened signaling pathway involved in regulation of cerebellar granule cell precursor cell proliferation,1,,,,,,,
0,1,3,17,GO:0021942,radial glia guided migration of Purkinje cell,1,,,,,,,
0,1,2,14,GO:0021943,formation of radial glial scaffolds,1,,,,,,,
0,1,2,613,GO:0021953,central nervous system neuron differentiation,1,,,,,,,
0,1,4,313,GO:0021954,central nervous system neuron development,1,,,,,,,
0,1,4,169,GO:0021955;GO:0021952,central nervous system neuron axonogenesis,1,,,,,,,
0,1,10,34,GO:0021957,corticospinal tract morphogenesis,1,,,,,,,
0,1,2,34,GO:0021960,anterior commissure morphogenesis,1,,,,,,,
0,1,11,12,GO:0021965,spinal cord ventral commissure morphogenesis,1,,,,,,,
0,1,3,12,GO:0021966,corticospinal neuron axon guidance,1,,,,,,,
0,1,3,7,GO:0021972,corticospinal neuron axon guidance through spinal cord,1,,,,,,,
0,1,2,42,GO:0021978,telencephalon regionalization,1,,,,,,,
0,1,2,25,GO:0021979,hypothalamus cell differentiation,1,,,,,,,
0,1,2,6,GO:0021982,pineal gland development,1,,,,,,,
0,0.320107085,2,131,GO:0021983,pituitary gland development,1,,,,,,,
0,0.129084239,3,47,GO:0021984,adenohypophysis development,1,,,,,,,
0,1,2,9,GO:0021985,neurohypophysis development,1,,,,,,,
0,0.656218181,3,361,GO:0021987,cerebral cortex development,1,,,,,,,
0,1,2,19,GO:0021999,neural plate anterior/posterior regionalization,1,,,,,,,
0,1,4,5,GO:0022009,central nervous system vasculogenesis,1,,,,,,,
0,1,2,54,GO:0022010;GO:0032291,axon ensheathment in central nervous system,1,,,,,,,
0,1,2,24,GO:0022027,interkinetic nuclear migration,1,,,,,,,
0,1,6,36,GO:0022028,tangential migration from the subventricular zone to the olfactory bulb,1,,,,,,,
0,1,2,49,GO:0022038,corpus callosum development,1,,,,,,,
0,1,3,89,GO:0022400,regulation of rhodopsin mediated signaling pathway,1,,,,,,,
0,0.884257285,2,2574,GO:0022402,cell cycle process,1,,,,,,,
0,1,2,317,GO:0022404,molting cycle process,1,,,,,,,
0,0.664311702,2,369,GO:0022406;GO:0140056,membrane docking,1,,,,,,,
0,0.73860555,5,887,GO:0022407,regulation of cell-cell adhesion,1,,,,,,,
0,0.691184952,2,397,GO:0022408,negative regulation of cell-cell adhesion,1,,,,,,,
0,0.79557037,2,535,GO:0022409,positive regulation of cell-cell adhesion,1,,,,,,,
0,1,2,43,GO:0022410;GO:0042745;GO:0050802,circadian sleep/wake cycle,1,,,,,,,
0,0.680098343,2,793,GO:0022411,cellular component disassembly,1,,,,,,,
0,1,3,298,GO:0022416,chaeta development,1,,,,,,,
0,1,2,18,GO:0022417,protein maturation by protein folding,1,,,,,,,
0,0.063801489,2,140,GO:0022602,ovulation cycle process,1,,,,,,,
0,0.458141505,3,1844,GO:0022604,regulation of cell morphogenesis,1,,,,,,,
0,1,2,14,GO:0022605,mammalian oogenesis stage,1,,,,,,,
0,1,5,23,GO:0022606;GO:0035320,establishment of proximal/distal cell polarity,1,,,,,,,
0,0.548542004,2,623,GO:0022612,gland morphogenesis,1,,,,,,,
0,1,2,719,GO:0022613,ribonucleoprotein complex biogenesis,1,,,,,,,
0,1,3,12,GO:0022614,membrane to membrane docking,1,,,,,,,
0,1,2,6,GO:0022615,protein to membrane docking,1,,,,,,,
0,1,2,112,GO:0022617,extracellular matrix disassembly,1,,,,,,,
0,1,3,472,GO:0022618;GO:0071826,ribonucleoprotein complex subunit organization,1,,,,,,,
0,0.852195166,2,643,GO:0022898;GO:0032409;GO:0032412,regulation of transporter activity,1,,,,,,,
0,1,2,44,GO:0023019,signal transduction involved in regulation of gene expression,1,,,,,,,
0,1,2,13,GO:0023021,termination of signal transduction,1,,,,,,,
0,1,3,6,GO:0023035,CD40 signaling pathway,1,,,,,,,
0,1,2,27,GO:0023041,neuronal signal transduction,1,,,,,,,
0,1,2,73,GO:0023058,adaptation of signaling pathway,1,,,,,,,
0,0.317903766,5,675,GO:0023061,signal release,1,,,,,,,
0,0.997313429,2,1942,GO:0030001;GO:0098662;GO:0098655;GO:0098660,cation transmembrane transport,1,,,,,,,
0,1,2,70,GO:0030002;GO:0030320;GO:0055083,monovalent inorganic anion homeostasis,1,,,,,,,
0,1,2,538,GO:0030010,establishment of cell polarity,1,,,,,,,
0,1,3,113,GO:0030011,maintenance of cell polarity,1,,,,,,,
0,0.957889463,3,1057,GO:0030031;GO:0120031,cell projection assembly,1,,,,,,,
0,0.351485416,7,147,GO:0030032;GO:0097581,lamellipodium organization,1,,,,,,,
0,1,2,39,GO:0030033,microvillus assembly,1,,,,,,,
0,1,3,6,GO:0030034,microvillar actin bundle assembly,1,,,,,,,
0,1,2,17,GO:0030035,microspike assembly,1,,,,,,,
0,1,2,18,GO:0030037,actin filament reorganization involved in cell cycle,1,,,,,,,
0,1,3,30,GO:0030038;GO:0043149,stress fiber assembly,1,,,,,,,
0,1,5,70,GO:0030041,actin filament polymerization,1,,,,,,,
0,1,7,27,GO:0030042,actin filament depolymerization,1,,,,,,,
0,1,2,22,GO:0030046,parallel actin filament bundle assembly,1,,,,,,,
0,1,2,13,GO:0030070,insulin processing,1,,,,,,,
0,0.360994612,3,152,GO:0030072;GO:0030073,peptide hormone secretion,1,,,,,,,
0,1,3,566,GO:0030098;GO:1903131,mononuclear cell differentiation,1,,,,,,,
0,0.815387078,3,569,GO:0030099,myeloid cell differentiation,1,,,,,,,
0,1,2,860,GO:0030100,regulation of endocytosis,1,,,,,,,
0,1,3,76,GO:0030101,natural killer cell activation,1,,,,,,,
0,1,2,7,GO:0030103,vasopressin secretion,1,,,,,,,
0,1,2,923,GO:0030111;GO:0060828,regulation of Wnt signaling pathway,1,,,,,,,
0,0.157648393,2,241,GO:0030148;GO:0046467,membrane lipid biosynthetic process,1,,,,,,,
0,1,2,47,GO:0030149;GO:0046466,membrane lipid catabolic process,1,,,,,,,
0,1,2,32,GO:0030150,protein import into mitochondrial matrix,1,,,,,,,
0,0.695963734,3,1596,GO:0030155,regulation of cell adhesion,1,,,,,,,
0,1,2,18,GO:0030157,pancreatic juice secretion,1,,,,,,,
0,0.489162023,6,1566,GO:0030162,regulation of proteolysis,1,,,,,,,
0,0.979408406,2,1290,GO:0030163;GO:0051603;GO:0044257;GO:0006511;GO:0019941;GO:0043632,protein catabolic process,1,,,,,,,
0,1,2,8,GO:0030167;GO:0030200,proteoglycan catabolic process,1,,,,,,,
0,1,3,221,GO:0030168,platelet activation,1,,,,,,,
0,1,3,16,GO:0030174,regulation of DNA-dependent DNA replication initiation,1,,,,,,,
0,1,3,442,GO:0030177;GO:0090263,positive regulation of Wnt signaling pathway,1,,,,,,,
0,1,2,490,GO:0030178;GO:0090090,negative regulation of Wnt signaling pathway,1,,,,,,,
0,1,6,284,GO:0030183;GO:0042113,B cell activation,1,,,,,,,
0,1,2,5,GO:0030185,nitric oxide transport,1,,,,,,,
0,1,2,7,GO:0030186,melatonin metabolic process,1,,,,,,,
0,1,2,5,GO:0030187,melatonin biosynthetic process,1,,,,,,,
0,1,2,166,GO:0030193;GO:0050818;GO:1900046,regulation of coagulation,1,,,,,,,
0,1,4,54,GO:0030194;GO:0050820;GO:1900048,positive regulation of coagulation,1,,,,,,,
0,1,4,99,GO:0030195;GO:0050819;GO:1900047,negative regulation of coagulation,1,,,,,,,
0,1,2,860,GO:0030198;GO:0043062,extracellular structure organization,1,,,,,,,
0,1,2,102,GO:0030199,collagen fibril organization,1,,,,,,,
0,1,5,37,GO:0030202,heparin metabolic process,1,,,,,,,
0,1,2,102,GO:0030204;GO:0050654,chondroitin sulfate proteoglycan metabolic process,1,,,,,,,
0,1,5,33,GO:0030205;GO:0030208;GO:0050651;GO:0050655,dermatan sulfate proteoglycan metabolic process,1,,,,,,,
0,1,3,77,GO:0030206;GO:0050650,chondroitin sulfate proteoglycan biosynthetic process,1,,,,,,,
0,1,4,26,GO:0030207,chondroitin sulfate catabolic process,1,,,,,,,
0,1,2,25,GO:0030210,heparin biosynthetic process,1,,,,,,,
0,1,5,59,GO:0030212,hyaluronan metabolic process,1,,,,,,,
0,1,2,16,GO:0030213,hyaluronan biosynthetic process,1,,,,,,,
0,1,4,29,GO:0030214,hyaluronan catabolic process,1,,,,,,,
0,1,6,173,GO:0030216,keratinocyte differentiation,1,,,,,,,
0,1,4,325,GO:0030217,T cell differentiation,1,,,,,,,
0,1,2,49,GO:0030219;GO:0035855,megakaryocyte differentiation,1,,,,,,,
0,1,2,15,GO:0030223,neutrophil differentiation,1,,,,,,,
0,1,6,36,GO:0030224,monocyte differentiation,1,,,,,,,
0,1,5,46,GO:0030225,macrophage differentiation,1,,,,,,,
0,1,4,45,GO:0030237,female sex determination,1,,,,,,,
0,1,3,38,GO:0030238,male sex determination,1,,,,,,,
0,1,2,24,GO:0030241,skeletal muscle myosin thick filament assembly,1,,,,,,,
0,1,2,8,GO:0030242,autophagy of peroxisome,1,,,,,,,
0,1,2,20,GO:0030252,growth hormone secretion,1,,,,,,,
0,0.091477702,4,581,GO:0030258,lipid modification,1,,,,,,,
0,0.0570892,2,20,GO:0030259,lipid glycosylation,1,,,,,,,
0,1,2,167,GO:0030261,chromosome condensation,1,,,,,,,
0,1,9,13,GO:0030263,apoptotic chromosome condensation,1,,,,,,,
0,1,2,33,GO:0030277,maintenance of gastrointestinal epithelium,1,,,,,,,
0,1,4,500,GO:0030278,regulation of ossification,1,,,,,,,
0,1,2,189,GO:0030279,negative regulation of ossification,1,,,,,,,
0,1,2,82,GO:0030282,bone mineralization,1,,,,,,,
0,1,2,30,GO:0030299;GO:0098856,intestinal lipid absorption,1,,,,,,,
0,1,2,6,GO:0030302,deoxynucleotide transport,1,,,,,,,
0,0.865771772,2,675,GO:0030307,positive regulation of cell growth,1,,,,,,,
0,0.418574918,5,486,GO:0030308,negative regulation of cell growth,1,,,,,,,
0,1,3,9,GO:0030309;GO:0030311,poly-N-acetyllactosamine metabolic process,1,,,,,,,
0,1,6,103,GO:0030316,osteoclast differentiation,1,,,,,,,
0,0.39410148,2,170,GO:0030317;GO:0060285;GO:0060294;GO:0097722;GO:0001539,cilium or flagellum-dependent cell motility,1,,,,,,,
0,1,2,66,GO:0030318,melanocyte differentiation,1,,,,,,,
0,1,5,26,GO:0030321,transepithelial chloride transport,1,,,,,,,
0,1,4,56,GO:0030322,stabilization of membrane potential,1,,,,,,,
0,1,4,508,GO:0030323;GO:0030324,respiratory tube development,1,,,,,,,
0,0.268052433,2,106,GO:0030325,adrenal gland development,1,,,,,,,
0,1,2,214,GO:0030330;GO:0042770,signal transduction in response to DNA damage,1,,,,,,,
0,0.625823261,2,2541,GO:0030334;GO:2000145;GO:0051270,regulation of cellular component movement,1,,,,,,,
0,0.690220373,2,1584,GO:0030335;GO:2000147;GO:0040017;GO:0051272,positive regulation of locomotion,1,,,,,,,
0,0.46366053,6,859,GO:0030336;GO:2000146;GO:0040013;GO:0051271,negative regulation of locomotion,1,,,,,,,
0,1,2,33,GO:0030381,chorion-containing eggshell pattern formation,1,,,,,,,
0,1,6,38,GO:0030382,sperm mitochondrion organization,1,,,,,,,
0,1,2,69,GO:0030421,defecation,1,,,,,,,
0,1,3,21,GO:0030422,production of siRNA involved in RNA interference,1,,,,,,,
0,1,4,13,GO:0030423,targeting of mRNA for destruction involved in RNA interference,1,,,,,,,
0,1,2,177,GO:0030431,sleep,1,,,,,,,
0,1,2,26,GO:0030432,peristalsis,1,,,,,,,
0,1,2,169,GO:0030433;GO:0036503,ERAD pathway,1,,,,,,,
0,1,2,71,GO:0030449,regulation of complement activation,1,,,,,,,
0,1,5,35,GO:0030473,nuclear migration along microtubule,1,,,,,,,
0,1,7,35,GO:0030488,tRNA methylation,1,,,,,,,
0,1,2,81,GO:0030490,maturation of SSU-rRNA,1,,,,,,,
0,1,3,172,GO:0030500;GO:0070167;GO:0110149,regulation of biomineral tissue development,1,,,,,,,
0,1,4,106,GO:0030501;GO:0070169;GO:0110151,positive regulation of biomineralization,1,,,,,,,
0,1,2,34,GO:0030502,negative regulation of bone mineralization,1,,,,,,,
0,1,4,5,GO:0030505,inorganic diphosphate transport,1,,,,,,,
0,1,2,286,GO:0030509;GO:0071772;GO:0071773,response to BMP,1,,,,,,,
0,1,2,317,GO:0030510,regulation of BMP signaling pathway,1,,,,,,,
0,0.221299775,2,85,GO:0030511;GO:1903846,positive regulation of transforming growth factor beta receptor signaling pathway,1,,,,,,,
0,1,4,163,GO:0030512;GO:1903845,negative regulation of transforming growth factor beta receptor signaling pathway,1,,,,,,,
0,1,4,126,GO:0030513,positive regulation of BMP signaling pathway,1,,,,,,,
0,1,3,166,GO:0030514,negative regulation of BMP signaling pathway,1,,,,,,,
0,0.809192817,3,558,GO:0030516;GO:0061387,regulation of extent of cell growth,1,,,,,,,
0,0.324109905,5,133,GO:0030517,negative regulation of axon extension,1,,,,,,,
0,1,2,53,GO:0030520,intracellular estrogen receptor signaling pathway,1,,,,,,,
0,1,3,99,GO:0030521,androgen receptor signaling pathway,1,,,,,,,
0,1,4,424,GO:0030522,intracellular receptor signaling pathway,1,,,,,,,
0,0.704920495,2,831,GO:0030534,adult behavior,1,,,,,,,
0,0.120711343,2,204,GO:0030537,larval behavior,1,,,,,,,
0,1,3,16,GO:0030538,embryonic genitalia morphogenesis,1,,,,,,,
0,1,2,184,GO:0030539,male genitalia development,1,,,,,,,
0,1,4,76,GO:0030540,female genitalia development,1,,,,,,,
0,1,2,62,GO:0030574,collagen catabolic process,1,,,,,,,
0,1,6,37,GO:0030575,nuclear body organization,1,,,,,,,
0,1,2,11,GO:0030576,Cajal body organization,1,,,,,,,
0,1,2,13,GO:0030578,PML body organization,1,,,,,,,
0,1,2,15,GO:0030579,ubiquitin-dependent SMAD protein catabolic process,1,,,,,,,
0,1,2,72,GO:0030588;GO:0030589,pseudocleavage,1,,,,,,,
0,1,3,16,GO:0030590,first cell cycle pseudocleavage,1,,,,,,,
0,1,2,115,GO:0030593;GO:0071621;GO:1990266,granulocyte chemotaxis,1,,,,,,,
0,1,3,211,GO:0030595,leukocyte chemotaxis,1,,,,,,,
0,1,2,8,GO:0030638;GO:0030647;GO:0044597;GO:0044598,aminoglycoside antibiotic metabolic process,1,,,,,,,
0,1,7,25,GO:0030643;GO:0072502;GO:0072501,cellular trivalent inorganic anion homeostasis,1,,,,,,,
0,1,5,34,GO:0030644;GO:0055064,chloride ion homeostasis,1,,,,,,,
0,1,2,27,GO:0030656,regulation of vitamin metabolic process,1,,,,,,,
0,1,2,6,GO:0030704;GO:0035803,vitelline membrane formation,1,,,,,,,
0,1,2,32,GO:0030708,germarium-derived female germ-line cyst encapsulation,1,,,,,,,
0,1,2,19,GO:0030709,border follicle cell delamination,1,,,,,,,
0,1,2,62,GO:0030713,ovarian follicle cell stalk formation,1,,,,,,,
0,1,2,71,GO:0030717;GO:0061988,oocyte karyosome formation,1,,,,,,,
0,1,3,269,GO:0030718,germ-line stem cell population maintenance,1,,,,,,,
0,1,3,30,GO:0030719,P granule organization,1,,,,,,,
0,1,2,32,GO:0030720,oocyte localization involved in germarium-derived egg chamber formation,1,,,,,,,
0,1,5,10,GO:0030721,spectrosome organization,1,,,,,,,
0,1,4,37,GO:0030725;GO:0043063,intercellular bridge organization,1,,,,,,,
0,1,2,8,GO:0030726,male germline ring canal formation,1,,,,,,,
0,1,3,47,GO:0030727;GO:0048135,female germ-line cyst formation,1,,,,,,,
0,1,2,107,GO:0030728,ovulation,1,,,,,,,
0,1,2,27,GO:0030730,sequestering of triglyceride,1,,,,,,,
0,0.100882012,6,183,GO:0030808;GO:1900371,regulation of nucleotide biosynthetic process,1,,,,,,,
0,1,3,47,GO:0030809;GO:1900372;GO:0030812;GO:0045820;GO:0051198,negative regulation of purine nucleotide biosynthetic process,1,,,,,,,
0,0.156834113,3,58,GO:0030813;GO:0045821;GO:0051194;GO:0051197,obsolete positive regulation of cofactor metabolic process,1,,,,,,,
0,0.039537767,2,107,GO:0030834,regulation of actin filament depolymerization,1,,,,,,,
0,1,2,36,GO:0030836,positive regulation of actin filament depolymerization,1,,,,,,,
0,0.055251384,2,129,GO:0030837,negative regulation of actin filament polymerization,1,,,,,,,
0,1,3,263,GO:0030838,positive regulation of actin filament polymerization,1,,,,,,,
0,1,2,16,GO:0030845,phospholipase C-inhibiting G protein-coupled receptor signaling pathway,1,,,,,,,
0,1,3,105,GO:0030850,prostate gland development,1,,,,,,,
0,0.123942786,6,45,GO:0030851,granulocyte differentiation,1,,,,,,,
0,1,2,38,GO:0030852,regulation of granulocyte differentiation,1,,,,,,,
0,1,3,22,GO:0030853,negative regulation of granulocyte differentiation,1,,,,,,,
0,1,3,17,GO:0030854,positive regulation of granulocyte differentiation,1,,,,,,,
0,0.896739867,2,2207,GO:0030855,epithelial cell differentiation,1,,,,,,,
0,1,2,377,GO:0030856,regulation of epithelial cell differentiation,1,,,,,,,
0,1,3,99,GO:0030857,negative regulation of epithelial cell differentiation,1,,,,,,,
0,1,3,144,GO:0030858,positive regulation of epithelial cell differentiation,1,,,,,,,
0,1,4,101,GO:0030859;GO:0035089;GO:0045198,establishment of apical/basal cell polarity,1,,,,,,,
0,1,2,13,GO:0030860,regulation of polarized epithelial cell differentiation,1,,,,,,,
0,1,2,356,GO:0030865;GO:0030866,cortical cytoskeleton organization,1,,,,,,,
0,0.188505406,2,71,GO:0030878,thyroid gland development,1,,,,,,,
0,1,2,366,GO:0030879,mammary gland development,1,,,,,,,
0,1,5,7,GO:0030885,regulation of myeloid dendritic cell activation,1,,,,,,,
0,1,2,5,GO:0030887,positive regulation of myeloid dendritic cell activation,1,,,,,,,
0,1,7,100,GO:0030888,regulation of B cell proliferation,1,,,,,,,
0,1,4,29,GO:0030889,negative regulation of B cell proliferation,1,,,,,,,
0,1,5,69,GO:0030890,positive regulation of B cell proliferation,1,,,,,,,
0,0.881040899,3,1229,GO:0030900,forebrain development,1,,,,,,,
0,1,3,159,GO:0030901,midbrain development,1,,,,,,,
0,1,3,501,GO:0030902,hindbrain development,1,,,,,,,
0,1,2,77,GO:0030903,notochord development,1,,,,,,,
0,1,3,16,GO:0030913,paranodal junction assembly,1,,,,,,,
0,1,2,110,GO:0030947,regulation of vascular endothelial growth factor receptor signaling pathway,1,,,,,,,
0,1,2,30,GO:0030948,negative regulation of vascular endothelial growth factor receptor signaling pathway,1,,,,,,,
0,1,3,58,GO:0030949,positive regulation of vascular endothelial growth factor receptor signaling pathway,1,,,,,,,
0,1,2,29,GO:0030950,establishment or maintenance of actin cytoskeleton polarity,1,,,,,,,
0,1,2,210,GO:0030952;GO:0030951,establishment or maintenance of cytoskeleton polarity,1,,,,,,,
0,1,2,43,GO:0030953,astral microtubule organization,1,,,,,,,
0,1,3,6,GO:0030954,astral microtubule nucleation,1,,,,,,,
0,1,2,256,GO:0030968;GO:0034620,cellular response to unfolded protein,1,,,,,,,
0,1,7,38,GO:0030970;GO:0032527;GO:1903513,protein exit from endoplasmic reticulum,1,,,,,,,
0,1,2,5,GO:0030974,thiamine pyrophosphate transmembrane transport,1,,,,,,,
0,1,2,9,GO:0030997,regulation of centriole-centriole cohesion,1,,,,,,,
0,1,6,84,GO:0031000;GO:0036270,response to caffeine,1,,,,,,,
0,0.516187294,2,246,GO:0031016,pancreas development,1,,,,,,,
0,1,5,39,GO:0031017,exocrine pancreas development,1,,,,,,,
0,0.320107085,3,131,GO:0031018,endocrine pancreas development,1,,,,,,,
0,1,2,6,GO:0031048;GO:0070923,heterochromatin assembly by small RNA,1,,,,,,,
0,1,6,73,GO:0031050;GO:0035196;GO:0070918,dsRNA processing,1,,,,,,,
0,1,2,16,GO:0031053,primary miRNA processing,1,,,,,,,
0,1,2,40,GO:0031054,pre-miRNA processing,1,,,,,,,
0,1,4,38,GO:0031055;GO:0034080;GO:0061641,chromatin remodeling at centromere,1,,,,,,,
0,1,2,378,GO:0031056,regulation of histone modification,1,,,,,,,
0,1,2,114,GO:0031057,negative regulation of histone modification,1,,,,,,,
0,1,3,295,GO:0031058;GO:1905269,positive regulation of chromatin organization,1,,,,,,,
0,1,3,174,GO:0031060,regulation of histone methylation,1,,,,,,,
0,1,3,60,GO:0031061,negative regulation of histone methylation,1,,,,,,,
0,1,4,100,GO:0031062,positive regulation of histone methylation,1,,,,,,,
0,1,3,75,GO:0031063,regulation of histone deacetylation,1,,,,,,,
0,1,2,6,GO:0031064,negative regulation of histone deacetylation,1,,,,,,,
0,1,3,65,GO:0031065;GO:0090312,positive regulation of protein deacetylation,1,,,,,,,
0,1,3,75,GO:0031069,hair follicle morphogenesis,1,,,,,,,
0,0.39050825,3,168,GO:0031076;GO:0048048;GO:0048596,embryonic camera-type eye development,1,,,,,,,
0,1,3,18,GO:0031077,post-embryonic camera-type eye development,1,,,,,,,
0,1,3,14,GO:0031087,deadenylation-independent decapping of nuclear-transcribed mRNA,1,,,,,,,
0,1,2,382,GO:0031098,stress-activated protein kinase signaling cascade,1,,,,,,,
0,0.09191489,3,582,GO:0031099,regeneration,1,,,,,,,
0,1,4,249,GO:0031100,animal organ regeneration,1,,,,,,,
0,1,2,45,GO:0031101,fin regeneration,1,,,,,,,
0,1,2,155,GO:0031102,neuron projection regeneration,1,,,,,,,
0,1,3,115,GO:0031103,axon regeneration,1,,,,,,,
0,1,6,18,GO:0031104,dendrite regeneration,1,,,,,,,
0,1,5,156,GO:0031109,microtubule polymerization or depolymerization,1,,,,,,,
0,0.544052288,3,266,GO:0031110,regulation of microtubule polymerization or depolymerization,1,,,,,,,
0,0.355305748,3,149,GO:0031111,negative regulation of microtubule polymerization or depolymerization,1,,,,,,,
0,1,4,110,GO:0031112;GO:0031116,positive regulation of microtubule polymerization or depolymerization,1,,,,,,,
0,0.388703752,6,167,GO:0031113,regulation of microtubule polymerization,1,,,,,,,
0,0.149353755,2,55,GO:0031115,negative regulation of microtubule polymerization,1,,,,,,,
0,1,2,11,GO:0031117,positive regulation of microtubule depolymerization,1,,,,,,,
0,1,3,14,GO:0031118,rRNA pseudouridine synthesis,1,,,,,,,
0,1,3,11,GO:0031119,tRNA pseudouridine synthesis,1,,,,,,,
0,1,2,7,GO:0031120,snRNA pseudouridine synthesis,1,,,,,,,
0,1,3,163,GO:0031122,cytoplasmic microtubule organization,1,,,,,,,
0,0.508962293,6,241,GO:0031123,RNA 3'-end processing,1,,,,,,,
0,0.386893978,2,166,GO:0031124,mRNA 3'-end processing,1,,,,,,,
0,1,2,18,GO:0031125,rRNA 3'-end processing,1,,,,,,,
0,1,2,19,GO:0031126;GO:0043144,sno(s)RNA processing,1,,,,,,,
0,0.234950611,2,91,GO:0031128,developmental induction,1,,,,,,,
0,1,2,7,GO:0031133,regulation of axon diameter,1,,,,,,,
0,1,4,5,GO:0031134,sister chromatid biorientation,1,,,,,,,
0,1,8,77,GO:0031145,anaphase-promoting complex-dependent catabolic process,1,,,,,,,
0,1,2,90,GO:0031146,SCF-dependent proteasomal ubiquitin-dependent protein catabolic process,1,,,,,,,
0,1,3,16,GO:0031161,phosphatidylinositol catabolic process,1,,,,,,,
0,1,2,31,GO:0031167,rRNA methylation,1,,,,,,,
0,1,4,7,GO:0031179,peptide modification,1,,,,,,,
0,1,2,123,GO:0031214;GO:0110148,biomineral tissue development,1,,,,,,,
0,1,2,41,GO:0031223,auditory behavior,1,,,,,,,
0,1,2,7,GO:0031247,actin rod assembly,1,,,,,,,
0,1,4,14,GO:0031268,pseudopodium organization,1,,,,,,,
0,1,2,34,GO:0031272;GO:0031274,regulation of pseudopodium assembly,1,,,,,,,
0,0.314058924,2,128,GO:0031279;GO:0051339,regulation of cyclase activity,1,,,,,,,
0,0.156834113,2,58,GO:0031281;GO:0051349,positive regulation of cyclase activity,1,,,,,,,
0,1,3,24,GO:0031282;GO:0031284,regulation of guanylate cyclase activity,1,,,,,,,
0,1,3,156,GO:0031290,retinal ganglion cell axon guidance,1,,,,,,,
0,1,3,7,GO:0031291,Ran protein signal transduction,1,,,,,,,
0,1,3,46,GO:0031293,membrane protein intracellular domain proteolysis,1,,,,,,,
0,1,5,92,GO:0031294;GO:0031295,T cell costimulation,1,,,,,,,
0,1,2,58,GO:0031297;GO:0045005,DNA-dependent DNA replication maintenance of fidelity,1,,,,,,,
0,0.078411198,6,340,GO:0031333,negative regulation of protein-containing complex assembly,1,,,,,,,
0,1,2,625,GO:0031334,positive regulation of protein-containing complex assembly,1,,,,,,,
0,0.043126083,2,15,GO:0031335,regulation of sulfur amino acid metabolic process,1,,,,,,,
0,1,2,179,GO:0031338,regulation of vesicle fusion,1,,,,,,,
0,1,2,17,GO:0031339,negative regulation of vesicle fusion,1,,,,,,,
0,1,3,45,GO:0031340,positive regulation of vesicle fusion,1,,,,,,,
0,0.984835443,2,1389,GO:0031347,regulation of defense response,1,,,,,,,
0,1,2,413,GO:0031348,negative regulation of defense response,1,,,,,,,
0,0.881021932,2,715,GO:0031349,positive regulation of defense response,1,,,,,,,
0,1,2,52,GO:0031365,N-terminal protein amino acid modification,1,,,,,,,
0,1,5,24,GO:0031392;GO:2001279;GO:0031394;GO:2001280,regulation of prostaglandin biosynthetic process,1,,,,,,,
0,1,2,5,GO:0031393,negative regulation of prostaglandin biosynthetic process,1,,,,,,,
0,0.801672856,3,1854,GO:0031400;GO:0001933;GO:0042326;GO:0045936;GO:0010563,negative regulation of protein modification process,1,,,,,,,
0,1,2,87,GO:0031424;GO:0070268,keratinization,1,,,,,,,
0,1,2,5,GO:0031427,response to methotrexate,1,,,,,,,
0,1,4,82,GO:0031440,regulation of mRNA 3'-end processing,1,,,,,,,
0,1,4,22,GO:0031441;GO:1900364,negative regulation of mRNA 3'-end processing,1,,,,,,,
0,1,3,21,GO:0031442,positive regulation of mRNA 3'-end processing,1,,,,,,,
0,1,7,7,GO:0031446;GO:0031448,regulation of fast-twitch skeletal muscle fiber contraction,1,,,,,,,
0,1,6,7,GO:0031449,regulation of slow-twitch skeletal muscle fiber contraction,1,,,,,,,
0,1,2,16,GO:0031452;GO:0045798;GO:0120262,negative regulation of heterochromatin assembly,1,,,,,,,
0,1,2,50,GO:0031453;GO:0045799;GO:0120263,positive regulation of chromatin assembly or disassembly,1,,,,,,,
0,1,6,54,GO:0031468,nuclear envelope reassembly,1,,,,,,,
0,0.777684965,2,507,GO:0031503,protein-containing complex localization,1,,,,,,,
0,1,6,66,GO:0031507,heterochromatin assembly,1,,,,,,,
0,1,3,5,GO:0031508;GO:0140462,pericentric heterochromatin organization,1,,,,,,,
0,0.174036601,4,65,GO:0031529,ruffle organization,1,,,,,,,
0,1,5,246,GO:0031532,actin cytoskeleton reorganization,1,,,,,,,
0,1,2,38,GO:0031536,positive regulation of exit from mitosis,1,,,,,,,
0,1,5,13,GO:0031547,brain-derived neurotrophic factor receptor signaling pathway,1,,,,,,,
0,1,2,6,GO:0031548,regulation of brain-derived neurotrophic factor receptor signaling pathway,1,,,,,,,
0,1,2,10,GO:0031566;GO:0036212,actomyosin contractile ring maintenance,1,,,,,,,
0,1,2,30,GO:0031573,intra-S DNA damage checkpoint,1,,,,,,,
0,1,3,69,GO:0031579,membrane raft organization,1,,,,,,,
0,1,5,72,GO:0031581,hemidesmosome assembly,1,,,,,,,
0,1,3,6,GO:0031583,phospholipase D-activating G protein-coupled receptor signaling pathway,1,,,,,,,
0,1,2,12,GO:0031584,activation of phospholipase D activity,1,,,,,,,
0,1,3,373,GO:0031589,cell-substrate adhesion,1,,,,,,,
0,1,2,28,GO:0031620;GO:0031622,regulation of fever generation,1,,,,,,,
0,1,3,157,GO:0031623,receptor internalization,1,,,,,,,
0,1,4,7,GO:0031627;GO:1904533;GO:1905777,telomeric loop formation,1,,,,,,,
0,0.116174358,6,42,GO:0031629;GO:0099500,synaptic vesicle fusion to presynaptic active zone membrane,1,,,,,,,
0,1,3,23,GO:0031630,regulation of synaptic vesicle fusion to presynaptic active zone membrane,1,,,,,,,
0,1,2,5,GO:0031632,positive regulation of synaptic vesicle fusion to presynaptic active zone membrane,1,,,,,,,
0,0.193272496,2,73,GO:0031638,zymogen activation,1,,,,,,,
0,0.048735665,2,17,GO:0031639,plasminogen activation,1,,,,,,,
0,1,4,92,GO:0031641,regulation of myelination,1,,,,,,,
0,1,2,14,GO:0031642,negative regulation of myelination,1,,,,,,,
0,1,2,33,GO:0031643,positive regulation of myelination,1,,,,,,,
0,0.692104352,5,398,GO:0031644,regulation of nervous system process,1,,,,,,,
0,1,2,79,GO:0031645,negative regulation of nervous system process,1,,,,,,,
0,1,2,194,GO:0031646,positive regulation of nervous system process,1,,,,,,,
0,0.063166169,2,729,GO:0031647,regulation of protein stability,1,,,,,,,
0,1,4,120,GO:0031648,protein destabilization,1,,,,,,,
0,1,3,16,GO:0031649,heat generation,1,,,,,,,
0,1,3,37,GO:0031650;GO:0031652,regulation of heat generation,1,,,,,,,
0,1,-1,35,GO:0031657,obsolete regulation of cyclin-dependent protein serine/threonine kinase activity involved in G1/S transition of mitotic cell cycle,1,,,,,,,
0,1,-1,11,GO:0031658,obsolete negative regulation of cyclin-dependent protein serine/threonine kinase activity involved in G1/S transition of mitotic cell cycle,1,,,,,,,
0,1,-1,24,GO:0031659,obsolete positive regulation of cyclin-dependent protein serine/threonine kinase activity involved in G1/S transition of mitotic cell cycle,1,,,,,,,
0,1,2,55,GO:0031663,lipopolysaccharide-mediated signaling pathway,1,,,,,,,
0,1,2,34,GO:0031664,regulation of lipopolysaccharide-mediated signaling pathway,1,,,,,,,
0,1,5,17,GO:0031665,negative regulation of lipopolysaccharide-mediated signaling pathway,1,,,,,,,
0,1,3,14,GO:0031666,positive regulation of lipopolysaccharide-mediated signaling pathway,1,,,,,,,
0,0.858534288,2,1610,GO:0031667;GO:0009991,response to extracellular stimulus,1,,,,,,,
0,0.326762176,3,686,GO:0031668;GO:0031669,cellular response to extracellular stimulus,1,,,,,,,
0,1,2,163,GO:0031670,cellular response to nutrient,1,,,,,,,
0,1,2,9,GO:0031848,protection from non-homologous end joining at telomere,1,,,,,,,
0,1,2,5,GO:0031860,telomeric 3' overhang formation,1,,,,,,,
0,1,5,15,GO:0031887,lipid droplet transport along microtubule,1,,,,,,,
0,1,2,16,GO:0031914,negative regulation of synaptic plasticity,1,,,,,,,
0,1,4,37,GO:0031915,positive regulation of synaptic plasticity,1,,,,,,,
0,1,5,97,GO:0031929,TOR signaling,1,,,,,,,
0,1,2,105,GO:0031935,regulation of chromatin silencing,1,,,,,,,
0,1,3,37,GO:0031936,negative regulation of chromatin silencing,1,,,,,,,
0,1,2,36,GO:0031937,positive regulation of chromatin silencing,1,,,,,,,
0,1,3,24,GO:0031943;GO:0031946,regulation of glucocorticoid metabolic process,1,,,,,,,
0,1,2,14,GO:0031944;GO:0031947;GO:0090032,negative regulation of steroid hormone biosynthetic process,1,,,,,,,
0,1,3,114,GO:0031952,regulation of protein autophosphorylation,1,,,,,,,
0,1,5,42,GO:0031953,negative regulation of protein autophosphorylation,1,,,,,,,
0,1,2,64,GO:0031954,positive regulation of protein autophosphorylation,1,,,,,,,
0,1,2,29,GO:0031958,corticosteroid receptor signaling pathway,1,,,,,,,
0,1,4,8,GO:0031959,mineralocorticoid receptor signaling pathway,1,,,,,,,
0,0.51634555,2,587,GO:0031960;GO:0051384,response to corticosteroid,1,,,,,,,
0,1,2,29,GO:0031987,locomotion involved in locomotory behavior,1,,,,,,,
0,1,2,6,GO:0031989,bombesin receptor signaling pathway,1,,,,,,,
0,1,4,10,GO:0031990,mRNA export from nucleus in response to heat stress,1,,,,,,,
0,1,2,12,GO:0031991,regulation of actomyosin contractile ring contraction,1,,,,,,,
0,1,4,48,GO:0031998,regulation of fatty acid beta-oxidation,1,,,,,,,
0,1,3,15,GO:0031999,negative regulation of fatty acid beta-oxidation,1,,,,,,,
0,1,2,28,GO:0032000,positive regulation of fatty acid beta-oxidation,1,,,,,,,
0,1,6,292,GO:0032006,regulation of TOR signaling,1,,,,,,,
0,1,4,141,GO:0032007,negative regulation of TOR signaling,1,,,,,,,
0,1,2,136,GO:0032008,positive regulation of TOR signaling,1,,,,,,,
0,1,2,26,GO:0032012,regulation of ARF protein signal transduction,1,,,,,,,
0,1,2,15,GO:0032014,positive regulation of ARF protein signal transduction,1,,,,,,,
0,1,5,17,GO:0032020,ISG15-protein conjugation,1,,,,,,,
0,1,2,199,GO:0032024,positive regulation of insulin secretion,1,,,,,,,
0,1,5,23,GO:0032025,response to cobalt ion,1,,,,,,,
0,1,2,80,GO:0032026,response to magnesium ion,1,,,,,,,
0,1,3,26,GO:0032042,mitochondrial DNA metabolic process,1,,,,,,,
0,1,2,17,GO:0032048,cardiolipin metabolic process,1,,,,,,,
0,1,4,11,GO:0032049,cardiolipin biosynthetic process,1,,,,,,,
0,1,3,13,GO:0032053,ciliary basal body organization,1,,,,,,,
0,1,2,9,GO:0032055,negative regulation of translation in response to stress,1,,,,,,,
0,1,3,10,GO:0032056,positive regulation of translation in response to stress,1,,,,,,,
0,1,5,6,GO:0032057;GO:1990737,negative regulation of translational initiation in response to stress,1,,,,,,,
0,1,2,21,GO:0032060,bleb assembly,1,,,,,,,
0,1,3,45,GO:0032069,regulation of nuclease activity,1,,,,,,,
0,1,4,26,GO:0032070;GO:0032071,regulation of deoxyribonuclease activity,1,,,,,,,
0,1,2,15,GO:0032074,negative regulation of nuclease activity,1,,,,,,,
0,1,4,28,GO:0032075,positive regulation of nuclease activity,1,,,,,,,
0,1,2,16,GO:0032077;GO:0032079,positive regulation of deoxyribonuclease activity,1,,,,,,,
0,1,2,170,GO:0032088,negative regulation of NF-kappaB transcription factor activity,1,,,,,,,
0,0.534484663,2,259,GO:0032091,negative regulation of protein binding,1,,,,,,,
0,0.535863508,2,260,GO:0032092,positive regulation of protein binding,1,,,,,,,
0,1,3,91,GO:0032094,response to food,1,,,,,,,
0,1,2,38,GO:0032095;GO:0032098,regulation of appetite,1,,,,,,,
0,1,5,28,GO:0032096;GO:0032108;GO:0032105;GO:0032099,negative regulation of response to nutrient levels,1,,,,,,,
0,1,2,8,GO:0032097;GO:0032100,positive regulation of response to food,1,,,,,,,
0,0.993752091,3,2351,GO:0032101,regulation of response to external stimulus,1,,,,,,,
0,0.889670619,2,740,GO:0032102,negative regulation of response to external stimulus,1,,,,,,,
0,0.868157,3,1186,GO:0032103,positive regulation of response to external stimulus,1,,,,,,,
0,1,7,11,GO:0032106;GO:0032109,positive regulation of response to nutrient levels,1,,,,,,,
0,1,5,42,GO:0032107;GO:0032104,regulation of response to extracellular stimulus,1,,,,,,,
0,1,4,7,GO:0032119,sequestering of zinc ion,1,,,,,,,
0,0.922808237,4,858,GO:0032147,activation of protein kinase activity,1,,,,,,,
0,0.18611144,6,70,GO:0032148,activation of protein kinase B activity,1,,,,,,,
0,1,4,5,GO:0032185,septin cytoskeleton organization,1,,,,,,,
0,1,3,5,GO:0032187;GO:0036214,contractile ring localization,1,,,,,,,
0,1,4,36,GO:0032201,telomere maintenance via semi-conservative replication,1,,,,,,,
0,1,4,146,GO:0032204,regulation of telomere maintenance,1,,,,,,,
0,1,2,54,GO:0032205,negative regulation of telomere maintenance,1,,,,,,,
0,1,3,86,GO:0032206,positive regulation of telomere maintenance,1,,,,,,,
0,1,3,99,GO:0032210;GO:1904356,regulation of telomere maintenance via telomere lengthening,1,,,,,,,
0,1,2,29,GO:0032211,negative regulation of telomere maintenance via telomerase,1,,,,,,,
0,1,3,60,GO:0032212;GO:1904358,positive regulation of telomere maintenance via telomere lengthening,1,,,,,,,
0,1,2,6,GO:0032218,riboflavin transport,1,,,,,,,
0,1,2,84,GO:0032232;GO:0051497,negative regulation of actin filament bundle assembly,1,,,,,,,
0,0.415225716,2,182,GO:0032233;GO:0051496,positive regulation of actin filament bundle assembly,1,,,,,,,
0,1,3,17,GO:0032237;GO:1901341,positive regulation of store-operated calcium channel activity,1,,,,,,,
0,1,2,43,GO:0032239;GO:0046831,regulation of nucleobase-containing compound transport,1,,,,,,,
0,1,4,21,GO:0032241;GO:0046833,positive regulation of nucleobase-containing compound transport,1,,,,,,,
0,1,2,44,GO:0032252,secretory granule localization,1,,,,,,,
0,1,3,25,GO:0032253;GO:0099519;GO:1901950,dense core granule localization,1,,,,,,,
0,0.785438714,2,2597,GO:0032269;GO:0051248,negative regulation of protein metabolic process,1,,,,,,,
0,0.108789365,6,619,GO:0032271,regulation of protein polymerization,1,,,,,,,
0,0.103654788,2,186,GO:0032272,negative regulation of protein polymerization,1,,,,,,,
0,1,3,366,GO:0032273,positive regulation of protein polymerization,1,,,,,,,
0,1,4,13,GO:0032274,gonadotropin secretion,1,,,,,,,
0,1,2,9,GO:0032275;GO:0046884,luteinizing hormone secretion,1,,,,,,,
0,1,2,38,GO:0032276,regulation of gonadotropin secretion,1,,,,,,,
0,1,4,25,GO:0032277,negative regulation of gonadotropin secretion,1,,,,,,,
0,1,3,29,GO:0032278;GO:0046880;GO:0046881,regulation of follicle-stimulating hormone secretion,1,,,,,,,
0,1,5,12,GO:0032286,central nervous system myelin maintenance,1,,,,,,,
0,1,7,20,GO:0032287,peripheral nervous system myelin maintenance,1,,,,,,,
0,1,3,44,GO:0032288,myelin assembly,1,,,,,,,
0,1,5,8,GO:0032289,central nervous system myelin formation,1,,,,,,,
0,1,5,5,GO:0032290,peripheral nervous system myelin formation,1,,,,,,,
0,1,2,50,GO:0032303,regulation of icosanoid secretion,1,,,,,,,
0,1,3,9,GO:0032304,negative regulation of icosanoid secretion,1,,,,,,,
0,1,2,44,GO:0032305;GO:0032306;GO:0032308,positive regulation of icosanoid secretion,1,,,,,,,
0,1,2,32,GO:0032309;GO:0050482;GO:1903963,icosanoid secretion,1,,,,,,,
0,1,3,5,GO:0032310,prostaglandin secretion,1,,,,,,,
0,1,2,22,GO:0032328,alanine transport,1,,,,,,,
0,1,2,21,GO:0032329;GO:0015825,serine transport,1,,,,,,,
0,1,2,138,GO:0032330,regulation of chondrocyte differentiation,1,,,,,,,
0,1,3,74,GO:0032331;GO:0061037,negative regulation of cartilage development,1,,,,,,,
0,1,3,58,GO:0032332,positive regulation of chondrocyte differentiation,1,,,,,,,
0,1,3,18,GO:0032344;GO:0032347,regulation of aldosterone metabolic process,1,,,,,,,
0,1,4,8,GO:0032345;GO:0032348;GO:2000065,negative regulation of aldosterone metabolic process,1,,,,,,,
0,1,2,6,GO:0032346;GO:0032349,positive regulation of aldosterone metabolic process,1,,,,,,,
0,1,2,144,GO:0032350;GO:0046885,regulation of hormone metabolic process,1,,,,,,,
0,1,2,41,GO:0032351;GO:0032353,negative regulation of hormone metabolic process,1,,,,,,,
0,1,2,66,GO:0032352;GO:0046886,positive regulation of hormone metabolic process,1,,,,,,,
0,1,5,56,GO:0032354;GO:0071372,response to follicle-stimulating hormone,1,,,,,,,
0,0.37198009,4,441,GO:0032355,response to estradiol,1,,,,,,,
0,1,6,10,GO:0032364,oxygen homeostasis,1,,,,,,,
0,1,3,60,GO:0032365,intracellular lipid transport,1,,,,,,,
0,1,4,33,GO:0032366;GO:0032367,intracellular sterol transport,1,,,,,,,
0,1,3,354,GO:0032368,regulation of lipid transport,1,,,,,,,
0,1,2,105,GO:0032369,negative regulation of lipid transport,1,,,,,,,
0,1,3,197,GO:0032370,positive regulation of lipid transport,1,,,,,,,
0,1,4,20,GO:0032372;GO:0032375,negative regulation of sterol transport,1,,,,,,,
0,1,2,81,GO:0032374;GO:0032371,regulation of cholesterol transport,1,,,,,,,
0,1,5,51,GO:0032376;GO:0032373,positive regulation of sterol transport,1,,,,,,,
0,1,3,15,GO:0032377;GO:0032380;GO:0032383,regulation of intracellular sterol transport,1,,,,,,,
0,1,4,9,GO:0032379;GO:0032382;GO:0032385,positive regulation of intracellular cholesterol transport,1,,,,,,,
0,0.831253871,5,1081,GO:0032386,regulation of intracellular transport,1,,,,,,,
0,0.12361896,2,207,GO:0032387,negative regulation of intracellular transport,1,,,,,,,
0,1,5,578,GO:0032388,positive regulation of intracellular transport,1,,,,,,,
0,1,2,68,GO:0032400;GO:0051875;GO:0032401;GO:0051905;GO:0032402;GO:0051904,pigment granule localization,1,,,,,,,
0,0.453701266,2,205,GO:0032410;GO:0032413;GO:1904063,negative regulation of transporter activity,1,,,,,,,
0,0.584141295,2,297,GO:0032411;GO:0032414,positive regulation of transporter activity,1,,,,,,,
0,1,4,20,GO:0032415,regulation of sodium:proton antiporter activity,1,,,,,,,
0,1,3,6,GO:0032416,negative regulation of sodium:proton antiporter activity,1,,,,,,,
0,1,5,14,GO:0032417,positive regulation of sodium:proton antiporter activity,1,,,,,,,
0,0.188505406,3,71,GO:0032418,lysosome localization,1,,,,,,,
0,1,5,7,GO:0032423,regulation of mismatch repair,1,,,,,,,
0,1,2,22,GO:0032429,regulation of phospholipase A2 activity,1,,,,,,,
0,1,7,15,GO:0032430,positive regulation of phospholipase A2 activity,1,,,,,,,
0,1,2,8,GO:0032431,activation of phospholipase A2 activity,1,,,,,,,
0,0.79434139,2,533,GO:0032434;GO:0061136;GO:2000058,regulation of proteasomal protein catabolic process,1,,,,,,,
0,0.209740558,2,80,GO:0032435,negative regulation of proteasomal ubiquitin-dependent protein catabolic process,1,,,,,,,
0,1,5,269,GO:0032436;GO:2000060,positive regulation of ubiquitin-dependent protein catabolic process,1,,,,,,,
0,0.136740597,2,50,GO:0032438,melanosome organization,1,,,,,,,
0,1,2,147,GO:0032456,endocytic recycling,1,,,,,,,
0,1,6,84,GO:0032459,regulation of protein oligomerization,1,,,,,,,
0,1,2,41,GO:0032460,negative regulation of protein oligomerization,1,,,,,,,
0,1,3,40,GO:0032461,positive regulation of protein oligomerization,1,,,,,,,
0,1,2,45,GO:0032462,regulation of protein homooligomerization,1,,,,,,,
0,1,3,28,GO:0032463,negative regulation of protein homooligomerization,1,,,,,,,
0,1,2,17,GO:0032464,positive regulation of protein homooligomerization,1,,,,,,,
0,0.501630766,2,236,GO:0032465,regulation of cytokinesis,1,,,,,,,
0,1,2,14,GO:0032466,negative regulation of cytokinesis,1,,,,,,,
0,0.268052433,3,106,GO:0032467,positive regulation of cytokinesis,1,,,,,,,
0,1,9,58,GO:0032469,endoplasmic reticulum calcium ion homeostasis,1,,,,,,,
0,1,2,8,GO:0032470;GO:1903515,calcium ion transport from cytosol to endoplasmic reticulum,1,,,,,,,
0,1,2,15,GO:0032471,negative regulation of endoplasmic reticulum calcium ion concentration,1,,,,,,,
0,1,2,18,GO:0032474,otolith morphogenesis,1,,,,,,,
0,1,2,215,GO:0032479,regulation of type I interferon production,1,,,,,,,
0,1,4,78,GO:0032480,negative regulation of type I interferon production,1,,,,,,,
0,1,3,114,GO:0032481,positive regulation of type I interferon production,1,,,,,,,
0,1,5,113,GO:0032482,Rab protein signal transduction,1,,,,,,,
0,1,4,44,GO:0032483,regulation of Rab protein signal transduction,1,,,,,,,
0,1,3,5,GO:0032484,Ral protein signal transduction,1,,,,,,,
0,1,2,5,GO:0032485,regulation of Ral protein signal transduction,1,,,,,,,
0,1,5,28,GO:0032486,Rap protein signal transduction,1,,,,,,,
0,1,4,10,GO:0032487,regulation of Rap protein signal transduction,1,,,,,,,
0,1,2,7,GO:0032488,Cdc42 protein signal transduction,1,,,,,,,
0,1,2,15,GO:0032489,regulation of Cdc42 protein signal transduction,1,,,,,,,
0,1,6,6,GO:0032493;GO:0070339;GO:0071220;GO:0071221;GO:0038124;GO:0071724;GO:0071726,cellular response to bacterial lipopeptide,1,,,,,,,
0,1,2,26,GO:0032494,response to peptidoglycan,1,,,,,,,
0,1,5,39,GO:0032495,response to muramyl dipeptide,1,,,,,,,
0,1,3,164,GO:0032506,cytokinetic process,1,,,,,,,
0,1,2,117,GO:0032508;GO:0032392,DNA geometric change,1,,,,,,,
0,1,2,85,GO:0032509;GO:0071985,multivesicular body sorting pathway,1,,,,,,,
0,1,2,23,GO:0032510,endosome to lysosome transport via multivesicular body sorting pathway,1,,,,,,,
0,1,3,17,GO:0032511;GO:0045324,late endosome to vacuole transport,1,,,,,,,
0,1,2,109,GO:0032515;GO:0035308,negative regulation of protein dephosphorylation,1,,,,,,,
0,1,4,43,GO:0032516,positive regulation of phosphoprotein phosphatase activity,1,,,,,,,
0,0.113569796,2,41,GO:0032525,somite rostral/caudal axis specification,1,,,,,,,
0,1,4,325,GO:0032526,response to retinoic acid,1,,,,,,,
0,1,4,62,GO:0032528,microvillus organization,1,,,,,,,
0,1,2,28,GO:0032530,regulation of microvillus organization,1,,,,,,,
0,1,3,10,GO:0032532,regulation of microvillus length,1,,,,,,,
0,1,7,18,GO:0032534,regulation of microvillus assembly,1,,,,,,,
0,0.249617619,3,1445,GO:0032535,regulation of cellular component size,1,,,,,,,
0,1,2,19,GO:0032536,regulation of cell projection size,1,,,,,,,
0,1,5,10,GO:0032571;GO:0071307,response to vitamin K,1,,,,,,,
0,1,3,70,GO:0032594,protein transport within lipid bilayer,1,,,,,,,
0,1,4,21,GO:0032596,protein transport into membrane raft,1,,,,,,,
0,1,2,16,GO:0032602,chemokine production,1,,,,,,,
0,1,2,15,GO:0032606,type I interferon production,1,,,,,,,
0,1,6,7,GO:0032607,interferon-alpha production,1,,,,,,,
0,1,2,37,GO:0032609,interferon-gamma production,1,,,,,,,
0,1,4,35,GO:0032611;GO:0032612,interleukin-1 production,1,,,,,,,
0,1,2,17,GO:0032613,interleukin-10 production,1,,,,,,,
0,1,2,11,GO:0032615,interleukin-12 production,1,,,,,,,
0,1,3,13,GO:0032620,interleukin-17 production,1,,,,,,,
0,1,2,6,GO:0032621,interleukin-18 production,1,,,,,,,
0,1,2,17,GO:0032623,interleukin-2 production,1,,,,,,,
0,1,3,14,GO:0032633,interleukin-4 production,1,,,,,,,
0,1,2,15,GO:0032635,interleukin-6 production,1,,,,,,,
0,1,5,11,GO:0032637,interleukin-8 production,1,,,,,,,
0,1,3,14,GO:0032640,tumor necrosis factor production,1,,,,,,,
0,1,3,6,GO:0032641,lymphotoxin A production,1,,,,,,,
0,1,2,139,GO:0032642,regulation of chemokine production,1,,,,,,,
0,1,2,19,GO:0032645;GO:0032725,regulation of granulocyte macrophage colony-stimulating factor production,1,,,,,,,
0,1,2,43,GO:0032647;GO:0032727,regulation of interferon-alpha production,1,,,,,,,
0,1,2,90,GO:0032648,regulation of interferon-beta production,1,,,,,,,
0,1,2,160,GO:0032649,regulation of interferon-gamma production,1,,,,,,,
0,1,2,20,GO:0032650;GO:0032730,regulation of interleukin-1 alpha production,1,,,,,,,
0,1,2,141,GO:0032651;GO:0032652,regulation of interleukin-1 production,1,,,,,,,
0,1,2,70,GO:0032653;GO:0032733,regulation of interleukin-10 production,1,,,,,,,
0,1,2,87,GO:0032655,regulation of interleukin-12 production,1,,,,,,,
0,1,2,45,GO:0032656;GO:0032674,regulation of interleukin-13 production,1,,,,,,,
0,1,2,28,GO:0032660;GO:0032700,regulation of interleukin-17 production,1,,,,,,,
0,1,2,22,GO:0032661,regulation of interleukin-18 production,1,,,,,,,
0,1,2,105,GO:0032663,regulation of interleukin-2 production,1,,,,,,,
0,1,2,12,GO:0032667,regulation of interleukin-23 production,1,,,,,,,
0,1,2,47,GO:0032673;GO:0032753,regulation of interleukin-4 production,1,,,,,,,
0,1,2,209,GO:0032675,regulation of interleukin-6 production,1,,,,,,,
0,0.29766952,2,120,GO:0032677;GO:0032757,regulation of interleukin-8 production,1,,,,,,,
0,1,3,225,GO:0032680;GO:1903555,regulation of tumor necrosis factor superfamily cytokine production,1,,,,,,,
0,1,4,42,GO:0032682,negative regulation of chemokine production,1,,,,,,,
0,1,2,24,GO:0032688,negative regulation of interferon-beta production,1,,,,,,,
0,1,3,57,GO:0032689,negative regulation of interferon-gamma production,1,,,,,,,
0,1,5,32,GO:0032691,negative regulation of interleukin-1 beta production,1,,,,,,,
0,1,4,56,GO:0032692,negative regulation of interleukin-1 production,1,,,,,,,
0,1,4,20,GO:0032693,negative regulation of interleukin-10 production,1,,,,,,,
0,1,2,27,GO:0032695,negative regulation of interleukin-12 production,1,,,,,,,
0,1,4,18,GO:0032696;GO:0032714,negative regulation of interleukin-13 production,1,,,,,,,
0,1,4,37,GO:0032703,negative regulation of interleukin-2 production,1,,,,,,,
0,1,4,6,GO:0032707,negative regulation of interleukin-23 production,1,,,,,,,
0,1,3,8,GO:0032713,negative regulation of interleukin-4 production,1,,,,,,,
0,1,4,88,GO:0032715,negative regulation of interleukin-6 production,1,,,,,,,
0,1,2,30,GO:0032717,negative regulation of interleukin-8 production,1,,,,,,,
0,1,4,92,GO:0032720;GO:1903556,negative regulation of tumor necrosis factor superfamily cytokine production,1,,,,,,,
0,1,4,92,GO:0032722,positive regulation of chemokine production,1,,,,,,,
0,1,4,61,GO:0032728,positive regulation of interferon-beta production,1,,,,,,,
0,1,3,100,GO:0032729,positive regulation of interferon-gamma production,1,,,,,,,
0,1,2,88,GO:0032731;GO:0032732,positive regulation of interleukin-1 production,1,,,,,,,
0,1,2,59,GO:0032735,positive regulation of interleukin-12 production,1,,,,,,,
0,1,4,24,GO:0032736,positive regulation of interleukin-13 production,1,,,,,,,
0,1,3,13,GO:0032740,positive regulation of interleukin-17 production,1,,,,,,,
0,1,3,7,GO:0032741,positive regulation of interleukin-18 production,1,,,,,,,
0,1,3,66,GO:0032743,positive regulation of interleukin-2 production,1,,,,,,,
0,1,3,120,GO:0032755,positive regulation of interleukin-6 production,1,,,,,,,
0,1,2,138,GO:0032760;GO:1903557,positive regulation of tumor necrosis factor production,1,,,,,,,
0,1,9,6,GO:0032762;GO:1904341;GO:1904343,regulation of colon smooth muscle contraction,1,,,,,,,
0,1,4,10,GO:0032763;GO:0032765,regulation of mast cell cytokine production,1,,,,,,,
0,0.320107085,2,131,GO:0032768;GO:0050999,regulation of monooxygenase activity,1,,,,,,,
0,1,2,30,GO:0032769,negative regulation of monooxygenase activity,1,,,,,,,
0,0.202723867,3,77,GO:0032770,positive regulation of monooxygenase activity,1,,,,,,,
0,1,8,13,GO:0032776,DNA methylation on cytosine,1,,,,,,,
0,1,5,49,GO:0032780,negative regulation of ATPase activity,1,,,,,,,
0,0.411756218,3,180,GO:0032781,positive regulation of ATPase activity,1,,,,,,,
0,1,2,11,GO:0032782,bile acid secretion,1,,,,,,,
0,1,2,13,GO:0032790,ribosome disassembly,1,,,,,,,
0,1,2,10,GO:0032792,negative regulation of CREB transcription factor activity,1,,,,,,,
0,1,8,55,GO:0032793,positive regulation of CREB transcription factor activity,1,,,,,,,
0,1,3,25,GO:0032799;GO:0032802,low-density lipoprotein receptor particle metabolic process,1,,,,,,,
0,1,-1,13,GO:0032800,obsolete receptor biosynthetic process,1,,,,,,,
0,1,2,60,GO:0032801,receptor catabolic process,1,,,,,,,
0,1,2,14,GO:0032803,regulation of low-density lipoprotein particle receptor catabolic process,1,,,,,,,
0,1,4,7,GO:0032804;GO:2000645,negative regulation of low-density lipoprotein particle receptor catabolic process,1,,,,,,,
0,1,2,22,GO:0032808,lacrimal gland development,1,,,,,,,
0,1,2,48,GO:0032814,regulation of natural killer cell activation,1,,,,,,,
0,1,3,13,GO:0032815,negative regulation of natural killer cell activation,1,,,,,,,
0,1,7,33,GO:0032816,positive regulation of natural killer cell activation,1,,,,,,,
0,1,2,8,GO:0032817;GO:0032819,regulation of natural killer cell proliferation,1,,,,,,,
0,1,5,26,GO:0032823,regulation of natural killer cell differentiation,1,,,,,,,
0,1,3,17,GO:0032825,positive regulation of natural killer cell differentiation,1,,,,,,,
0,1,3,153,GO:0032835,glomerulus development,1,,,,,,,
0,1,4,22,GO:0032836,glomerular basement membrane development,1,,,,,,,
0,1,2,13,GO:0032847,regulation of cellular pH reduction,1,,,,,,,
0,1,7,9,GO:0032849,positive regulation of cellular pH reduction,1,,,,,,,
0,0.34689452,5,711,GO:0032868,response to insulin,1,,,,,,,
0,0.458528615,4,526,GO:0032869,cellular response to insulin stimulus,1,,,,,,,
0,0.098305292,2,1606,GO:0032870,cellular response to hormone stimulus,1,,,,,,,
0,0.856145025,2,652,GO:0032872;GO:0070302;GO:0046328,regulation of stress-activated protein kinase signaling cascade,1,,,,,,,
0,0.406513824,6,177,GO:0032873;GO:0070303;GO:0046329,negative regulation of stress-activated protein kinase signaling cascade,1,,,,,,,
0,1,2,410,GO:0032874;GO:0070304;GO:0046330,positive regulation of stress-activated protein kinase signaling cascade,1,,,,,,,
0,1,3,42,GO:0032875,regulation of DNA endoreduplication,1,,,,,,,
0,1,3,20,GO:0032876,negative regulation of DNA endoreduplication,1,,,,,,,
0,1,2,15,GO:0032877,positive regulation of DNA endoreduplication,1,,,,,,,
0,1,4,94,GO:0032878;GO:2000114,regulation of establishment or maintenance of cell polarity,1,,,,,,,
0,0.642970876,2,2582,GO:0032880,regulation of protein localization,1,,,,,,,
0,1,2,90,GO:0032885,regulation of polysaccharide biosynthetic process,1,,,,,,,
0,0.875138897,4,699,GO:0032886;GO:0070507,regulation of microtubule-based process,1,,,,,,,
0,1,3,48,GO:0032887;GO:0032888,regulation of spindle elongation,1,,,,,,,
0,1,2,73,GO:0032891,negative regulation of organic acid transport,1,,,,,,,
0,1,4,112,GO:0032892,positive regulation of organic acid transport,1,,,,,,,
0,1,2,100,GO:0032897;GO:0046782,regulation of viral transcription,1,,,,,,,
0,1,3,5,GO:0032898;GO:0032902,nerve growth factor production,1,,,,,,,
0,1,4,9,GO:0032899,regulation of neurotrophin production,1,,,,,,,
0,1,2,17,GO:0032908,regulation of transforming growth factor beta1 production,1,,,,,,,
0,1,2,20,GO:0032909,regulation of transforming growth factor beta2 production,1,,,,,,,
0,1,5,10,GO:0032911,negative regulation of transforming growth factor beta1 production,1,,,,,,,
0,1,5,6,GO:0032912,negative regulation of transforming growth factor beta2 production,1,,,,,,,
0,1,5,7,GO:0032914,positive regulation of transforming growth factor beta1 production,1,,,,,,,
0,1,4,8,GO:0032917;GO:0032918,polyamine acetylation,1,,,,,,,
0,1,2,135,GO:0032922,circadian regulation of gene expression,1,,,,,,,
0,0.144330481,2,53,GO:0032924,activin receptor signaling pathway,1,,,,,,,
0,1,2,73,GO:0032925,regulation of activin receptor signaling pathway,1,,,,,,,
0,1,4,28,GO:0032926,negative regulation of activin receptor signaling pathway,1,,,,,,,
0,1,4,24,GO:0032927,positive regulation of activin receptor signaling pathway,1,,,,,,,
0,1,3,47,GO:0032928;GO:0032930,regulation of superoxide anion generation,1,,,,,,,
0,0.460692028,4,2516,GO:0032940;GO:0046903;GO:0140352,secretion,1,,,,,,,
0,1,4,42,GO:0032941,secretion by tissue,1,,,,,,,
0,1,3,162,GO:0032943;GO:0070661;GO:0046651,leukocyte proliferation,1,,,,,,,
0,0.684672799,6,390,GO:0032944;GO:0070663;GO:0050670,regulation of leukocyte proliferation,1,,,,,,,
0,0.314058924,2,128,GO:0032945;GO:0070664;GO:0042130;GO:0050672,negative regulation of leukocyte proliferation,1,,,,,,,
0,1,7,254,GO:0032946;GO:0070665;GO:0050671,positive regulation of leukocyte proliferation,1,,,,,,,
0,1,2,50,GO:0032954,regulation of cytokinetic process,1,,,,,,,
0,1,4,17,GO:0032957,inositol trisphosphate metabolic process,1,,,,,,,
0,1,4,22,GO:0032958,inositol phosphate biosynthetic process,1,,,,,,,
0,1,6,6,GO:0032959,inositol trisphosphate biosynthetic process,1,,,,,,,
0,1,2,16,GO:0032960;GO:0032962,regulation of inositol trisphosphate biosynthetic process,1,,,,,,,
0,1,2,120,GO:0032963,collagen metabolic process,1,,,,,,,
0,1,3,30,GO:0032964,collagen biosynthetic process,1,,,,,,,
0,1,3,8,GO:0032971,regulation of muscle filament sliding,1,,,,,,,
0,1,2,12,GO:0032980,keratinocyte activation,1,,,,,,,
0,0.402191006,2,470,GO:0032984,protein-containing complex disassembly,1,,,,,,,
0,1,2,32,GO:0032988,ribonucleoprotein complex disassembly,1,,,,,,,
0,1,5,97,GO:0033003,regulation of mast cell activation,1,,,,,,,
0,1,2,23,GO:0033004,negative regulation of mast cell activation,1,,,,,,,
0,1,2,52,GO:0033005,positive regulation of mast cell activation,1,,,,,,,
0,1,3,72,GO:0033006;GO:0043304,regulation of mast cell degranulation,1,,,,,,,
0,1,3,17,GO:0033007;GO:0043305,negative regulation of mast cell activation involved in immune response,1,,,,,,,
0,1,6,36,GO:0033008;GO:0043306,positive regulation of mast cell degranulation,1,,,,,,,
0,1,2,128,GO:0033013,tetrapyrrole metabolic process,1,,,,,,,
0,1,3,14,GO:0033015;GO:0006787;GO:0042167;GO:0046149,tetrapyrrole catabolic process,1,,,,,,,
0,1,2,11,GO:0033025,regulation of mast cell apoptotic process,1,,,,,,,
0,1,4,8,GO:0033026,negative regulation of mast cell apoptotic process,1,,,,,,,
0,1,2,9,GO:0033029;GO:0033031,regulation of neutrophil apoptotic process,1,,,,,,,
0,1,7,65,GO:0033032,regulation of myeloid cell apoptotic process,1,,,,,,,
0,1,2,34,GO:0033033,negative regulation of myeloid cell apoptotic process,1,,,,,,,
0,1,2,19,GO:0033034,positive regulation of myeloid cell apoptotic process,1,,,,,,,
0,0.928881961,2,885,GO:0033044,regulation of chromosome organization,1,,,,,,,
0,1,3,94,GO:0033046;GO:0051985,negative regulation of chromosome segregation,1,,,,,,,
0,0.458531822,3,208,GO:0033047,regulation of mitotic sister chromatid segregation,1,,,,,,,
0,1,4,64,GO:0033048,negative regulation of mitotic sister chromatid segregation,1,,,,,,,
0,0.121360832,2,44,GO:0033058,directional locomotion,1,,,,,,,
0,0.328089451,2,135,GO:0033059,cellular pigmentation,1,,,,,,,
0,1,2,120,GO:0033077,T cell differentiation in thymus,1,,,,,,,
0,1,6,63,GO:0033081,regulation of T cell differentiation in thymus,1,,,,,,,
0,1,2,22,GO:0033083;GO:0033084,regulation of immature T cell proliferation,1,,,,,,,
0,1,6,20,GO:0033085,negative regulation of T cell differentiation in thymus,1,,,,,,,
0,1,3,10,GO:0033087;GO:0033088,negative regulation of immature T cell proliferation in thymus,1,,,,,,,
0,1,2,29,GO:0033089,positive regulation of T cell differentiation in thymus,1,,,,,,,
0,1,2,12,GO:0033091;GO:0033092,positive regulation of immature T cell proliferation,1,,,,,,,
0,1,5,134,GO:0033108,mitochondrial respiratory chain complex assembly,1,,,,,,,
0,1,2,118,GO:0033119;GO:0048025;GO:0050686,negative regulation of mRNA processing,1,,,,,,,
0,1,2,102,GO:0033120,positive regulation of RNA splicing,1,,,,,,,
0,1,5,46,GO:0033127,regulation of histone phosphorylation,1,,,,,,,
0,1,2,14,GO:0033128,negative regulation of histone phosphorylation,1,,,,,,,
0,1,4,28,GO:0033129,positive regulation of histone phosphorylation,1,,,,,,,
0,1,4,23,GO:0033131;GO:1903299,regulation of hexokinase activity,1,,,,,,,
0,1,4,9,GO:0033132;GO:1903300,negative regulation of glucokinase activity,1,,,,,,,
0,1,2,15,GO:0033133;GO:1903301,positive regulation of hexokinase activity,1,,,,,,,
0,0.602269112,3,312,GO:0033135,regulation of peptidyl-serine phosphorylation,1,,,,,,,
0,1,2,77,GO:0033137,negative regulation of peptidyl-serine phosphorylation,1,,,,,,,
0,0.482059066,4,223,GO:0033138,positive regulation of peptidyl-serine phosphorylation,1,,,,,,,
0,1,2,21,GO:0033139;GO:0033141,regulation of peptidyl-serine phosphorylation of STAT protein,1,,,,,,,
0,0.478981415,2,221,GO:0033143,regulation of intracellular steroid hormone receptor signaling pathway,1,,,,,,,
0,1,3,84,GO:0033144,negative regulation of intracellular steroid hormone receptor signaling pathway,1,,,,,,,
0,0.136740597,6,50,GO:0033145,positive regulation of intracellular steroid hormone receptor signaling pathway,1,,,,,,,
0,1,3,84,GO:0033146,regulation of intracellular estrogen receptor signaling pathway,1,,,,,,,
0,1,2,33,GO:0033147,negative regulation of intracellular estrogen receptor signaling pathway,1,,,,,,,
0,1,2,20,GO:0033148,positive regulation of intracellular estrogen receptor signaling pathway,1,,,,,,,
0,1,3,32,GO:0033151,V(D)J recombination,1,,,,,,,
0,1,2,8,GO:0033152,immunoglobulin V(D)J recombination,1,,,,,,,
0,0.539747153,2,613,GO:0033157,regulation of intracellular protein transport,1,,,,,,,
0,1,2,29,GO:0033169,histone H3-K9 demethylation,1,,,,,,,
0,1,2,21,GO:0033182,regulation of histone ubiquitination,1,,,,,,,
0,1,4,6,GO:0033183;GO:1901314;GO:1901315,regulation of histone H2A K63-linked ubiquitination,1,,,,,,,
0,1,3,15,GO:0033184,positive regulation of histone ubiquitination,1,,,,,,,
0,1,5,72,GO:0033189,response to vitamin A,1,,,,,,,
0,1,3,35,GO:0033194,response to hydroperoxide,1,,,,,,,
0,1,2,50,GO:0033197,response to vitamin E,1,,,,,,,
0,1,3,85,GO:0033198,response to ATP,1,,,,,,,
0,1,2,175,GO:0033206,meiotic cytokinesis,1,,,,,,,
0,1,4,132,GO:0033209,tumor necrosis factor-mediated signaling pathway,1,,,,,,,
0,1,4,14,GO:0033210,leptin-mediated signaling pathway,1,,,,,,,
0,1,2,10,GO:0033211,adiponectin-activated signaling pathway,1,,,,,,,
0,1,2,19,GO:0033212,iron import into cell,1,,,,,,,
0,1,2,58,GO:0033227,dsRNA transport,1,,,,,,,
0,0.151854461,2,56,GO:0033233,regulation of protein sumoylation,1,,,,,,,
0,0.040309056,2,14,GO:0033234,negative regulation of protein sumoylation,1,,,,,,,
0,1,2,39,GO:0033235,positive regulation of protein sumoylation,1,,,,,,,
0,0.034965,5,100,GO:0033238,regulation of cellular amine metabolic process,1,,,,,,,
0,1,6,16,GO:0033239;GO:0045914;GO:0045963,negative regulation of cellular amine metabolic process,1,,,,,,,
0,0.07901279,2,28,GO:0033240,positive regulation of cellular amine metabolic process,1,,,,,,,
0,1,2,51,GO:0033260,nuclear DNA replication,1,,,,,,,
0,1,6,37,GO:0033262,regulation of nuclear cell cycle DNA replication,1,,,,,,,
0,1,4,271,GO:0033273,response to vitamin,1,,,,,,,
0,1,2,15,GO:0033278,cell proliferation in midbrain,1,,,,,,,
0,1,5,89,GO:0033280,response to vitamin D,1,,,,,,,
0,1,3,18,GO:0033292,T-tubule organization,1,,,,,,,
0,1,3,10,GO:0033299,secretion of lysosomal enzymes,1,,,,,,,
0,1,2,55,GO:0033301;GO:0035186,cell cycle comprising mitosis without cytokinesis,1,,,,,,,
0,1,2,14,GO:0033313,meiotic cell cycle checkpoint,1,,,,,,,
0,1,4,18,GO:0033314,mitotic DNA replication checkpoint,1,,,,,,,
0,1,7,6,GO:0033316;GO:0044779;GO:1902103;GO:1905133,negative regulation of metaphase/anaphase transition of meiotic cell cycle,1,,,,,,,
0,1,2,7,GO:0033326,cerebrospinal fluid secretion,1,,,,,,,
0,1,3,36,GO:0033327,Leydig cell differentiation,1,,,,,,,
0,1,4,64,GO:0033333;GO:0033339,fin development,1,,,,,,,
0,1,2,39,GO:0033334,fin morphogenesis,1,,,,,,,
0,1,3,10,GO:0033336;GO:0035143,caudal fin development,1,,,,,,,
0,1,2,20,GO:0033338;GO:0035141,medial fin development,1,,,,,,,
0,1,2,38,GO:0033344,cholesterol efflux,1,,,,,,,
0,1,3,14,GO:0033353,S-adenosylmethionine cycle,1,,,,,,,
0,1,2,108,GO:0033363,secretory granule organization,1,,,,,,,
0,0.466832602,2,1527,GO:0033365,protein localization to organelle,1,,,,,,,
0,1,2,16,GO:0033483,gas homeostasis,1,,,,,,,
0,1,2,6,GO:0033484,nitric oxide homeostasis,1,,,,,,,
0,1,5,6,GO:0033489;GO:0033490,cholesterol biosynthetic process via desmosterol,1,,,,,,,
0,1,2,5,GO:0033499,galactose catabolic process via UDP-galactose,1,,,,,,,
0,1,3,38,GO:0033504,floor plate development,1,,,,,,,
0,1,4,49,GO:0033522,histone H2A ubiquitination,1,,,,,,,
0,1,6,21,GO:0033523,histone H2B ubiquitination,1,,,,,,,
0,0.059857582,2,21,GO:0033539,fatty acid beta-oxidation using acyl-CoA dehydrogenase,1,,,,,,,
0,1,3,18,GO:0033540,fatty acid beta-oxidation using acyl-CoA oxidase,1,,,,,,,
0,1,2,8,GO:0033552,response to vitamin B3,1,,,,,,,
0,1,2,248,GO:0033555,multicellular organismal response to stress,1,,,,,,,
0,1,3,56,GO:0033561;GO:0061436,regulation of water loss via skin,1,,,,,,,
0,1,3,132,GO:0033563,dorsal/ventral axon guidance,1,,,,,,,
0,1,4,49,GO:0033564,anterior/posterior axon guidance,1,,,,,,,
0,1,2,8,GO:0033566,gamma-tubulin complex localization,1,,,,,,,
0,1,6,5,GO:0033577,protein glycosylation in endoplasmic reticulum,1,,,,,,,
0,1,2,23,GO:0033591,response to L-ascorbic acid,1,,,,,,,
0,1,2,13,GO:0033594;GO:0033595,response to hydroxyisoflavone,1,,,,,,,
0,1,3,24,GO:0033598,mammary gland epithelial cell proliferation,1,,,,,,,
0,0.118771363,2,43,GO:0033599,regulation of mammary gland epithelial cell proliferation,1,,,,,,,
0,1,2,13,GO:0033600,negative regulation of mammary gland epithelial cell proliferation,1,,,,,,,
0,0.068114659,3,24,GO:0033601,positive regulation of mammary gland epithelial cell proliferation,1,,,,,,,
0,1,6,17,GO:0033602,negative regulation of dopamine secretion,1,,,,,,,
0,0.081717598,2,29,GO:0033603,positive regulation of dopamine secretion,1,,,,,,,
0,1,2,48,GO:0033604,negative regulation of catecholamine secretion,1,,,,,,,
0,0.141807871,3,52,GO:0033605,positive regulation of catecholamine secretion,1,,,,,,,
0,1,2,6,GO:0033615;GO:0043461,proton-transporting ATP synthase complex assembly,1,,,,,,,
0,1,2,89,GO:0033619,membrane protein proteolysis,1,,,,,,,
0,1,2,15,GO:0033622,integrin activation,1,,,,,,,
0,1,6,23,GO:0033623,regulation of integrin activation,1,,,,,,,
0,1,7,6,GO:0033624;GO:0032690,negative regulation of integrin activation,1,,,,,,,
0,1,3,14,GO:0033625,positive regulation of integrin activation,1,,,,,,,
0,1,3,135,GO:0033627,cell adhesion mediated by integrin,1,,,,,,,
0,1,5,94,GO:0033628,regulation of cell adhesion mediated by integrin,1,,,,,,,
0,1,2,19,GO:0033629,negative regulation of cell adhesion mediated by integrin,1,,,,,,,
0,1,3,36,GO:0033630,positive regulation of cell adhesion mediated by integrin,1,,,,,,,
0,1,2,22,GO:0033631,cell-cell adhesion mediated by integrin,1,,,,,,,
0,1,2,20,GO:0033632,regulation of cell-cell adhesion mediated by integrin,1,,,,,,,
0,1,2,19,GO:0033684,regulation of luteinizing hormone secretion,1,,,,,,,
0,1,2,10,GO:0033685,negative regulation of luteinizing hormone secretion,1,,,,,,,
0,1,2,9,GO:0033686,positive regulation of luteinizing hormone secretion,1,,,,,,,
0,1,3,8,GO:0033687,osteoblast proliferation,1,,,,,,,
0,1,5,56,GO:0033688,regulation of osteoblast proliferation,1,,,,,,,
0,1,2,19,GO:0033689,negative regulation of osteoblast proliferation,1,,,,,,,
0,1,2,29,GO:0033690,positive regulation of osteoblast proliferation,1,,,,,,,
0,1,3,18,GO:0033700,phospholipid efflux,1,,,,,,,
0,1,5,82,GO:0033762,response to glucagon,1,,,,,,,
0,0.045934945,3,16,GO:0033860;GO:0033864,regulation of NAD(P)H oxidase activity,1,,,,,,,
0,1,2,8,GO:0033869;GO:0034031;GO:0034034,nucleoside bisphosphate catabolic process,1,,,,,,,
0,1,6,38,GO:0033962,P-body assembly,1,,,,,,,
0,1,5,5,GO:0033986,response to methanol,1,,,,,,,
0,0.199495869,3,2213,GO:0033993,response to lipid,1,,,,,,,
0,1,2,25,GO:0034035;GO:0050427,purine ribonucleoside bisphosphate metabolic process,1,,,,,,,
0,1,3,10,GO:0034036;GO:0050428,3'-phosphoadenosine 5'-phosphosulfate biosynthetic process,1,,,,,,,
0,1,4,33,GO:0034058,endosomal vesicle fusion,1,,,,,,,
0,1,3,31,GO:0034059,response to anoxia,1,,,,,,,
0,1,6,30,GO:0034063,stress granule assembly,1,,,,,,,
0,1,4,60,GO:0034067,protein localization to Golgi apparatus,1,,,,,,,
0,1,2,8,GO:0034085;GO:0071921,establishment of sister chromatid cohesion,1,,,,,,,
0,1,3,15,GO:0034086;GO:0034088,maintenance of sister chromatid cohesion,1,,,,,,,
0,1,5,21,GO:0034091;GO:0034182,regulation of maintenance of mitotic sister chromatid cohesion,1,,,,,,,
0,1,2,13,GO:0034092;GO:0034183;GO:1904907;GO:1904908,negative regulation of maintenance of sister chromatid cohesion,1,,,,,,,
0,1,2,8,GO:0034093;GO:0034184,positive regulation of maintenance of sister chromatid cohesion,1,,,,,,,
0,0.939322738,2,2002,GO:0034097;GO:0071345,response to cytokine,1,,,,,,,
0,1,3,174,GO:0034103,regulation of tissue remodeling,1,,,,,,,
0,1,2,46,GO:0034104,negative regulation of tissue remodeling,1,,,,,,,
0,1,2,73,GO:0034105,positive regulation of tissue remodeling,1,,,,,,,
0,1,4,94,GO:0034109,homotypic cell-cell adhesion,1,,,,,,,
0,1,2,64,GO:0034110,regulation of homotypic cell-cell adhesion,1,,,,,,,
0,1,4,72,GO:0034113,heterotypic cell-cell adhesion,1,,,,,,,
0,1,2,46,GO:0034114,regulation of heterotypic cell-cell adhesion,1,,,,,,,
0,1,3,20,GO:0034115;GO:0070587,regulation of cell-cell adhesion involved in gastrulation,1,,,,,,,
0,1,2,31,GO:0034116,positive regulation of heterotypic cell-cell adhesion,1,,,,,,,
0,1,3,176,GO:0034121;GO:0062207,regulation of pattern recognition receptor signaling pathway,1,,,,,,,
0,1,2,60,GO:0034122,negative regulation of toll-like receptor signaling pathway,1,,,,,,,
0,1,4,89,GO:0034123;GO:0062208,positive regulation of pattern recognition receptor signaling pathway,1,,,,,,,
0,1,2,38,GO:0034124,regulation of MyD88-dependent toll-like receptor signaling pathway,1,,,,,,,
0,1,7,8,GO:0034125,negative regulation of MyD88-dependent toll-like receptor signaling pathway,1,,,,,,,
0,1,2,24,GO:0034126,positive regulation of MyD88-dependent toll-like receptor signaling pathway,1,,,,,,,
0,1,2,7,GO:0034127,regulation of MyD88-independent toll-like receptor signaling pathway,1,,,,,,,
0,1,4,5,GO:0034128,negative regulation of MyD88-independent toll-like receptor signaling pathway,1,,,,,,,
0,1,2,13,GO:0034134,toll-like receptor 2 signaling pathway,1,,,,,,,
0,1,4,23,GO:0034135,regulation of toll-like receptor 2 signaling pathway,1,,,,,,,
0,1,3,9,GO:0034136,negative regulation of toll-like receptor 2 signaling pathway,1,,,,,,,
0,1,5,17,GO:0034137,positive regulation of toll-like receptor 2 signaling pathway,1,,,,,,,
0,1,2,26,GO:0034138,toll-like receptor 3 signaling pathway,1,,,,,,,
0,1,2,25,GO:0034139;GO:0034141,regulation of toll-like receptor 3 signaling pathway,1,,,,,,,
0,1,4,8,GO:0034140,negative regulation of toll-like receptor 3 signaling pathway,1,,,,,,,
0,1,2,29,GO:0034142,toll-like receptor 4 signaling pathway,1,,,,,,,
0,1,2,37,GO:0034143,regulation of toll-like receptor 4 signaling pathway,1,,,,,,,
0,1,3,11,GO:0034144,negative regulation of toll-like receptor 4 signaling pathway,1,,,,,,,
0,1,5,26,GO:0034145,positive regulation of toll-like receptor 4 signaling pathway,1,,,,,,,
0,1,2,21,GO:0034162,toll-like receptor 9 signaling pathway,1,,,,,,,
0,1,5,11,GO:0034163;GO:0034165,positive regulation of toll-like receptor 9 signaling pathway,1,,,,,,,
0,1,5,10,GO:0034196;GO:0034197,acylglycerol transport,1,,,,,,,
0,1,2,103,GO:0034198;GO:1990928,response to amino acid starvation,1,,,,,,,
0,1,6,21,GO:0034199,activation of protein kinase A activity,1,,,,,,,
0,1,2,11,GO:0034201,response to oleic acid,1,,,,,,,
0,1,2,86,GO:0034204;GO:0097035;GO:0045332,regulation of membrane lipid distribution,1,,,,,,,
0,1,5,19,GO:0034205;GO:0035333,amyloid-beta formation,1,,,,,,,
0,1,2,27,GO:0034214,protein hexamerization,1,,,,,,,
0,0.999490351,2,2462,GO:0034220;GO:0055085,transmembrane transport,1,,,,,,,
0,1,3,8,GO:0034227,tRNA thio-modification,1,,,,,,,
0,1,2,7,GO:0034239,regulation of macrophage fusion,1,,,,,,,
0,1,5,11,GO:0034242,negative regulation of syncytium formation by plasma membrane fusion,1,,,,,,,
0,1,3,385,GO:0034250;GO:0045727,positive regulation of cellular amide metabolic process,1,,,,,,,
0,0.28089353,2,112,GO:0034260,negative regulation of GTPase activity,1,,,,,,,
0,1,2,5,GO:0034310,primary alcohol catabolic process,1,,,,,,,
0,1,3,40,GO:0034311;GO:0034312,diol metabolic process,1,,,,,,,
0,1,8,47,GO:0034314,Arp2/3 complex-mediated actin nucleation,1,,,,,,,
0,1,2,921,GO:0034329,cell junction assembly,1,,,,,,,
0,0.995231627,2,1760,GO:0034330,cell junction organization,1,,,,,,,
0,1,2,258,GO:0034331;GO:0043954,cellular component maintenance,1,,,,,,,
0,1,4,330,GO:0034332,adherens junction organization,1,,,,,,,
0,1,2,154,GO:0034333,adherens junction assembly,1,,,,,,,
0,1,5,88,GO:0034334,adherens junction maintenance,1,,,,,,,
0,1,4,82,GO:0034340;GO:0060337;GO:0071357,response to type I interferon,1,,,,,,,
0,0.230742391,5,310,GO:0034341;GO:0071346,response to interferon-gamma,1,,,,,,,
0,1,2,28,GO:0034349,glial cell apoptotic process,1,,,,,,,
0,1,2,30,GO:0034350;GO:0034351,regulation of glial cell apoptotic process,1,,,,,,,
0,1,2,6,GO:0034352,positive regulation of glial cell apoptotic process,1,,,,,,,
0,1,3,38,GO:0034356,NAD biosynthesis via nicotinamide riboside salvage pathway,1,,,,,,,
0,1,2,39,GO:0034367;GO:0034368;GO:0034369,protein-containing complex remodeling,1,,,,,,,
0,1,2,10,GO:0034370;GO:0034372,triglyceride-rich lipoprotein particle remodeling,1,,,,,,,
0,1,2,7,GO:0034371,chylomicron remodeling,1,,,,,,,
0,1,2,14,GO:0034374,low-density lipoprotein particle remodeling,1,,,,,,,
0,1,2,19,GO:0034375,high-density lipoprotein particle remodeling,1,,,,,,,
0,1,3,41,GO:0034377,plasma lipoprotein particle assembly,1,,,,,,,
0,1,2,10,GO:0034378,chylomicron assembly,1,,,,,,,
0,1,6,19,GO:0034379,very-low-density lipoprotein particle assembly,1,,,,,,,
0,1,4,21,GO:0034380,high-density lipoprotein particle assembly,1,,,,,,,
0,1,2,58,GO:0034381;GO:0034383,plasma lipoprotein particle clearance,1,,,,,,,
0,1,2,9,GO:0034382;GO:0071830,chylomicron remnant clearance,1,,,,,,,
0,1,2,8,GO:0034384,high-density lipoprotein particle clearance,1,,,,,,,
0,1,3,46,GO:0034389,lipid droplet organization,1,,,,,,,
0,1,8,60,GO:0034391,regulation of smooth muscle cell apoptotic process,1,,,,,,,
0,1,2,28,GO:0034392,negative regulation of smooth muscle cell apoptotic process,1,,,,,,,
0,1,3,28,GO:0034393,positive regulation of smooth muscle cell apoptotic process,1,,,,,,,
0,1,2,70,GO:0034394,protein localization to cell surface,1,,,,,,,
0,1,5,19,GO:0034397;GO:0045141;GO:0090220,telomere localization,1,,,,,,,
0,1,2,10,GO:0034398;GO:0044821;GO:0070197,telomere tethering at nuclear periphery,1,,,,,,,
0,0.25278475,3,99,GO:0034405,response to fluid shear stress,1,,,,,,,
0,1,4,13,GO:0034418,urate biosynthetic process,1,,,,,,,
0,1,3,5,GO:0034421,post-translational protein acetylation,1,,,,,,,
0,1,4,9,GO:0034433;GO:0034434;GO:0034435,cholesterol esterification,1,,,,,,,
0,1,2,6,GO:0034436,glycoprotein transport,1,,,,,,,
0,1,3,126,GO:0034446,substrate adhesion-dependent cell spreading,1,,,,,,,
0,1,2,7,GO:0034447,very-low-density lipoprotein particle clearance,1,,,,,,,
0,1,5,56,GO:0034453,microtubule anchoring,1,,,,,,,
0,1,2,23,GO:0034454,microtubule anchoring at centrosome,1,,,,,,,
0,1,2,16,GO:0034465,response to carbon monoxide,1,,,,,,,
0,1,6,492,GO:0034470,ncRNA processing,1,,,,,,,
0,1,4,10,GO:0034475,U4 snRNA 3'-end processing,1,,,,,,,
0,1,4,26,GO:0034497,protein localization to phagophore assembly site,1,,,,,,,
0,1,3,24,GO:0034498,early endosome to Golgi transport,1,,,,,,,
0,1,5,168,GO:0034502,protein localization to chromosome,1,,,,,,,
0,0.03835196,3,432,GO:0034504,protein localization to nucleus,1,,,,,,,
0,1,2,30,GO:0034505;GO:0070166,tooth mineralization,1,,,,,,,
0,1,4,49,GO:0034508,centromere complex assembly,1,,,,,,,
0,1,4,10,GO:0034514,mitochondrial unfolded protein response,1,,,,,,,
0,1,3,5,GO:0034552;GO:0034553,respiratory chain complex II assembly,1,,,,,,,
0,1,3,25,GO:0034587,piRNA metabolic process,1,,,,,,,
0,0.264275493,3,608,GO:0034599;GO:0062197,cellular response to chemical stress,1,,,,,,,
0,1,3,148,GO:0034605,cellular response to heat,1,,,,,,,
0,1,4,13,GO:0034606,response to hermaphrodite contact,1,,,,,,,
0,1,5,10,GO:0034607;GO:0035178,turning behavior involved in mating,1,,,,,,,
0,1,5,8,GO:0034608,vulval location,1,,,,,,,
0,0.714230917,5,423,GO:0034612;GO:0071356,response to tumor necrosis factor,1,,,,,,,
0,0.201708367,2,283,GO:0034614,cellular response to reactive oxygen species,1,,,,,,,
0,1,2,41,GO:0034616,response to laminar fluid shear stress,1,,,,,,,
0,0.534472172,2,1647,GO:0034622,cellular protein-containing complex assembly,1,,,,,,,
0,0.200371326,2,76,GO:0034629,cellular protein-containing complex localization,1,,,,,,,
0,1,6,17,GO:0034633;GO:0046865;GO:0046864;GO:0071938,terpenoid transport,1,,,,,,,
0,1,3,9,GO:0034635;GO:0042939,tripeptide transport,1,,,,,,,
0,1,2,12,GO:0034638,phosphatidylcholine catabolic process,1,,,,,,,
0,1,2,92,GO:0034643;GO:0051654;GO:0047497,establishment of mitochondrion localization,1,,,,,,,
0,1,2,179,GO:0034644,cellular response to UV,1,,,,,,,
0,1,2,95,GO:0034656,nucleobase-containing small molecule catabolic process,1,,,,,,,
0,0.896453446,2,761,GO:0034660,ncRNA metabolic process,1,,,,,,,
0,1,2,50,GO:0034661,ncRNA catabolic process,1,,,,,,,
0,1,5,6,GO:0034672,anterior/posterior pattern specification involved in pronephros development,1,,,,,,,
0,1,2,83,GO:0034694;GO:0034695,response to prostaglandin,1,,,,,,,
0,1,4,5,GO:0034696,response to prostaglandin F,1,,,,,,,
0,1,2,136,GO:0034698,response to gonadotropin,1,,,,,,,
0,1,5,17,GO:0034699,response to luteinizing hormone,1,,,,,,,
0,1,8,22,GO:0034720,histone H3-K4 demethylation,1,,,,,,,
0,1,3,241,GO:0034728,nucleosome organization,1,,,,,,,
0,1,4,231,GO:0034754,cellular hormone metabolic process,1,,,,,,,
0,1,3,36,GO:0034755,iron ion transmembrane transport,1,,,,,,,
0,1,2,11,GO:0034756,regulation of iron ion transport,1,,,,,,,
0,0.393929844,3,1084,GO:0034762;GO:0034765,regulation of transmembrane transport,1,,,,,,,
0,0.570331322,2,286,GO:0034766;GO:0034763,negative regulation of transmembrane transport,1,,,,,,,
0,0.209813086,3,538,GO:0034767;GO:0034764,positive regulation of transmembrane transport,1,,,,,,,
0,1,4,21,GO:0034769,basement membrane disassembly,1,,,,,,,
0,1,2,22,GO:0034770,histone H4-K20 methylation,1,,,,,,,
0,1,4,11,GO:0034773,histone H4-K20 trimethylation,1,,,,,,,
0,1,5,31,GO:0034776,response to histamine,1,,,,,,,
0,1,5,7,GO:0034970;GO:0034971,histone H3-R17 methylation,1,,,,,,,
0,1,3,32,GO:0034975,protein folding in endoplasmic reticulum,1,,,,,,,
0,1,2,571,GO:0034976,response to endoplasmic reticulum stress,1,,,,,,,
0,1,4,19,GO:0034982,mitochondrial protein processing,1,,,,,,,
0,1,3,14,GO:0034983,peptidyl-lysine deacetylation,1,,,,,,,
0,1,3,168,GO:0035006;GO:0035010;GO:0035011,melanization defense response,1,,,,,,,
0,1,4,130,GO:0035017,cuticle pattern formation,1,,,,,,,
0,1,2,177,GO:0035019,somatic stem cell population maintenance,1,,,,,,,
0,1,4,84,GO:0035020,regulation of Rac protein signal transduction,1,,,,,,,
0,1,2,31,GO:0035021,negative regulation of Rac protein signal transduction,1,,,,,,,
0,1,2,36,GO:0035022,positive regulation of Rac protein signal transduction,1,,,,,,,
0,0.475885706,4,219,GO:0035023,regulation of Rho protein signal transduction,1,,,,,,,
0,1,2,56,GO:0035024,negative regulation of Rho protein signal transduction,1,,,,,,,
0,0.263721952,6,104,GO:0035025,positive regulation of Rho protein signal transduction,1,,,,,,,
0,1,4,39,GO:0035026;GO:0046663,leading edge cell differentiation,1,,,,,,,
0,1,2,21,GO:0035039;GO:0035041,male pronucleus assembly,1,,,,,,,
0,1,2,30,GO:0035046,pronuclear migration,1,,,,,,,
0,1,2,6,GO:0035047,centrosomal and pronuclear rotation,1,,,,,,,
0,0.089424984,2,360,GO:0035050,embryonic heart tube development,1,,,,,,,
0,0.700258251,4,407,GO:0035051,cardiocyte differentiation,1,,,,,,,
0,1,2,9,GO:0035054,embryonic heart tube anterior/posterior pattern specification,1,,,,,,,
0,1,7,8,GO:0035063,nuclear speck organization,1,,,,,,,
0,1,3,149,GO:0035065;GO:2000756,regulation of peptidyl-lysine acetylation,1,,,,,,,
0,1,2,72,GO:0035066;GO:2000758,positive regulation of peptidyl-lysine acetylation,1,,,,,,,
0,1,2,40,GO:0035067,negative regulation of histone acetylation,1,,,,,,,
0,1,3,64,GO:0035069;GO:0035096,larval midgut histolysis,1,,,,,,,
0,1,3,98,GO:0035070;GO:0035071;GO:0048102,autophagic cell death,1,,,,,,,
0,1,2,39,GO:0035073;GO:0035210,prepupal development,1,,,,,,,
0,1,2,9,GO:0035074,pupation,1,,,,,,,
0,1,2,95,GO:0035075,response to ecdysone,1,,,,,,,
0,1,2,41,GO:0035076;GO:0071390,cellular response to ecdysone,1,,,,,,,
0,1,2,140,GO:0035082,axoneme assembly,1,,,,,,,
0,1,2,6,GO:0035087,siRNA loading onto RISC involved in RNA interference,1,,,,,,,
0,1,3,270,GO:0035088;GO:0061245;GO:0045197,establishment or maintenance of bipolar cell polarity,1,,,,,,,
0,1,2,61,GO:0035090;GO:0045199,maintenance of apical/basal cell polarity,1,,,,,,,
0,1,2,22,GO:0035092,sperm chromatin condensation,1,,,,,,,
0,1,2,41,GO:0035095,behavioral response to nicotine,1,,,,,,,
0,1,4,84,GO:0035099,hemocyte migration,1,,,,,,,
0,1,2,5,GO:0035103,sterol regulatory element binding protein cleavage,1,,,,,,,
0,1,2,29,GO:0035106,operant conditioning,1,,,,,,,
0,0.990599671,3,1543,GO:0035107;GO:0048736,appendage development,1,,,,,,,
0,0.700258251,2,407,GO:0035108;GO:0030326;GO:0035113,limb morphogenesis,1,,,,,,,
0,1,2,152,GO:0035112,genitalia morphogenesis,1,,,,,,,
0,1,2,24,GO:0035118;GO:0035138,pectoral fin morphogenesis,1,,,,,,,
0,1,3,5,GO:0035122,embryonic medial fin morphogenesis,1,,,,,,,
0,1,5,8,GO:0035127;GO:0035128;GO:1901580;GO:1901581;GO:1901582,regulation of telomeric RNA transcription from RNA pol II promoter,1,,,,,,,
0,1,2,113,GO:0035136;GO:0035115,forelimb morphogenesis,1,,,,,,,
0,1,2,100,GO:0035137;GO:0035116,hindlimb morphogenesis,1,,,,,,,
0,0.194756204,2,518,GO:0035148,tube formation,1,,,,,,,
0,1,4,552,GO:0035150,regulation of tube size,1,,,,,,,
0,1,2,13,GO:0035156,fusion cell fate specification,1,,,,,,,
0,1,4,18,GO:0035157,negative regulation of fusion cell fate specification,1,,,,,,,
0,1,2,58,GO:0035161,imaginal disc lineage restriction,1,,,,,,,
0,1,2,186,GO:0035162,embryonic hemopoiesis,1,,,,,,,
0,1,5,88,GO:0035166;GO:0035167,post-embryonic hemopoiesis,1,,,,,,,
0,1,2,34,GO:0035168,larval lymph gland hemocyte differentiation,1,,,,,,,
0,1,2,14,GO:0035170,lymph gland crystal cell differentiation,1,,,,,,,
0,1,2,20,GO:0035171;GO:0042387,lamellocyte differentiation,1,,,,,,,
0,1,2,34,GO:0035172,hemocyte proliferation,1,,,,,,,
0,1,2,182,GO:0035176;GO:0051703,social behavior,1,,,,,,,
0,1,3,7,GO:0035185,preblastoderm mitotic cell cycle,1,,,,,,,
0,1,2,17,GO:0035188,hatching,1,,,,,,,
0,1,2,20,GO:0035190,syncytial nuclear migration,1,,,,,,,
0,1,3,6,GO:0035191,nuclear axial expansion,1,,,,,,,
0,1,4,6,GO:0035193,larval central nervous system remodeling,1,,,,,,,
0,1,2,119,GO:0035195,gene silencing by miRNA,1,,,,,,,
0,1,2,35,GO:0035202,tracheal pit formation in open tracheal system,1,,,,,,,
0,1,3,49,GO:0035203;GO:0045613,regulation of plasmatocyte differentiation,1,,,,,,,
0,1,4,39,GO:0035204;GO:0045614;GO:0045611,negative regulation of hemocyte differentiation,1,,,,,,,
0,1,2,120,GO:0035206,regulation of hemocyte proliferation,1,,,,,,,
0,1,2,14,GO:0035207,negative regulation of hemocyte proliferation,1,,,,,,,
0,1,3,26,GO:0035209,pupal development,1,,,,,,,
0,1,2,8,GO:0035211,spermathecum morphogenesis,1,,,,,,,
0,1,2,54,GO:0035212,cell competition in a multicellular organism,1,,,,,,,
0,1,2,23,GO:0035213;GO:0048728,clypeo-labral disc development,1,,,,,,,
0,1,3,172,GO:0035215,genital disc development,1,,,,,,,
0,1,3,21,GO:0035217,labial disc development,1,,,,,,,
0,1,5,37,GO:0035221;GO:0035224,genital disc pattern formation,1,,,,,,,
0,1,2,255,GO:0035222,wing disc pattern formation,1,,,,,,,
0,1,2,35,GO:0035234,ectopic germ cell programmed cell death,1,,,,,,,
0,1,4,87,GO:0035235,ionotropic glutamate receptor signaling pathway,1,,,,,,,
0,1,2,28,GO:0035247;GO:0034969,histone arginine methylation,1,,,,,,,
0,1,3,5,GO:0035260,internal genitalia morphogenesis,1,,,,,,,
0,1,3,13,GO:0035261,external genitalia morphogenesis,1,,,,,,,
0,1,2,148,GO:0035262,gonad morphogenesis,1,,,,,,,
0,1,2,19,GO:0035263,genital disc sexually dimorphic development,1,,,,,,,
0,0.229660947,2,309,GO:0035264,multicellular organism growth,1,,,,,,,
0,1,2,288,GO:0035265,organ growth,1,,,,,,,
0,1,2,32,GO:0035268;GO:0035269,protein mannosylation,1,,,,,,,
0,0.127288723,4,422,GO:0035270,endocrine system development,1,,,,,,,
0,1,5,29,GO:0035278;GO:0040033;GO:0045974,miRNA mediated inhibition of translation,1,,,,,,,
0,1,2,13,GO:0035279;GO:0098795,mRNA cleavage involved in gene silencing by miRNA,1,,,,,,,
0,1,2,15,GO:0035280,miRNA loading onto RISC involved in gene silencing by miRNA,1,,,,,,,
0,0.953847628,2,1027,GO:0035282,segmentation,1,,,,,,,
0,1,2,30,GO:0035283;GO:0035284,central nervous system segmentation,1,,,,,,,
0,1,5,123,GO:0035285;GO:0036011,appendage segmentation,1,,,,,,,
0,1,2,68,GO:0035287;GO:0035288;GO:0097065,head segmentation,1,,,,,,,
0,1,4,42,GO:0035289,posterior head segmentation,1,,,,,,,
0,1,5,50,GO:0035290,trunk segmentation,1,,,,,,,
0,1,3,12,GO:0035298;GO:1902766,skeletal muscle satellite cell migration,1,,,,,,,
0,1,2,126,GO:0035306,positive regulation of dephosphorylation,1,,,,,,,
0,1,3,88,GO:0035307,positive regulation of protein dephosphorylation,1,,,,,,,
0,1,2,73,GO:0035309,wing and notum subfield formation,1,,,,,,,
0,1,5,36,GO:0035310,notum cell fate specification,1,,,,,,,
0,1,2,8,GO:0035311,wing cell fate specification,1,,,,,,,
0,1,2,348,GO:0035315,hair cell differentiation,1,,,,,,,
0,1,2,198,GO:0035316;GO:0035317,non-sensory hair organization,1,,,,,,,
0,1,3,13,GO:0035321,maintenance of imaginal disc-derived wing hair orientation,1,,,,,,,
0,1,2,66,GO:0035329,hippo signaling,1,,,,,,,
0,1,2,143,GO:0035330,regulation of hippo signaling,1,,,,,,,
0,1,4,89,GO:0035331,negative regulation of hippo signaling,1,,,,,,,
0,1,2,63,GO:0035332,positive regulation of hippo signaling,1,,,,,,,
0,1,2,201,GO:0035335,peptidyl-tyrosine dephosphorylation,1,,,,,,,
0,1,2,5,GO:0035350;GO:0015883,FAD transmembrane transport,1,,,,,,,
0,1,3,7,GO:0035356,cellular triglyceride homeostasis,1,,,,,,,
0,1,2,13,GO:0035357,peroxisome proliferator activated receptor signaling pathway,1,,,,,,,
0,0.0570892,2,20,GO:0035358;GO:0035360,regulation of peroxisome proliferator activated receptor signaling pathway,1,,,,,,,
0,1,3,25,GO:0035372,protein localization to microtubule,1,,,,,,,
0,1,2,11,GO:0035376;GO:0070508,sterol import,1,,,,,,,
0,1,2,13,GO:0035377,transepithelial water transport,1,,,,,,,
0,1,4,5,GO:0035378,carbon dioxide transmembrane transport,1,,,,,,,
0,1,3,33,GO:0035385,Roundabout signaling pathway,1,,,,,,,
0,1,3,25,GO:0035404;GO:0043987,histone-serine phosphorylation,1,,,,,,,
0,1,3,20,GO:0035405,histone-threonine phosphorylation,1,,,,,,,
0,1,2,9,GO:0035408,histone H3-T6 phosphorylation,1,,,,,,,
0,1,3,247,GO:0035418;GO:1902414,protein localization to cell junction,1,,,,,,,
0,1,2,11,GO:0035426,extracellular matrix-cell signaling,1,,,,,,,
0,1,2,14,GO:0035434,copper ion transmembrane transport,1,,,,,,,
0,1,3,16,GO:0035437;GO:0006621,maintenance of protein localization in endoplasmic reticulum,1,,,,,,,
0,1,4,11,GO:0035441,cell migration involved in vasculogenesis,1,,,,,,,
0,1,5,5,GO:0035442;GO:0042938,dipeptide transmembrane transport,1,,,,,,,
0,1,3,32,GO:0035455,response to interferon-alpha,1,,,,,,,
0,1,5,37,GO:0035456;GO:0035458,response to interferon-beta,1,,,,,,,
0,1,3,20,GO:0035457,cellular response to interferon-alpha,1,,,,,,,
0,0.129084239,4,47,GO:0035459,vesicle cargo loading,1,,,,,,,
0,1,2,55,GO:0035461,vitamin transmembrane transport,1,,,,,,,
0,1,6,17,GO:0035469;GO:0071910,determination of pancreatic left/right asymmetry,1,,,,,,,
0,1,4,5,GO:0035470,positive regulation of vascular wound healing,1,,,,,,,
0,1,2,7,GO:0035474,selective angioblast sprouting,1,,,,,,,
0,1,2,15,GO:0035476,angioblast cell migration,1,,,,,,,
0,1,4,7,GO:0035479,angioblast cell migration from lateral mesoderm to midline,1,,,,,,,
0,1,3,16,GO:0035480;GO:0035481,regulation of Notch signaling pathway involved in heart induction,1,,,,,,,
0,1,4,11,GO:0035482;GO:0035483,gastric motility,1,,,,,,,
0,1,3,20,GO:0035493,SNARE complex assembly,1,,,,,,,
0,1,5,11,GO:0035494,SNARE complex disassembly,1,,,,,,,
0,1,2,9,GO:0035502,metanephric part of ureteric bud development,1,,,,,,,
0,1,5,20,GO:0035507;GO:0035509,regulation of myosin-light-chain-phosphatase activity,1,,,,,,,
0,0.084414562,2,30,GO:0035510,DNA dealkylation,1,,,,,,,
0,0.040309056,2,14,GO:0035511,oxidative DNA demethylation,1,,,,,,,
0,1,2,5,GO:0035513,oxidative RNA demethylation,1,,,,,,,
0,1,2,35,GO:0035518,histone H2A monoubiquitination,1,,,,,,,
0,1,2,10,GO:0035519,protein K29-linked ubiquitination,1,,,,,,,
0,1,3,16,GO:0035520,monoubiquitinated protein deubiquitination,1,,,,,,,
0,1,8,9,GO:0035521;GO:0035522,monoubiquitinated histone deubiquitination,1,,,,,,,
0,1,3,10,GO:0035523,protein K29-linked deubiquitination,1,,,,,,,
0,1,2,9,GO:0035524,proline transmembrane transport,1,,,,,,,
0,1,6,29,GO:0035542,regulation of SNARE complex assembly,1,,,,,,,
0,1,3,9,GO:0035544,negative regulation of SNARE complex assembly,1,,,,,,,
0,1,2,27,GO:0035545,determination of left/right asymmetry in nervous system,1,,,,,,,
0,1,2,57,GO:0035561,regulation of chromatin binding,1,,,,,,,
0,1,4,24,GO:0035562,negative regulation of chromatin binding,1,,,,,,,
0,1,4,27,GO:0035563,positive regulation of chromatin binding,1,,,,,,,
0,1,2,8,GO:0035564,regulation of kidney size,1,,,,,,,
0,1,5,5,GO:0035566,regulation of metanephros size,1,,,,,,,
0,1,7,243,GO:0035567,non-canonical Wnt signaling pathway,1,,,,,,,
0,1,7,6,GO:0035574,histone H4-K20 demethylation,1,,,,,,,
0,1,4,17,GO:0035581,sequestering of extracellular ligand from receptor,1,,,,,,,
0,1,5,49,GO:0035584,calcium-mediated signaling using intracellular calcium source,1,,,,,,,
0,1,4,8,GO:0035585,calcium-mediated signaling using extracellular calcium source,1,,,,,,,
0,1,4,9,GO:0035589,G protein-coupled purinergic nucleotide receptor signaling pathway,1,,,,,,,
0,1,3,50,GO:0035590,purinergic nucleotide receptor signaling pathway,1,,,,,,,
0,1,4,6,GO:0035593,positive regulation of Wnt signaling pathway by establishment of Wnt protein localization to extracellular region,1,,,,,,,
0,1,2,6,GO:0035607,fibroblast growth factor receptor signaling pathway involved in orbitofrontal cortex development,1,,,,,,,
0,1,3,10,GO:0035608;GO:0035610,protein deglutamylation,1,,,,,,,
0,1,2,6,GO:0035609,C-terminal protein deglutamylation,1,,,,,,,
0,1,2,8,GO:0035616,histone H2B conserved C-terminal lysine deubiquitination,1,,,,,,,
0,1,3,24,GO:0035617;GO:0098935;GO:0098937;GO:0098957,dendritic transport,1,,,,,,,
0,1,5,6,GO:0035621,ER to Golgi ceramide transport,1,,,,,,,
0,1,2,13,GO:0035622,intrahepatic bile duct development,1,,,,,,,
0,1,2,17,GO:0035624,receptor transactivation,1,,,,,,,
0,1,-1,14,GO:0035625;GO:0007211;GO:0071927,obsolete epidermal growth factor-activated receptor transactivation by G-protein coupled receptor signaling pathway,1,,,,,,,
0,1,2,11,GO:0035626,juvenile hormone mediated signaling pathway,1,,,,,,,
0,1,3,16,GO:0035627,ceramide transport,1,,,,,,,
0,1,5,9,GO:0035630,bone mineralization involved in bone maturation,1,,,,,,,
0,1,2,16,GO:0035633,maintenance of blood-brain barrier,1,,,,,,,
0,1,5,33,GO:0035634,response to stilbenoid,1,,,,,,,
0,1,6,22,GO:0035635,entry of bacterium into host cell,1,,,,,,,
0,1,2,355,GO:0035637,multicellular organismal signaling,1,,,,,,,
0,1,2,77,GO:0035640,exploration behavior,1,,,,,,,
0,1,3,48,GO:0035641,locomotory exploration behavior,1,,,,,,,
0,1,2,15,GO:0035655;GO:0070673;GO:0071351,response to interleukin-18,1,,,,,,,
0,1,4,5,GO:0035668;GO:0035669,TRAM-dependent toll-like receptor signaling pathway,1,,,,,,,
0,1,5,14,GO:0035675;GO:0048886,neuromast hair cell differentiation,1,,,,,,,
0,1,2,6,GO:0035677,posterior lateral line neuromast hair cell development,1,,,,,,,
0,0.498289744,2,905,GO:0035690,cellular response to drug,1,,,,,,,
0,1,2,9,GO:0035694,mitochondrial protein catabolic process,1,,,,,,,
0,1,3,16,GO:0035701,hematopoietic stem cell migration,1,,,,,,,
0,1,7,7,GO:0035711,T-helper 1 cell activation,1,,,,,,,
0,1,2,13,GO:0035720,intraciliary anterograde transport,1,,,,,,,
0,1,5,20,GO:0035721,intraciliary retrograde transport,1,,,,,,,
0,1,6,77,GO:0035722;GO:0070671;GO:0071349,response to interleukin-12,1,,,,,,,
0,1,2,29,GO:0035723;GO:0070672;GO:0071350,response to interleukin-15,1,,,,,,,
0,1,3,15,GO:0035726,common myeloid progenitor cell proliferation,1,,,,,,,
0,1,3,37,GO:0035728;GO:0035729,response to hepatocyte growth factor,1,,,,,,,
0,1,4,6,GO:0035733,hepatic stellate cell activation,1,,,,,,,
0,1,2,68,GO:0035735,intraciliary transport involved in cilium assembly,1,,,,,,,
0,1,2,6,GO:0035736,cell proliferation involved in compound eye morphogenesis,1,,,,,,,
0,1,6,6,GO:0035744,T-helper 1 cell cytokine production,1,,,,,,,
0,0.070851072,6,25,GO:0035751,regulation of lysosomal lumen pH,1,,,,,,,
0,1,2,11,GO:0035754,B cell chemotaxis,1,,,,,,,
0,1,4,21,GO:0035767,endothelial cell chemotaxis,1,,,,,,,
0,1,2,18,GO:0035773,insulin secretion involved in cellular response to glucose stimulus,1,,,,,,,
0,1,3,83,GO:0035774,positive regulation of insulin secretion involved in cellular response to glucose stimulus,1,,,,,,,
0,1,3,8,GO:0035775,pronephric glomerulus morphogenesis,1,,,,,,,
0,1,2,5,GO:0035776,pronephric proximal tubule development,1,,,,,,,
0,1,3,7,GO:0035778;GO:0039014,pronephric nephron tubule epithelial cell differentiation,1,,,,,,,
0,1,4,7,GO:0035787,cell migration involved in kidney development,1,,,,,,,
0,1,2,20,GO:0035791,platelet-derived growth factor receptor-beta signaling pathway,1,,,,,,,
0,1,4,8,GO:0035795;GO:1905709,negative regulation of mitochondrial membrane permeability,1,,,,,,,
0,1,2,10,GO:0035799,ureter maturation,1,,,,,,,
0,1,2,67,GO:0035809,regulation of urine volume,1,,,,,,,
0,1,2,39,GO:0035810,positive regulation of urine volume,1,,,,,,,
0,1,2,19,GO:0035811,negative regulation of urine volume,1,,,,,,,
0,1,4,76,GO:0035813,regulation of renal sodium excretion,1,,,,,,,
0,1,2,28,GO:0035814,negative regulation of renal sodium excretion,1,,,,,,,
0,1,2,43,GO:0035815,positive regulation of renal sodium excretion,1,,,,,,,
0,0.204914107,2,286,GO:0035821;GO:0051817,modulation of process of other organism,1,,,,,,,
0,1,2,10,GO:0035822,gene conversion,1,,,,,,,
0,1,3,20,GO:0035844,cloaca development,1,,,,,,,
0,1,2,38,GO:0035845,photoreceptor cell outer segment organization,1,,,,,,,
0,1,4,11,GO:0035846;GO:0060066,oviduct development,1,,,,,,,
0,1,2,8,GO:0035847,uterine epithelium development,1,,,,,,,
0,1,7,19,GO:0035860,glial cell-derived neurotrophic factor receptor signaling pathway,1,,,,,,,
0,1,2,49,GO:0035864,response to potassium ion,1,,,,,,,
0,1,2,33,GO:0035865,cellular response to potassium ion,1,,,,,,,
0,1,2,15,GO:0035871,protein K11-linked deubiquitination,1,,,,,,,
0,1,3,20,GO:0035878,nail development,1,,,,,,,
0,1,2,12,GO:0035879,plasma membrane lactate transport,1,,,,,,,
0,1,2,6,GO:0035880,embryonic nail plate morphogenesis,1,,,,,,,
0,1,2,14,GO:0035881,amacrine cell differentiation,1,,,,,,,
0,1,3,5,GO:0035882,defecation rhythm,1,,,,,,,
0,0.178887619,7,67,GO:0035883;GO:0003309,enteroendocrine cell differentiation,1,,,,,,,
0,1,3,52,GO:0035886,vascular associated smooth muscle cell differentiation,1,,,,,,,
0,1,4,5,GO:0035898,parathyroid hormone secretion,1,,,,,,,
0,1,3,22,GO:0035900,response to isolation stress,1,,,,,,,
0,0.212065877,2,81,GO:0035902,response to immobilization stress,1,,,,,,,
0,0.307957638,5,125,GO:0035904,aorta development,1,,,,,,,
0,1,3,10,GO:0035905;GO:0035910,ascending aorta development,1,,,,,,,
0,1,2,26,GO:0035907,dorsal aorta development,1,,,,,,,
0,0.159313101,2,59,GO:0035909,aorta morphogenesis,1,,,,,,,
0,1,2,18,GO:0035912,dorsal aorta morphogenesis,1,,,,,,,
0,0.293512113,3,118,GO:0035914,skeletal muscle cell differentiation,1,,,,,,,
0,1,2,94,GO:0035924,cellular response to vascular endothelial growth factor stimulus,1,,,,,,,
0,1,4,9,GO:0035927,RNA import into mitochondrion,1,,,,,,,
0,1,2,6,GO:0035928,rRNA import into mitochondrion,1,,,,,,,
0,1,4,11,GO:0035929,steroid hormone secretion,1,,,,,,,
0,1,2,5,GO:0035930,corticosteroid hormone secretion,1,,,,,,,
0,1,-1,18,GO:0035947,obsolete regulation of gluconeogenesis by regulation of transcription from RNA polymerase II promoter,1,,,,,,,
0,1,-1,11,GO:0035948,obsolete positive regulation of gluconeogenesis by positive regulation of transcription from RNA polymerase II promoter,1,,,,,,,
0,1,5,12,GO:0035962,response to interleukin-13,1,,,,,,,
0,1,3,5,GO:0035963,cellular response to interleukin-13,1,,,,,,,
0,0.034650408,3,12,GO:0035964;GO:0048200;GO:0048205,Golgi transport vesicle coating,1,,,,,,,
0,1,3,6,GO:0035965,cardiolipin acyl-chain remodeling,1,,,,,,,
0,1,2,32,GO:0035970,peptidyl-threonine dephosphorylation,1,,,,,,,
0,1,2,10,GO:0035973,aggrephagy,1,,,,,,,
0,1,3,7,GO:0035977;GO:1904382,protein deglycosylation involved in glycoprotein catabolic process,1,,,,,,,
0,1,3,13,GO:0035983;GO:0035984,cellular response to trichostatin A,1,,,,,,,
0,1,3,24,GO:0035988,chondrocyte proliferation,1,,,,,,,
0,1,5,22,GO:0035989,tendon development,1,,,,,,,
0,1,4,9,GO:0035990;GO:0035992,tendon cell differentiation,1,,,,,,,
0,1,3,7,GO:0035993,deltoid tuberosity development,1,,,,,,,
0,1,3,14,GO:0035995,detection of muscle stretch,1,,,,,,,
0,1,2,10,GO:0035999,tetrahydrofolate interconversion,1,,,,,,,
0,1,2,59,GO:0036003,positive regulation of transcription from RNA polymerase II promoter in response to stress,1,,,,,,,
0,1,5,20,GO:0036005;GO:0036006,response to macrophage colony-stimulating factor,1,,,,,,,
0,1,2,34,GO:0036010,protein localization to endosome,1,,,,,,,
0,1,5,15,GO:0036015;GO:0036016,response to interleukin-3,1,,,,,,,
0,1,5,22,GO:0036017;GO:0036018,response to erythropoietin,1,,,,,,,
0,1,3,13,GO:0036022,limb joint morphogenesis,1,,,,,,,
0,1,2,6,GO:0036023,embryonic skeletal limb joint morphogenesis,1,,,,,,,
0,1,2,21,GO:0036035,osteoclast development,1,,,,,,,
0,1,7,24,GO:0036058;GO:0036059,filtration diaphragm assembly,1,,,,,,,
0,1,3,37,GO:0036065,fucosylation,1,,,,,,,
0,1,4,20,GO:0036066,protein O-linked fucosylation,1,,,,,,,
0,1,2,6,GO:0036071,N-glycan fucosylation,1,,,,,,,
0,1,5,25,GO:0036089,cleavage furrow formation,1,,,,,,,
0,1,5,22,GO:0036090,cleavage furrow ingression,1,,,,,,,
0,1,4,114,GO:0036092,phosphatidylinositol-3-phosphate biosynthetic process,1,,,,,,,
0,1,2,13,GO:0036093,germ cell proliferation,1,,,,,,,
0,1,2,36,GO:0036098,male germ-line stem cell population maintenance,1,,,,,,,
0,1,2,73,GO:0036099,female germ-line stem cell population maintenance,1,,,,,,,
0,1,2,18,GO:0036109,alpha-linolenic acid metabolic process,1,,,,,,,
0,1,2,70,GO:0036119;GO:0036120,response to platelet-derived growth factor,1,,,,,,,
0,1,7,13,GO:0036124,histone H3-K9 trimethylation,1,,,,,,,
0,1,2,6,GO:0036145,dendritic cell homeostasis,1,,,,,,,
0,1,2,9,GO:0036146;GO:0071505;GO:0071506,cellular response to mycotoxin,1,,,,,,,
0,1,2,31,GO:0036148,phosphatidylglycerol acyl-chain remodeling,1,,,,,,,
0,1,2,22,GO:0036149,phosphatidylinositol acyl-chain remodeling,1,,,,,,,
0,1,2,31,GO:0036150,phosphatidylserine acyl-chain remodeling,1,,,,,,,
0,1,2,49,GO:0036151,phosphatidylcholine acyl-chain remodeling,1,,,,,,,
0,1,2,41,GO:0036152,phosphatidylethanolamine acyl-chain remodeling,1,,,,,,,
0,1,2,10,GO:0036155,acylglycerol acyl-chain remodeling,1,,,,,,,
0,1,2,24,GO:0036158,outer dynein arm assembly,1,,,,,,,
0,1,6,22,GO:0036159,inner dynein arm assembly,1,,,,,,,
0,1,5,7,GO:0036215;GO:0036216;GO:0038109,response to stem cell factor,1,,,,,,,
0,1,-1,9,GO:0036251;GO:0061392;GO:0061393;GO:0061404;GO:0061416,obsolete positive regulation of transcription from RNA polymerase II promoter in response to salt stress,1,,,,,,,
0,1,2,65,GO:0036257;GO:0036258,multivesicular body organization,1,,,,,,,
0,1,2,5,GO:0036265,RNA (guanine-N7)-methylation,1,,,,,,,
0,1,2,12,GO:0036269,swimming behavior,1,,,,,,,
0,1,8,20,GO:0036289,peptidyl-serine autophosphorylation,1,,,,,,,
0,1,2,7,GO:0036290,protein trans-autophosphorylation,1,,,,,,,
0,1,2,6,GO:0036292,DNA rewinding,1,,,,,,,
0,0.062756663,5,509,GO:0036294;GO:0071453;GO:0071456,cellular response to oxygen levels,1,,,,,,,
0,1,3,41,GO:0036295,cellular response to increased oxygen levels,1,,,,,,,
0,0.050774807,2,123,GO:0036296;GO:0055093,response to increased oxygen levels,1,,,,,,,
0,1,4,66,GO:0036297,interstrand cross-link repair,1,,,,,,,
0,1,3,24,GO:0036302,atrioventricular canal development,1,,,,,,,
0,1,3,5,GO:0036304;GO:0061027,umbilical cord morphogenesis,1,,,,,,,
0,1,2,6,GO:0036306,embryonic heart tube elongation,1,,,,,,,
0,1,2,12,GO:0036309,protein localization to M-band,1,,,,,,,
0,1,4,154,GO:0036314,response to sterol,1,,,,,,,
0,1,2,77,GO:0036315,cellular response to sterol,1,,,,,,,
0,1,2,67,GO:0036335,intestinal stem cell homeostasis,1,,,,,,,
0,0.190892418,3,72,GO:0036342,post-anal tail morphogenesis,1,,,,,,,
0,1,2,7,GO:0036343,psychomotor behavior,1,,,,,,,
0,1,2,41,GO:0036344;GO:0030220,platelet morphogenesis,1,,,,,,,
0,1,2,16,GO:0036353,histone H2A-K119 monoubiquitination,1,,,,,,,
0,1,2,5,GO:0036363;GO:0071604,transforming growth factor beta activation,1,,,,,,,
0,1,8,11,GO:0036369,transcription factor catabolic process,1,,,,,,,
0,1,2,8,GO:0036371,protein localization to T-tubule,1,,,,,,,
0,1,5,8,GO:0036372,opsin transport,1,,,,,,,
0,1,5,24,GO:0036376,sodium ion export across plasma membrane,1,,,,,,,
0,1,2,8,GO:0036438,maintenance of lens transparency,1,,,,,,,
0,1,5,22,GO:0036444,calcium import into the mitochondrion,1,,,,,,,
0,1,5,269,GO:0036445;GO:0055057;GO:0055059;GO:0098722,asymmetric stem cell division,1,,,,,,,
0,1,2,5,GO:0036462,TRAIL-activated apoptotic signaling pathway,1,,,,,,,
0,1,4,263,GO:0036465;GO:0048488;GO:0140238,synaptic vesicle recycling,1,,,,,,,
0,1,2,16,GO:0036466,synaptic vesicle recycling via endosome,1,,,,,,,
0,1,4,8,GO:0036474,cell death in response to hydrogen peroxide,1,,,,,,,
0,1,2,12,GO:0036490,regulation of translation in response to endoplasmic reticulum stress,1,,,,,,,
0,1,2,7,GO:0036493,positive regulation of translation in response to endoplasmic reticulum stress,1,,,,,,,
0,1,2,5,GO:0036496,regulation of translational initiation by eIF2 alpha dephosphorylation,1,,,,,,,
0,1,3,102,GO:0036498,IRE1-mediated unfolded protein response,1,,,,,,,
0,1,2,24,GO:0036499;GO:0140467,PERK-mediated unfolded protein response,1,,,,,,,
0,1,2,20,GO:0036500,ATF6-mediated unfolded protein response,1,,,,,,,
0,1,4,7,GO:0036506,maintenance of unfolded protein,1,,,,,,,
0,1,2,5,GO:0036510,trimming of terminal mannose on C branch,1,,,,,,,
0,1,2,12,GO:0036514;GO:1904938,dopaminergic neuron axon guidance,1,,,,,,,
0,1,4,7,GO:0036515,serotonergic neuron axon guidance,1,,,,,,,
0,1,2,19,GO:0038001,paracrine signaling,1,,,,,,,
0,1,2,14,GO:0038003,opioid receptor signaling pathway,1,,,,,,,
0,1,3,33,GO:0038007,netrin-activated signaling pathway,1,,,,,,,
0,1,5,7,GO:0038026,reelin-mediated signaling pathway,1,,,,,,,
0,1,3,19,GO:0038027,apolipoprotein A-I-mediated signaling pathway,1,,,,,,,
0,1,2,8,GO:0038028,insulin receptor signaling pathway via phosphatidylinositol 3-kinase,1,,,,,,,
0,1,2,15,GO:0038030;GO:0038031,non-canonical Wnt signaling pathway via MAPK cascade,1,,,,,,,
0,1,2,7,GO:0038032,termination of G protein-coupled receptor signaling pathway,1,,,,,,,
0,1,3,18,GO:0038033;GO:0038089,positive regulation of cell migration by vascular endothelial growth factor signaling pathway,1,,,,,,,
0,1,2,81,GO:0038034;GO:0097192,signal transduction in absence of ligand,1,,,,,,,
0,1,5,5,GO:0038060,nitric oxide-cGMP-mediated signaling pathway,1,,,,,,,
0,1,3,72,GO:0038061,NIK/NF-kappaB signaling,1,,,,,,,
0,1,2,12,GO:0038063,collagen-activated tyrosine kinase receptor signaling pathway,1,,,,,,,
0,1,3,18,GO:0038065,collagen-activated signaling pathway,1,,,,,,,
0,1,4,32,GO:0038066,p38MAPK cascade,1,,,,,,,
0,1,3,114,GO:0038083,peptidyl-tyrosine autophosphorylation,1,,,,,,,
0,1,5,47,GO:0038084,vascular endothelial growth factor signaling pathway,1,,,,,,,
0,1,3,9,GO:0038086;GO:0038091,positive regulation of cell proliferation by VEGF-activated platelet derived growth factor receptor signaling pathway,1,,,,,,,
0,0.068114659,3,24,GO:0038092,nodal signaling pathway,1,,,,,,,
0,1,2,258,GO:0038093,Fc receptor signaling pathway,1,,,,,,,
0,1,3,131,GO:0038095,Fc-epsilon receptor signaling pathway,1,,,,,,,
0,1,4,7,GO:0038098,sequestering of BMP from receptor via BMP binding,1,,,,,,,
0,1,7,6,GO:0038108,negative regulation of appetite by leptin-mediated signaling pathway,1,,,,,,,
0,1,4,18,GO:0038110,interleukin-2-mediated signaling pathway,1,,,,,,,
0,1,3,32,GO:0038111;GO:0098760;GO:0098761,cellular response to interleukin-7,1,,,,,,,
0,1,4,6,GO:0038113;GO:0071355,interleukin-9-mediated signaling pathway,1,,,,,,,
0,1,5,18,GO:0038114;GO:0098756;GO:0098757,response to interleukin-21,1,,,,,,,
0,1,4,80,GO:0038128,ERBB2 signaling pathway,1,,,,,,,
0,1,8,5,GO:0038129,ERBB3 signaling pathway,1,,,,,,,
0,1,2,11,GO:0038145,macrophage colony-stimulating factor signaling pathway,1,,,,,,,
0,1,2,15,GO:0038155,interleukin-23-mediated signaling pathway,1,,,,,,,
0,1,4,6,GO:0038156,interleukin-3-mediated signaling pathway,1,,,,,,,
0,1,4,10,GO:0038162,erythropoietin-mediated signaling pathway,1,,,,,,,
0,1,3,7,GO:0038163,thrombopoietin-mediated signaling pathway,1,,,,,,,
0,1,3,27,GO:0038166,angiotensin-activated signaling pathway,1,,,,,,,
0,1,5,11,GO:0038169;GO:0038170,somatostatin receptor signaling pathway,1,,,,,,,
0,1,2,10,GO:0038171,cannabinoid signaling pathway,1,,,,,,,
0,1,3,78,GO:0038179,neurotrophin signaling pathway,1,,,,,,,
0,1,4,32,GO:0038180,nerve growth factor signaling pathway,1,,,,,,,
0,1,2,5,GO:0038183,bile acid signaling pathway,1,,,,,,,
0,1,2,6,GO:0038188,cholecystokinin signaling pathway,1,,,,,,,
0,1,3,9,GO:0038189;GO:0038190;GO:1902336,neuropilin signaling pathway,1,,,,,,,
0,1,3,5,GO:0038194,thyroid-stimulating hormone signaling pathway,1,,,,,,,
0,1,2,56,GO:0038202,TORC1 signaling,1,,,,,,,
0,1,2,18,GO:0038203,TORC2 signaling,1,,,,,,,
0,1,6,6,GO:0039003;GO:0072004;GO:0072304;GO:0072305;GO:1900214;GO:1900215;GO:1900217;GO:1900218;GO:2000592;GO:2000594,regulation of mesenchymal cell apoptotic process involved in metanephric nephron morphogenesis,1,,,,,,,
0,1,4,14,GO:0039017,pattern specification involved in pronephros development,1,,,,,,,
0,1,2,31,GO:0039019,pronephric nephron development,1,,,,,,,
0,1,2,18,GO:0039020,pronephric nephron tubule development,1,,,,,,,
0,1,2,12,GO:0039021,pronephric glomerulus development,1,,,,,,,
0,1,2,9,GO:0039022,pronephric duct development,1,,,,,,,
0,1,5,12,GO:0039526;GO:0052150,modulation by symbiont of host apoptotic process,1,,,,,,,
0,1,3,10,GO:0039528,cytoplasmic pattern recognition receptor signaling pathway in response to virus,1,,,,,,,
0,1,5,7,GO:0039529,RIG-I signaling pathway,1,,,,,,,
0,1,2,27,GO:0039531;GO:0039535,regulation of viral-induced cytoplasmic pattern recognition receptor signaling pathway,1,,,,,,,
0,1,4,19,GO:0039532,negative regulation of viral-induced cytoplasmic pattern recognition receptor signaling pathway,1,,,,,,,
0,1,6,7,GO:0039533;GO:0039534,negative regulation of MDA-5 signaling pathway,1,,,,,,,
0,1,5,14,GO:0039536,negative regulation of RIG-I signaling pathway,1,,,,,,,
0,1,4,8,GO:0039656,modulation by virus of host gene expression,1,,,,,,,
0,1,6,8,GO:0039689,negative stranded viral RNA replication,1,,,,,,,
0,1,3,25,GO:0039694,viral RNA genome replication,1,,,,,,,
0,1,2,347,GO:0040001;GO:0051293;GO:0051653,spindle localization,1,,,,,,,
0,1,4,41,GO:0040002,collagen and cuticulin-based cuticle development,1,,,,,,,
0,1,4,136,GO:0040003,chitin-based cuticle development,1,,,,,,,
0,0.441781056,1,1813,GO:0040007;GO:0048589,growth,1,,,,,,,
0,0.527642059,3,2665,GO:0040008,regulation of growth,1,,,,,,,
0,1,2,48,GO:0040010,positive regulation of growth rate,1,,,,,,,
0,1,4,441,GO:0040014,regulation of multicellular organism growth,1,,,,,,,
0,1,2,59,GO:0040015,negative regulation of multicellular organism growth,1,,,,,,,
0,1,2,30,GO:0040016,embryonic cleavage,1,,,,,,,
0,1,3,258,GO:0040018,positive regulation of multicellular organism growth,1,,,,,,,
0,0.406513824,2,177,GO:0040019,positive regulation of embryonic development,1,,,,,,,
0,1,2,111,GO:0040020,regulation of meiotic nuclear division,1,,,,,,,
0,1,2,24,GO:0040021,hermaphrodite germ-line sex determination,1,,,,,,,
0,1,6,10,GO:0040022,feminization of hermaphroditic germ-line,1,,,,,,,
0,0.115904765,3,199,GO:0040024,dauer larval development,1,,,,,,,
0,1,2,195,GO:0040025,vulval development,1,,,,,,,
0,1,5,111,GO:0040026,positive regulation of vulval development,1,,,,,,,
0,1,4,59,GO:0040027,negative regulation of vulval development,1,,,,,,,
0,1,2,261,GO:0040028,regulation of vulval development,1,,,,,,,
0,1,3,10,GO:0040031,snRNA modification,1,,,,,,,
0,0.10043286,3,36,GO:0040032,post-embryonic body morphogenesis,1,,,,,,,
0,1,4,59,GO:0040035,hermaphrodite genitalia development,1,,,,,,,
0,1,2,137,GO:0040036,regulation of fibroblast growth factor receptor signaling pathway,1,,,,,,,
0,1,2,65,GO:0040037,negative regulation of fibroblast growth factor receptor signaling pathway,1,,,,,,,
0,1,3,59,GO:0040038,polar body extrusion after meiotic divisions,1,,,,,,,
0,1,4,47,GO:0040039,inductive cell migration,1,,,,,,,
0,1,3,93,GO:0040040,thermosensory behavior,1,,,,,,,
0,1,3,6,GO:0042001;GO:0042004,feminization of hermaphrodite soma,1,,,,,,,
0,1,6,13,GO:0042006,masculinization of hermaphroditic germ-line,1,,,,,,,
0,1,2,45,GO:0042023,DNA endoreduplication,1,,,,,,,
0,1,3,34,GO:0042026,protein refolding,1,,,,,,,
0,1,4,89,GO:0042044,fluid transport,1,,,,,,,
0,1,5,55,GO:0042045,epithelial fluid transport,1,,,,,,,
0,1,3,259,GO:0042048,olfactory behavior,1,,,,,,,
0,1,2,274,GO:0042051,compound eye photoreceptor development,1,,,,,,,
0,1,2,137,GO:0042052,rhabdomere development,1,,,,,,,
0,0.164249506,2,61,GO:0042053;GO:0042069,regulation of catecholamine metabolic process,1,,,,,,,
0,0.650021866,3,355,GO:0042058;GO:1901184,regulation of ERBB signaling pathway,1,,,,,,,
0,1,7,222,GO:0042059;GO:1901185,negative regulation of ERBB signaling pathway,1,,,,,,,
0,1,2,6,GO:0042062,long-term strengthening of neuromuscular junction,1,,,,,,,
0,0.684793119,2,800,GO:0042063,gliogenesis,1,,,,,,,
0,1,4,19,GO:0042065;GO:0042066,glial cell growth,1,,,,,,,
0,1,3,216,GO:0042067,establishment of ommatidial planar polarity,1,,,,,,,
0,1,4,123,GO:0042073;GO:0098840;GO:0099118,microtubule-based protein transport,1,,,,,,,
0,1,2,142,GO:0042074,cell migration involved in gastrulation,1,,,,,,,
0,1,2,140,GO:0042078,germ-line stem cell division,1,,,,,,,
0,1,2,35,GO:0042088,T-helper 1 type immune response,1,,,,,,,
0,1,3,14,GO:0042092,type 2 immune response,1,,,,,,,
0,1,4,75,GO:0042098,T cell proliferation,1,,,,,,,
0,1,2,56,GO:0042100,B cell proliferation,1,,,,,,,
0,1,4,176,GO:0042102,positive regulation of T cell proliferation,1,,,,,,,
0,1,2,36,GO:0042104,positive regulation of activated T cell proliferation,1,,,,,,,
0,1,3,492,GO:0042110,T cell activation,1,,,,,,,
0,1,3,70,GO:0042116,macrophage activation,1,,,,,,,
0,1,4,12,GO:0042117,monocyte activation,1,,,,,,,
0,1,2,28,GO:0042118,endothelial cell activation,1,,,,,,,
0,1,2,5,GO:0042125,protein galactosylation,1,,,,,,,
0,1,4,6,GO:0042126,nitrate metabolic process,1,,,,,,,
0,0.576663838,2,291,GO:0042129,regulation of T cell proliferation,1,,,,,,,
0,0.418675005,2,184,GO:0042133,neurotransmitter metabolic process,1,,,,,,,
0,0.121360832,2,44,GO:0042135,neurotransmitter catabolic process,1,,,,,,,
0,1,3,98,GO:0042136,neurotransmitter biosynthetic process,1,,,,,,,
0,1,3,10,GO:0042137;GO:0097401,sequestering of neurotransmitter,1,,,,,,,
0,1,2,6,GO:0042138,meiotic DNA double-strand break formation,1,,,,,,,
0,1,2,71,GO:0042149,cellular response to glucose starvation,1,,,,,,,
0,1,2,27,GO:0042159,lipoprotein catabolic process,1,,,,,,,
0,0.752571377,5,912,GO:0042176,regulation of protein catabolic process,1,,,,,,,
0,0.566487008,2,283,GO:0042177,negative regulation of protein catabolic process,1,,,,,,,
0,1,2,22,GO:0042178,xenobiotic catabolic process,1,,,,,,,
0,0.207408464,2,79,GO:0042181,ketone biosynthetic process,1,,,,,,,
0,1,2,11,GO:0042182,ketone catabolic process,1,,,,,,,
0,1,2,35,GO:0042219,cellular modified amino acid catabolic process,1,,,,,,,
0,1,3,204,GO:0042220,response to cocaine,1,,,,,,,
0,1,2,14,GO:0042247,establishment of planar polarity of follicular epithelium,1,,,,,,,
0,1,3,32,GO:0042249,establishment of planar polarity of embryonic epithelium,1,,,,,,,
0,1,2,400,GO:0042254,ribosome biogenesis,1,,,,,,,
0,1,2,102,GO:0042255,ribosome assembly,1,,,,,,,
0,1,5,12,GO:0042256,mature ribosome assembly,1,,,,,,,
0,1,2,10,GO:0042262,DNA protection,1,,,,,,,
0,1,2,16,GO:0042268,regulation of cytolysis,1,,,,,,,
0,1,2,9,GO:0042271,susceptibility to natural killer cell mediated cytotoxicity,1,,,,,,,
0,1,2,116,GO:0042273,ribosomal large subunit biogenesis,1,,,,,,,
0,1,2,114,GO:0042274,ribosomal small subunit biogenesis,1,,,,,,,
0,1,2,6,GO:0042275,error-free postreplication DNA repair,1,,,,,,,
0,1,5,31,GO:0042276,error-prone translesion synthesis,1,,,,,,,
0,1,3,39,GO:0042297;GO:0098596;GO:0098598;GO:0098597,observational learning,1,,,,,,,
0,1,2,468,GO:0042303,molting cycle,1,,,,,,,
0,0.225876568,2,87,GO:0042304,regulation of fatty acid biosynthetic process,1,,,,,,,
0,1,5,259,GO:0042306;GO:1904589,regulation of protein import,1,,,,,,,
0,1,2,130,GO:0042307;GO:1904591,positive regulation of protein import,1,,,,,,,
0,0.03689794,2,103,GO:0042308;GO:0046823;GO:1904590,negative regulation of nucleocytoplasmic transport,1,,,,,,,
0,1,2,64,GO:0042310,vasoconstriction,1,,,,,,,
0,1,2,77,GO:0042311,vasodilation,1,,,,,,,
0,1,2,54,GO:0042332,gravitaxis,1,,,,,,,
0,1,3,365,GO:0042335,cuticle development,1,,,,,,,
0,1,2,17,GO:0042338,cuticle development involved in collagen and cuticulin-based cuticle molting cycle,1,,,,,,,
0,1,2,62,GO:0042339;GO:0018146,keratan sulfate metabolic process,1,,,,,,,
0,1,4,22,GO:0042340,keratan sulfate catabolic process,1,,,,,,,
0,1,4,5,GO:0042350,GDP-L-fucose biosynthetic process,1,,,,,,,
0,1,3,41,GO:0042359,vitamin D metabolic process,1,,,,,,,
0,1,3,5,GO:0042360,vitamin E metabolic process,1,,,,,,,
0,1,3,25,GO:0042362,fat-soluble vitamin biosynthetic process,1,,,,,,,
0,1,2,16,GO:0042363,fat-soluble vitamin catabolic process,1,,,,,,,
0,1,2,16,GO:0042364,water-soluble vitamin biosynthetic process,1,,,,,,,
0,1,2,6,GO:0042365,water-soluble vitamin catabolic process,1,,,,,,,
0,1,2,7,GO:0042369,vitamin D catabolic process,1,,,,,,,
0,1,3,10,GO:0042373,vitamin K metabolic process,1,,,,,,,
0,1,3,26,GO:0042381,hemolymph coagulation,1,,,,,,,
0,1,3,75,GO:0042386,hemocyte differentiation,1,,,,,,,
0,0.970211096,3,1170,GO:0042391,regulation of membrane potential,1,,,,,,,
0,0.176465637,2,66,GO:0042398,cellular modified amino acid biosynthetic process,1,,,,,,,
0,1,3,81,GO:0042401;GO:0009309,cellular biogenic amine biosynthetic process,1,,,,,,,
0,0.146845769,4,54,GO:0042402;GO:0009310,cellular biogenic amine catabolic process,1,,,,,,,
0,1,3,25,GO:0042403,thyroid hormone metabolic process,1,,,,,,,
0,1,2,46,GO:0042407,cristae formation,1,,,,,,,
0,1,5,6,GO:0042414,epinephrine metabolic process,1,,,,,,,
0,1,3,26,GO:0042415,norepinephrine metabolic process,1,,,,,,,
0,1,2,27,GO:0042416,dopamine biosynthetic process,1,,,,,,,
0,1,5,19,GO:0042421,norepinephrine biosynthetic process,1,,,,,,,
0,1,2,30,GO:0042428;GO:1901160,primary amino compound metabolic process,1,,,,,,,
0,1,2,58,GO:0042430,indole-containing compound metabolic process,1,,,,,,,
0,1,3,11,GO:0042435,indole-containing compound biosynthetic process,1,,,,,,,
0,1,2,33,GO:0042438,melanin biosynthetic process,1,,,,,,,
0,1,4,15,GO:0042439,ethanolamine-containing compound metabolic process,1,,,,,,,
0,1,2,367,GO:0042440,pigment metabolic process,1,,,,,,,
0,1,2,396,GO:0042445,hormone metabolic process,1,,,,,,,
0,1,3,132,GO:0042446,hormone biosynthetic process,1,,,,,,,
0,1,4,25,GO:0042447,hormone catabolic process,1,,,,,,,
0,1,6,27,GO:0042448,progesterone metabolic process,1,,,,,,,
0,1,6,50,GO:0042454,ribonucleoside catabolic process,1,,,,,,,
0,1,2,477,GO:0042461;GO:0042462,photoreceptor cell development,1,,,,,,,
0,1,3,17,GO:0042464,dosage compensation by hypoactivation of X chromosome,1,,,,,,,
0,0.641588261,3,347,GO:0042471;GO:0042472,ear morphogenesis,1,,,,,,,
0,1,2,15,GO:0042473,outer ear morphogenesis,1,,,,,,,
0,0.141807871,2,52,GO:0042474,middle ear morphogenesis,1,,,,,,,
0,1,2,189,GO:0042475,odontogenesis of dentin-containing tooth,1,,,,,,,
0,1,4,280,GO:0042476,odontogenesis,1,,,,,,,
0,1,3,51,GO:0042478,regulation of eye photoreceptor cell development,1,,,,,,,
0,1,2,12,GO:0042479;GO:0045315,positive regulation of eye photoreceptor cell development,1,,,,,,,
0,1,2,8,GO:0042480,negative regulation of eye photoreceptor cell development,1,,,,,,,
0,1,6,54,GO:0042481,regulation of odontogenesis,1,,,,,,,
0,1,3,24,GO:0042482,positive regulation of odontogenesis,1,,,,,,,
0,1,3,9,GO:0042483;GO:0110111,negative regulation of odontogenesis,1,,,,,,,
0,1,2,27,GO:0042487,regulation of odontogenesis of dentin-containing tooth,1,,,,,,,
0,1,4,11,GO:0042488,positive regulation of odontogenesis of dentin-containing tooth,1,,,,,,,
0,1,4,250,GO:0042490;GO:0060113,mechanoreceptor differentiation,1,,,,,,,
0,1,6,133,GO:0042491,inner ear auditory receptor cell differentiation,1,,,,,,,
0,1,2,8,GO:0042492,gamma-delta T cell differentiation,1,,,,,,,
0,1,2,15,GO:0042501,serine phosphorylation of STAT protein,1,,,,,,,
0,1,2,140,GO:0042509;GO:0042531,regulation of tyrosine phosphorylation of STAT protein,1,,,,,,,
0,1,3,37,GO:0042532,negative regulation of tyrosine phosphorylation of STAT protein,1,,,,,,,
0,1,3,46,GO:0042537,benzene-containing compound metabolic process,1,,,,,,,
0,1,3,41,GO:0042538,hyperosmotic salinity response,1,,,,,,,
0,1,2,5,GO:0042539,hypotonic salinity response,1,,,,,,,
0,1,3,22,GO:0042541,hemoglobin biosynthetic process,1,,,,,,,
0,0.06071989,4,305,GO:0042542,response to hydrogen peroxide,1,,,,,,,
0,1,2,224,GO:0042551,neuron maturation,1,,,,,,,
0,1,5,21,GO:0042554,superoxide anion generation,1,,,,,,,
0,1,2,67,GO:0042558,pteridine-containing compound metabolic process,1,,,,,,,
0,1,2,24,GO:0042559,pteridine-containing compound biosynthetic process,1,,,,,,,
0,1,7,50,GO:0042572,retinol metabolic process,1,,,,,,,
0,1,7,37,GO:0042573,retinoic acid metabolic process,1,,,,,,,
0,1,7,37,GO:0042574,retinal metabolic process,1,,,,,,,
0,0.868176649,2,681,GO:0042594,response to starvation,1,,,,,,,
0,1,4,25,GO:0042595,behavioral response to starvation,1,,,,,,,
0,1,3,9,GO:0042631,cellular response to water deprivation,1,,,,,,,
0,0.44882816,7,202,GO:0042632;GO:0055092,cholesterol homeostasis,1,,,,,,,
0,1,3,78,GO:0042634,regulation of hair cycle,1,,,,,,,
0,1,2,36,GO:0042635;GO:0051798,positive regulation of hair cycle,1,,,,,,,
0,1,2,14,GO:0042636;GO:0051799,negative regulation of hair cycle,1,,,,,,,
0,1,5,316,GO:0042659;GO:0010453,regulation of cell fate commitment,1,,,,,,,
0,1,2,32,GO:0042660,positive regulation of cell fate specification,1,,,,,,,
0,1,2,112,GO:0042661;GO:1905770;GO:1905902;GO:2000380,regulation of mesoderm development,1,,,,,,,
0,1,2,16,GO:0042662;GO:1905771;GO:1905903,negative regulation of mesodermal cell differentiation,1,,,,,,,
0,1,2,35,GO:0042663;GO:1903224,regulation of endodermal cell differentiation,1,,,,,,,
0,1,2,19,GO:0042664;GO:1903225,negative regulation of endodermal cell differentiation,1,,,,,,,
0,1,2,8,GO:0042667,auditory receptor cell fate specification,1,,,,,,,
0,1,5,12,GO:0042668;GO:1905457;GO:2000974;GO:2000978,auditory receptor cell fate determination,1,,,,,,,
0,1,2,45,GO:0042670,retinal cone cell differentiation,1,,,,,,,
0,1,6,12,GO:0042673;GO:0060222,regulation of retinal cone cell fate commitment,1,,,,,,,
0,1,3,93,GO:0042675,compound eye cone cell differentiation,1,,,,,,,
0,1,3,51,GO:0042676,compound eye cone cell fate commitment,1,,,,,,,
0,1,2,20,GO:0042682,regulation of compound eye cone cell fate specification,1,,,,,,,
0,1,2,14,GO:0042683,negative regulation of compound eye cone cell fate specification,1,,,,,,,
0,1,5,18,GO:0042684,cardioblast cell fate commitment,1,,,,,,,
0,1,4,11,GO:0042685;GO:0050925,cardioblast cell fate specification,1,,,,,,,
0,1,2,20,GO:0042688,crystal cell differentiation,1,,,,,,,
0,1,2,25,GO:0042689,regulation of crystal cell differentiation,1,,,,,,,
0,1,3,16,GO:0042691;GO:0045612,positive regulation of hemocyte differentiation,1,,,,,,,
0,1,2,109,GO:0042693,muscle cell fate commitment,1,,,,,,,
0,1,2,57,GO:0042694,muscle cell fate specification,1,,,,,,,
0,1,2,12,GO:0042695;GO:0060744,thelarche,1,,,,,,,
0,0.129485022,2,213,GO:0042698,ovulation cycle,1,,,,,,,
0,1,3,15,GO:0042699,follicle-stimulating hormone signaling pathway,1,,,,,,,
0,1,2,6,GO:0042701,progesterone secretion,1,,,,,,,
0,1,3,6,GO:0042704,uterine wall breakdown,1,,,,,,,
0,1,2,51,GO:0042711;GO:0060746,parental behavior,1,,,,,,,
0,1,2,28,GO:0042713,sperm ejaculation,1,,,,,,,
0,1,3,9,GO:0042723,thiamine-containing compound metabolic process,1,,,,,,,
0,1,2,18,GO:0042726;GO:0006771,flavin-containing compound metabolic process,1,,,,,,,
0,1,2,5,GO:0042727,flavin-containing compound biosynthetic process,1,,,,,,,
0,1,2,30,GO:0042730,fibrinolysis,1,,,,,,,
0,1,2,6,GO:0042732,D-xylose metabolic process,1,,,,,,,
0,1,2,147,GO:0042733,embryonic digit morphogenesis,1,,,,,,,
0,1,2,178,GO:0042737,drug catabolic process,1,,,,,,,
0,0.510836994,2,581,GO:0042742,defense response to bacterium,1,,,,,,,
0,0.123942786,2,45,GO:0042743,hydrogen peroxide metabolic process,1,,,,,,,
0,1,2,20,GO:0042744,hydrogen peroxide catabolic process,1,,,,,,,
0,1,2,173,GO:0042749;GO:0045187,regulation of circadian sleep/wake cycle,1,,,,,,,
0,0.738718071,3,453,GO:0042752,regulation of circadian rhythm,1,,,,,,,
0,1,2,130,GO:0042753;GO:0045938,positive regulation of circadian rhythm,1,,,,,,,
0,1,2,47,GO:0042754,negative regulation of circadian rhythm,1,,,,,,,
0,0.052251769,2,125,GO:0042755,eating behavior,1,,,,,,,
0,1,2,29,GO:0042756,drinking behavior,1,,,,,,,
0,1,2,13,GO:0042758,long-chain fatty acid catabolic process,1,,,,,,,
0,1,4,62,GO:0042759,long-chain fatty acid biosynthetic process,1,,,,,,,
0,1,2,24,GO:0042760,very long-chain fatty acid catabolic process,1,,,,,,,
0,0.092458609,5,33,GO:0042762,regulation of sulfur metabolic process,1,,,,,,,
0,1,2,26,GO:0042766,nucleosome mobilization,1,,,,,,,
0,1,5,63,GO:0042771,intrinsic apoptotic signaling pathway in response to DNA damage by p53 class mediator,1,,,,,,,
0,1,9,26,GO:0042776,mitochondrial ATP synthesis coupled proton transport,1,,,,,,,
0,1,2,11,GO:0042780,tRNA 3'-end processing,1,,,,,,,
0,1,4,39,GO:0042789,mRNA transcription by RNA polymerase II,1,,,,,,,
0,1,2,11,GO:0042791,5S class rRNA transcription by RNA polymerase III,1,,,,,,,
0,1,3,14,GO:0042796,snRNA transcription by RNA polymerase III,1,,,,,,,
0,1,3,11,GO:0042810;GO:0042811,pheromone metabolic process,1,,,,,,,
0,1,2,13,GO:0042822;GO:0042816,vitamin B6 metabolic process,1,,,,,,,
0,1,2,7,GO:0042823;GO:0042819,vitamin B6 biosynthetic process,1,,,,,,,
0,1,-1,43,GO:0042891,obsolete antibiotic transport,1,,,,,,,
0,1,2,7,GO:0042904;GO:0042905,9-cis-retinoic acid biosynthetic process,1,,,,,,,
0,1,4,23,GO:0042908,xenobiotic transport,1,,,,,,,
0,1,4,21,GO:0042921,glucocorticoid receptor signaling pathway,1,,,,,,,
0,1,6,19,GO:0042940,D-amino acid transport,1,,,,,,,
0,1,2,5,GO:0042942,D-serine transport,1,,,,,,,
0,1,3,31,GO:0042953;GO:0044872,lipoprotein localization,1,,,,,,,
0,1,6,17,GO:0042976,activation of Janus kinase activity,1,,,,,,,
0,1,2,45,GO:0042982,amyloid precursor protein metabolic process,1,,,,,,,
0,1,2,18,GO:0042984;GO:0042985,regulation of amyloid precursor protein biosynthetic process,1,,,,,,,
0,1,3,25,GO:0042987,amyloid precursor protein catabolic process,1,,,,,,,
0,1,7,15,GO:0042989,sequestering of actin monomers,1,,,,,,,
0,1,4,45,GO:0042994,cytoplasmic sequestering of transcription factor,1,,,,,,,
0,1,4,50,GO:0042996;GO:0042998,regulation of Golgi to plasma membrane protein transport,1,,,,,,,
0,1,3,10,GO:0042997,negative regulation of Golgi to plasma membrane protein transport,1,,,,,,,
0,1,2,69,GO:0043001,Golgi to plasma membrane protein transport,1,,,,,,,
0,0.270794708,3,1789,GO:0043009,chordate embryonic development,1,,,,,,,
0,0.781572604,2,968,GO:0043010,camera-type eye development,1,,,,,,,
0,1,2,77,GO:0043029,T cell homeostasis,1,,,,,,,
0,1,2,70,GO:0043030,regulation of macrophage activation,1,,,,,,,
0,1,2,18,GO:0043031,negative regulation of macrophage activation,1,,,,,,,
0,1,2,34,GO:0043032,positive regulation of macrophage activation,1,,,,,,,
0,1,2,144,GO:0043044,ATP-dependent chromatin remodeling,1,,,,,,,
0,0.034650408,8,12,GO:0043045;GO:1901538;GO:0090116,DNA methylation involved in embryo development,1,,,,,,,
0,1,8,20,GO:0043046,DNA methylation involved in gamete generation,1,,,,,,,
0,1,3,28,GO:0043049,otic placode formation,1,,,,,,,
0,0.126543691,2,210,GO:0043051;GO:1903998,regulation of eating behavior,1,,,,,,,
0,1,3,72,GO:0043052,thermotaxis,1,,,,,,,
0,1,3,29,GO:0043054;GO:0071981,exit from diapause,1,,,,,,,
0,1,3,7,GO:0043056,forward locomotion,1,,,,,,,
0,0.084414562,3,30,GO:0043057,backward locomotion,1,,,,,,,
0,1,3,37,GO:0043058,regulation of backward locomotion,1,,,,,,,
0,1,2,21,GO:0043059,regulation of forward locomotion,1,,,,,,,
0,0.306196014,2,2489,GO:0043066;GO:0043069;GO:0060548,negative regulation of cell death,1,,,,,,,
0,1,2,15,GO:0043084,penile erection,1,,,,,,,
0,0.050064258,3,1637,GO:0043086,negative regulation of catalytic activity,1,,,,,,,
0,0.846639887,3,1122,GO:0043087;GO:0043547,regulation of GTPase activity,1,,,,,,,
0,1,2,57,GO:0043090,amino acid import,1,,,,,,,
0,1,3,5,GO:0043095,regulation of GTP cyclohydrolase I activity,1,,,,,,,
0,1,2,8,GO:0043096;GO:0043103,purine nucleobase salvage,1,,,,,,,
0,0.105710546,2,38,GO:0043101,purine-containing compound salvage,1,,,,,,,
0,1,2,270,GO:0043112,receptor metabolic process,1,,,,,,,
0,1,2,163,GO:0043113,receptor clustering,1,,,,,,,
0,1,2,105,GO:0043114,regulation of vascular permeability,1,,,,,,,
0,1,2,43,GO:0043116,negative regulation of vascular permeability,1,,,,,,,
0,1,3,39,GO:0043117,positive regulation of vascular permeability,1,,,,,,,
0,1,2,367,GO:0043122,regulation of I-kappaB kinase/NF-kappaB signaling,1,,,,,,,
0,1,2,272,GO:0043123,positive regulation of I-kappaB kinase/NF-kappaB signaling,1,,,,,,,
0,1,4,98,GO:0043124,negative regulation of I-kappaB kinase/NF-kappaB signaling,1,,,,,,,
0,1,3,42,GO:0043129;GO:0048875,chemical homeostasis within a tissue,1,,,,,,,
0,1,2,5,GO:0043132,NAD transport,1,,,,,,,
0,1,6,5,GO:0043134,regulation of hindgut contraction,1,,,,,,,
0,1,5,5,GO:0043152,induction of bacterial agglutination,1,,,,,,,
0,0.165898609,2,249,GO:0043154;GO:2000117,negative regulation of cysteine-type endopeptidase activity,1,,,,,,,
0,1,2,51,GO:0043162,ubiquitin-dependent protein catabolic process via the multivesicular body sorting pathway,1,,,,,,,
0,1,3,51,GO:0043171,peptide catabolic process,1,,,,,,,
0,1,2,15,GO:0043179,rhythmic excitation,1,,,,,,,
0,0.629663507,2,336,GO:0043200,response to amino acid,1,,,,,,,
0,1,5,21,GO:0043201,response to leucine,1,,,,,,,
0,1,2,37,GO:0043217,myelin maintenance,1,,,,,,,
0,1,2,91,GO:0043243,positive regulation of protein-containing complex disassembly,1,,,,,,,
0,0.208125696,5,289,GO:0043244;GO:1901879,regulation of protein-containing complex disassembly,1,,,,,,,
0,1,6,13,GO:0043247,telomere maintenance in response to DNA damage,1,,,,,,,
0,1,3,30,GO:0043248,proteasome assembly,1,,,,,,,
0,1,2,42,GO:0043249,erythrocyte maturation,1,,,,,,,
0,1,2,31,GO:0043252,sodium-independent organic anion transport,1,,,,,,,
0,0.12660725,5,1164,GO:0043254,regulation of protein-containing complex assembly,1,,,,,,,
0,1,5,216,GO:0043255,regulation of carbohydrate biosynthetic process,1,,,,,,,
0,1,2,242,GO:0043266;GO:1901379,regulation of potassium ion transport,1,,,,,,,
0,1,3,79,GO:0043267,negative regulation of potassium ion transport,1,,,,,,,
0,1,3,126,GO:0043268;GO:1901381,positive regulation of potassium ion transport,1,,,,,,,
0,0.324926754,2,1904,GO:0043270;GO:1903793,positive regulation of ion transport,1,,,,,,,
0,1,2,35,GO:0043276,anoikis,1,,,,,,,
0,1,5,208,GO:0043277,apoptotic cell clearance,1,,,,,,,
0,0.715931635,3,425,GO:0043279,response to alkaloid,1,,,,,,,
0,1,4,310,GO:0043280;GO:2001056,positive regulation of cysteine-type endopeptidase activity,1,,,,,,,
0,0.494072995,2,563,GO:0043281;GO:2000116,regulation of cysteine-type endopeptidase activity,1,,,,,,,
0,0.0570892,2,20,GO:0043282,pharyngeal muscle development,1,,,,,,,
0,1,2,251,GO:0043297;GO:0120192;GO:0120193,apical junction assembly,1,,,,,,,
0,1,5,53,GO:0043302,positive regulation of leukocyte degranulation,1,,,,,,,
0,1,3,10,GO:0043309,regulation of eosinophil degranulation,1,,,,,,,
0,1,2,7,GO:0043311;GO:1902568,positive regulation of eosinophil degranulation,1,,,,,,,
0,1,4,19,GO:0043313;GO:1902563,regulation of neutrophil activation,1,,,,,,,
0,1,2,7,GO:0043314;GO:0060313,negative regulation of neutrophil degranulation,1,,,,,,,
0,1,3,5,GO:0043315;GO:1902565,positive regulation of neutrophil activation,1,,,,,,,
0,1,2,8,GO:0043320,natural killer cell degranulation,1,,,,,,,
0,1,3,10,GO:0043321,regulation of natural killer cell degranulation,1,,,,,,,
0,1,2,5,GO:0043323,positive regulation of natural killer cell degranulation,1,,,,,,,
0,1,4,6,GO:0043327,chemotaxis to cAMP,1,,,,,,,
0,1,3,9,GO:0043328,protein transport to vacuole involved in ubiquitin-dependent protein catabolic process via the multivesicular body sorting pathway,1,,,,,,,
0,1,5,71,GO:0043330,response to exogenous dsRNA,1,,,,,,,
0,1,4,163,GO:0043331,response to dsRNA,1,,,,,,,
0,1,6,16,GO:0043353,enucleate erythrocyte differentiation,1,,,,,,,
0,1,2,8,GO:0043363;GO:0048823,nucleate erythrocyte differentiation,1,,,,,,,
0,1,3,9,GO:0043366,beta selection,1,,,,,,,
0,1,2,47,GO:0043368,positive T cell selection,1,,,,,,,
0,1,2,6,GO:0043380;GO:0043382,regulation of memory T cell differentiation,1,,,,,,,
0,1,2,24,GO:0043383;GO:0045060,negative T cell selection,1,,,,,,,
0,1,2,9,GO:0043385;GO:0046222;GO:1901376,mycotoxin metabolic process,1,,,,,,,
0,0.345712965,2,144,GO:0043388,positive regulation of DNA binding,1,,,,,,,
0,1,4,132,GO:0043392,negative regulation of DNA binding,1,,,,,,,
0,0.504359876,2,574,GO:0043393,regulation of protein binding,1,,,,,,,
0,1,2,9,GO:0043397,regulation of corticotropin-releasing hormone secretion,1,,,,,,,
0,0.511864991,3,243,GO:0043401;GO:0030518,steroid hormone mediated signaling pathway,1,,,,,,,
0,1,2,7,GO:0043402,glucocorticoid mediated signaling pathway,1,,,,,,,
0,0.95852824,5,1062,GO:0043405;GO:0043406;GO:0071902,positive regulation of protein serine/threonine kinase activity,1,,,,,,,
0,1,2,215,GO:0043407,negative regulation of MAP kinase activity,1,,,,,,,
0,0.908222599,2,1815,GO:0043408,regulation of MAPK cascade,1,,,,,,,
0,0.767476674,4,492,GO:0043409,negative regulation of MAPK cascade,1,,,,,,,
0,1,2,1255,GO:0043410,positive regulation of MAPK cascade,1,,,,,,,
0,0.409385422,3,477,GO:0043414;GO:0032259,methylation,1,,,,,,,
0,1,3,14,GO:0043415,positive regulation of skeletal muscle tissue regeneration,1,,,,,,,
0,1,2,21,GO:0043416,regulation of skeletal muscle tissue regeneration,1,,,,,,,
0,1,3,7,GO:0043418,homocysteine catabolic process,1,,,,,,,
0,1,7,349,GO:0043433,negative regulation of DNA-binding transcription factor activity,1,,,,,,,
0,0.529976572,4,1294,GO:0043434;GO:1901652,response to peptide,1,,,,,,,
0,1,6,13,GO:0043435;GO:0071376,cellular response to corticotropin-releasing hormone stimulus,1,,,,,,,
0,0.166706963,6,62,GO:0043457,regulation of cellular respiration,1,,,,,,,
0,0.036972475,2,249,GO:0043462,regulation of ATPase activity,1,,,,,,,
0,1,2,8,GO:0043465;GO:1902688;GO:1904023,regulation of NAD metabolic process,1,,,,,,,
0,0.735576932,1,449,GO:0043473,pigmentation,1,,,,,,,
0,1,2,26,GO:0043476;GO:0043482,pigment accumulation,1,,,,,,,
0,1,2,518,GO:0043484;GO:0048024;GO:0050684,regulation of RNA splicing,1,,,,,,,
0,1,4,21,GO:0043485;GO:0048757;GO:0035646,endosome to pigment granule transport,1,,,,,,,
0,1,4,99,GO:0043486,histone exchange,1,,,,,,,
0,1,2,341,GO:0043487;GO:0043488;GO:0061013,regulation of mRNA catabolic process,1,,,,,,,
0,1,3,132,GO:0043489;GO:1902369;GO:0048255;GO:1902373,negative regulation of RNA catabolic process,1,,,,,,,
0,1,2,9,GO:0043490,malate-aspartate shuttle,1,,,,,,,
0,1,5,91,GO:0043491,protein kinase B signaling,1,,,,,,,
0,0.126517248,2,46,GO:0043496,regulation of protein homodimerization activity,1,,,,,,,
0,1,2,25,GO:0043497,regulation of protein heterodimerization activity,1,,,,,,,
0,1,3,258,GO:0043502,regulation of muscle adaptation,1,,,,,,,
0,1,3,10,GO:0043504,mitochondrial DNA repair,1,,,,,,,
0,1,7,235,GO:0043507;GO:0043506,regulation of JUN kinase activity,1,,,,,,,
0,1,3,45,GO:0043508,negative regulation of JUN kinase activity,1,,,,,,,
0,0.097782494,2,35,GO:0043519,regulation of myosin II filament organization,1,,,,,,,
0,0.271423149,2,617,GO:0043523,regulation of neuron apoptotic process,1,,,,,,,
0,0.118284369,2,408,GO:0043524,negative regulation of neuron apoptotic process,1,,,,,,,
0,1,2,185,GO:0043525,positive regulation of neuron apoptotic process,1,,,,,,,
0,1,4,70,GO:0043534,blood vessel endothelial cell migration,1,,,,,,,
0,1,6,210,GO:0043535,regulation of blood vessel endothelial cell migration,1,,,,,,,
0,1,6,131,GO:0043536,positive regulation of blood vessel endothelial cell migration,1,,,,,,,
0,1,4,71,GO:0043537,negative regulation of blood vessel endothelial cell migration,1,,,,,,,
0,1,3,165,GO:0043542,endothelial cell migration,1,,,,,,,
0,1,6,384,GO:0043543,protein acylation,1,,,,,,,
0,1,3,11,GO:0043545;GO:0051189;GO:0032324,molybdopterin cofactor metabolic process,1,,,,,,,
0,1,3,148,GO:0043550;GO:0043551,regulation of lipid kinase activity,1,,,,,,,
0,1,2,90,GO:0043552;GO:0090218,positive regulation of lipid kinase activity,1,,,,,,,
0,1,8,12,GO:0043553,negative regulation of phosphatidylinositol 3-kinase activity,1,,,,,,,
0,1,2,35,GO:0043555,regulation of translation in response to stress,1,,,,,,,
0,1,2,17,GO:0043558,regulation of translational initiation in response to stress,1,,,,,,,
0,1,2,58,GO:0043567,regulation of insulin-like growth factor receptor signaling pathway,1,,,,,,,
0,1,3,28,GO:0043568,positive regulation of insulin-like growth factor receptor signaling pathway,1,,,,,,,
0,1,2,21,GO:0043569,negative regulation of insulin-like growth factor receptor signaling pathway,1,,,,,,,
0,1,3,12,GO:0043570,maintenance of DNA repeat elements,1,,,,,,,
0,1,3,50,GO:0043576,regulation of respiratory gaseous exchange,1,,,,,,,
0,0.848594392,3,635,GO:0043583;GO:0048839,ear development,1,,,,,,,
0,0.108337912,5,39,GO:0043584,nose development,1,,,,,,,
0,0.181302567,3,68,GO:0043586,tongue development,1,,,,,,,
0,0.105710546,3,38,GO:0043587,tongue morphogenesis,1,,,,,,,
0,1,4,483,GO:0043588,skin development,1,,,,,,,
0,1,2,21,GO:0043589,skin morphogenesis,1,,,,,,,
0,0.041194776,2,1331,GO:0043603,cellular amide metabolic process,1,,,,,,,
0,1,2,14,GO:0043615,astrocyte cell migration,1,,,,,,,
0,1,3,39,GO:0043616,keratinocyte proliferation,1,,,,,,,
0,0.402993291,7,175,GO:0043618;GO:0043620,regulation of DNA-templated transcription in response to stress,1,,,,,,,
0,1,2,19,GO:0043619,regulation of transcription from RNA polymerase II promoter in response to oxidative stress,1,,,,,,,
0,1,2,27,GO:0043622,cortical microtubule organization,1,,,,,,,
0,0.524718832,2,252,GO:0043624,cellular protein complex disassembly,1,,,,,,,
0,1,2,67,GO:0043628,ncRNA 3'-end processing,1,,,,,,,
0,1,3,5,GO:0043629;GO:0043630,ncRNA polyadenylation,1,,,,,,,
0,1,6,15,GO:0043633;GO:0043634;GO:0071029;GO:0071046,polyadenylation-dependent RNA catabolic process,1,,,,,,,
0,1,2,132,GO:0043647,inositol phosphate metabolic process,1,,,,,,,
0,1,2,208,GO:0043648,dicarboxylic acid metabolic process,1,,,,,,,
0,1,4,36,GO:0043649,dicarboxylic acid catabolic process,1,,,,,,,
0,1,2,40,GO:0043650,dicarboxylic acid biosynthetic process,1,,,,,,,
0,1,2,27,GO:0043651,linoleic acid metabolic process,1,,,,,,,
0,1,2,103,GO:0043652,engulfment of apoptotic cell,1,,,,,,,
0,1,2,31,GO:0043653,mitochondrial fragmentation involved in apoptotic process,1,,,,,,,
0,1,3,7,GO:0043654,recognition of apoptotic cell,1,,,,,,,
0,1,4,292,GO:0043666;GO:0035304,regulation of protein dephosphorylation,1,,,,,,,
0,1,2,9,GO:0043686,co-translational protein modification,1,,,,,,,
0,0.856577412,2,653,GO:0043687,post-translational protein modification,1,,,,,,,
0,1,3,23,GO:0043691,reverse cholesterol transport,1,,,,,,,
0,1,2,50,GO:0043696;GO:0043697,dedifferentiation,1,,,,,,,
0,1,4,20,GO:0043704,photoreceptor cell fate specification,1,,,,,,,
0,0.496145452,3,1240,GO:0043900,regulation of multi-organism process,1,,,,,,,
0,0.758256014,2,479,GO:0043901,negative regulation of multi-organism process,1,,,,,,,
0,0.194756204,2,518,GO:0043902,positive regulation of multi-organism process,1,,,,,,,
0,0.373031977,3,442,GO:0043903;GO:0050792,regulation of biological process involved in symbiotic interaction,1,,,,,,,
0,1,5,55,GO:0043921;GO:0043922;GO:0052312;GO:0052472,modulation of transcription in other organism involved in symbiotic interaction,1,,,,,,,
0,1,3,28,GO:0043923,positive regulation by host of viral transcription,1,,,,,,,
0,1,3,28,GO:0043931;GO:0070977,bone maturation,1,,,,,,,
0,1,3,9,GO:0043932,ossification involved in bone remodeling,1,,,,,,,
0,1,2,148,GO:0043949,regulation of cAMP-mediated signaling,1,,,,,,,
0,1,2,86,GO:0043950,positive regulation of cAMP-mediated signaling,1,,,,,,,
0,1,3,58,GO:0043951,negative regulation of cAMP-mediated signaling,1,,,,,,,
0,1,2,130,GO:0043966,histone H3 acetylation,1,,,,,,,
0,1,2,130,GO:0043967,histone H4 acetylation,1,,,,,,,
0,1,6,30,GO:0043968,histone H2A acetylation,1,,,,,,,
0,1,3,18,GO:0043970,histone H3-K9 acetylation,1,,,,,,,
0,1,3,6,GO:0043972,histone H3-K23 acetylation,1,,,,,,,
0,1,2,9,GO:0043974,histone H3-K27 acetylation,1,,,,,,,
0,1,3,43,GO:0043981;GO:0043982,histone H4-K8 acetylation,1,,,,,,,
0,1,2,31,GO:0043983,histone H4-K12 acetylation,1,,,,,,,
0,1,3,31,GO:0043984,histone H4-K16 acetylation,1,,,,,,,
0,1,5,14,GO:0043985,histone H4-R3 methylation,1,,,,,,,
0,1,2,6,GO:0043988,histone H3-S28 phosphorylation,1,,,,,,,
0,1,7,17,GO:0044026;GO:0044027,DNA hypermethylation,1,,,,,,,
0,1,7,7,GO:0044028;GO:0044029,DNA hypomethylation,1,,,,,,,
0,1,2,48,GO:0044030,regulation of DNA methylation,1,,,,,,,
0,1,2,96,GO:0044058,regulation of digestive system process,1,,,,,,,
0,1,5,145,GO:0044060,regulation of endocrine process,1,,,,,,,
0,1,3,117,GO:0044062,regulation of excretion,1,,,,,,,
0,0.407601804,2,2400,GO:0044070,regulation of anion transport,1,,,,,,,
0,0.293512113,2,118,GO:0044088,regulation of vacuole organization,1,,,,,,,
0,0.841452903,5,1554,GO:0044089,positive regulation of cellular component biogenesis,1,,,,,,,
0,0.110957654,3,40,GO:0044090,positive regulation of vacuole organization,1,,,,,,,
0,1,2,142,GO:0044091;GO:0071709,membrane biogenesis,1,,,,,,,
0,0.262540437,2,2381,GO:0044092,negative regulation of molecular function,1,,,,,,,
0,1,4,15,GO:0044108;GO:0044107;GO:0036378;GO:0042368,cellular alcohol biosynthetic process,1,,,,,,,
0,1,-1,56,GO:0044126;GO:0044130;GO:0044144;GO:0044146,obsolete regulation of growth of symbiont in host,1,,,,,,,
0,1,3,13,GO:0044154,histone H3-K14 acetylation,1,,,,,,,
0,1,2,9,GO:0044208,'de novo' AMP biosynthetic process,1,,,,,,,
0,1,2,37,GO:0044241,lipid digestion,1,,,,,,,
0,0.129249929,3,425,GO:0044242;GO:0016042,lipid catabolic process,1,,,,,,,
0,1,3,11,GO:0044245,polysaccharide digestion,1,,,,,,,
0,0.228154993,2,88,GO:0044273,sulfur compound catabolic process,1,,,,,,,
0,1,5,5,GO:0044313,protein K6-linked deubiquitination,1,,,,,,,
0,1,2,8,GO:0044314,protein K27-linked ubiquitination,1,,,,,,,
0,1,4,93,GO:0044319;GO:0090504;GO:0090505,epiboly,1,,,,,,,
0,1,2,51,GO:0044320;GO:0044321,response to leptin,1,,,,,,,
0,1,5,5,GO:0044324,regulation of transcription involved in anterior/posterior axis specification,1,,,,,,,
0,1,3,5,GO:0044330,canonical Wnt signaling pathway involved in positive regulation of wound healing,1,,,,,,,
0,1,4,31,GO:0044331,cell-cell adhesion mediated by cadherin,1,,,,,,,
0,1,5,11,GO:0044332,Wnt signaling pathway involved in dorsal/ventral axis specification,1,,,,,,,
0,1,5,17,GO:0044333,Wnt signaling pathway involved in digestive tract morphogenesis,1,,,,,,,
0,1,3,6,GO:0044335;GO:0061324,canonical Wnt signaling pathway involved in neural crest cell differentiation,1,,,,,,,
0,1,6,11,GO:0044336,canonical Wnt signaling pathway involved in negative regulation of apoptotic process,1,,,,,,,
0,1,3,9,GO:0044337,canonical Wnt signaling pathway involved in positive regulation of apoptotic process,1,,,,,,,
0,1,6,5,GO:0044338;GO:0072497,canonical Wnt signaling pathway involved in mesenchymal stem cell differentiation,1,,,,,,,
0,1,6,7,GO:0044339,canonical Wnt signaling pathway involved in osteoblast differentiation,1,,,,,,,
0,1,6,10,GO:0044340,canonical Wnt signaling pathway involved in regulation of cell proliferation,1,,,,,,,
0,1,2,18,GO:0044341,sodium-dependent phosphate transport,1,,,,,,,
0,1,3,23,GO:0044342,type B pancreatic cell proliferation,1,,,,,,,
0,1,2,290,GO:0044344;GO:0071774,response to fibroblast growth factor,1,,,,,,,
0,1,2,7,GO:0044346,fibroblast apoptotic process,1,,,,,,,
0,1,2,24,GO:0044351,macropinocytosis,1,,,,,,,
0,1,2,17,GO:0044359;GO:0044362;GO:0052405;GO:0052204;GO:0052428;GO:0052205,modulation of molecular function in other organism,1,,,,,,,
0,1,4,110,GO:0044380;GO:0072698,protein localization to cytoskeleton,1,,,,,,,
0,1,2,5,GO:0044381,glucose import in response to insulin stimulus,1,,,,,,,
0,1,2,15,GO:0044387,negative regulation of protein kinase activity by regulation of protein phosphorylation,1,,,,,,,
0,0.608412211,2,695,GO:0044403,biological process involved in symbiotic interaction,1,,,,,,,
0,1,2,122,GO:0044409;GO:0052126,movement in host environment,1,,,,,,,
0,1,2,14,GO:0044417;GO:0046784,translocation of molecules into host,1,,,,,,,
0,1,7,56,GO:0044458,motile cilium assembly,1,,,,,,,
0,1,3,14,GO:0044501;GO:0051343;GO:0052470;GO:0052525;GO:0075205;GO:0075206,modulation of signal transduction in other organism,1,,,,,,,
0,1,2,12,GO:0044528,regulation of mitochondrial mRNA stability,1,,,,,,,
0,0.092458609,2,33,GO:0044539,long-chain fatty acid import into cell,1,,,,,,,
0,1,2,93,GO:0044550,secondary metabolite biosynthetic process,1,,,,,,,
0,1,5,26,GO:0044557;GO:0060087,relaxation of smooth muscle,1,,,,,,,
0,1,4,7,GO:0044565,dendritic cell proliferation,1,,,,,,,
0,1,9,8,GO:0044648,histone H3-K4 dimethylation,1,,,,,,,
0,1,2,8,GO:0044691,tooth eruption,1,,,,,,,
0,0.262690526,2,606,GO:0044706;GO:0007565,multi-multicellular organism process,1,,,,,,,
0,1,4,28,GO:0044719,regulation of imaginal disc-derived wing size,1,,,,,,,
0,1,2,69,GO:0044743,protein transmembrane import into intracellular organelle,1,,,,,,,
0,1,5,21,GO:0044752,response to human chorionic gonadotropin,1,,,,,,,
0,1,2,51,GO:0044764,multi-organism cellular process,1,,,,,,,
0,1,3,46,GO:0044766;GO:1902579,multi-organism transport,1,,,,,,,
0,1,3,9,GO:0044771,meiotic cell cycle phase transition,1,,,,,,,
0,0.857866885,4,656,GO:0044772;GO:0044770,cell cycle phase transition,1,,,,,,,
0,0.492690135,3,230,GO:0044773;GO:0044774,mitotic DNA integrity checkpoint,1,,,,,,,
0,1,2,717,GO:0044782;GO:0060271,cilium organization,1,,,,,,,
0,1,6,94,GO:0044786,cell cycle DNA replication,1,,,,,,,
0,1,2,102,GO:0044788,modulation by host of viral process,1,,,,,,,
0,1,4,15,GO:0044789;GO:0044791,modulation by host of viral release from host cell,1,,,,,,,
0,1,5,73,GO:0044793,negative regulation by host of viral process,1,,,,,,,
0,1,4,35,GO:0044794,positive regulation by host of viral process,1,,,,,,,
0,1,2,39,GO:0044804,autophagy of nucleus,1,,,,,,,
0,1,5,6,GO:0044805,late nucleophagy,1,,,,,,,
0,1,2,6,GO:0044806,G-quadruplex DNA unwinding,1,,,,,,,
0,1,4,34,GO:0044827,modulation by host of viral genome replication,1,,,,,,,
0,1,2,15,GO:0044828,negative regulation by host of viral genome replication,1,,,,,,,
0,1,3,23,GO:0044829,positive regulation by host of viral genome replication,1,,,,,,,
0,1,5,8,GO:0044830,modulation by host of viral RNA genome replication,1,,,,,,,
0,1,2,103,GO:0044837,actomyosin contractile ring organization,1,,,,,,,
0,1,3,55,GO:0044849,estrous cycle,1,,,,,,,
0,1,2,15,GO:0044854;GO:0044857,plasma membrane raft assembly,1,,,,,,,
0,1,6,18,GO:0044860,protein localization to plasma membrane raft,1,,,,,,,
0,1,2,12,GO:0044861,protein transport into plasma membrane raft,1,,,,,,,
0,1,3,10,GO:0044866;GO:0044867;GO:1903015;GO:0044868;GO:0044869;GO:0052403;GO:1903016;GO:0052199;GO:0052422;GO:0052203;GO:0044870;GO:0044871,modulation by host of viral molecular function,1,,,,,,,
0,1,2,10,GO:0044878,mitotic cytokinesis checkpoint,1,,,,,,,
0,1,5,9,GO:0045002,double-strand break repair via single-strand annealing,1,,,,,,,
0,1,2,20,GO:0045003,double-strand break repair via synthesis-dependent strand annealing,1,,,,,,,
0,1,4,6,GO:0045006,DNA deamination,1,,,,,,,
0,1,2,78,GO:0045010,actin nucleation,1,,,,,,,
0,1,3,39,GO:0045019;GO:1904406,negative regulation of nitric oxide biosynthetic process,1,,,,,,,
0,1,3,65,GO:0045022;GO:0098927,vesicle-mediated transport between endosomal compartments,1,,,,,,,
0,1,3,6,GO:0045023,G0 to G1 transition,1,,,,,,,
0,0.214384438,3,82,GO:0045026,plasma membrane fusion,1,,,,,,,
0,1,3,28,GO:0045035,sensory organ precursor cell division,1,,,,,,,
0,1,4,12,GO:0045039,protein insertion into mitochondrial inner membrane,1,,,,,,,
0,1,5,13,GO:0045040,protein insertion into mitochondrial outer membrane,1,,,,,,,
0,1,6,5,GO:0045041,protein import into mitochondrial intermembrane space,1,,,,,,,
0,1,2,9,GO:0045046,protein import into peroxisome membrane,1,,,,,,,
0,1,2,17,GO:0045048;GO:0071816,protein insertion into ER membrane,1,,,,,,,
0,1,2,6,GO:0045053,protein retention in Golgi apparatus,1,,,,,,,
0,1,2,57,GO:0045056,transcytosis,1,,,,,,,
0,1,2,73,GO:0045058,T cell selection,1,,,,,,,
0,1,2,18,GO:0045059,positive thymic T cell selection,1,,,,,,,
0,1,2,35,GO:0045061,thymic T cell selection,1,,,,,,,
0,1,2,13,GO:0045063,T-helper 1 cell differentiation,1,,,,,,,
0,1,3,6,GO:0045064,T-helper 2 cell differentiation,1,,,,,,,
0,1,2,141,GO:0045069,regulation of viral genome replication,1,,,,,,,
0,1,3,72,GO:0045070,positive regulation of viral genome replication,1,,,,,,,
0,1,5,65,GO:0045071,negative regulation of viral genome replication,1,,,,,,,
0,0.784983767,2,975,GO:0045087,innate immune response,1,,,,,,,
0,1,2,949,GO:0045088;GO:0002831,regulation of response to biotic stimulus,1,,,,,,,
0,1,3,539,GO:0045089;GO:0002833,positive regulation of response to biotic stimulus,1,,,,,,,
0,1,3,9,GO:0045091,regulation of single stranded viral RNA replication via double stranded DNA intermediate,1,,,,,,,
0,1,2,104,GO:0045103;GO:0045104,intermediate filament-based process,1,,,,,,,
0,1,2,9,GO:0045105,intermediate filament polymerization or depolymerization,1,,,,,,,
0,1,6,5,GO:0045107,intermediate filament polymerization,1,,,,,,,
0,1,5,6,GO:0045108,regulation of intermediate filament polymerization or depolymerization,1,,,,,,,
0,1,2,56,GO:0045109,intermediate filament organization,1,,,,,,,
0,1,4,9,GO:0045110,intermediate filament bundle assembly,1,,,,,,,
0,1,2,9,GO:0045113,regulation of integrin biosynthetic process,1,,,,,,,
0,1,2,26,GO:0045116,protein neddylation,1,,,,,,,
0,1,2,53,GO:0045117,azole transmembrane transport,1,,,,,,,
0,1,2,54,GO:0045123,cellular extravasation,1,,,,,,,
0,1,2,126,GO:0045124;GO:0046850,regulation of bone remodeling,1,,,,,,,
0,0.452081644,2,204,GO:0045132,meiotic chromosome segregation,1,,,,,,,
0,1,3,31,GO:0045136,development of secondary sexual characteristics,1,,,,,,,
0,1,2,155,GO:0045138,nematode male tail tip morphogenesis,1,,,,,,,
0,1,2,30,GO:0045144,meiotic sister chromatid segregation,1,,,,,,,
0,1,3,38,GO:0045161,neuronal ion channel clustering,1,,,,,,,
0,1,4,20,GO:0045162,clustering of voltage-gated sodium channels,1,,,,,,,
0,1,6,6,GO:0045163,clustering of voltage-gated potassium channels,1,,,,,,,
0,0.991597407,2,1579,GO:0045165,cell fate commitment,1,,,,,,,
0,1,4,73,GO:0045167,asymmetric protein localization involved in cell fate determination,1,,,,,,,
0,1,2,93,GO:0045168;GO:0046331,cell-cell signaling involved in cell fate commitment,1,,,,,,,
0,1,4,45,GO:0045175,basal protein localization,1,,,,,,,
0,1,3,138,GO:0045176,apical protein localization,1,,,,,,,
0,0.287227994,2,362,GO:0045185,maintenance of protein location,1,,,,,,,
0,1,8,32,GO:0045186,zonula adherens assembly,1,,,,,,,
0,1,5,45,GO:0045191,regulation of isotype switching,1,,,,,,,
0,1,3,78,GO:0045196,establishment or maintenance of neuroblast polarity,1,,,,,,,
0,1,4,47,GO:0045200,establishment of neuroblast polarity,1,,,,,,,
0,1,2,15,GO:0045201,maintenance of neuroblast polarity,1,,,,,,,
0,1,3,25,GO:0045213,neurotransmitter receptor metabolic process,1,,,,,,,
0,1,2,694,GO:0045216,cell-cell junction organization,1,,,,,,,
0,1,4,120,GO:0045217,cell-cell junction maintenance,1,,,,,,,
0,1,2,8,GO:0045218,zonula adherens maintenance,1,,,,,,,
0,1,5,6,GO:0045226;GO:0046379,extracellular polysaccharide biosynthetic process,1,,,,,,,
0,1,5,15,GO:0045313,rhabdomere membrane biogenesis,1,,,,,,,
0,1,4,38,GO:0045314,regulation of compound eye photoreceptor development,1,,,,,,,
0,1,2,14,GO:0045317,equator specification,1,,,,,,,
0,0.06754608,2,319,GO:0045333,cellular respiration,1,,,,,,,
0,1,4,5,GO:0045338,farnesyl diphosphate metabolic process,1,,,,,,,
0,1,2,17,GO:0045343;GO:0045345,regulation of MHC class I biosynthetic process,1,,,,,,,
0,1,2,15,GO:0045346,regulation of MHC class II biosynthetic process,1,,,,,,,
0,1,4,9,GO:0045347,negative regulation of MHC class II biosynthetic process,1,,,,,,,
0,1,3,8,GO:0045348,positive regulation of MHC class II biosynthetic process,1,,,,,,,
0,1,2,155,GO:0045428;GO:0080164,regulation of nitric oxide metabolic process,1,,,,,,,
0,0.326102579,2,134,GO:0045429;GO:1903428;GO:1904407,positive regulation of reactive oxygen species biosynthetic process,1,,,,,,,
0,1,4,262,GO:0045444,fat cell differentiation,1,,,,,,,
0,1,3,110,GO:0045445,myoblast differentiation,1,,,,,,,
0,1,3,18,GO:0045450,bicoid mRNA localization,1,,,,,,,
0,1,6,59,GO:0045453,bone resorption,1,,,,,,,
0,1,2,26,GO:0045463,R8 cell development,1,,,,,,,
0,1,6,13,GO:0045464,R8 cell fate specification,1,,,,,,,
0,1,3,76,GO:0045465,R8 cell differentiation,1,,,,,,,
0,1,4,171,GO:0045466,R7 cell differentiation,1,,,,,,,
0,1,3,65,GO:0045467,R7 cell development,1,,,,,,,
0,1,3,32,GO:0045468,regulation of R8 cell spacing in compound eye,1,,,,,,,
0,0.25557489,5,597,GO:0045471,response to ethanol,1,,,,,,,
0,1,2,69,GO:0045472,response to ether,1,,,,,,,
0,1,2,29,GO:0045476,nurse cell apoptotic process,1,,,,,,,
0,1,5,29,GO:0045477,regulation of nurse cell apoptotic process,1,,,,,,,
0,1,2,40,GO:0045478;GO:0030723,fusome organization,1,,,,,,,
0,1,3,25,GO:0045498,sex comb development,1,,,,,,,
0,1,5,14,GO:0045500,sevenless signaling pathway,1,,,,,,,
0,1,5,10,GO:0045501;GO:0045677;GO:0110118;GO:0045873,negative regulation of R7 cell differentiation,1,,,,,,,
0,1,3,105,GO:0045540;GO:0090181;GO:0106118,regulation of cholesterol metabolic process,1,,,,,,,
0,1,5,10,GO:0045541;GO:0090206;GO:0106119,negative regulation of sterol biosynthetic process,1,,,,,,,
0,1,2,21,GO:0045542;GO:0090205;GO:0106120,positive regulation of cholesterol metabolic process,1,,,,,,,
0,1,3,98,GO:0045570,regulation of imaginal disc growth,1,,,,,,,
0,1,3,27,GO:0045571,negative regulation of imaginal disc growth,1,,,,,,,
0,1,2,25,GO:0045572,positive regulation of imaginal disc growth,1,,,,,,,
0,1,2,6,GO:0045575;GO:0002276,basophil activation,1,,,,,,,
0,1,3,42,GO:0045576,mast cell activation,1,,,,,,,
0,1,5,69,GO:0045577,regulation of B cell differentiation,1,,,,,,,
0,1,2,17,GO:0045578,negative regulation of B cell differentiation,1,,,,,,,
0,1,3,37,GO:0045579,positive regulation of B cell differentiation,1,,,,,,,
0,1,3,346,GO:0045580;GO:0045619,regulation of lymphocyte differentiation,1,,,,,,,
0,1,8,185,GO:0045582;GO:0045621,positive regulation of lymphocyte differentiation,1,,,,,,,
0,1,3,23,GO:0045586;GO:0046643;GO:0045588;GO:0046645,positive regulation of gamma-delta T cell activation,1,,,,,,,
0,1,6,56,GO:0045589,regulation of regulatory T cell differentiation,1,,,,,,,
0,1,6,8,GO:0045590,negative regulation of regulatory T cell differentiation,1,,,,,,,
0,1,2,29,GO:0045591,positive regulation of regulatory T cell differentiation,1,,,,,,,
0,0.752558155,2,2114,GO:0045596,negative regulation of cell differentiation,1,,,,,,,
0,1,2,288,GO:0045598,regulation of fat cell differentiation,1,,,,,,,
0,1,2,130,GO:0045599,negative regulation of fat cell differentiation,1,,,,,,,
0,1,6,134,GO:0045600,positive regulation of fat cell differentiation,1,,,,,,,
0,1,3,79,GO:0045601,regulation of endothelial cell differentiation,1,,,,,,,
0,1,2,21,GO:0045602,negative regulation of endothelial cell differentiation,1,,,,,,,
0,1,2,33,GO:0045603,positive regulation of endothelial cell differentiation,1,,,,,,,
0,1,2,124,GO:0045604,regulation of epidermal cell differentiation,1,,,,,,,
0,1,6,24,GO:0045605,negative regulation of epidermal cell differentiation,1,,,,,,,
0,1,2,39,GO:0045606,positive regulation of epidermal cell differentiation,1,,,,,,,
0,0.081717598,4,29,GO:0045607;GO:2000980;GO:0045631,regulation of inner ear receptor cell differentiation,1,,,,,,,
0,1,2,137,GO:0045610,regulation of hemocyte differentiation,1,,,,,,,
0,1,6,73,GO:0045616,regulation of keratinocyte differentiation,1,,,,,,,
0,1,2,10,GO:0045617,negative regulation of keratinocyte differentiation,1,,,,,,,
0,1,2,29,GO:0045618,positive regulation of keratinocyte differentiation,1,,,,,,,
0,1,4,118,GO:0045620;GO:0045581,negative regulation of lymphocyte differentiation,1,,,,,,,
0,1,3,59,GO:0045622,regulation of T-helper cell differentiation,1,,,,,,,
0,1,3,32,GO:0045623,negative regulation of T-helper cell differentiation,1,,,,,,,
0,1,3,32,GO:0045624,positive regulation of T-helper cell differentiation,1,,,,,,,
0,1,4,19,GO:0045625;GO:0045627,regulation of T-helper 1 cell differentiation,1,,,,,,,
0,1,4,18,GO:0045628,regulation of T-helper 2 cell differentiation,1,,,,,,,
0,1,3,10,GO:0045629,negative regulation of T-helper 2 cell differentiation,1,,,,,,,
0,1,2,8,GO:0045630;GO:0060010,positive regulation of T-helper 2 cell differentiation,1,,,,,,,
0,1,3,20,GO:0045634,regulation of melanocyte differentiation,1,,,,,,,
0,1,2,14,GO:0045636;GO:0050942,positive regulation of pigment cell differentiation,1,,,,,,,
0,1,3,552,GO:0045637,regulation of myeloid cell differentiation,1,,,,,,,
0,1,3,186,GO:0045638,negative regulation of myeloid cell differentiation,1,,,,,,,
0,1,2,235,GO:0045639,positive regulation of myeloid cell differentiation,1,,,,,,,
0,1,4,156,GO:0045646,regulation of erythrocyte differentiation,1,,,,,,,
0,1,7,30,GO:0045647,negative regulation of erythrocyte differentiation,1,,,,,,,
0,1,2,108,GO:0045648,positive regulation of erythrocyte differentiation,1,,,,,,,
0,1,2,49,GO:0045649,regulation of macrophage differentiation,1,,,,,,,
0,1,5,24,GO:0045650,negative regulation of macrophage differentiation,1,,,,,,,
0,1,3,25,GO:0045651,positive regulation of macrophage differentiation,1,,,,,,,
0,1,2,116,GO:0045652,regulation of megakaryocyte differentiation,1,,,,,,,
0,1,7,6,GO:0045653,negative regulation of megakaryocyte differentiation,1,,,,,,,
0,1,5,19,GO:0045654,positive regulation of megakaryocyte differentiation,1,,,,,,,
0,1,2,45,GO:0045655,regulation of monocyte differentiation,1,,,,,,,
0,1,2,17,GO:0045656,negative regulation of monocyte differentiation,1,,,,,,,
0,1,3,24,GO:0045657,positive regulation of monocyte differentiation,1,,,,,,,
0,1,2,7,GO:0045658,regulation of neutrophil differentiation,1,,,,,,,
0,1,6,5,GO:0045659,negative regulation of neutrophil differentiation,1,,,,,,,
0,0.055251384,2,129,GO:0045661,regulation of myoblast differentiation,1,,,,,,,
0,1,2,59,GO:0045663,positive regulation of myoblast differentiation,1,,,,,,,
0,0.665678045,3,772,GO:0045665,negative regulation of neuron differentiation,1,,,,,,,
0,0.99305476,3,1640,GO:0045666;GO:0050769,positive regulation of neurogenesis,1,,,,,,,
0,1,2,314,GO:0045667,regulation of osteoblast differentiation,1,,,,,,,
0,1,3,121,GO:0045668,negative regulation of osteoblast differentiation,1,,,,,,,
0,1,2,169,GO:0045669,positive regulation of osteoblast differentiation,1,,,,,,,
0,1,2,135,GO:0045670,regulation of osteoclast differentiation,1,,,,,,,
0,1,5,53,GO:0045671,negative regulation of osteoclast differentiation,1,,,,,,,
0,1,3,54,GO:0045672,positive regulation of osteoclast differentiation,1,,,,,,,
0,1,4,48,GO:0045676;GO:0110116,regulation of compound eye photoreceptor cell differentiation,1,,,,,,,
0,1,2,16,GO:0045678;GO:0110117,positive regulation of R7 cell differentiation,1,,,,,,,
0,1,2,195,GO:0045682,regulation of epidermis development,1,,,,,,,
0,1,3,38,GO:0045683,negative regulation of epidermis development,1,,,,,,,
0,1,2,84,GO:0045684,positive regulation of epidermis development,1,,,,,,,
0,0.406513824,2,177,GO:0045685,regulation of glial cell differentiation,1,,,,,,,
0,1,2,75,GO:0045686,negative regulation of glial cell differentiation,1,,,,,,,
0,0.248365083,2,97,GO:0045687,positive regulation of glial cell differentiation,1,,,,,,,
0,1,5,28,GO:0045704;GO:0045705,negative regulation of salivary gland boundary specification,1,,,,,,,
0,1,-1,24,GO:0045714,obsolete regulation of low-density lipoprotein particle receptor biosynthetic process,1,,,,,,,
0,1,-1,10,GO:0045715,obsolete negative regulation of low-density lipoprotein particle receptor biosynthetic process,1,,,,,,,
0,1,-1,8,GO:0045716,obsolete positive regulation of low-density lipoprotein particle receptor biosynthetic process,1,,,,,,,
0,0.070851072,3,25,GO:0045717,negative regulation of fatty acid biosynthetic process,1,,,,,,,
0,1,4,25,GO:0045719;GO:0070874,negative regulation of glycogen metabolic process,1,,,,,,,
0,1,2,5,GO:0045720,negative regulation of integrin biosynthetic process,1,,,,,,,
0,1,3,21,GO:0045721,negative regulation of gluconeogenesis,1,,,,,,,
0,1,3,49,GO:0045722,positive regulation of gluconeogenesis,1,,,,,,,
0,1,3,41,GO:0045723,positive regulation of fatty acid biosynthetic process,1,,,,,,,
0,1,2,74,GO:0045724,positive regulation of cilium assembly,1,,,,,,,
0,1,4,34,GO:0045725,positive regulation of glycogen biosynthetic process,1,,,,,,,
0,1,2,6,GO:0045726,positive regulation of integrin biosynthetic process,1,,,,,,,
0,1,2,26,GO:0045730,respiratory burst,1,,,,,,,
0,0.814832268,2,568,GO:0045732,positive regulation of protein catabolic process,1,,,,,,,
0,1,2,61,GO:0045736;GO:1904030,negative regulation of cyclin-dependent protein kinase activity,1,,,,,,,
0,1,2,41,GO:0045738;GO:2000780,negative regulation of DNA repair,1,,,,,,,
0,1,3,104,GO:0045739,positive regulation of DNA repair,1,,,,,,,
0,1,2,105,GO:0045740,positive regulation of DNA replication,1,,,,,,,
0,1,6,31,GO:0045741,positive regulation of epidermal growth factor-activated receptor activity,1,,,,,,,
0,0.257178751,4,101,GO:0045742;GO:1901186,positive regulation of ERBB signaling pathway,1,,,,,,,
0,1,2,41,GO:0045743,positive regulation of fibroblast growth factor receptor signaling pathway,1,,,,,,,
0,1,2,119,GO:0045744,negative regulation of G protein-coupled receptor signaling pathway,1,,,,,,,
0,1,3,77,GO:0045745,positive regulation of G protein-coupled receptor signaling pathway,1,,,,,,,
0,1,3,267,GO:0045746,negative regulation of Notch signaling pathway,1,,,,,,,
0,1,6,256,GO:0045747,positive regulation of Notch signaling pathway,1,,,,,,,
0,1,3,41,GO:0045751,negative regulation of Toll signaling pathway,1,,,,,,,
0,1,3,5,GO:0045752,positive regulation of Toll signaling pathway,1,,,,,,,
0,1,2,32,GO:0045759,negative regulation of action potential,1,,,,,,,
0,1,3,58,GO:0045760,positive regulation of action potential,1,,,,,,,
0,1,2,84,GO:0045761,regulation of adenylate cyclase activity,1,,,,,,,
0,1,3,23,GO:0045762,positive regulation of adenylate cyclase activity,1,,,,,,,
0,0.627008862,2,719,GO:0045765;GO:1901342,regulation of vasculature development,1,,,,,,,
0,0.720139825,2,430,GO:0045766;GO:1904018,positive regulation of vasculature development,1,,,,,,,
0,1,4,251,GO:0045773,positive regulation of axon extension,1,,,,,,,
0,1,2,116,GO:0045776,negative regulation of blood pressure,1,,,,,,,
0,0.278768903,2,111,GO:0045777,positive regulation of blood pressure,1,,,,,,,
0,1,2,255,GO:0045778,positive regulation of ossification,1,,,,,,,
0,1,2,37,GO:0045779;GO:0046851,negative regulation of bone remodeling,1,,,,,,,
0,1,4,49,GO:0045780;GO:0046852,positive regulation of bone resorption,1,,,,,,,
0,0.769006814,2,943,GO:0045785,positive regulation of cell adhesion,1,,,,,,,
0,0.290435714,2,1225,GO:0045786,negative regulation of cell cycle,1,,,,,,,
0,0.792608213,2,991,GO:0045787,positive regulation of cell cycle,1,,,,,,,
0,1,5,91,GO:0045792,negative regulation of cell size,1,,,,,,,
0,1,6,164,GO:0045793,positive regulation of cell size,1,,,,,,,
0,1,2,18,GO:0045794,negative regulation of cell volume,1,,,,,,,
0,1,2,5,GO:0045795,positive regulation of cell volume,1,,,,,,,
0,1,2,12,GO:0045805,positive regulation of eclosion,1,,,,,,,
0,1,2,120,GO:0045806,negative regulation of endocytosis,1,,,,,,,
0,1,2,576,GO:0045807,positive regulation of endocytosis,1,,,,,,,
0,1,6,76,GO:0045822;GO:1903523,negative regulation of blood circulation,1,,,,,,,
0,0.316080858,3,129,GO:0045823,positive regulation of heart contraction,1,,,,,,,
0,1,3,121,GO:0045824,negative regulation of innate immune response,1,,,,,,,
0,1,4,6,GO:0045829;GO:0048294,negative regulation of isotype switching,1,,,,,,,
0,0.48816061,2,227,GO:0045833,negative regulation of lipid metabolic process,1,,,,,,,
0,0.317561763,5,390,GO:0045834,positive regulation of lipid metabolic process,1,,,,,,,
0,1,3,38,GO:0045835,negative regulation of meiotic nuclear division,1,,,,,,,
0,1,3,48,GO:0045836,positive regulation of meiotic nuclear division,1,,,,,,,
0,1,4,83,GO:0045838,positive regulation of membrane potential,1,,,,,,,
0,1,3,122,GO:0045839;GO:0051784,negative regulation of nuclear division,1,,,,,,,
0,1,2,35,GO:0045842;GO:1901970,positive regulation of mitotic sister chromatid separation,1,,,,,,,
0,1,2,224,GO:0045844;GO:0048636;GO:1901863,positive regulation of muscle organ development,1,,,,,,,
0,1,4,6,GO:0045849,negative regulation of nurse cell apoptotic process,1,,,,,,,
0,1,2,15,GO:0045850,positive regulation of nurse cell apoptotic process,1,,,,,,,
0,0.907122189,3,2261,GO:0045859;GO:0043549;GO:0051338,regulation of transferase activity,1,,,,,,,
0,0.940427078,3,1509,GO:0045860;GO:0033674;GO:0051347,positive regulation of transferase activity,1,,,,,,,
0,0.108789365,3,619,GO:0045861,negative regulation of proteolysis,1,,,,,,,
0,0.922338478,2,856,GO:0045862,positive regulation of proteolysis,1,,,,,,,
0,1,-1,11,GO:0045872,obsolete positive regulation of rhodopsin gene expression,1,,,,,,,
0,1,3,30,GO:0045875,negative regulation of sister chromatid cohesion,1,,,,,,,
0,1,4,17,GO:0045876,positive regulation of sister chromatid cohesion,1,,,,,,,
0,1,6,141,GO:0045879,negative regulation of smoothened signaling pathway,1,,,,,,,
0,1,3,146,GO:0045880,positive regulation of smoothened signaling pathway,1,,,,,,,
0,1,2,179,GO:0045886;GO:1904397,negative regulation of neuromuscular junction development,1,,,,,,,
0,0.372224035,2,158,GO:0045887;GO:1904398,positive regulation of neuromuscular junction development,1,,,,,,,
0,1,6,42,GO:0045898,regulation of RNA polymerase II transcription preinitiation complex assembly,1,,,,,,,
0,1,2,30,GO:0045899,positive regulation of RNA polymerase II transcription preinitiation complex assembly,1,,,,,,,
0,1,2,6,GO:0045900,negative regulation of translational elongation,1,,,,,,,
0,1,3,5,GO:0045901,positive regulation of translational elongation,1,,,,,,,
0,1,2,18,GO:0045906,negative regulation of vasoconstriction,1,,,,,,,
0,1,6,117,GO:0045907,positive regulation of vasoconstriction,1,,,,,,,
0,1,2,57,GO:0045910,negative regulation of DNA recombination,1,,,,,,,
0,1,7,46,GO:0045911,positive regulation of DNA recombination,1,,,,,,,
0,0.051528265,5,18,GO:0045915;GO:0045964,positive regulation of dopamine metabolic process,1,,,,,,,
0,1,2,18,GO:0045916,negative regulation of complement activation,1,,,,,,,
0,1,2,11,GO:0045917;GO:2000259,positive regulation of complement activation,1,,,,,,,
0,1,5,8,GO:0045918,negative regulation of cytolysis,1,,,,,,,
0,1,2,8,GO:0045919,positive regulation of cytolysis,1,,,,,,,
0,1,2,86,GO:0045920,negative regulation of exocytosis,1,,,,,,,
0,1,2,228,GO:0045921,positive regulation of exocytosis,1,,,,,,,
0,0.129084239,2,47,GO:0045922,negative regulation of fatty acid metabolic process,1,,,,,,,
0,1,2,90,GO:0045923,positive regulation of fatty acid metabolic process,1,,,,,,,
0,1,4,101,GO:0045924;GO:0060180,female mating behavior,1,,,,,,,
0,1,5,13,GO:0045925,positive regulation of female receptivity,1,,,,,,,
0,0.0492288,2,902,GO:0045926,negative regulation of growth,1,,,,,,,
0,0.851302981,6,641,GO:0045930,negative regulation of mitotic cell cycle,1,,,,,,,
0,0.741049717,3,456,GO:0045931,positive regulation of mitotic cell cycle,1,,,,,,,
0,1,3,77,GO:0045932,negative regulation of muscle contraction,1,,,,,,,
0,0.372224035,3,158,GO:0045933,positive regulation of muscle contraction,1,,,,,,,
0,1,3,39,GO:0045943,positive regulation of transcription by RNA polymerase I,1,,,,,,,
0,0.570175905,2,2763,GO:0045944,positive regulation of transcription by RNA polymerase II,1,,,,,,,
0,1,2,25,GO:0045945,positive regulation of transcription by RNA polymerase III,1,,,,,,,
0,1,4,43,GO:0045947,negative regulation of translational initiation,1,,,,,,,
0,1,3,52,GO:0045948,positive regulation of translational initiation,1,,,,,,,
0,1,3,37,GO:0045955,negative regulation of calcium ion-dependent exocytosis,1,,,,,,,
0,1,4,82,GO:0045956,positive regulation of calcium ion-dependent exocytosis,1,,,,,,,
0,1,3,65,GO:0045980;GO:1903579;GO:1900543,negative regulation of nucleotide metabolic process,1,,,,,,,
0,1,2,53,GO:0045986,negative regulation of smooth muscle contraction,1,,,,,,,
0,1,3,115,GO:0045987,positive regulation of smooth muscle contraction,1,,,,,,,
0,1,6,22,GO:0045988,negative regulation of striated muscle contraction,1,,,,,,,
0,1,2,39,GO:0045989,positive regulation of striated muscle contraction,1,,,,,,,
0,1,4,15,GO:0045991;GO:0045990;GO:0000429;GO:0000436;GO:0046016,carbon catabolite regulation of transcription,1,,,,,,,
0,1,2,78,GO:0045992,negative regulation of embryonic development,1,,,,,,,
0,0.880301795,2,713,GO:0045995,regulation of embryonic development,1,,,,,,,
0,1,2,57,GO:0046006,regulation of activated T cell proliferation,1,,,,,,,
0,1,7,18,GO:0046007,negative regulation of activated T cell proliferation,1,,,,,,,
0,1,2,36,GO:0046011,regulation of oskar mRNA translation,1,,,,,,,
0,1,3,5,GO:0046012,positive regulation of oskar mRNA translation,1,,,,,,,
0,1,2,16,GO:0046015,regulation of transcription by glucose,1,,,,,,,
0,1,2,73,GO:0046037;GO:0046710,GMP metabolic process,1,,,,,,,
0,1,7,9,GO:0046038,GMP catabolic process,1,,,,,,,
0,1,3,69,GO:0046039,GTP metabolic process,1,,,,,,,
0,1,4,32,GO:0046040,IMP metabolic process,1,,,,,,,
0,1,4,87,GO:0046058,cAMP metabolic process,1,,,,,,,
0,1,3,17,GO:0046060,dATP metabolic process,1,,,,,,,
0,1,7,89,GO:0046068,cGMP metabolic process,1,,,,,,,
0,1,2,18,GO:0046069,cGMP catabolic process,1,,,,,,,
0,1,2,13,GO:0046070,dGTP metabolic process,1,,,,,,,
0,1,2,6,GO:0046083,adenine metabolic process,1,,,,,,,
0,1,6,22,GO:0046085,adenosine metabolic process,1,,,,,,,
0,1,3,6,GO:0046086,adenosine biosynthetic process,1,,,,,,,
0,1,3,8,GO:0046092,deoxycytidine metabolic process,1,,,,,,,
0,1,2,8,GO:0046098,guanine metabolic process,1,,,,,,,
0,1,2,12,GO:0046100;GO:0046101,hypoxanthine metabolic process,1,,,,,,,
0,1,2,11,GO:0046104,thymidine metabolic process,1,,,,,,,
0,1,3,8,GO:0046108,uridine metabolic process,1,,,,,,,
0,1,2,6,GO:0046110,xanthine metabolic process,1,,,,,,,
0,1,4,51,GO:0046112,nucleobase biosynthetic process,1,,,,,,,
0,1,2,22,GO:0046113,nucleobase catabolic process,1,,,,,,,
0,1,2,21,GO:0046121,deoxyribonucleoside catabolic process,1,,,,,,,
0,1,2,11,GO:0046124;GO:0046122,purine deoxyribonucleoside metabolic process,1,,,,,,,
0,1,2,17,GO:0046125,pyrimidine deoxyribonucleoside metabolic process,1,,,,,,,
0,1,6,7,GO:0046127,pyrimidine deoxyribonucleoside catabolic process,1,,,,,,,
0,1,2,49,GO:0046131,pyrimidine ribonucleoside metabolic process,1,,,,,,,
0,1,7,17,GO:0046133,pyrimidine ribonucleoside catabolic process,1,,,,,,,
0,1,3,43,GO:0046134,pyrimidine nucleoside biosynthetic process,1,,,,,,,
0,1,2,32,GO:0046135,pyrimidine nucleoside catabolic process,1,,,,,,,
0,1,2,9,GO:0046136;GO:0060557;GO:0060559;GO:2000866,positive regulation of estradiol secretion,1,,,,,,,
0,1,3,179,GO:0046148,pigment biosynthetic process,1,,,,,,,
0,0.397673789,2,172,GO:0046165,alcohol biosynthetic process,1,,,,,,,
0,1,3,78,GO:0046173,polyol biosynthetic process,1,,,,,,,
0,0.062617937,2,22,GO:0046185,aldehyde catabolic process,1,,,,,,,
0,1,3,80,GO:0046189,phenol-containing compound biosynthetic process,1,,,,,,,
0,1,4,45,GO:0046209;GO:2001057,reactive nitrogen species metabolic process,1,,,,,,,
0,1,2,7,GO:0046219,indolalkylamine biosynthetic process,1,,,,,,,
0,1,3,5,GO:0046292,formaldehyde metabolic process,1,,,,,,,
0,0.209740558,2,80,GO:0046320,regulation of fatty acid oxidation,1,,,,,,,
0,1,4,48,GO:0046321,positive regulation of fatty acid oxidation,1,,,,,,,
0,1,2,21,GO:0046322,negative regulation of fatty acid oxidation,1,,,,,,,
0,1,2,45,GO:0046323;GO:1904659,glucose transmembrane transport,1,,,,,,,
0,1,5,43,GO:0046339,diacylglycerol metabolic process,1,,,,,,,
0,1,2,6,GO:0046340,diacylglycerol catabolic process,1,,,,,,,
0,1,2,6,GO:0046341;GO:0016024,CDP-diacylglycerol metabolic process,1,,,,,,,
0,1,3,19,GO:0046348,amino sugar catabolic process,1,,,,,,,
0,1,3,22,GO:0046349,amino sugar biosynthetic process,1,,,,,,,
0,0.037483838,2,13,GO:0046351,disaccharide biosynthetic process,1,,,,,,,
0,1,5,9,GO:0046368,GDP-L-fucose metabolic process,1,,,,,,,
0,1,2,6,GO:0046370,fructose biosynthetic process,1,,,,,,,
0,1,3,11,GO:0046381;GO:0006055,CMP-N-acetylneuraminate metabolic process,1,,,,,,,
0,1,5,9,GO:0046398,UDP-glucuronate metabolic process,1,,,,,,,
0,1,2,35,GO:0046415,urate metabolic process,1,,,,,,,
0,1,2,368,GO:0046425;GO:1904892,regulation of receptor signaling pathway via STAT,1,,,,,,,
0,1,7,154,GO:0046426;GO:1904893,negative regulation of receptor signaling pathway via JAK-STAT,1,,,,,,,
0,1,2,178,GO:0046427;GO:1904894,positive regulation of receptor signaling pathway via STAT,1,,,,,,,
0,1,6,23,GO:0046439,L-cysteine metabolic process,1,,,,,,,
0,1,4,13,GO:0046449;GO:0072338,cellular lactam metabolic process,1,,,,,,,
0,1,2,72,GO:0046456,icosanoid biosynthetic process,1,,,,,,,
0,1,2,22,GO:0046459,short-chain fatty acid metabolic process,1,,,,,,,
0,1,5,6,GO:0046462,monoacylglycerol metabolic process,1,,,,,,,
0,1,2,57,GO:0046463;GO:0046460;GO:0019432,acylglycerol biosynthetic process,1,,,,,,,
0,1,4,13,GO:0046469,platelet activating factor metabolic process,1,,,,,,,
0,0.362879861,2,153,GO:0046470,phosphatidylcholine metabolic process,1,,,,,,,
0,1,6,56,GO:0046471,phosphatidylglycerol metabolic process,1,,,,,,,
0,1,4,42,GO:0046475,glycerophospholipid catabolic process,1,,,,,,,
0,0.040309056,4,14,GO:0046476;GO:0006682;GO:0019375,glycosylceramide biosynthetic process,1,,,,,,,
0,1,3,6,GO:0046477,glycosylceramide catabolic process,1,,,,,,,
0,1,2,23,GO:0046479;GO:0019377,glycolipid catabolic process,1,,,,,,,
0,1,2,16,GO:0046487,glyoxylate metabolic process,1,,,,,,,
0,0.74565154,6,462,GO:0046488,phosphatidylinositol metabolic process,1,,,,,,,
0,1,5,11,GO:0046495;GO:0070637,nicotinamide riboside metabolic process,1,,,,,,,
0,1,5,25,GO:0046498,S-adenosylhomocysteine metabolic process,1,,,,,,,
0,1,2,35,GO:0046500,S-adenosylmethionine metabolic process,1,,,,,,,
0,1,2,7,GO:0046501,protoporphyrinogen IX metabolic process,1,,,,,,,
0,1,2,8,GO:0046502;GO:0006780,uroporphyrinogen III metabolic process,1,,,,,,,
0,0.041563485,5,110,GO:0046503,glycerolipid catabolic process,1,,,,,,,
0,1,6,23,GO:0046514,ceramide catabolic process,1,,,,,,,
0,1,2,29,GO:0046519;GO:0006670,sphingoid metabolic process,1,,,,,,,
0,1,4,19,GO:0046520;GO:0046512,sphingoid biosynthetic process,1,,,,,,,
0,1,4,54,GO:0046528;GO:0046529,imaginal disc fusion,1,,,,,,,
0,1,5,753,GO:0046530;GO:0001754,photoreceptor cell differentiation,1,,,,,,,
0,1,3,146,GO:0046532,regulation of photoreceptor cell differentiation,1,,,,,,,
0,1,2,52,GO:0046533,negative regulation of photoreceptor cell differentiation,1,,,,,,,
0,1,4,38,GO:0046534,positive regulation of photoreceptor cell differentiation,1,,,,,,,
0,1,3,10,GO:0046541,saliva secretion,1,,,,,,,
0,1,4,20,GO:0046543,development of secondary female sexual characteristics,1,,,,,,,
0,1,4,6,GO:0046544,development of secondary male sexual characteristics,1,,,,,,,
0,1,2,25,GO:0046548,retinal rod cell development,1,,,,,,,
0,1,2,31,GO:0046549,retinal cone cell development,1,,,,,,,
0,0.826144826,3,589,GO:0046578,regulation of Ras protein signal transduction,1,,,,,,,
0,0.504576259,5,238,GO:0046579;GO:0051057,positive regulation of small GTPase mediated signal transduction,1,,,,,,,
0,1,5,238,GO:0046580;GO:0051058,negative regulation of small GTPase mediated signal transduction,1,,,,,,,
0,1,2,73,GO:0046596;GO:0052372,modulation by symbiont of entry into host,1,,,,,,,
0,1,3,34,GO:0046597,negative regulation of viral entry into host cell,1,,,,,,,
0,1,2,24,GO:0046598;GO:0075294,positive regulation of viral entry into host cell,1,,,,,,,
0,1,4,37,GO:0046599,regulation of centriole replication,1,,,,,,,
0,1,2,20,GO:0046600,negative regulation of centriole replication,1,,,,,,,
0,1,2,39,GO:0046602,regulation of mitotic centrosome separation,1,,,,,,,
0,1,4,14,GO:0046604,positive regulation of mitotic centrosome separation,1,,,,,,,
0,1,2,150,GO:0046605,regulation of centrosome cycle,1,,,,,,,
0,1,4,22,GO:0046607,positive regulation of centrosome cycle,1,,,,,,,
0,1,2,16,GO:0046618,drug export,1,,,,,,,
0,1,4,11,GO:0046619,optic placode formation involved in camera-type eye formation,1,,,,,,,
0,0.731598024,2,444,GO:0046620,regulation of organ growth,1,,,,,,,
0,0.343777563,2,143,GO:0046621,negative regulation of organ growth,1,,,,,,,
0,1,3,195,GO:0046622,positive regulation of organ growth,1,,,,,,,
0,0.063603588,2,311,GO:0046626;GO:1900076,regulation of cellular response to insulin stimulus,1,,,,,,,
0,1,3,60,GO:0046628,positive regulation of insulin receptor signaling pathway,1,,,,,,,
0,1,2,12,GO:0046629,gamma-delta T cell activation,1,,,,,,,
0,1,2,128,GO:0046631;GO:0046632,alpha-beta T cell activation,1,,,,,,,
0,1,6,5,GO:0046633,alpha-beta T cell proliferation,1,,,,,,,
0,1,2,186,GO:0046634,regulation of alpha-beta T cell activation,1,,,,,,,
0,1,2,81,GO:0046636,negative regulation of alpha-beta T cell activation,1,,,,,,,
0,1,8,156,GO:0046637;GO:0046638;GO:0046635,regulation of alpha-beta T cell differentiation,1,,,,,,,
0,1,3,58,GO:0046640,regulation of alpha-beta T cell proliferation,1,,,,,,,
0,1,2,32,GO:0046641,positive regulation of alpha-beta T cell proliferation,1,,,,,,,
0,1,2,21,GO:0046642,negative regulation of alpha-beta T cell proliferation,1,,,,,,,
0,1,2,733,GO:0046649,lymphocyte activation,1,,,,,,,
0,1,2,23,GO:0046653,tetrahydrofolate metabolic process,1,,,,,,,
0,1,4,8,GO:0046654,tetrahydrofolate biosynthetic process,1,,,,,,,
0,1,3,27,GO:0046655,folic acid metabolic process,1,,,,,,,
0,0.594017589,2,677,GO:0046661,male sex differentiation,1,,,,,,,
0,0.420392107,2,185,GO:0046662,regulation of oviposition,1,,,,,,,
0,1,2,21,GO:0046665,amnioserosa maintenance,1,,,,,,,
0,1,2,53,GO:0046666;GO:0046667,retinal cell programmed cell death,1,,,,,,,
0,1,2,73,GO:0046668;GO:0046669,regulation of retinal cell programmed cell death,1,,,,,,,
0,1,2,17,GO:0046670,positive regulation of retinal cell programmed cell death,1,,,,,,,
0,1,5,47,GO:0046671;GO:0046673,negative regulation of retinal cell programmed cell death,1,,,,,,,
0,1,3,11,GO:0046672,positive regulation of compound eye retinal cell programmed cell death,1,,,,,,,
0,1,3,112,GO:0046676,negative regulation of insulin secretion,1,,,,,,,
0,0.094807795,3,1072,GO:0046677,response to antibiotic,1,,,,,,,
0,1,5,14,GO:0046684,response to pyrethroid,1,,,,,,,
0,1,3,119,GO:0046685,response to arsenic-containing substance,1,,,,,,,
0,0.415225716,2,182,GO:0046686,response to cadmium ion,1,,,,,,,
0,1,2,6,GO:0046687,response to chromate,1,,,,,,,
0,0.27235776,5,108,GO:0046688,response to copper ion,1,,,,,,,
0,1,2,25,GO:0046692,sperm competition,1,,,,,,,
0,1,3,9,GO:0046693,sperm storage,1,,,,,,,
0,0.176465637,2,66,GO:0046697,decidualization,1,,,,,,,
0,1,2,183,GO:0046717,acid secretion,1,,,,,,,
0,1,6,89,GO:0046718,viral entry into host cell,1,,,,,,,
0,1,3,21,GO:0046719,regulation by virus of viral protein levels in host cell,1,,,,,,,
0,1,3,7,GO:0046724,oxalic acid secretion,1,,,,,,,
0,1,2,8,GO:0046725,negative regulation by virus of viral protein levels in host cell,1,,,,,,,
0,1,2,10,GO:0046726,positive regulation by virus of viral protein levels in host cell,1,,,,,,,
0,1,2,46,GO:0046755;GO:0039702,viral budding,1,,,,,,,
0,0.813157941,2,565,GO:0046777,protein autophosphorylation,1,,,,,,,
0,1,2,100,GO:0046785,microtubule polymerization,1,,,,,,,
0,1,4,25,GO:0046794;GO:0075733,transport of virus,1,,,,,,,
0,1,5,20,GO:0046813,receptor-mediated virion attachment to host cell,1,,,,,,,
0,1,5,5,GO:0046814;GO:0060370,coreceptor-mediated virion attachment to host cell,1,,,,,,,
0,0.298084041,6,372,GO:0046822,regulation of nucleocytoplasmic transport,1,,,,,,,
0,1,2,192,GO:0046824,positive regulation of nucleocytoplasmic transport,1,,,,,,,
0,0.047867707,2,119,GO:0046825,regulation of protein export from nucleus,1,,,,,,,
0,1,5,64,GO:0046827,positive regulation of protein export from nucleus,1,,,,,,,
0,0.539975891,3,263,GO:0046834;GO:0046854,lipid phosphorylation,1,,,,,,,
0,1,4,46,GO:0046835,carbohydrate phosphorylation,1,,,,,,,
0,1,3,10,GO:0046836,glycolipid transport,1,,,,,,,
0,1,4,37,GO:0046838;GO:0046855;GO:0071545,inositol phosphate catabolic process,1,,,,,,,
0,1,3,93,GO:0046839,phospholipid dephosphorylation,1,,,,,,,
0,1,2,162,GO:0046843,dorsal appendage formation,1,,,,,,,
0,1,3,12,GO:0046844,chorion micropyle formation,1,,,,,,,
0,1,5,70,GO:0046847,filopodium assembly,1,,,,,,,
0,1,2,106,GO:0046849,bone remodeling,1,,,,,,,
0,1,2,52,GO:0046856,phosphatidylinositol dephosphorylation,1,,,,,,,
0,1,3,15,GO:0046874;GO:0019805,quinolinate metabolic process,1,,,,,,,
0,1,3,18,GO:0046877,regulation of saliva secretion,1,,,,,,,
0,1,2,10,GO:0046878,positive regulation of saliva secretion,1,,,,,,,
0,1,5,16,GO:0046882,negative regulation of follicle-stimulating hormone secretion,1,,,,,,,
0,1,3,824,GO:0046883,regulation of hormone secretion,1,,,,,,,
0,1,3,448,GO:0046887,positive regulation of hormone secretion,1,,,,,,,
0,1,2,241,GO:0046888,negative regulation of hormone secretion,1,,,,,,,
0,0.471208056,2,216,GO:0046889,positive regulation of lipid biosynthetic process,1,,,,,,,
0,0.381422168,2,450,GO:0046890,regulation of lipid biosynthetic process,1,,,,,,,
0,1,2,25,GO:0046898,response to cycloheximide,1,,,,,,,
0,1,2,7,GO:0046900,tetrahydrofolylpolyglutamate metabolic process,1,,,,,,,
0,1,3,176,GO:0046902;GO:0090559,regulation of membrane permeability,1,,,,,,,
0,1,4,182,GO:0046916,cellular transition metal ion homeostasis,1,,,,,,,
0,1,3,489,GO:0046928;GO:0051588,regulation of neurotransmitter transport,1,,,,,,,
0,1,2,51,GO:0046929,negative regulation of neurotransmitter secretion,1,,,,,,,
0,0.084414562,2,30,GO:0046931,pore complex assembly,1,,,,,,,
0,1,2,10,GO:0046946;GO:0046947,hydroxylysine metabolic process,1,,,,,,,
0,1,3,22,GO:0046950;GO:0046951,cellular ketone body metabolic process,1,,,,,,,
0,1,3,8,GO:0046952,ketone body catabolic process,1,,,,,,,
0,1,4,12,GO:0046956;GO:0052128,positive energy taxis,1,,,,,,,
0,1,2,88,GO:0046958;GO:0046959,nonassociative learning,1,,,,,,,
0,1,7,7,GO:0046960,sensitization,1,,,,,,,
0,1,3,13,GO:0046967,cytosol to endoplasmic reticulum transport,1,,,,,,,
0,1,4,10,GO:0046968,peptide antigen transport,1,,,,,,,
0,1,2,11,GO:0046984,regulation of hemoglobin biosynthetic process,1,,,,,,,
0,1,4,8,GO:0046985,positive regulation of hemoglobin biosynthetic process,1,,,,,,,
0,1,2,36,GO:0047484,regulation of response to osmotic stress,1,,,,,,,
0,1,5,99,GO:0048008,platelet-derived growth factor receptor signaling pathway,1,,,,,,,
0,1,5,50,GO:0048009,insulin-like growth factor receptor signaling pathway,1,,,,,,,
0,1,7,185,GO:0048010,vascular endothelial growth factor receptor signaling pathway,1,,,,,,,
0,1,4,47,GO:0048011,neurotrophin TRK receptor signaling pathway,1,,,,,,,
0,1,5,30,GO:0048012,hepatocyte growth factor receptor signaling pathway,1,,,,,,,
0,1,5,214,GO:0048013,ephrin receptor signaling pathway,1,,,,,,,
0,1,5,7,GO:0048014,Tie signaling pathway,1,,,,,,,
0,0.447194272,4,201,GO:0048015;GO:0048017,inositol lipid-mediated signaling,1,,,,,,,
0,1,3,52,GO:0048016,inositol phosphate-mediated signaling,1,,,,,,,
0,1,2,21,GO:0048021;GO:1900376;GO:0048023;GO:1900378,regulation of secondary metabolite biosynthetic process,1,,,,,,,
0,1,3,56,GO:0048036,central complex development,1,,,,,,,
0,1,2,66,GO:0048041,focal adhesion assembly,1,,,,,,,
0,1,2,14,GO:0048050,post-embryonic eye morphogenesis,1,,,,,,,
0,1,3,14,GO:0048052,R1/R6 cell differentiation,1,,,,,,,
0,1,2,9,GO:0048057,R3/R4 development,1,,,,,,,
0,1,2,9,GO:0048058,compound eye corneal lens development,1,,,,,,,
0,1,2,323,GO:0048066,developmental pigmentation,1,,,,,,,
0,1,3,78,GO:0048067;GO:0007593;GO:0048085,chitin-based cuticle sclerotization,1,,,,,,,
0,1,3,113,GO:0048070,regulation of developmental pigmentation,1,,,,,,,
0,1,3,7,GO:0048071;GO:0048094,sex-specific pigmentation,1,,,,,,,
0,1,2,35,GO:0048072,compound eye pigmentation,1,,,,,,,
0,1,2,29,GO:0048073;GO:0048076,regulation of eye pigmentation,1,,,,,,,
0,1,2,36,GO:0048079,regulation of cuticle pigmentation,1,,,,,,,
0,1,2,14,GO:0048081,positive regulation of cuticle pigmentation,1,,,,,,,
0,1,4,13,GO:0048086,negative regulation of developmental pigmentation,1,,,,,,,
0,1,2,40,GO:0048087,positive regulation of developmental pigmentation,1,,,,,,,
0,1,7,45,GO:0048096,chromatin-mediated maintenance of transcription,1,,,,,,,
0,1,2,12,GO:0048098,antennal joint development,1,,,,,,,
0,1,3,34,GO:0048100,wing disc anterior/posterior pattern formation,1,,,,,,,
0,1,2,272,GO:0048103,somatic stem cell division,1,,,,,,,
0,1,3,25,GO:0048104,establishment of body hair or bristle planar orientation,1,,,,,,,
0,1,2,17,GO:0048105,establishment of body hair planar orientation,1,,,,,,,
0,1,2,51,GO:0048132;GO:0098728,germline stem cell asymmetric division,1,,,,,,,
0,1,2,15,GO:0048133,male germ-line stem cell asymmetric division,1,,,,,,,
0,1,2,85,GO:0048134,germ-line cyst formation,1,,,,,,,
0,1,3,15,GO:0048136,male germ-line cyst formation,1,,,,,,,
0,1,2,65,GO:0048137,spermatocyte division,1,,,,,,,
0,1,3,68,GO:0048138,germ-line cyst encapsulation,1,,,,,,,
0,1,4,48,GO:0048139,female germ-line cyst encapsulation,1,,,,,,,
0,1,2,36,GO:0048140,male germ-line cyst encapsulation,1,,,,,,,
0,1,3,24,GO:0048142,germarium-derived cystoblast division,1,,,,,,,
0,1,2,23,GO:0048143,astrocyte activation,1,,,,,,,
0,1,2,7,GO:0048144,fibroblast proliferation,1,,,,,,,
0,0.351485416,3,147,GO:0048146,positive regulation of fibroblast proliferation,1,,,,,,,
0,1,2,80,GO:0048148,behavioral response to cocaine,1,,,,,,,
0,1,2,139,GO:0048149,behavioral response to ethanol,1,,,,,,,
0,1,3,23,GO:0048150,behavioral response to ether,1,,,,,,,
0,1,2,613,GO:0048167,regulation of synaptic plasticity,1,,,,,,,
0,1,4,230,GO:0048168,regulation of neuronal synaptic plasticity,1,,,,,,,
0,1,5,110,GO:0048169,regulation of long-term neuronal synaptic plasticity,1,,,,,,,
0,1,6,27,GO:0048170,positive regulation of long-term neuronal synaptic plasticity,1,,,,,,,
0,1,2,76,GO:0048172,regulation of short-term neuronal synaptic plasticity,1,,,,,,,
0,0.657921804,4,761,GO:0048193,Golgi vesicle transport,1,,,,,,,
0,1,5,21,GO:0048210,Golgi vesicle fusion to target membrane,1,,,,,,,
0,1,4,24,GO:0048227,plasma membrane to endosome transport,1,,,,,,,
0,0.108337912,3,39,GO:0048240,sperm capacitation,1,,,,,,,
0,1,3,5,GO:0048241,epinephrine transport,1,,,,,,,
0,1,2,20,GO:0048245;GO:0072677,eosinophil migration,1,,,,,,,
0,1,2,54,GO:0048247,lymphocyte chemotaxis,1,,,,,,,
0,1,2,20,GO:0048251,elastic fiber assembly,1,,,,,,,
0,1,3,9,GO:0048254,snoRNA localization,1,,,,,,,
0,1,2,294,GO:0048259,regulation of receptor-mediated endocytosis,1,,,,,,,
0,1,2,211,GO:0048260,positive regulation of receptor-mediated endocytosis,1,,,,,,,
0,1,3,35,GO:0048261,negative regulation of receptor-mediated endocytosis,1,,,,,,,
0,1,2,48,GO:0048262,determination of dorsal/ventral asymmetry,1,,,,,,,
0,1,5,25,GO:0048263,determination of dorsal identity,1,,,,,,,
0,1,3,22,GO:0048264,determination of ventral identity,1,,,,,,,
0,1,2,94,GO:0048265,response to pain,1,,,,,,,
0,1,2,62,GO:0048266,behavioral response to pain,1,,,,,,,
0,1,3,42,GO:0048268,clathrin coat assembly,1,,,,,,,
0,1,4,19,GO:0048280,vesicle fusion with Golgi apparatus,1,,,,,,,
0,1,3,131,GO:0048286,lung alveolus development,1,,,,,,,
0,1,2,8,GO:0048293,regulation of isotype switching to IgE isotypes,1,,,,,,,
0,1,6,9,GO:0048296;GO:0048298,regulation of isotype switching to IgA isotypes,1,,,,,,,
0,1,2,16,GO:0048302;GO:0048304,regulation of isotype switching to IgG isotypes,1,,,,,,,
0,1,2,31,GO:0048308,organelle inheritance,1,,,,,,,
0,1,2,74,GO:0048311,mitochondrion distribution,1,,,,,,,
0,1,5,53,GO:0048312,intracellular distribution of mitochondria,1,,,,,,,
0,1,2,22,GO:0048313,Golgi inheritance,1,,,,,,,
0,1,2,35,GO:0048318,axial mesoderm development,1,,,,,,,
0,1,5,24,GO:0048319,axial mesoderm morphogenesis,1,,,,,,,
0,1,4,14,GO:0048320,axial mesoderm formation,1,,,,,,,
0,1,4,111,GO:0048333,mesodermal cell differentiation,1,,,,,,,
0,1,3,23,GO:0048337;GO:1905772;GO:1905904,positive regulation of mesodermal cell fate specification,1,,,,,,,
0,1,2,57,GO:0048339,paraxial mesoderm development,1,,,,,,,
0,1,2,38,GO:0048340;GO:0048341,paraxial mesoderm morphogenesis,1,,,,,,,
0,1,5,5,GO:0048342,paraxial mesodermal cell differentiation,1,,,,,,,
0,0.118771363,5,43,GO:0048368,lateral mesoderm development,1,,,,,,,
0,1,2,6,GO:0048378,regulation of lateral mesodermal cell fate specification,1,,,,,,,
0,1,2,32,GO:0048382,mesendoderm development,1,,,,,,,
0,1,2,48,GO:0048384,retinoic acid receptor signaling pathway,1,,,,,,,
0,1,2,41,GO:0048385,regulation of retinoic acid receptor signaling pathway,1,,,,,,,
0,1,6,14,GO:0048386,positive regulation of retinoic acid receptor signaling pathway,1,,,,,,,
0,1,6,26,GO:0048387,negative regulation of retinoic acid receptor signaling pathway,1,,,,,,,
0,1,8,8,GO:0048388,endosomal lumen acidification,1,,,,,,,
0,1,4,5,GO:0048389;GO:0061227,pattern specification involved in mesonephros development,1,,,,,,,
0,0.9537065,2,1026,GO:0048469;GO:0071695,anatomical structure maturation,1,,,,,,,
0,1,6,10,GO:0048478,replication fork protection,1,,,,,,,
0,0.301802767,4,122,GO:0048483,autonomic nervous system development,1,,,,,,,
0,1,2,42,GO:0048484,enteric nervous system development,1,,,,,,,
0,1,2,58,GO:0048485,sympathetic nervous system development,1,,,,,,,
0,0.757531959,3,478,GO:0048489;GO:0097479;GO:0097480,synaptic vesicle localization,1,,,,,,,
0,0.103075536,2,37,GO:0048490;GO:0099517;GO:0099514,synaptic vesicle transport along microtubule,1,,,,,,,
0,1,4,8,GO:0048491,retrograde synaptic vesicle transport,1,,,,,,,
0,1,3,9,GO:0048496,maintenance of animal organ identity,1,,,,,,,
0,1,2,27,GO:0048499,synaptic vesicle membrane organization,1,,,,,,,
0,1,2,31,GO:0048505,regulation of timing of cell differentiation,1,,,,,,,
0,0.386182541,1,760,GO:0048511,rhythmic process,1,,,,,,,
0,1,2,272,GO:0048520,positive regulation of behavior,1,,,,,,,
0,1,2,108,GO:0048521,negative regulation of behavior,1,,,,,,,
0,1,2,175,GO:0048524,positive regulation of viral process,1,,,,,,,
0,1,4,205,GO:0048525,negative regulation of viral process,1,,,,,,,
0,1,2,23,GO:0048526,imaginal disc-derived wing expansion,1,,,,,,,
0,1,2,74,GO:0048532,anatomical structure arrangement,1,,,,,,,
0,1,3,46,GO:0048535,lymph node development,1,,,,,,,
0,0.259366173,5,102,GO:0048536,spleen development,1,,,,,,,
0,1,3,29,GO:0048537;GO:0048541,mucosa-associated lymphoid tissue development,1,,,,,,,
0,0.065401513,2,142,GO:0048538,thymus development,1,,,,,,,
0,1,3,10,GO:0048539,bone marrow development,1,,,,,,,
0,1,2,118,GO:0048542,lymph gland development,1,,,,,,,
0,0.154956759,4,968,GO:0048545,response to steroid hormone,1,,,,,,,
0,0.720139825,4,430,GO:0048546,digestive tract morphogenesis,1,,,,,,,
0,1,2,17,GO:0048548,regulation of pinocytosis,1,,,,,,,
0,1,2,6,GO:0048549,positive regulation of pinocytosis,1,,,,,,,
0,1,6,11,GO:0048550,negative regulation of pinocytosis,1,,,,,,,
0,1,2,141,GO:0048557,embryonic digestive tract morphogenesis,1,,,,,,,
0,1,2,6,GO:0048560,establishment of anatomical structure orientation,1,,,,,,,
0,0.566815895,2,1001,GO:0048562,embryonic organ morphogenesis,1,,,,,,,
0,0.118891736,2,886,GO:0048565;GO:0055123,digestive system development,1,,,,,,,
0,1,2,192,GO:0048566,embryonic digestive tract development,1,,,,,,,
0,0.678017376,4,1559,GO:0048568,embryonic organ development,1,,,,,,,
0,1,2,46,GO:0048570,notochord morphogenesis,1,,,,,,,
0,0.380375862,2,449,GO:0048580;GO:0061062,regulation of post-embryonic development,1,,,,,,,
0,0.07527704,2,154,GO:0048581,negative regulation of post-embryonic development,1,,,,,,,
0,1,2,161,GO:0048582;GO:0061063,positive regulation of post-embryonic development,1,,,,,,,
0,0.957827513,3,1644,GO:0048592;GO:0090596,sensory organ morphogenesis,1,,,,,,,
0,0.697564262,2,404,GO:0048593,camera-type eye morphogenesis,1,,,,,,,
0,1,2,6,GO:0048597,post-embryonic camera-type eye morphogenesis,1,,,,,,,
0,0.750858845,3,2493,GO:0048598,embryonic morphogenesis,1,,,,,,,
0,1,2,18,GO:0048601,oocyte morphogenesis,1,,,,,,,
0,0.840811758,2,1552,GO:0048608;GO:0061458,reproductive system development,1,,,,,,,
0,1,3,52,GO:0048611;GO:0048613,embryonic ectodermal digestive tract development,1,,,,,,,
0,1,4,24,GO:0048617,embryonic foregut morphogenesis,1,,,,,,,
0,1,3,6,GO:0048621,post-embryonic digestive tract morphogenesis,1,,,,,,,
0,1,2,14,GO:0048625,myoblast fate commitment,1,,,,,,,
0,1,3,14,GO:0048630,skeletal muscle tissue growth,1,,,,,,,
0,0.289816314,2,1830,GO:0048638,regulation of developmental growth,1,,,,,,,
0,0.888264746,2,1255,GO:0048639;GO:0045927,positive regulation of growth,1,,,,,,,
0,1,7,80,GO:0048643,positive regulation of skeletal muscle tissue development,1,,,,,,,
0,0.039618317,2,256,GO:0048644,muscle organ morphogenesis,1,,,,,,,
0,1,2,280,GO:0048645,animal organ formation,1,,,,,,,
0,1,3,14,GO:0048659,smooth muscle cell proliferation,1,,,,,,,
0,0.670258088,5,375,GO:0048660,regulation of smooth muscle cell proliferation,1,,,,,,,
0,1,3,252,GO:0048661,positive regulation of smooth muscle cell proliferation,1,,,,,,,
0,0.295593846,2,119,GO:0048662,negative regulation of smooth muscle cell proliferation,1,,,,,,,
0,0.692104352,2,398,GO:0048663,neuron fate commitment,1,,,,,,,
0,1,4,37,GO:0048664,neuron fate determination,1,,,,,,,
0,0.347642731,3,145,GO:0048665,neuron fate specification,1,,,,,,,
0,1,3,59,GO:0048668,collateral sprouting,1,,,,,,,
0,1,2,5,GO:0048669,collateral sprouting in absence of injury,1,,,,,,,
0,0.1837105,2,69,GO:0048670,regulation of collateral sprouting,1,,,,,,,
0,1,6,30,GO:0048671,negative regulation of collateral sprouting,1,,,,,,,
0,0.095124418,4,34,GO:0048672,positive regulation of collateral sprouting,1,,,,,,,
0,1,5,12,GO:0048674,collateral sprouting of injured axon,1,,,,,,,
0,1,2,397,GO:0048675;GO:1990138,neuron projection extension,1,,,,,,,
0,1,2,6,GO:0048677,axon extension involved in regeneration,1,,,,,,,
0,1,4,215,GO:0048678,response to axon injury,1,,,,,,,
0,0.44882816,5,202,GO:0048679;GO:0070570,regulation of neuron projection regeneration,1,,,,,,,
0,0.285124259,2,114,GO:0048680;GO:0070572,positive regulation of neuron projection regeneration,1,,,,,,,
0,0.178887619,2,67,GO:0048681;GO:0070571,negative regulation of neuron projection regeneration,1,,,,,,,
0,1,2,20,GO:0048682,sprouting of injured axon,1,,,,,,,
0,1,2,5,GO:0048683,regulation of collateral sprouting of intact axon in response to injury,1,,,,,,,
0,0.161784892,3,60,GO:0048686;GO:0048690,regulation of sprouting of injured axon,1,,,,,,,
0,0.123942786,5,45,GO:0048687;GO:0048691,positive regulation of sprouting of injured axon,1,,,,,,,
0,0.048735665,2,17,GO:0048688;GO:0048692,negative regulation of sprouting of injured axon,1,,,,,,,
0,1,5,12,GO:0048696,regulation of collateral sprouting in absence of injury,1,,,,,,,
0,0.145431885,2,229,GO:0048701;GO:1904888,cranial skeletal system development,1,,,,,,,
0,1,2,37,GO:0048702,embryonic neurocranium morphogenesis,1,,,,,,,
0,1,4,73,GO:0048703,embryonic viscerocranium morphogenesis,1,,,,,,,
0,0.671238989,3,376,GO:0048704;GO:0048706,embryonic skeletal system development,1,,,,,,,
0,0.304228233,2,658,GO:0048705,skeletal system morphogenesis,1,,,,,,,
0,1,4,114,GO:0048708,astrocyte differentiation,1,,,,,,,
0,0.442263854,4,198,GO:0048709,oligodendrocyte differentiation,1,,,,,,,
0,1,2,86,GO:0048710,regulation of astrocyte differentiation,1,,,,,,,
0,1,4,38,GO:0048711,positive regulation of astrocyte differentiation,1,,,,,,,
0,1,6,42,GO:0048712,negative regulation of astrocyte differentiation,1,,,,,,,
0,1,2,90,GO:0048713,regulation of oligodendrocyte differentiation,1,,,,,,,
0,1,4,46,GO:0048714,positive regulation of oligodendrocyte differentiation,1,,,,,,,
0,1,6,36,GO:0048715,negative regulation of oligodendrocyte differentiation,1,,,,,,,
0,1,2,133,GO:0048730,epidermis morphogenesis,1,,,,,,,
0,0.549196009,4,1674,GO:0048732,gland development,1,,,,,,,
0,1,2,21,GO:0048733,sebaceous gland development,1,,,,,,,
0,1,2,6,GO:0048734,proboscis morphogenesis,1,,,,,,,
0,0.461463108,2,529,GO:0048738,cardiac muscle tissue development,1,,,,,,,
0,1,6,30,GO:0048739,cardiac muscle fiber development,1,,,,,,,
0,1,3,40,GO:0048742,regulation of skeletal muscle fiber development,1,,,,,,,
0,1,2,21,GO:0048743,positive regulation of skeletal muscle fiber development,1,,,,,,,
0,0.146845769,3,54,GO:0048745,smooth muscle tissue development,1,,,,,,,
0,0.118782696,2,202,GO:0048747,muscle fiber development,1,,,,,,,
0,1,2,31,GO:0048752,semicircular canal morphogenesis,1,,,,,,,
0,0.1837105,6,69,GO:0048753,pigment granule organization,1,,,,,,,
0,1,3,26,GO:0048755,branching morphogenesis of a nerve,1,,,,,,,
0,0.386642809,3,455,GO:0048762,mesenchymal cell differentiation,1,,,,,,,
0,1,2,13,GO:0048769,sarcomerogenesis,1,,,,,,,
0,1,2,271,GO:0048771,tissue remodeling,1,,,,,,,
0,1,5,39,GO:0048789,cytoskeletal matrix organization at active zone,1,,,,,,,
0,1,2,48,GO:0048790;GO:1990709,presynaptic active zone organization,1,,,,,,,
0,1,2,97,GO:0048791,calcium ion-regulated exocytosis of neurotransmitter,1,,,,,,,
0,1,3,100,GO:0048793,pronephros development,1,,,,,,,
0,1,2,13,GO:0048794,swim bladder development,1,,,,,,,
0,1,4,42,GO:0048799,animal organ maturation,1,,,,,,,
0,1,4,42,GO:0048800,antennal morphogenesis,1,,,,,,,
0,1,4,15,GO:0048802,notum morphogenesis,1,,,,,,,
0,1,2,12,GO:0048804,imaginal disc-derived female genitalia morphogenesis,1,,,,,,,
0,1,3,338,GO:0048806,genitalia development,1,,,,,,,
0,1,2,20,GO:0048807,female genitalia morphogenesis,1,,,,,,,
0,1,3,100,GO:0048808,male genitalia morphogenesis,1,,,,,,,
0,1,2,433,GO:0048814,regulation of dendrite morphogenesis,1,,,,,,,
0,1,2,16,GO:0048815,hermaphrodite genitalia morphogenesis,1,,,,,,,
0,1,5,6,GO:0048817,negative regulation of hair follicle maturation,1,,,,,,,
0,1,2,10,GO:0048818,positive regulation of hair follicle maturation,1,,,,,,,
0,1,4,17,GO:0048819,regulation of hair follicle maturation,1,,,,,,,
0,1,2,19,GO:0048820,hair follicle maturation,1,,,,,,,
0,0.228154993,3,88,GO:0048821,erythrocyte development,1,,,,,,,
0,1,3,39,GO:0048840,otolith development,1,,,,,,,
0,1,6,145,GO:0048841,regulation of axon extension involved in axon guidance,1,,,,,,,
0,1,2,29,GO:0048842,positive regulation of axon extension involved in axon guidance,1,,,,,,,
0,1,2,54,GO:0048843;GO:1902668,negative regulation of axon guidance,1,,,,,,,
0,0.078668924,5,158,GO:0048844,artery morphogenesis,1,,,,,,,
0,1,2,24,GO:0048845,venous blood vessel morphogenesis,1,,,,,,,
0,1,2,82,GO:0048846;GO:1902284,axon extension involved in axon guidance,1,,,,,,,
0,1,3,7,GO:0048852,diencephalon morphogenesis,1,,,,,,,
0,1,2,36,GO:0048853,forebrain morphogenesis,1,,,,,,,
0,1,2,107,GO:0048854,brain morphogenesis,1,,,,,,,
0,1,2,85,GO:0048857,neural nucleus development,1,,,,,,,
0,0.831795227,4,600,GO:0048863,stem cell differentiation,1,,,,,,,
0,1,3,163,GO:0048865,stem cell fate commitment,1,,,,,,,
0,1,4,45,GO:0048866,stem cell fate specification,1,,,,,,,
0,1,3,866,GO:0048871,multicellular organismal homeostasis,1,,,,,,,
0,0.528142247,4,600,GO:0048872,homeostasis of number of cells,1,,,,,,,
0,1,2,91,GO:0048873,homeostasis of number of cells within a tissue,1,,,,,,,
0,1,2,5,GO:0048877,homeostasis of number of retina cells,1,,,,,,,
0,1,4,70,GO:0048880;GO:0048925,sensory system development,1,,,,,,,
0,1,2,59,GO:0048881;GO:0048882;GO:0048915;GO:0048916,lateral line development,1,,,,,,,
0,1,4,14,GO:0048883;GO:0048920,neuromast primordium migration,1,,,,,,,
0,1,3,25,GO:0048884,neuromast development,1,,,,,,,
0,1,3,13,GO:0048892,lateral line nerve development,1,,,,,,,
0,1,6,6,GO:0048895;GO:0048897;GO:0048931;GO:0048932;GO:0048937;GO:0048938;GO:0048941;GO:0048942,posterior lateral line nerve glial cell differentiation,1,,,,,,,
0,1,6,7,GO:0048898,anterior lateral line system development,1,,,,,,,
0,1,5,5,GO:0048899,anterior lateral line development,1,,,,,,,
0,1,4,9,GO:0048918,posterior lateral line nerve development,1,,,,,,,
0,1,4,17,GO:0048919,posterior lateral line neuromast development,1,,,,,,,
0,1,7,9,GO:0048923,posterior lateral line neuromast hair cell differentiation,1,,,,,,,
0,0.169157284,5,63,GO:0048934;GO:0048935,peripheral nervous system neuron development,1,,,,,,,
0,1,8,27,GO:0048936,peripheral nervous system neuron axonogenesis,1,,,,,,,
0,1,4,156,GO:0050000;GO:0051303,chromosome localization,1,,,,,,,
0,1,3,10,GO:0050432,catecholamine secretion,1,,,,,,,
0,0.374076564,2,159,GO:0050433,regulation of catecholamine secretion,1,,,,,,,
0,1,2,39,GO:0050434,positive regulation of viral transcription,1,,,,,,,
0,0.110957654,3,40,GO:0050435,amyloid-beta metabolic process,1,,,,,,,
0,1,5,478,GO:0050658;GO:0050657;GO:0051236;GO:0015931,nucleobase-containing compound transport,1,,,,,,,
0,1,2,16,GO:0050665,hydrogen peroxide biosynthetic process,1,,,,,,,
0,1,3,28,GO:0050667,homocysteine metabolic process,1,,,,,,,
0,1,2,245,GO:0050673,epithelial cell proliferation,1,,,,,,,
0,0.662873799,5,768,GO:0050678,regulation of epithelial cell proliferation,1,,,,,,,
0,0.736365695,3,450,GO:0050679,positive regulation of epithelial cell proliferation,1,,,,,,,
0,1,2,306,GO:0050680,negative regulation of epithelial cell proliferation,1,,,,,,,
0,1,2,76,GO:0050685,positive regulation of mRNA processing,1,,,,,,,
0,1,3,44,GO:0050687,negative regulation of defense response to virus,1,,,,,,,
0,1,2,170,GO:0050688,regulation of defense response to virus,1,,,,,,,
0,1,2,5,GO:0050689,negative regulation of defense response to virus by host,1,,,,,,,
0,1,2,60,GO:0050690,regulation of defense response to virus by virus,1,,,,,,,
0,1,3,82,GO:0050691,regulation of defense response to virus by host,1,,,,,,,
0,0.852195166,2,643,GO:0050727,regulation of inflammatory response,1,,,,,,,
0,1,3,266,GO:0050728,negative regulation of inflammatory response,1,,,,,,,
0,0.497180074,3,233,GO:0050729,positive regulation of inflammatory response,1,,,,,,,
0,1,3,596,GO:0050730;GO:0050731,regulation of peptidyl-tyrosine phosphorylation,1,,,,,,,
0,1,2,120,GO:0050732,negative regulation of peptidyl-tyrosine phosphorylation,1,,,,,,,
0,1,5,23,GO:0050746,regulation of lipoprotein metabolic process,1,,,,,,,
0,1,2,9,GO:0050747;GO:1903059;GO:1903061,regulation of protein lipidation,1,,,,,,,
0,1,2,12,GO:0050748,negative regulation of lipoprotein metabolic process,1,,,,,,,
0,1,2,5,GO:0050758,regulation of thymidylate synthase biosynthetic process,1,,,,,,,
0,1,2,299,GO:0050764;GO:0050766,regulation of phagocytosis,1,,,,,,,
0,1,2,51,GO:0050765,negative regulation of phagocytosis,1,,,,,,,
0,0.801257996,2,1440,GO:0050768;GO:0010721;GO:0051961,negative regulation of nervous system development,1,,,,,,,
0,0.927793967,3,880,GO:0050770,regulation of axonogenesis,1,,,,,,,
0,0.480522491,4,222,GO:0050771,negative regulation of axonogenesis,1,,,,,,,
0,0.696660963,3,403,GO:0050772,positive regulation of axonogenesis,1,,,,,,,
0,1,5,662,GO:0050773,regulation of dendrite development,1,,,,,,,
0,1,3,63,GO:0050774,negative regulation of dendrite morphogenesis,1,,,,,,,
0,1,3,191,GO:0050775,positive regulation of dendrite morphogenesis,1,,,,,,,
0,0.992252223,2,1605,GO:0050776,regulation of immune response,1,,,,,,,
0,1,2,308,GO:0050777,negative regulation of immune response,1,,,,,,,
0,0.958146131,2,1059,GO:0050778,positive regulation of immune response,1,,,,,,,
0,1,4,58,GO:0050779;GO:0061157,RNA destabilization,1,,,,,,,
0,0.395737323,3,772,GO:0050795,regulation of behavior,1,,,,,,,
0,1,4,616,GO:0050796;GO:0090276,regulation of peptide hormone secretion,1,,,,,,,
0,1,6,13,GO:0050798,activated T cell proliferation,1,,,,,,,
0,0.104498161,5,1902,GO:0050801;GO:0055082;GO:0055080;GO:0098771,ion homeostasis,1,,,,,,,
0,1,4,1428,GO:0050804;GO:0099177,regulation of trans-synaptic signaling,1,,,,,,,
0,1,2,237,GO:0050805,negative regulation of synaptic transmission,1,,,,,,,
0,1,5,559,GO:0050806,positive regulation of synaptic transmission,1,,,,,,,
0,0.86174486,5,1166,GO:0050807;GO:0050803,regulation of synapse structure or activity,1,,,,,,,
0,0.965591733,3,1123,GO:0050808,synapse organization,1,,,,,,,
0,1,2,252,GO:0050810;GO:0019218,regulation of steroid metabolic process,1,,,,,,,
0,0.045542919,4,457,GO:0050821,protein stabilization,1,,,,,,,
0,0.197443751,2,279,GO:0050829,defense response to Gram-negative bacterium,1,,,,,,,
0,1,4,215,GO:0050830,defense response to Gram-positive bacterium,1,,,,,,,
0,1,3,18,GO:0050847,progesterone receptor signaling pathway,1,,,,,,,
0,1,2,255,GO:0050848,regulation of calcium-mediated signaling,1,,,,,,,
0,1,4,58,GO:0050849,negative regulation of calcium-mediated signaling,1,,,,,,,
0,1,2,121,GO:0050850,positive regulation of calcium-mediated signaling,1,,,,,,,
0,1,2,238,GO:0050851;GO:0050852,antigen receptor-mediated signaling pathway,1,,,,,,,
0,1,4,59,GO:0050853,B cell receptor signaling pathway,1,,,,,,,
0,1,2,115,GO:0050854,regulation of antigen receptor-mediated signaling pathway,1,,,,,,,
0,1,3,46,GO:0050855,regulation of B cell receptor signaling pathway,1,,,,,,,
0,1,3,78,GO:0050856,regulation of T cell receptor signaling pathway,1,,,,,,,
0,1,3,46,GO:0050857,positive regulation of antigen receptor-mediated signaling pathway,1,,,,,,,
0,1,2,46,GO:0050858,negative regulation of antigen receptor-mediated signaling pathway,1,,,,,,,
0,1,4,15,GO:0050859,negative regulation of B cell receptor signaling pathway,1,,,,,,,
0,1,3,33,GO:0050860,negative regulation of T cell receptor signaling pathway,1,,,,,,,
0,1,2,15,GO:0050861,positive regulation of B cell receptor signaling pathway,1,,,,,,,
0,1,2,30,GO:0050862,positive regulation of T cell receptor signaling pathway,1,,,,,,,
0,0.844907019,3,627,GO:0050863;GO:1903037,regulation of T cell activation,1,,,,,,,
0,1,2,204,GO:0050864,regulation of B cell activation,1,,,,,,,
0,0.660288743,2,365,GO:0050866,negative regulation of cell activation,1,,,,,,,
0,0.478981415,4,221,GO:0050868;GO:1903038,negative regulation of leukocyte cell-cell adhesion,1,,,,,,,
0,1,3,65,GO:0050869,negative regulation of B cell activation,1,,,,,,,
0,1,2,401,GO:0050870;GO:1903039,positive regulation of leukocyte cell-cell adhesion,1,,,,,,,
0,1,2,128,GO:0050871,positive regulation of B cell activation,1,,,,,,,
0,1,2,49,GO:0050872,white fat cell differentiation,1,,,,,,,
0,1,2,80,GO:0050873,brown fat cell differentiation,1,,,,,,,
0,0.809345556,3,1028,GO:0050878,regulation of body fluid levels,1,,,,,,,
0,1,4,21,GO:0050882,voluntary musculoskeletal movement,1,,,,,,,
0,1,3,59,GO:0050884,neuromuscular process controlling posture,1,,,,,,,
0,1,3,160,GO:0050885,neuromuscular process controlling balance,1,,,,,,,
0,1,3,116,GO:0050886,endocrine process,1,,,,,,,
0,1,2,177,GO:0050891;GO:0030104,water homeostasis,1,,,,,,,
0,1,4,91,GO:0050892,intestinal absorption,1,,,,,,,
0,1,3,41,GO:0050893,sensory processing,1,,,,,,,
0,1,4,5,GO:0050894,determination of affect,1,,,,,,,
0,0.782296121,4,514,GO:0050900,leukocyte migration,1,,,,,,,
0,1,6,34,GO:0050901;GO:0061756,leukocyte adhesion to vascular endothelial cell,1,,,,,,,
0,1,2,9,GO:0050904,diapedesis,1,,,,,,,
0,1,2,322,GO:0050905,neuromuscular process,1,,,,,,,
0,1,3,324,GO:0050906,detection of stimulus involved in sensory perception,1,,,,,,,
0,1,2,89,GO:0050907,detection of chemical stimulus involved in sensory perception,1,,,,,,,
0,1,2,91,GO:0050908;GO:0050962,detection of light stimulus involved in sensory perception,1,,,,,,,
0,1,2,106,GO:0050909,sensory perception of taste,1,,,,,,,
0,1,4,36,GO:0050910,detection of mechanical stimulus involved in sensory perception of sound,1,,,,,,,
0,1,2,52,GO:0050911,detection of chemical stimulus involved in sensory perception of smell,1,,,,,,,
0,1,7,30,GO:0050913,sensory perception of bitter taste,1,,,,,,,
0,1,4,9,GO:0050915,sensory perception of sour taste,1,,,,,,,
0,1,3,19,GO:0050916,sensory perception of sweet taste,1,,,,,,,
0,1,3,5,GO:0050917,sensory perception of umami taste,1,,,,,,,
0,1,4,118,GO:0050918,positive chemotaxis,1,,,,,,,
0,1,4,157,GO:0050919,negative chemotaxis,1,,,,,,,
0,1,4,693,GO:0050920,regulation of chemotaxis,1,,,,,,,
0,1,3,412,GO:0050921,positive regulation of chemotaxis,1,,,,,,,
0,1,5,105,GO:0050922,negative regulation of chemotaxis,1,,,,,,,
0,1,2,29,GO:0050923,regulation of negative chemotaxis,1,,,,,,,
0,1,3,14,GO:0050924;GO:0050929,induction of negative chemotaxis,1,,,,,,,
0,1,5,88,GO:0050926;GO:0050927,regulation of positive chemotaxis,1,,,,,,,
0,1,7,45,GO:0050930,induction of positive chemotaxis,1,,,,,,,
0,1,3,111,GO:0050931,pigment cell differentiation,1,,,,,,,
0,1,2,31,GO:0050932,regulation of pigment cell differentiation,1,,,,,,,
0,1,2,9,GO:0050941,negative regulation of pigment cell differentiation,1,,,,,,,
0,1,2,105,GO:0050951;GO:0016048;GO:0050961;GO:0050965,detection of temperature stimulus,1,,,,,,,
0,1,2,12,GO:0050955,thermoception,1,,,,,,,
0,1,5,19,GO:0050957,equilibrioception,1,,,,,,,
0,1,2,7,GO:0050960,detection of temperature stimulus involved in thermoception,1,,,,,,,
0,1,2,43,GO:0050966,detection of mechanical stimulus involved in sensory perception of pain,1,,,,,,,
0,1,5,5,GO:0050968,detection of chemical stimulus involved in sensory perception of pain,1,,,,,,,
0,1,3,101,GO:0050974,detection of mechanical stimulus involved in sensory perception,1,,,,,,,
0,1,6,70,GO:0050975,sensory perception of touch,1,,,,,,,
0,1,4,16,GO:0050976,detection of mechanical stimulus involved in sensory perception of touch,1,,,,,,,
0,1,2,141,GO:0050982,detection of mechanical stimulus,1,,,,,,,
0,1,2,155,GO:0050994,regulation of lipid catabolic process,1,,,,,,,
0,1,2,83,GO:0050995,negative regulation of lipid catabolic process,1,,,,,,,
0,1,2,74,GO:0050996,positive regulation of lipid catabolic process,1,,,,,,,
0,1,2,47,GO:0051000,positive regulation of nitric-oxide synthase activity,1,,,,,,,
0,1,6,22,GO:0051001,negative regulation of nitric-oxide synthase activity,1,,,,,,,
0,0.095124418,4,34,GO:0051004,regulation of lipoprotein lipase activity,1,,,,,,,
0,1,5,11,GO:0051006;GO:0061365,positive regulation of triglyceride lipase activity,1,,,,,,,
0,1,3,23,GO:0051012,microtubule sliding,1,,,,,,,
0,1,5,12,GO:0051013,microtubule severing,1,,,,,,,
0,1,2,20,GO:0051014,actin filament severing,1,,,,,,,
0,1,2,200,GO:0051017;GO:0061572,actin filament bundle organization,1,,,,,,,
0,1,2,19,GO:0051026,chiasma assembly,1,,,,,,,
0,1,2,12,GO:0051029,rRNA transport,1,,,,,,,
0,1,2,6,GO:0051030,snRNA transport,1,,,,,,,
0,1,3,11,GO:0051031,tRNA transport,1,,,,,,,
0,1,2,50,GO:0051036;GO:0097494,regulation of vesicle size,1,,,,,,,
0,1,2,48,GO:0051043;GO:0051044,regulation of membrane protein ectodomain proteolysis,1,,,,,,,
0,1,3,12,GO:0051045,negative regulation of membrane protein ectodomain proteolysis,1,,,,,,,
0,0.868327407,2,2080,GO:0051046;GO:1903530,regulation of secretion,1,,,,,,,
0,0.435157263,2,1146,GO:0051047;GO:1903532,positive regulation of secretion,1,,,,,,,
0,0.536877476,4,2686,GO:0051050,positive regulation of transport,1,,,,,,,
0,0.881040899,3,1229,GO:0051051,negative regulation of transport,1,,,,,,,
0,0.687450888,3,804,GO:0051052,regulation of DNA metabolic process,1,,,,,,,
0,0.520471799,4,249,GO:0051053,negative regulation of DNA metabolic process,1,,,,,,,
0,0.743360814,4,459,GO:0051054,positive regulation of DNA metabolic process,1,,,,,,,
0,0.285124259,2,114,GO:0051055,negative regulation of lipid biosynthetic process,1,,,,,,,
0,0.923507618,2,861,GO:0051056,regulation of small GTPase mediated signal transduction,1,,,,,,,
0,1,4,5,GO:0051066,dihydrobiopterin metabolic process,1,,,,,,,
0,1,6,60,GO:0051081;GO:0030397,membrane disassembly,1,,,,,,,
0,1,2,44,GO:0051084,'de novo' posttranslational protein folding,1,,,,,,,
0,1,4,31,GO:0051085,chaperone cofactor-dependent protein refolding,1,,,,,,,
0,1,-1,8,GO:0051088,obsolete PMA-inducible membrane protein ectodomain proteolysis,1,,,,,,,
0,0.75690508,2,920,GO:0051090,regulation of DNA-binding transcription factor activity,1,,,,,,,
0,0.531733533,5,604,GO:0051091,positive regulation of DNA-binding transcription factor activity,1,,,,,,,
0,1,8,272,GO:0051092,positive regulation of NF-kappaB transcription factor activity,1,,,,,,,
0,1,4,17,GO:0051095,regulation of helicase activity,1,,,,,,,
0,1,4,11,GO:0051096,positive regulation of helicase activity,1,,,,,,,
0,1,2,6,GO:0051097,negative regulation of helicase activity,1,,,,,,,
0,0.528937641,1,947,GO:0051098,regulation of binding,1,,,,,,,
0,0.407334001,3,475,GO:0051099,positive regulation of binding,1,,,,,,,
0,0.700258251,3,407,GO:0051100,negative regulation of binding,1,,,,,,,
0,0.6057999,2,315,GO:0051101,regulation of DNA binding,1,,,,,,,
0,1,6,11,GO:0051105;GO:0051106,regulation of DNA ligation,1,,,,,,,
0,1,2,33,GO:0051123,RNA polymerase II preinitiation complex assembly,1,,,,,,,
0,1,3,140,GO:0051124,synaptic growth at neuromuscular junction,1,,,,,,,
0,1,7,33,GO:0051127,positive regulation of actin nucleation,1,,,,,,,
0,0.367590825,2,1992,GO:0051129,negative regulation of cellular component organization,1,,,,,,,
0,1,5,37,GO:0051131,chaperone-mediated protein complex assembly,1,,,,,,,
0,1,2,13,GO:0051133,regulation of NK T cell activation,1,,,,,,,
0,1,3,6,GO:0051134,negative regulation of NK T cell activation,1,,,,,,,
0,1,9,9,GO:0051135;GO:0051140;GO:0051142,regulation of NK T cell proliferation,1,,,,,,,
0,1,2,11,GO:0051136;GO:0051138,regulation of NK T cell differentiation,1,,,,,,,
0,0.278768903,2,111,GO:0051145,smooth muscle cell differentiation,1,,,,,,,
0,1,2,478,GO:0051147,regulation of muscle cell differentiation,1,,,,,,,
0,1,3,136,GO:0051148,negative regulation of muscle cell differentiation,1,,,,,,,
0,1,3,249,GO:0051149,positive regulation of muscle cell differentiation,1,,,,,,,
0,1,2,76,GO:0051150,regulation of smooth muscle cell differentiation,1,,,,,,,
0,1,2,37,GO:0051151,negative regulation of smooth muscle cell differentiation,1,,,,,,,
0,1,4,32,GO:0051152,positive regulation of smooth muscle cell differentiation,1,,,,,,,
0,1,2,348,GO:0051153,regulation of striated muscle cell differentiation,1,,,,,,,
0,1,2,85,GO:0051154,negative regulation of striated muscle cell differentiation,1,,,,,,,
0,1,2,183,GO:0051155,positive regulation of striated muscle cell differentiation,1,,,,,,,
0,0.116174358,3,42,GO:0051156,glucose 6-phosphate metabolic process,1,,,,,,,
0,0.625230795,3,332,GO:0051168;GO:0006611,nuclear export,1,,,,,,,
0,1,6,5,GO:0051176,positive regulation of sulfur metabolic process,1,,,,,,,
0,1,2,21,GO:0051177,meiotic sister chromatid cohesion,1,,,,,,,
0,1,4,78,GO:0051180,vitamin transport,1,,,,,,,
0,1,-1,91,GO:0051181,obsolete cofactor transport,1,,,,,,,
0,1,-1,19,GO:0051182,obsolete coenzyme transport,1,,,,,,,
0,1,-1,66,GO:0051187,obsolete cofactor catabolic process,1,,,,,,,
0,1,-1,50,GO:0051195,obsolete negative regulation of cofactor metabolic process,1,,,,,,,
0,1,2,71,GO:0051205,protein insertion into membrane,1,,,,,,,
0,1,2,12,GO:0051208,sequestering of calcium ion,1,,,,,,,
0,1,2,405,GO:0051216,cartilage development,1,,,,,,,
0,1,2,65,GO:0051220,cytoplasmic sequestering of protein,1,,,,,,,
0,0.572272172,3,1009,GO:0051222;GO:1904951,positive regulation of establishment of protein localization,1,,,,,,,
0,0.62873478,4,1828,GO:0051223;GO:0070201;GO:0090087,regulation of peptide transport,1,,,,,,,
0,0.379328841,2,448,GO:0051224;GO:1904950,negative regulation of establishment of protein localization,1,,,,,,,
0,1,2,263,GO:0051225,spindle assembly,1,,,,,,,
0,1,2,10,GO:0051229;GO:0051230,spindle disassembly,1,,,,,,,
0,0.51634555,2,587,GO:0051235,maintenance of location,1,,,,,,,
0,1,2,15,GO:0051238,sequestering of metal ion,1,,,,,,,
0,1,3,27,GO:0051255,spindle midzone assembly,1,,,,,,,
0,1,2,20,GO:0051256,mitotic spindle midzone assembly,1,,,,,,,
0,1,2,12,GO:0051257,meiotic spindle midzone assembly,1,,,,,,,
0,1,3,224,GO:0051258,protein polymerization,1,,,,,,,
0,0.2677379,2,1185,GO:0051259,protein complex oligomerization,1,,,,,,,
0,0.326762176,2,686,GO:0051260,protein homooligomerization,1,,,,,,,
0,1,5,118,GO:0051261,protein depolymerization,1,,,,,,,
0,0.069052889,2,322,GO:0051262,protein tetramerization,1,,,,,,,
0,0.997610411,2,1979,GO:0051276,chromosome organization,1,,,,,,,
0,1,2,29,GO:0051280,negative regulation of release of sequestered calcium ion into cytosol,1,,,,,,,
0,1,3,82,GO:0051281,positive regulation of release of sequestered calcium ion into cytosol,1,,,,,,,
0,0.604626423,3,314,GO:0051282,regulation of sequestering of calcium ion,1,,,,,,,
0,1,2,143,GO:0051283;GO:0051209;GO:0097553,calcium ion transmembrane import into cytosol,1,,,,,,,
0,1,2,39,GO:0051284,positive regulation of sequestering of calcium ion,1,,,,,,,
0,0.120711343,6,204,GO:0051289,protein homotetramerization,1,,,,,,,
0,0.200371326,6,76,GO:0051290,protein heterotetramerization,1,,,,,,,
0,0.252432396,2,330,GO:0051291,protein heterooligomerization,1,,,,,,,
0,0.051528265,3,18,GO:0051292,nuclear pore complex assembly,1,,,,,,,
0,1,4,44,GO:0051295,establishment of meiotic spindle localization,1,,,,,,,
0,1,7,24,GO:0051296,establishment of meiotic spindle orientation,1,,,,,,,
0,1,2,106,GO:0051298,centrosome duplication,1,,,,,,,
0,1,2,64,GO:0051299,centrosome separation,1,,,,,,,
0,1,2,1097,GO:0051301,cell division,1,,,,,,,
0,0.444716818,2,512,GO:0051302,regulation of cell division,1,,,,,,,
0,1,3,53,GO:0051304,chromosome separation,1,,,,,,,
0,1,2,40,GO:0051305,chromosome movement towards spindle pole,1,,,,,,,
0,1,4,12,GO:0051306,mitotic sister chromatid separation,1,,,,,,,
0,1,3,37,GO:0051307,meiotic chromosome separation,1,,,,,,,
0,1,2,8,GO:0051309,female meiosis chromosome separation,1,,,,,,,
0,1,2,107,GO:0051310;GO:0007080,metaphase plate congression,1,,,,,,,
0,1,4,8,GO:0051312,chromosome decondensation,1,,,,,,,
0,1,2,23,GO:0051315,attachment of mitotic spindle microtubules to kinetochore,1,,,,,,,
0,1,2,6,GO:0051316,attachment of spindle microtubules to kinetochore involved in meiotic chromosome segregation,1,,,,,,,
0,0.258807601,2,2680,GO:0051336,regulation of hydrolase activity,1,,,,,,,
0,0.141807871,2,52,GO:0051340,regulation of ligase activity,1,,,,,,,
0,0.438952811,2,196,GO:0051341,regulation of oxidoreductase activity,1,,,,,,,
0,1,3,19,GO:0051342,regulation of cyclic-nucleotide phosphodiesterase activity,1,,,,,,,
0,1,2,7,GO:0051344,negative regulation of cyclic-nucleotide phosphodiesterase activity,1,,,,,,,
0,0.968167662,2,1752,GO:0051345,positive regulation of hydrolase activity,1,,,,,,,
0,0.396531986,2,773,GO:0051348;GO:0006469;GO:0033673,negative regulation of transferase activity,1,,,,,,,
0,1,2,60,GO:0051350;GO:0007194;GO:0031280,negative regulation of lyase activity,1,,,,,,,
0,1,2,19,GO:0051351,positive regulation of ligase activity,1,,,,,,,
0,0.065370288,4,23,GO:0051352,negative regulation of ligase activity,1,,,,,,,
0,0.299739155,2,121,GO:0051353,positive regulation of oxidoreductase activity,1,,,,,,,
0,1,2,48,GO:0051354,negative regulation of oxidoreductase activity,1,,,,,,,
0,1,2,7,GO:0051365,cellular response to potassium ion starvation,1,,,,,,,
0,1,6,13,GO:0051382,kinetochore assembly,1,,,,,,,
0,1,2,29,GO:0051383,kinetochore organization,1,,,,,,,
0,1,3,129,GO:0051385,response to mineralocorticoid,1,,,,,,,
0,1,2,31,GO:0051386,regulation of neurotrophin TRK receptor signaling pathway,1,,,,,,,
0,1,3,11,GO:0051387,negative regulation of neurotrophin TRK receptor signaling pathway,1,,,,,,,
0,1,3,17,GO:0051388,positive regulation of neurotrophin TRK receptor signaling pathway,1,,,,,,,
0,1,2,8,GO:0051389,inactivation of MAPKK activity,1,,,,,,,
0,0.070281497,2,148,GO:0051402;GO:0070997,neuron death,1,,,,,,,
0,1,2,16,GO:0051409,response to nitrosative stress,1,,,,,,,
0,1,2,85,GO:0051412,response to corticosterone,1,,,,,,,
0,1,4,14,GO:0051414,response to cortisol,1,,,,,,,
0,1,7,12,GO:0051415,microtubule nucleation by interphase microtubule organizing center,1,,,,,,,
0,1,2,22,GO:0051418,microtubule nucleation by microtubule organizing center,1,,,,,,,
0,0.295593846,2,119,GO:0051438,regulation of ubiquitin-protein transferase activity,1,,,,,,,
0,1,3,65,GO:0051443,positive regulation of ubiquitin-protein transferase activity,1,,,,,,,
0,0.121360832,3,44,GO:0051444,negative regulation of ubiquitin-protein transferase activity,1,,,,,,,
0,0.435622358,2,194,GO:0051445,regulation of meiotic cell cycle,1,,,,,,,
0,1,5,80,GO:0051446,positive regulation of meiotic cell cycle,1,,,,,,,
0,0.174036601,3,65,GO:0051447,negative regulation of meiotic cell cycle,1,,,,,,,
0,1,3,30,GO:0051450,myoblast proliferation,1,,,,,,,
0,0.076300114,5,27,GO:0051451,myoblast migration,1,,,,,,,
0,0.207408464,2,79,GO:0051452;GO:0045851,pH reduction,1,,,,,,,
0,1,6,16,GO:0051454;GO:0045852,intracellular pH elevation,1,,,,,,,
0,1,2,5,GO:0051458,corticotropin secretion,1,,,,,,,
0,1,6,19,GO:0051459,regulation of corticotropin secretion,1,,,,,,,
0,1,3,13,GO:0051461,positive regulation of corticotropin secretion,1,,,,,,,
0,1,8,11,GO:0051462;GO:0051464,regulation of cortisol secretion,1,,,,,,,
0,1,5,5,GO:0051466,positive regulation of corticotropin-releasing hormone secretion,1,,,,,,,
0,1,10,41,GO:0051481,negative regulation of cytosolic calcium ion concentration,1,,,,,,,
0,1,3,80,GO:0051482,positive regulation of cytosolic calcium ion concentration involved in phospholipase C-activating G protein-coupled signaling pathway,1,,,,,,,
0,0.579170959,2,293,GO:0051489,regulation of filopodium assembly,1,,,,,,,
0,0.065370288,8,23,GO:0051490,negative regulation of filopodium assembly,1,,,,,,,
0,1,3,192,GO:0051491,positive regulation of filopodium assembly,1,,,,,,,
0,0.477746926,6,1546,GO:0051493,regulation of cytoskeleton organization,1,,,,,,,
0,0.050836452,2,474,GO:0051494;GO:1902904,negative regulation of cytoskeleton organization,1,,,,,,,
0,0.857866885,3,656,GO:0051495;GO:1902905,positive regulation of cytoskeleton organization,1,,,,,,,
0,1,2,6,GO:0051541,elastin metabolic process,1,,,,,,,
0,1,6,19,GO:0051546,keratinocyte migration,1,,,,,,,
0,1,5,27,GO:0051547;GO:0051549,regulation of keratinocyte migration,1,,,,,,,
0,1,3,5,GO:0051548,negative regulation of keratinocyte migration,1,,,,,,,
0,1,3,6,GO:0051552,flavone metabolic process,1,,,,,,,
0,0.136740597,6,50,GO:0051560,mitochondrial calcium ion homeostasis,1,,,,,,,
0,1,7,18,GO:0051561,positive regulation of mitochondrial calcium ion concentration,1,,,,,,,
0,1,2,5,GO:0051562,negative regulation of mitochondrial calcium ion concentration,1,,,,,,,
0,1,2,6,GO:0051563,smooth endoplasmic reticulum calcium ion homeostasis,1,,,,,,,
0,1,3,39,GO:0051567,histone H3-K9 methylation,1,,,,,,,
0,0.228154993,7,88,GO:0051568,histone H3-K4 methylation,1,,,,,,,
0,1,2,61,GO:0051569,regulation of histone H3-K4 methylation,1,,,,,,,
0,1,4,65,GO:0051570,regulation of histone H3-K9 methylation,1,,,,,,,
0,1,2,38,GO:0051571,positive regulation of histone H3-K4 methylation,1,,,,,,,
0,1,2,10,GO:0051572,negative regulation of histone H3-K4 methylation,1,,,,,,,
0,1,6,23,GO:0051573,negative regulation of histone H3-K9 methylation,1,,,,,,,
0,1,2,34,GO:0051574,positive regulation of histone H3-K9 methylation,1,,,,,,,
0,1,4,60,GO:0051580,regulation of neurotransmitter uptake,1,,,,,,,
0,1,3,19,GO:0051581,negative regulation of neurotransmitter uptake,1,,,,,,,
0,1,2,20,GO:0051582,positive regulation of neurotransmitter uptake,1,,,,,,,
0,1,4,22,GO:0051584;GO:0051940,regulation of catecholamine uptake involved in synaptic transmission,1,,,,,,,
0,1,3,11,GO:0051586;GO:0051944,positive regulation of catecholamine uptake involved in synaptic transmission,1,,,,,,,
0,1,2,94,GO:0051589,negative regulation of neurotransmitter transport,1,,,,,,,
0,1,2,183,GO:0051590,positive regulation of neurotransmitter transport,1,,,,,,,
0,1,2,345,GO:0051592,response to calcium ion,1,,,,,,,
0,1,5,37,GO:0051593,response to folic acid,1,,,,,,,
0,1,4,28,GO:0051597,response to methylmercury,1,,,,,,,
0,1,2,7,GO:0051598,meiotic recombination checkpoint,1,,,,,,,
0,1,3,18,GO:0051599,response to hydrostatic pressure,1,,,,,,,
0,1,2,25,GO:0051601,exocyst localization,1,,,,,,,
0,0.073599356,3,152,GO:0051602,response to electrical stimulus,1,,,,,,,
0,0.393920366,2,462,GO:0051604,protein maturation,1,,,,,,,
0,0.697256873,2,819,GO:0051606,detection of stimulus,1,,,,,,,
0,1,5,221,GO:0051607;GO:0140546,defense response to virus,1,,,,,,,
0,1,2,28,GO:0051608;GO:0001821,histamine transport,1,,,,,,,
0,1,2,9,GO:0051611;GO:0051612,regulation of serotonin uptake,1,,,,,,,
0,1,2,12,GO:0051638;GO:0051695,actin filament uncapping,1,,,,,,,
0,1,3,39,GO:0051639,actin filament network formation,1,,,,,,,
0,1,3,153,GO:0051642;GO:0061842,microtubule organizing center localization,1,,,,,,,
0,1,4,14,GO:0051643,endoplasmic reticulum localization,1,,,,,,,
0,1,4,29,GO:0051645,Golgi localization,1,,,,,,,
0,1,4,157,GO:0051646,mitochondrion localization,1,,,,,,,
0,0.669849797,4,778,GO:0051648;GO:0051650,vesicle localization,1,,,,,,,
0,0.235071661,2,314,GO:0051651;GO:0032507,maintenance of location in cell,1,,,,,,,
0,0.907223744,3,1810,GO:0051656;GO:0051640,organelle localization,1,,,,,,,
0,1,4,39,GO:0051657,maintenance of organelle location,1,,,,,,,
0,1,2,5,GO:0051659,maintenance of mitochondrion location,1,,,,,,,
0,1,2,16,GO:0051660,establishment of centrosome localization,1,,,,,,,
0,1,2,29,GO:0051661,maintenance of centrosome location,1,,,,,,,
0,1,4,28,GO:0051663,oocyte nucleus localization involved in oocyte dorsal/ventral axis specification,1,,,,,,,
0,1,4,9,GO:0051664,nuclear pore localization,1,,,,,,,
0,1,3,349,GO:0051668,localization within membrane,1,,,,,,,
0,1,4,15,GO:0051683,establishment of Golgi localization,1,,,,,,,
0,1,3,6,GO:0051684,maintenance of Golgi location,1,,,,,,,
0,1,2,10,GO:0051686,establishment of ER localization,1,,,,,,,
0,1,2,5,GO:0051694,pointed-end actin filament capping,1,,,,,,,
0,1,2,8,GO:0051697,protein delipidation,1,,,,,,,
0,0.160732906,3,244,GO:0051701,biological process involved in interaction with host,1,,,,,,,
0,1,-1,264,GO:0051705,obsolete multi-organism behavior,1,,,,,,,
0,1,6,5,GO:0051758,homologous chromosome movement towards spindle pole in meiosis I anaphase,1,,,,,,,
0,1,2,7,GO:0051759,sister chromosome movement towards spindle pole involved in meiotic sister chromatid segregation,1,,,,,,,
0,1,4,29,GO:0051764,actin crosslink formation,1,,,,,,,
0,1,2,50,GO:0051769;GO:0051770,regulation of nitric-oxide synthase biosynthetic process,1,,,,,,,
0,1,2,12,GO:0051771,negative regulation of nitric-oxide synthase biosynthetic process,1,,,,,,,
0,1,2,32,GO:0051775,response to redox state,1,,,,,,,
0,0.491184709,2,229,GO:0051781,positive regulation of cell division,1,,,,,,,
0,1,5,47,GO:0051782,negative regulation of cell division,1,,,,,,,
0,0.832299816,6,601,GO:0051783;GO:0007088,regulation of nuclear division,1,,,,,,,
0,1,3,215,GO:0051785;GO:0045840,positive regulation of nuclear division,1,,,,,,,
0,1,4,5,GO:0051790,short-chain fatty acid biosynthetic process,1,,,,,,,
0,1,4,12,GO:0051791,medium-chain fatty acid metabolic process,1,,,,,,,
0,1,5,11,GO:0051794,regulation of timing of catagen,1,,,,,,,
0,1,2,7,GO:0051795,positive regulation of timing of catagen,1,,,,,,,
0,1,2,56,GO:0051797,regulation of hair follicle development,1,,,,,,,
0,1,2,6,GO:0051801;GO:0051715,cytolysis in other organism,1,,,,,,,
0,1,2,44,GO:0051823,regulation of synapse structural plasticity,1,,,,,,,
0,1,2,13,GO:0051835,positive regulation of synapse structural plasticity,1,,,,,,,
0,0.068641724,2,146,GO:0051851;GO:0051702,biological process involved in interaction with symbiont,1,,,,,,,
0,1,4,170,GO:0051865,protein autoubiquitination,1,,,,,,,
0,1,2,6,GO:0051866,general adaptation syndrome,1,,,,,,,
0,1,2,5,GO:0051877,pigment granule aggregation in cell center,1,,,,,,,
0,0.401225299,2,174,GO:0051881,regulation of mitochondrial membrane potential,1,,,,,,,
0,1,2,6,GO:0051882,mitochondrial depolarization,1,,,,,,,
0,1,5,6,GO:0051884,regulation of timing of anagen,1,,,,,,,
0,1,3,35,GO:0051890,regulation of cardioblast differentiation,1,,,,,,,
0,1,2,9,GO:0051891,positive regulation of cardioblast differentiation,1,,,,,,,
0,1,6,68,GO:0051894;GO:0150117;GO:1903393,positive regulation of cell-substrate junction organization,1,,,,,,,
0,1,3,46,GO:0051895;GO:0150118;GO:1903392,negative regulation of focal adhesion assembly,1,,,,,,,
0,0.053440241,2,482,GO:0051896,regulation of protein kinase B signaling,1,,,,,,,
0,0.273094234,2,349,GO:0051897,positive regulation of protein kinase B signaling,1,,,,,,,
0,0.044324009,2,114,GO:0051898,negative regulation of protein kinase B signaling,1,,,,,,,
0,0.399452137,4,173,GO:0051899,membrane depolarization,1,,,,,,,
0,1,3,48,GO:0051900,regulation of mitochondrial depolarization,1,,,,,,,
0,1,2,19,GO:0051901,positive regulation of mitochondrial depolarization,1,,,,,,,
0,1,2,25,GO:0051902;GO:1904180,negative regulation of membrane depolarization,1,,,,,,,
0,1,4,31,GO:0051917;GO:0051918,regulation of fibrinolysis,1,,,,,,,
0,0.844907019,2,627,GO:0051924,regulation of calcium ion transport,1,,,,,,,
0,1,3,137,GO:0051926,negative regulation of calcium ion transport,1,,,,,,,
0,1,2,315,GO:0051928,positive regulation of calcium ion transport,1,,,,,,,
0,0.332045858,2,137,GO:0051930;GO:0051931,regulation of sensory perception,1,,,,,,,
0,1,7,5,GO:0051933;GO:0051935,glutamate reuptake,1,,,,,,,
0,0.105710546,2,38,GO:0051937,catecholamine transport,1,,,,,,,
0,1,2,31,GO:0051938,L-glutamate import,1,,,,,,,
0,1,2,5,GO:0051939,gamma-aminobutyric acid import,1,,,,,,,
0,0.636215673,3,342,GO:0051952,regulation of amine transport,1,,,,,,,
0,1,2,86,GO:0051953,negative regulation of amine transport,1,,,,,,,
0,0.413493501,3,181,GO:0051954,positive regulation of amine transport,1,,,,,,,
0,1,2,134,GO:0051955,regulation of amino acid transport,1,,,,,,,
0,1,5,46,GO:0051956,negative regulation of amino acid transport,1,,,,,,,
0,1,2,72,GO:0051957,positive regulation of amino acid transport,1,,,,,,,
0,0.757978389,2,922,GO:0051963;GO:1901888,regulation of cell junction assembly,1,,,,,,,
0,1,3,307,GO:0051964;GO:1901889;GO:1905809,negative regulation of cell junction assembly,1,,,,,,,
0,0.709068203,4,417,GO:0051965;GO:1901890,positive regulation of cell junction assembly,1,,,,,,,
0,1,2,56,GO:0051969,regulation of transmission of nerve impulse,1,,,,,,,
0,1,2,30,GO:0051970,negative regulation of transmission of nerve impulse,1,,,,,,,
0,1,2,15,GO:0051971,positive regulation of transmission of nerve impulse,1,,,,,,,
0,1,5,89,GO:0051972,regulation of telomerase activity,1,,,,,,,
0,1,2,64,GO:0051973,positive regulation of telomerase activity,1,,,,,,,
0,1,3,22,GO:0051974,negative regulation of telomerase activity,1,,,,,,,
0,1,3,21,GO:0051977,lysophospholipid transport,1,,,,,,,
0,0.615064723,2,323,GO:0051983;GO:0033045,regulation of chromosome segregation,1,,,,,,,
0,0.23720266,2,92,GO:0051984,positive regulation of chromosome segregation,1,,,,,,,
0,1,3,11,GO:0051987,positive regulation of attachment of spindle microtubules to kinetochore,1,,,,,,,
0,1,2,25,GO:0051988,regulation of attachment of spindle microtubules to kinetochore,1,,,,,,,
0,1,3,12,GO:0052173;GO:0052200;GO:0075136,response to host defenses,1,,,,,,,
0,0.204393538,6,794,GO:0052548;GO:0052547,regulation of peptidase activity,1,,,,,,,
0,1,2,7,GO:0052572,response to host immune response,1,,,,,,,
0,1,3,81,GO:0052652;GO:0009190;GO:0006182,cyclic nucleotide biosynthetic process,1,,,,,,,
0,1,3,18,GO:0052695;GO:0052697;GO:0070980,cellular glucuronidation,1,,,,,,,
0,1,2,38,GO:0055003,cardiac myofibril assembly,1,,,,,,,
0,1,3,6,GO:0055005,ventricular cardiac myofibril assembly,1,,,,,,,
0,1,2,200,GO:0055006;GO:0055013,cardiac cell development,1,,,,,,,
0,1,2,289,GO:0055007,cardiac muscle cell differentiation,1,,,,,,,
0,0.359103853,2,151,GO:0055010;GO:0003229,ventricular cardiac muscle tissue development,1,,,,,,,
0,1,3,13,GO:0055011;GO:0055014,atrial cardiac muscle cell differentiation,1,,,,,,,
0,1,3,56,GO:0055012,ventricular cardiac muscle cell differentiation,1,,,,,,,
0,1,2,34,GO:0055015,ventricular cardiac muscle cell development,1,,,,,,,
0,1,2,6,GO:0055016,hypochord development,1,,,,,,,
0,0.408266395,5,178,GO:0055021;GO:0060420,regulation of heart growth,1,,,,,,,
0,0.17160049,4,64,GO:0055022;GO:0061117,negative regulation of cardiac muscle tissue growth,1,,,,,,,
0,1,2,130,GO:0055023;GO:0060421;GO:0055025,positive regulation of cardiac muscle tissue development,1,,,,,,,
0,0.500151542,2,235,GO:0055024,regulation of cardiac muscle tissue development,1,,,,,,,
0,0.257178751,7,101,GO:0055026,negative regulation of cardiac muscle tissue development,1,,,,,,,
0,1,5,5,GO:0055060,asymmetric neuroblast division resulting in ganglion mother cell formation,1,,,,,,,
0,1,3,34,GO:0055062;GO:0072506;GO:0072505,trivalent inorganic anion homeostasis,1,,,,,,,
0,0.567772205,2,284,GO:0055067;GO:0030004,monovalent inorganic cation homeostasis,1,,,,,,,
0,1,2,51,GO:0055069,zinc ion homeostasis,1,,,,,,,
0,1,2,35,GO:0055070,copper ion homeostasis,1,,,,,,,
0,1,2,183,GO:0055072,iron ion homeostasis,1,,,,,,,
0,1,2,44,GO:0055075;GO:0030007,potassium ion homeostasis,1,,,,,,,
0,1,2,264,GO:0055076,transition metal ion homeostasis,1,,,,,,,
0,0.328089451,2,135,GO:0055081,anion homeostasis,1,,,,,,,
0,0.334777413,2,406,GO:0055088,lipid homeostasis,1,,,,,,,
0,1,3,31,GO:0055089,fatty acid homeostasis,1,,,,,,,
0,0.287230397,2,115,GO:0055090;GO:0070328,acylglycerol homeostasis,1,,,,,,,
0,0.062617937,6,22,GO:0055091,phospholipid homeostasis,1,,,,,,,
0,1,3,70,GO:0055094;GO:0071402;GO:0071404,cellular response to lipoprotein particle stimulus,1,,,,,,,
0,1,2,8,GO:0055095;GO:0055096,lipoprotein particle mediated signaling,1,,,,,,,
0,1,2,11,GO:0055113,epiboly involved in gastrulation with mouth forming second,1,,,,,,,
0,1,3,8,GO:0055116,entry into reproductive diapause,1,,,,,,,
0,1,7,13,GO:0055118,negative regulation of cardiac muscle contraction,1,,,,,,,
0,1,2,34,GO:0055119,relaxation of cardiac muscle,1,,,,,,,
0,1,3,97,GO:0060004,reflex,1,,,,,,,
0,1,2,10,GO:0060005,vestibular reflex,1,,,,,,,
0,1,4,82,GO:0060008,Sertoli cell differentiation,1,,,,,,,
0,1,4,58,GO:0060009,Sertoli cell development,1,,,,,,,
0,1,3,13,GO:0060011,Sertoli cell proliferation,1,,,,,,,
0,1,2,19,GO:0060013,righting reflex,1,,,,,,,
0,1,4,7,GO:0060014,granulosa cell differentiation,1,,,,,,,
0,1,2,18,GO:0060017,parathyroid gland development,1,,,,,,,
0,1,2,9,GO:0060018,astrocyte fate commitment,1,,,,,,,
0,1,4,39,GO:0060019,radial glial cell differentiation,1,,,,,,,
0,1,2,20,GO:0060020,Bergmann glial cell differentiation,1,,,,,,,
0,1,3,221,GO:0060021,roof of mouth development,1,,,,,,,
0,1,3,16,GO:0060022,hard palate development,1,,,,,,,
0,1,2,12,GO:0060023,soft palate development,1,,,,,,,
0,1,2,47,GO:0060024,rhythmic synaptic transmission,1,,,,,,,
0,1,3,55,GO:0060025,regulation of synaptic activity,1,,,,,,,
0,1,2,112,GO:0060026,convergent extension,1,,,,,,,
0,1,2,75,GO:0060027,convergent extension involved in gastrulation,1,,,,,,,
0,1,2,22,GO:0060028,convergent extension involved in axis elongation,1,,,,,,,
0,1,3,28,GO:0060029,convergent extension involved in organogenesis,1,,,,,,,
0,1,2,11,GO:0060030,dorsal convergence,1,,,,,,,
0,1,2,13,GO:0060031,mediolateral intercalation,1,,,,,,,
0,1,3,6,GO:0060032,notochord regression,1,,,,,,,
0,1,2,166,GO:0060033,anatomical structure regression,1,,,,,,,
0,1,3,13,GO:0060034,notochord cell differentiation,1,,,,,,,
0,1,2,9,GO:0060035,notochord cell development,1,,,,,,,
0,0.1837105,2,69,GO:0060037,pharyngeal system development,1,,,,,,,
0,1,3,77,GO:0060039,pericardium development,1,,,,,,,
0,1,6,20,GO:0060040;GO:1905962,retinal bipolar neuron differentiation,1,,,,,,,
0,1,2,512,GO:0060041,retina development in camera-type eye,1,,,,,,,
0,1,3,222,GO:0060042,retina morphogenesis in camera-type eye,1,,,,,,,
0,0.278768903,2,111,GO:0060043,regulation of cardiac muscle cell proliferation,1,,,,,,,
0,0.108337912,6,39,GO:0060044,negative regulation of cardiac muscle cell proliferation,1,,,,,,,
0,1,2,63,GO:0060045,positive regulation of cardiac muscle cell proliferation,1,,,,,,,
0,1,4,27,GO:0060046,regulation of acrosome reaction,1,,,,,,,
0,0.057436065,5,298,GO:0060047;GO:0060048,heart contraction,1,,,,,,,
0,1,2,24,GO:0060049,regulation of protein glycosylation,1,,,,,,,
0,1,2,17,GO:0060050,positive regulation of protein glycosylation,1,,,,,,,
0,1,3,5,GO:0060051,negative regulation of protein glycosylation,1,,,,,,,
0,1,2,27,GO:0060052,neurofilament cytoskeleton organization,1,,,,,,,
0,1,7,19,GO:0060054,positive regulation of epithelial cell proliferation involved in wound healing,1,,,,,,,
0,1,4,34,GO:0060055,angiogenesis involved in wound healing,1,,,,,,,
0,1,2,23,GO:0060056,mammary gland involution,1,,,,,,,
0,1,2,37,GO:0060059,embryonic retina morphogenesis in camera-type eye,1,,,,,,,
0,1,4,7,GO:0060060,post-embryonic retina morphogenesis in camera-type eye,1,,,,,,,
0,1,2,18,GO:0060061,Spemann organizer formation,1,,,,,,,
0,0.198011931,4,75,GO:0060065,uterus development,1,,,,,,,
0,1,4,5,GO:0060067,cervix development,1,,,,,,,
0,1,2,27,GO:0060068,vagina development,1,,,,,,,
0,1,2,252,GO:0060070,canonical Wnt signaling pathway,1,,,,,,,
0,1,2,35,GO:0060073,micturition,1,,,,,,,
0,1,4,49,GO:0060074,synapse maturation,1,,,,,,,
0,1,4,16,GO:0060075,regulation of resting membrane potential,1,,,,,,,
0,1,4,243,GO:0060078;GO:0060079;GO:0099565,regulation of postsynaptic membrane potential,1,,,,,,,
0,1,5,30,GO:0060080,inhibitory postsynaptic potential,1,,,,,,,
0,0.068114659,2,24,GO:0060081,membrane hyperpolarization,1,,,,,,,
0,1,2,6,GO:0060082,eye blink reflex,1,,,,,,,
0,1,2,15,GO:0060083,smooth muscle contraction involved in micturition,1,,,,,,,
0,1,2,9,GO:0060084,synaptic transmission involved in micturition,1,,,,,,,
0,1,3,151,GO:0060099;GO:1905153;GO:0060100;GO:1905155,regulation of membrane invagination,1,,,,,,,
0,1,2,6,GO:0060112,generation of ovulation cycle rhythm,1,,,,,,,
0,1,5,8,GO:0060114;GO:0060118,vestibular receptor cell development,1,,,,,,,
0,1,2,73,GO:0060117,auditory receptor cell development,1,,,,,,,
0,1,3,151,GO:0060119,inner ear receptor cell development,1,,,,,,,
0,1,2,88,GO:0060122,inner ear receptor cell stereocilium organization,1,,,,,,,
0,1,5,44,GO:0060123,regulation of growth hormone secretion,1,,,,,,,
0,1,3,26,GO:0060124,positive regulation of growth hormone secretion,1,,,,,,,
0,1,4,13,GO:0060125,negative regulation of growth hormone secretion,1,,,,,,,
0,1,4,9,GO:0060126,somatotropin secreting cell differentiation,1,,,,,,,
0,1,4,10,GO:0060128;GO:0060129,corticotropin hormone secreting cell differentiation,1,,,,,,,
0,1,6,29,GO:0060134,prepulse inhibition,1,,,,,,,
0,0.0570892,2,20,GO:0060136,embryonic process involved in female pregnancy,1,,,,,,,
0,1,2,23,GO:0060137,maternal process involved in parturition,1,,,,,,,
0,1,4,119,GO:0060142;GO:1901739,regulation of syncytium formation by plasma membrane fusion,1,,,,,,,
0,1,2,49,GO:0060143;GO:1901741,positive regulation of syncytium formation by plasma membrane fusion,1,,,,,,,
0,1,2,173,GO:0060147;GO:0060964;GO:0060966,regulation of gene silencing by RNA,1,,,,,,,
0,1,3,71,GO:0060148;GO:2000637,positive regulation of posttranscriptional gene silencing,1,,,,,,,
0,1,2,54,GO:0060149;GO:0060967,negative regulation of gene silencing by RNA,1,,,,,,,
0,1,5,19,GO:0060155,platelet dense granule organization,1,,,,,,,
0,1,2,7,GO:0060157,urinary bladder development,1,,,,,,,
0,1,3,23,GO:0060158,phospholipase C-activating dopamine receptor signaling pathway,1,,,,,,,
0,1,2,31,GO:0060159,regulation of dopamine receptor signaling pathway,1,,,,,,,
0,1,3,10,GO:0060160,negative regulation of dopamine receptor signaling pathway,1,,,,,,,
0,1,3,12,GO:0060161,positive regulation of dopamine receptor signaling pathway,1,,,,,,,
0,1,3,11,GO:0060164,regulation of timing of neuron differentiation,1,,,,,,,
0,1,3,6,GO:0060166,olfactory pit development,1,,,,,,,
0,1,3,6,GO:0060167,regulation of adenosine receptor signaling pathway,1,,,,,,,
0,0.76467717,4,488,GO:0060173,limb development,1,,,,,,,
0,1,2,32,GO:0060174,limb bud formation,1,,,,,,,
0,1,6,6,GO:0060177,regulation of angiotensin metabolic process,1,,,,,,,
0,1,2,9,GO:0060178,regulation of exocyst localization,1,,,,,,,
0,1,2,218,GO:0060179,male mating behavior,1,,,,,,,
0,1,2,5,GO:0060188;GO:0060189,regulation of protein desumoylation,1,,,,,,,
0,0.433949819,3,193,GO:0060191,regulation of lipase activity,1,,,,,,,
0,0.07901279,5,28,GO:0060192,negative regulation of lipase activity,1,,,,,,,
0,1,2,6,GO:0060197,cloacal septation,1,,,,,,,
0,1,2,39,GO:0060211;GO:0060213,regulation of nuclear-transcribed mRNA poly(A) tail shortening,1,,,,,,,
0,1,3,8,GO:0060214,endocardium formation,1,,,,,,,
0,1,6,39,GO:0060215,primitive hemopoiesis,1,,,,,,,
0,1,3,81,GO:0060216,definitive hemopoiesis,1,,,,,,,
0,1,2,37,GO:0060218,hematopoietic stem cell differentiation,1,,,,,,,
0,1,7,84,GO:0060219,camera-type eye photoreceptor cell differentiation,1,,,,,,,
0,1,2,6,GO:0060220,camera-type eye photoreceptor cell fate commitment,1,,,,,,,
0,1,2,12,GO:0060221,retinal rod cell differentiation,1,,,,,,,
0,1,5,38,GO:0060231,mesenchymal to epithelial transition,1,,,,,,,
0,1,2,40,GO:0060232,delamination,1,,,,,,,
0,1,2,15,GO:0060235,lens induction in camera-type eye,1,,,,,,,
0,1,3,22,GO:0060242;GO:0060245,detection of cell density,1,,,,,,,
0,1,6,12,GO:0060244,negative regulation of cell proliferation involved in contact inhibition,1,,,,,,,
0,1,2,15,GO:0060250,germ-line stem-cell niche homeostasis,1,,,,,,,
0,1,5,99,GO:0060251,regulation of glial cell proliferation,1,,,,,,,
0,1,2,42,GO:0060252,positive regulation of glial cell proliferation,1,,,,,,,
0,1,4,57,GO:0060253,negative regulation of glial cell proliferation,1,,,,,,,
0,0.227499187,2,307,GO:0060259,regulation of feeding behavior,1,,,,,,,
0,1,2,36,GO:0060263,regulation of respiratory burst,1,,,,,,,
0,1,2,6,GO:0060264,regulation of respiratory burst involved in inflammatory response,1,,,,,,,
0,1,5,11,GO:0060267,positive regulation of respiratory burst,1,,,,,,,
0,1,3,12,GO:0060268,negative regulation of respiratory burst,1,,,,,,,
0,1,4,39,GO:0060269,centripetally migrating follicle cell migration,1,,,,,,,
0,1,2,48,GO:0060272;GO:0072498,embryonic skeletal joint development,1,,,,,,,
0,1,2,54,GO:0060278,regulation of ovulation,1,,,,,,,
0,1,2,30,GO:0060279,positive regulation of ovulation,1,,,,,,,
0,1,2,6,GO:0060280,negative regulation of ovulation,1,,,,,,,
0,0.516187294,4,246,GO:0060281;GO:1905879,regulation of oogenesis,1,,,,,,,
0,1,2,78,GO:0060282,positive regulation of oocyte development,1,,,,,,,
0,0.10043286,4,36,GO:0060283;GO:1900194;GO:1905880,negative regulation of oogenesis,1,,,,,,,
0,1,5,16,GO:0060287,epithelial cilium movement involved in determination of left/right asymmetry,1,,,,,,,
0,1,2,7,GO:0060288,formation of a compartment boundary,1,,,,,,,
0,1,3,48,GO:0060290,transdifferentiation,1,,,,,,,
0,1,2,139,GO:0060291,long-term synaptic potentiation,1,,,,,,,
0,1,2,57,GO:0060292,long-term synaptic depression,1,,,,,,,
0,1,3,54,GO:0060295;GO:0003352;GO:1902019,regulation of cilium movement,1,,,,,,,
0,1,2,13,GO:0060296,regulation of cilium beat frequency involved in ciliary motility,1,,,,,,,
0,1,6,52,GO:0060297,regulation of sarcomere organization,1,,,,,,,
0,1,7,35,GO:0060298,positive regulation of sarcomere organization,1,,,,,,,
0,1,2,5,GO:0060299,negative regulation of sarcomere organization,1,,,,,,,
0,1,2,13,GO:0060300,regulation of cytokine activity,1,,,,,,,
0,1,3,6,GO:0060302,negative regulation of cytokine activity,1,,,,,,,
0,1,2,13,GO:0060304,regulation of phosphatidylinositol dephosphorylation,1,,,,,,,
0,1,3,21,GO:0060305,regulation of cell diameter,1,,,,,,,
0,1,3,87,GO:0060306,regulation of membrane repolarization,1,,,,,,,
0,1,2,64,GO:0060307;GO:0099623,regulation of cardiac muscle cell membrane repolarization,1,,,,,,,
0,1,5,22,GO:0060312,regulation of blood vessel remodeling,1,,,,,,,
0,1,2,61,GO:0060314,regulation of ryanodine-sensitive calcium-release channel activity,1,,,,,,,
0,1,5,19,GO:0060315,negative regulation of ryanodine-sensitive calcium-release channel activity,1,,,,,,,
0,1,3,17,GO:0060316,positive regulation of ryanodine-sensitive calcium-release channel activity,1,,,,,,,
0,0.212065877,3,81,GO:0060317,cardiac epithelial to mesenchymal transition,1,,,,,,,
0,1,2,8,GO:0060318,definitive erythrocyte differentiation,1,,,,,,,
0,1,6,16,GO:0060319,primitive erythrocyte differentiation,1,,,,,,,
0,1,2,148,GO:0060323,head morphogenesis,1,,,,,,,
0,1,3,150,GO:0060324,face development,1,,,,,,,
0,1,3,105,GO:0060325,face morphogenesis,1,,,,,,,
0,1,3,335,GO:0060326,cell chemotaxis,1,,,,,,,
0,1,2,7,GO:0060327,cytoplasmic actin-based contraction involved in cell motility,1,,,,,,,
0,1,3,62,GO:0060330;GO:0060334,regulation of response to interferon-gamma,1,,,,,,,
0,1,5,22,GO:0060331;GO:0060336,negative regulation of interferon-gamma-mediated signaling pathway,1,,,,,,,
0,1,6,8,GO:0060332;GO:0060335,positive regulation of response to interferon-gamma,1,,,,,,,
0,1,4,130,GO:0060333,interferon-gamma-mediated signaling pathway,1,,,,,,,
0,1,2,50,GO:0060338,regulation of type I interferon-mediated signaling pathway,1,,,,,,,
0,1,5,18,GO:0060339,negative regulation of type I interferon-mediated signaling pathway,1,,,,,,,
0,1,2,15,GO:0060340,positive regulation of type I interferon-mediated signaling pathway,1,,,,,,,
0,0.946612183,2,2532,GO:0060341,regulation of cellular localization,1,,,,,,,
0,1,3,57,GO:0060343,trabecula formation,1,,,,,,,
0,1,2,27,GO:0060346;GO:0061430,bone trabecula morphogenesis,1,,,,,,,
0,1,2,34,GO:0060347,heart trabecula formation,1,,,,,,,
0,0.385600148,4,454,GO:0060348,bone development,1,,,,,,,
0,0.179462044,2,262,GO:0060349,bone morphogenesis,1,,,,,,,
0,1,3,170,GO:0060350,endochondral bone morphogenesis,1,,,,,,,
0,1,3,97,GO:0060351,cartilage development involved in endochondral bone morphogenesis,1,,,,,,,
0,1,2,5,GO:0060352,cell adhesion molecule production,1,,,,,,,
0,1,2,18,GO:0060353;GO:0060355,regulation of cell adhesion molecule production,1,,,,,,,
0,0.152898194,2,460,GO:0060359,response to ammonium ion,1,,,,,,,
0,1,2,6,GO:0060361,flight,1,,,,,,,
0,1,4,30,GO:0060363,cranial suture morphogenesis,1,,,,,,,
0,1,2,13,GO:0060364,frontal suture morphogenesis,1,,,,,,,
0,1,2,17,GO:0060368,regulation of Fc receptor mediated stimulatory signaling pathway,1,,,,,,,
0,1,3,9,GO:0060369,positive regulation of Fc receptor mediated stimulatory signaling pathway,1,,,,,,,
0,1,2,17,GO:0060371,regulation of atrial cardiac muscle cell membrane depolarization,1,,,,,,,
0,1,2,14,GO:0060372,regulation of atrial cardiac muscle cell membrane repolarization,1,,,,,,,
0,1,5,20,GO:0060373,regulation of ventricular cardiac muscle cell membrane depolarization,1,,,,,,,
0,1,3,7,GO:0060374,mast cell differentiation,1,,,,,,,
0,1,2,10,GO:0060375,regulation of mast cell differentiation,1,,,,,,,
0,1,2,38,GO:0060378,regulation of brood size,1,,,,,,,
0,1,2,20,GO:0060379,cardiac muscle cell myoblast differentiation,1,,,,,,,
0,1,2,78,GO:0060384,innervation,1,,,,,,,
0,1,9,25,GO:0060385,axonogenesis involved in innervation,1,,,,,,,
0,1,2,32,GO:0060389,pathway-restricted SMAD protein phosphorylation,1,,,,,,,
0,1,2,49,GO:0060390,regulation of SMAD protein signal transduction,1,,,,,,,
0,1,2,30,GO:0060391,positive regulation of SMAD protein signal transduction,1,,,,,,,
0,1,4,7,GO:0060392,negative regulation of SMAD protein signal transduction,1,,,,,,,
0,1,6,25,GO:0060394,negative regulation of pathway-restricted SMAD protein phosphorylation,1,,,,,,,
0,0.063801489,2,140,GO:0060395,SMAD protein signal transduction,1,,,,,,,
0,1,7,34,GO:0060396,growth hormone receptor signaling pathway,1,,,,,,,
0,1,2,22,GO:0060397,growth hormone receptor signaling pathway via JAK-STAT,1,,,,,,,
0,1,2,16,GO:0060398,regulation of growth hormone receptor signaling pathway,1,,,,,,,
0,1,3,10,GO:0060399,positive regulation of growth hormone receptor signaling pathway,1,,,,,,,
0,1,2,203,GO:0060401;GO:0060402,cytosolic calcium ion transport,1,,,,,,,
0,1,2,31,GO:0060405;GO:0060406,regulation of penile erection,1,,,,,,,
0,1,2,6,GO:0060408;GO:0060409,regulation of acetylcholine metabolic process,1,,,,,,,
0,0.453701266,2,205,GO:0060411,cardiac septum morphogenesis,1,,,,,,,
0,0.305911991,4,124,GO:0060412,ventricular septum morphogenesis,1,,,,,,,
0,1,4,34,GO:0060413,atrial septum morphogenesis,1,,,,,,,
0,0.450457279,2,203,GO:0060415;GO:0055008,muscle tissue morphogenesis,1,,,,,,,
0,1,5,96,GO:0060416,response to growth hormone,1,,,,,,,
0,1,2,88,GO:0060419;GO:0055017,heart growth,1,,,,,,,
0,1,2,128,GO:0060425,lung morphogenesis,1,,,,,,,
0,1,2,18,GO:0060426,lung vasculature development,1,,,,,,,
0,1,5,90,GO:0060428,lung epithelium development,1,,,,,,,
0,1,3,23,GO:0060430,lung saccule development,1,,,,,,,
0,1,3,5,GO:0060431,primary lung bud formation,1,,,,,,,
0,1,2,26,GO:0060433,bronchus development,1,,,,,,,
0,1,2,7,GO:0060434,bronchus morphogenesis,1,,,,,,,
0,1,2,8,GO:0060435,bronchiole development,1,,,,,,,
0,1,3,17,GO:0060437,lung growth,1,,,,,,,
0,1,2,116,GO:0060438,trachea development,1,,,,,,,
0,1,2,64,GO:0060439,trachea morphogenesis,1,,,,,,,
0,1,3,15,GO:0060440,trachea formation,1,,,,,,,
0,1,2,79,GO:0060441,epithelial tube branching involved in lung morphogenesis,1,,,,,,,
0,1,3,29,GO:0060442,branching involved in prostate gland morphogenesis,1,,,,,,,
0,1,3,157,GO:0060443,mammary gland morphogenesis,1,,,,,,,
0,1,2,68,GO:0060444,branching involved in mammary gland duct morphogenesis,1,,,,,,,
0,1,3,58,GO:0060445,branching involved in salivary gland morphogenesis,1,,,,,,,
0,1,2,152,GO:0060446,branching involved in open tracheal system development,1,,,,,,,
0,1,2,13,GO:0060447,bud outgrowth involved in lung branching,1,,,,,,,
0,1,3,11,GO:0060448;GO:0060488;GO:0060489;GO:0060490,dichotomous subdivision of terminal units involved in lung branching,1,,,,,,,
0,1,4,16,GO:0060449,bud elongation involved in lung branching,1,,,,,,,
0,1,4,28,GO:0060452,positive regulation of cardiac muscle contraction,1,,,,,,,
0,1,3,24,GO:0060453,regulation of gastric acid secretion,1,,,,,,,
0,1,2,5,GO:0060454,positive regulation of gastric acid secretion,1,,,,,,,
0,1,2,14,GO:0060455,negative regulation of gastric acid secretion,1,,,,,,,
0,1,2,39,GO:0060456,positive regulation of digestive system process,1,,,,,,,
0,1,2,36,GO:0060457,negative regulation of digestive system process,1,,,,,,,
0,1,3,6,GO:0060458,right lung development,1,,,,,,,
0,1,3,9,GO:0060459,left lung development,1,,,,,,,
0,1,3,5,GO:0060460,left lung morphogenesis,1,,,,,,,
0,1,3,19,GO:0060462;GO:0060463,lung lobe development,1,,,,,,,
0,1,2,8,GO:0060466,activation of meiosis involved in egg activation,1,,,,,,,
0,1,7,27,GO:0060471,cortical granule exocytosis,1,,,,,,,
0,1,2,9,GO:0060478,acrosomal vesicle exocytosis,1,,,,,,,
0,1,4,62,GO:0060479;GO:0060487,lung cell differentiation,1,,,,,,,
0,1,2,8,GO:0060480,lung goblet cell differentiation,1,,,,,,,
0,1,2,12,GO:0060481;GO:0060482,lobar bronchus development,1,,,,,,,
0,1,2,20,GO:0060484,lung-associated mesenchyme development,1,,,,,,,
0,0.281786958,2,630,GO:0060485,mesenchyme development,1,,,,,,,
0,1,3,9,GO:0060486,club cell differentiation,1,,,,,,,
0,1,2,5,GO:0060492,lung induction,1,,,,,,,
0,1,2,13,GO:0060501,positive regulation of epithelial cell proliferation involved in lung morphogenesis,1,,,,,,,
0,1,3,7,GO:0060502,epithelial cell proliferation involved in lung morphogenesis,1,,,,,,,
0,1,2,20,GO:0060509,type I pneumocyte differentiation,1,,,,,,,
0,1,2,13,GO:0060510,type II pneumocyte differentiation,1,,,,,,,
0,1,3,78,GO:0060512;GO:0060740,prostate gland morphogenesis,1,,,,,,,
0,1,3,14,GO:0060513,prostatic bud formation,1,,,,,,,
0,1,2,7,GO:0060516,primary prostatic bud elongation,1,,,,,,,
0,1,2,9,GO:0060523;GO:0060916,prostate epithelial cord elongation,1,,,,,,,
0,1,4,25,GO:0060525,prostate glandular acinus development,1,,,,,,,
0,1,4,14,GO:0060526;GO:0060527,prostate epithelial cord arborization involved in prostate glandular acinus morphogenesis,1,,,,,,,
0,1,2,9,GO:0060528,secretory columnal luminar epithelial cell differentiation involved in prostate glandular acinus development,1,,,,,,,
0,1,5,5,GO:0060532;GO:0061145,bronchus cartilage development,1,,,,,,,
0,1,3,24,GO:0060534,trachea cartilage development,1,,,,,,,
0,1,3,10,GO:0060535,trachea cartilage morphogenesis,1,,,,,,,
0,1,2,38,GO:0060536,cartilage morphogenesis,1,,,,,,,
0,1,3,29,GO:0060539,diaphragm development,1,,,,,,,
0,0.89406198,4,1277,GO:0060541,respiratory system development,1,,,,,,,
0,1,6,43,GO:0060544;GO:0062098;GO:0060546;GO:0062099;GO:0060547,negative regulation of necrotic cell death,1,,,,,,,
0,1,3,5,GO:0060545;GO:0062100,positive regulation of necroptotic process,1,,,,,,,
0,1,4,22,GO:0060558;GO:0060556,regulation of vitamin D biosynthetic process,1,,,,,,,
0,1,3,702,GO:0060560,developmental growth involved in morphogenesis,1,,,,,,,
0,1,3,40,GO:0060561,apoptotic process involved in morphogenesis,1,,,,,,,
0,0.907305592,2,2262,GO:0060562,epithelial tube morphogenesis,1,,,,,,,
0,1,2,200,GO:0060563,neuroepithelial cell differentiation,1,,,,,,,
0,1,2,99,GO:0060571,morphogenesis of an epithelial fold,1,,,,,,,
0,1,3,30,GO:0060572,morphogenesis of an epithelial bud,1,,,,,,,
0,1,2,78,GO:0060573,cell fate specification involved in pattern specification,1,,,,,,,
0,1,2,5,GO:0060574,intestinal epithelial cell maturation,1,,,,,,,
0,1,6,38,GO:0060575,intestinal epithelial cell differentiation,1,,,,,,,
0,1,2,20,GO:0060576,intestinal epithelial cell development,1,,,,,,,
0,1,3,186,GO:0060581,cell fate commitment involved in pattern specification,1,,,,,,,
0,1,3,5,GO:0060584;GO:0060585,regulation of prostaglandin-endoperoxide synthase activity,1,,,,,,,
0,1,3,18,GO:0060586,multicellular organismal iron ion homeostasis,1,,,,,,,
0,1,3,28,GO:0060591,chondroblast differentiation,1,,,,,,,
0,1,2,29,GO:0060592,mammary gland formation,1,,,,,,,
0,1,4,12,GO:0060594,mammary gland specification,1,,,,,,,
0,1,4,6,GO:0060595;GO:0060615;GO:0060667;GO:0060915,mesenchymal cell differentiation involved in lung development,1,,,,,,,
0,1,3,15,GO:0060596,mammary placode formation,1,,,,,,,
0,1,2,26,GO:0060600,dichotomous subdivision of an epithelial terminal unit,1,,,,,,,
0,1,2,28,GO:0060601,lateral sprouting from an epithelium,1,,,,,,,
0,1,3,40,GO:0060602,branch elongation of an epithelium,1,,,,,,,
0,1,3,114,GO:0060603,mammary gland duct morphogenesis,1,,,,,,,
0,1,3,18,GO:0060605;GO:0060662,salivary gland cavitation,1,,,,,,,
0,1,5,102,GO:0060612,adipose tissue development,1,,,,,,,
0,1,2,18,GO:0060613,fat pad development,1,,,,,,,
0,1,3,6,GO:0060618;GO:0060658,nipple development,1,,,,,,,
0,1,6,7,GO:0060620;GO:2000909,regulation of cholesterol import,1,,,,,,,
0,1,7,16,GO:0060623,regulation of chromosome condensation,1,,,,,,,
0,1,2,22,GO:0060625,regulation of protein deneddylation,1,,,,,,,
0,1,4,1600,GO:0060627,regulation of vesicle-mediated transport,1,,,,,,,
0,1,2,38,GO:0060628,regulation of ER to Golgi vesicle-mediated transport,1,,,,,,,
0,1,2,28,GO:0060631,regulation of meiosis I,1,,,,,,,
0,1,5,123,GO:0060632,regulation of microtubule-based movement,1,,,,,,,
0,1,3,13,GO:0060633;GO:2000143,negative regulation of transcription initiation from RNA polymerase II promoter,1,,,,,,,
0,1,2,26,GO:0060638,mesenchymal-epithelial cell signaling,1,,,,,,,
0,1,4,47,GO:0060644,mammary gland epithelial cell differentiation,1,,,,,,,
0,1,4,12,GO:0060648,mammary gland bud morphogenesis,1,,,,,,,
0,1,3,20,GO:0060664,epithelial cell proliferation involved in salivary gland morphogenesis,1,,,,,,,
0,1,5,17,GO:0060665,regulation of branching involved in salivary gland morphogenesis by mesenchymal-epithelial signaling,1,,,,,,,
0,1,3,13,GO:0060666,dichotomous subdivision of terminal units involved in salivary gland branching,1,,,,,,,
0,1,3,67,GO:0060669;GO:0060713,embryonic placenta morphogenesis,1,,,,,,,
0,1,3,24,GO:0060670,branching involved in labyrinthine layer morphogenesis,1,,,,,,,
0,0.214384438,2,82,GO:0060674,placenta blood vessel development,1,,,,,,,
0,0.413493501,5,181,GO:0060675;GO:0072171;GO:0072078;GO:0072088;GO:0072028,nephron morphogenesis,1,,,,,,,
0,1,2,15,GO:0060676,ureteric bud formation,1,,,,,,,
0,1,2,15,GO:0060677,ureteric bud elongation,1,,,,,,,
0,1,2,17,GO:0060684,epithelial-mesenchymal cell signaling,1,,,,,,,
0,1,2,16,GO:0060685,regulation of prostatic bud formation,1,,,,,,,
0,1,3,10,GO:0060686,negative regulation of prostatic bud formation,1,,,,,,,
0,1,4,15,GO:0060687,regulation of branching involved in prostate gland morphogenesis,1,,,,,,,
0,0.07781645,3,157,GO:0060688,regulation of morphogenesis of a branching structure,1,,,,,,,
0,1,2,9,GO:0060689,cell differentiation involved in salivary gland development,1,,,,,,,
0,1,2,35,GO:0060693,regulation of branching involved in salivary gland morphogenesis,1,,,,,,,
0,1,3,13,GO:0060696,regulation of phospholipid catabolic process,1,,,,,,,
0,1,5,12,GO:0060699;GO:0060700,regulation of ribonuclease activity,1,,,,,,,
0,1,5,6,GO:0060701;GO:0060702,negative regulation of endoribonuclease activity,1,,,,,,,
0,1,3,59,GO:0060706,cell differentiation involved in embryonic placenta development,1,,,,,,,
0,1,4,31,GO:0060707,trophoblast giant cell differentiation,1,,,,,,,
0,1,3,27,GO:0060710,chorio-allantoic fusion,1,,,,,,,
0,0.316080858,4,129,GO:0060711,labyrinthine layer development,1,,,,,,,
0,1,2,28,GO:0060712,spongiotrophoblast layer development,1,,,,,,,
0,1,2,7,GO:0060715,syncytiotrophoblast cell differentiation involved in labyrinthine layer development,1,,,,,,,
0,0.156834113,3,58,GO:0060716,labyrinthine layer blood vessel development,1,,,,,,,
0,1,2,24,GO:0060717;GO:1903867,extraembryonic membrane development,1,,,,,,,
0,1,2,12,GO:0060718,chorionic trophoblast cell differentiation,1,,,,,,,
0,1,4,21,GO:0060729,intestinal epithelial structure maintenance,1,,,,,,,
0,1,3,6,GO:0060730,regulation of intestinal epithelial structure maintenance,1,,,,,,,
0,1,3,31,GO:0060736,prostate gland growth,1,,,,,,,
0,1,2,11,GO:0060737,prostate gland morphogenetic growth,1,,,,,,,
0,1,3,6,GO:0060738,epithelial-mesenchymal signaling involved in prostate gland development,1,,,,,,,
0,1,3,8,GO:0060741,prostate gland stromal morphogenesis,1,,,,,,,
0,1,4,31,GO:0060742,epithelial cell differentiation involved in prostate gland development,1,,,,,,,
0,1,4,9,GO:0060743,epithelial cell maturation involved in prostate gland development,1,,,,,,,
0,1,2,12,GO:0060745,mammary gland branching involved in pregnancy,1,,,,,,,
0,1,2,5,GO:0060748,tertiary branching involved in mammary gland duct morphogenesis,1,,,,,,,
0,1,3,55,GO:0060749;GO:0061377,mammary gland alveolus development,1,,,,,,,
0,1,2,6,GO:0060750,epithelial cell proliferation involved in mammary gland duct elongation,1,,,,,,,
0,1,4,9,GO:0060751,branch elongation involved in mammary gland duct branching,1,,,,,,,
0,1,6,19,GO:0060753;GO:0060754,regulation of mast cell chemotaxis,1,,,,,,,
0,1,2,9,GO:0060756,foraging behavior,1,,,,,,,
0,1,5,16,GO:0060762,regulation of branching involved in mammary gland duct morphogenesis,1,,,,,,,
0,1,2,32,GO:0060763,mammary duct terminal end bud growth,1,,,,,,,
0,0.212065877,3,81,GO:0060765,regulation of androgen receptor signaling pathway,1,,,,,,,
0,1,2,26,GO:0060766,negative regulation of androgen receptor signaling pathway,1,,,,,,,
0,1,2,26,GO:0060768,regulation of epithelial cell proliferation involved in prostate gland development,1,,,,,,,
0,1,5,7,GO:0060769,positive regulation of epithelial cell proliferation involved in prostate gland development,1,,,,,,,
0,1,4,17,GO:0060770,negative regulation of epithelial cell proliferation involved in prostate gland development,1,,,,,,,
0,1,2,6,GO:0060785,regulation of apoptosis involved in tissue homeostasis,1,,,,,,,
0,1,2,6,GO:0060786,regulation of cell differentiation involved in tissue homeostasis,1,,,,,,,
0,0.225876568,2,87,GO:0060788;GO:0071696;GO:0071697,ectodermal placode development,1,,,,,,,
0,1,3,8,GO:0060789,hair follicle placode formation,1,,,,,,,
0,1,4,124,GO:0060795,cell fate commitment involved in formation of primary germ layer,1,,,,,,,
0,1,2,6,GO:0060800,regulation of cell differentiation involved in embryonic placenta development,1,,,,,,,
0,1,2,5,GO:0060809,mesodermal to mesenchymal transition involved in gastrulation,1,,,,,,,
0,1,2,135,GO:0060811;GO:0060810,intracellular mRNA localization involved in pattern specification process,1,,,,,,,
0,1,2,6,GO:0060819,inactivation of X chromosome by genetic imprinting,1,,,,,,,
0,1,4,10,GO:0060827;GO:0060829,regulation of canonical Wnt signaling pathway involved in neural plate anterior/posterior pattern formation,1,,,,,,,
0,1,2,6,GO:0060830,ciliary receptor clustering involved in smoothened signaling pathway,1,,,,,,,
0,1,4,16,GO:0060831,smoothened signaling pathway involved in dorsal/ventral neural tube patterning,1,,,,,,,
0,1,5,11,GO:0060836,lymphatic endothelial cell differentiation,1,,,,,,,
0,1,2,25,GO:0060837;GO:0060842,blood vessel endothelial cell differentiation,1,,,,,,,
0,1,2,22,GO:0060839,endothelial cell fate commitment,1,,,,,,,
0,0.148466885,2,232,GO:0060840,artery development,1,,,,,,,
0,1,4,41,GO:0060841,venous blood vessel development,1,,,,,,,
0,1,3,12,GO:0060846;GO:0060844;GO:0060853,blood vessel endothelial cell fate commitment,1,,,,,,,
0,1,2,16,GO:0060847,endothelial cell fate specification,1,,,,,,,
0,1,-1,43,GO:0060850,obsolete regulation of transcription involved in cell fate commitment,1,,,,,,,
0,1,8,5,GO:0060855,venous endothelial cell migration involved in lymph vessel development,1,,,,,,,
0,1,2,96,GO:0060856;GO:0060857,establishment of blood-brain barrier,1,,,,,,,
0,1,4,43,GO:0060872,semicircular canal development,1,,,,,,,
0,1,2,7,GO:0060876;GO:0060879,semicircular canal formation,1,,,,,,,
0,1,2,28,GO:0060896;GO:0060897,neural plate pattern specification,1,,,,,,,
0,1,2,6,GO:0060898,eye field cell fate commitment involved in camera-type eye formation,1,,,,,,,
0,1,2,15,GO:0060903,positive regulation of meiosis I,1,,,,,,,
0,1,2,13,GO:0060907,positive regulation of macrophage cytokine production,1,,,,,,,
0,1,3,52,GO:0060911,cardiac cell fate commitment,1,,,,,,,
0,1,3,18,GO:0060912,cardiac cell fate specification,1,,,,,,,
0,1,2,11,GO:0060913,cardiac cell fate determination,1,,,,,,,
0,1,4,59,GO:0060914,heart formation,1,,,,,,,
0,1,3,15,GO:0060920;GO:0060926,cardiac pacemaker cell differentiation,1,,,,,,,
0,1,4,11,GO:0060921;GO:0060931,sinoatrial node cell differentiation,1,,,,,,,
0,1,2,17,GO:0060923,cardiac muscle cell fate commitment,1,,,,,,,
0,1,3,7,GO:0060932,His-Purkinje system cell differentiation,1,,,,,,,
0,1,3,5,GO:0060935;GO:0060936;GO:0060938;GO:0060939,cardiac fibroblast cell development,1,,,,,,,
0,1,2,32,GO:0060947,cardiac vascular smooth muscle cell differentiation,1,,,,,,,
0,1,2,13,GO:0060948,cardiac vascular smooth muscle cell development,1,,,,,,,
0,1,2,39,GO:0060965,negative regulation of gene silencing by miRNA,1,,,,,,,
0,1,2,286,GO:0060968,regulation of gene silencing,1,,,,,,,
0,1,4,91,GO:0060969,negative regulation of gene silencing,1,,,,,,,
0,0.043126083,2,15,GO:0060971,embryonic heart tube left/right pattern formation,1,,,,,,,
0,0.335979257,4,139,GO:0060972;GO:0070986,left/right pattern formation,1,,,,,,,
0,1,4,54,GO:0060973,cell migration involved in heart development,1,,,,,,,
0,1,2,9,GO:0060974,cell migration involved in heart formation,1,,,,,,,
0,1,2,169,GO:0060976,coronary vasculature development,1,,,,,,,
0,1,2,75,GO:0060977,coronary vasculature morphogenesis,1,,,,,,,
0,1,2,20,GO:0060978,angiogenesis involved in coronary vascular morphogenesis,1,,,,,,,
0,1,5,39,GO:0060979,vasculogenesis involved in coronary vascular morphogenesis,1,,,,,,,
0,1,2,23,GO:0060982,coronary artery morphogenesis,1,,,,,,,
0,1,3,34,GO:0060986,endocrine hormone secretion,1,,,,,,,
0,1,3,18,GO:0060988,lipid tube assembly,1,,,,,,,
0,1,6,10,GO:0060990,lipid tube assembly involved in organelle fission,1,,,,,,,
0,1,2,54,GO:0060992,response to fungicide,1,,,,,,,
0,0.556068663,2,275,GO:0060993;GO:0072080,kidney morphogenesis,1,,,,,,,
0,1,3,5,GO:0060994,regulation of transcription from RNA polymerase II promoter involved in kidney development,1,,,,,,,
0,1,3,123,GO:0060996,dendritic spine development,1,,,,,,,
0,1,7,86,GO:0060997,dendritic spine morphogenesis,1,,,,,,,
0,1,4,233,GO:0060998,regulation of dendritic spine development,1,,,,,,,
0,1,5,153,GO:0060999,positive regulation of dendritic spine development,1,,,,,,,
0,1,2,45,GO:0061000,negative regulation of dendritic spine development,1,,,,,,,
0,1,3,136,GO:0061001,regulation of dendritic spine morphogenesis,1,,,,,,,
0,1,6,26,GO:0061002,negative regulation of dendritic spine morphogenesis,1,,,,,,,
0,1,2,66,GO:0061003,positive regulation of dendritic spine morphogenesis,1,,,,,,,
0,1,3,29,GO:0061004;GO:0072048,pattern specification involved in kidney development,1,,,,,,,
0,1,4,126,GO:0061005;GO:0035850,cell differentiation involved in kidney development,1,,,,,,,
0,1,4,22,GO:0061009,common bile duct development,1,,,,,,,
0,1,2,7,GO:0061010,gall bladder development,1,,,,,,,
0,1,2,105,GO:0061014,positive regulation of mRNA catabolic process,1,,,,,,,
0,0.500869109,2,1926,GO:0061024,membrane organization,1,,,,,,,
0,0.137872451,2,438,GO:0061025,membrane fusion,1,,,,,,,
0,1,4,11,GO:0061026,cardiac muscle tissue regeneration,1,,,,,,,
0,1,2,86,GO:0061028,establishment of endothelial barrier,1,,,,,,,
0,1,2,30,GO:0061029,eyelid development in camera-type eye,1,,,,,,,
0,1,2,13,GO:0061030,epithelial cell differentiation involved in mammary gland alveolus development,1,,,,,,,
0,1,5,20,GO:0061031,endodermal digestive tract morphogenesis,1,,,,,,,
0,1,2,25,GO:0061032,visceral serous pericardium development,1,,,,,,,
0,1,2,7,GO:0061033,secretion by lung epithelial cell involved in lung growth,1,,,,,,,
0,1,3,8,GO:0061034,olfactory bulb mitral cell layer development,1,,,,,,,
0,1,2,197,GO:0061035,regulation of cartilage development,1,,,,,,,
0,1,2,89,GO:0061036,positive regulation of cartilage development,1,,,,,,,
0,1,2,21,GO:0061038,uterus morphogenesis,1,,,,,,,
0,1,2,353,GO:0061041,regulation of wound healing,1,,,,,,,
0,1,2,10,GO:0061042,vascular wound healing,1,,,,,,,
0,1,3,9,GO:0061043,regulation of vascular wound healing,1,,,,,,,
0,1,2,141,GO:0061045,negative regulation of wound healing,1,,,,,,,
0,1,5,16,GO:0061046,regulation of branching involved in lung morphogenesis,1,,,,,,,
0,1,2,9,GO:0061047,positive regulation of branching involved in lung morphogenesis,1,,,,,,,
0,1,2,56,GO:0061050,regulation of cell growth involved in cardiac muscle cell development,1,,,,,,,
0,1,3,27,GO:0061051,positive regulation of cell growth involved in cardiac muscle cell development,1,,,,,,,
0,1,5,25,GO:0061052,negative regulation of cell growth involved in cardiac muscle cell development,1,,,,,,,
0,1,2,17,GO:0061056,sclerotome development,1,,,,,,,
0,1,2,28,GO:0061057,peptidoglycan recognition protein signaling pathway,1,,,,,,,
0,1,4,8,GO:0061058;GO:0061060,negative regulation of peptidoglycan recognition protein signaling pathway,1,,,,,,,
0,0.042935338,2,112,GO:0061064,negative regulation of nematode larval development,1,,,,,,,
0,1,4,28,GO:0061066,positive regulation of dauer larval development,1,,,,,,,
0,1,3,21,GO:0061072,iris morphogenesis,1,,,,,,,
0,1,2,12,GO:0061073,ciliary body morphogenesis,1,,,,,,,
0,1,2,52,GO:0061074;GO:1902866,regulation of retina development in camera-type eye,1,,,,,,,
0,1,3,11,GO:0061075;GO:1902868,positive regulation of neural retina development,1,,,,,,,
0,1,4,7,GO:0061076;GO:1902867;GO:1902870,negative regulation of amacrine cell differentiation,1,,,,,,,
0,1,2,128,GO:0061077,chaperone-mediated protein folding,1,,,,,,,
0,1,5,24,GO:0061081,positive regulation of myeloid leukocyte cytokine production involved in immune response,1,,,,,,,
0,1,2,9,GO:0061082,myeloid leukocyte cytokine production,1,,,,,,,
0,1,5,12,GO:0061083,regulation of protein refolding,1,,,,,,,
0,1,6,9,GO:0061084;GO:1903333,negative regulation of protein folding,1,,,,,,,
0,1,2,37,GO:0061085,regulation of histone H3-K27 methylation,1,,,,,,,
0,1,2,23,GO:0061086,negative regulation of histone H3-K27 methylation,1,,,,,,,
0,1,2,11,GO:0061087,positive regulation of histone H3-K27 methylation,1,,,,,,,
0,1,2,15,GO:0061088,regulation of sequestering of zinc ion,1,,,,,,,
0,1,2,12,GO:0061091,regulation of phospholipid translocation,1,,,,,,,
0,1,2,8,GO:0061092,positive regulation of phospholipid translocation,1,,,,,,,
0,1,5,13,GO:0061094;GO:0061096,regulation of turning behavior involved in mating,1,,,,,,,
0,1,4,263,GO:0061097,regulation of protein tyrosine kinase activity,1,,,,,,,
0,1,4,184,GO:0061098,positive regulation of protein tyrosine kinase activity,1,,,,,,,
0,1,2,65,GO:0061099,negative regulation of protein tyrosine kinase activity,1,,,,,,,
0,1,3,43,GO:0061101,neuroendocrine cell differentiation,1,,,,,,,
0,1,2,8,GO:0061113,pancreas morphogenesis,1,,,,,,,
0,1,2,27,GO:0061140,lung secretory cell differentiation,1,,,,,,,
0,1,6,5,GO:0061144,alveolar secondary septum development,1,,,,,,,
0,1,2,10,GO:0061146;GO:0097021,Peyer's patch morphogenesis,1,,,,,,,
0,1,3,7,GO:0061152;GO:0061153,trachea submucosa development,1,,,,,,,
0,0.037483838,2,13,GO:0061156,pulmonary artery morphogenesis,1,,,,,,,
0,1,2,38,GO:0061158,3'-UTR-mediated mRNA destabilization,1,,,,,,,
0,1,2,112,GO:0061162;GO:0061339,establishment or maintenance of monopolar cell polarity,1,,,,,,,
0,1,6,163,GO:0061178,regulation of insulin secretion involved in cellular response to glucose stimulus,1,,,,,,,
0,1,2,33,GO:0061179,negative regulation of insulin secretion involved in cellular response to glucose stimulus,1,,,,,,,
0,1,3,185,GO:0061180,mammary gland epithelium development,1,,,,,,,
0,1,3,14,GO:0061181;GO:0061182,regulation of chondrocyte development,1,,,,,,,
0,1,4,10,GO:0061183;GO:0061184,regulation of dermatome development,1,,,,,,,
0,1,7,6,GO:0061187;GO:0061188,regulation of ribosomal DNA heterochromatin assembly,1,,,,,,,
0,1,5,10,GO:0061193,taste bud development,1,,,,,,,
0,1,2,6,GO:0061194;GO:0061195,taste bud morphogenesis,1,,,,,,,
0,0.034650408,3,12,GO:0061196;GO:0061197,fungiform papilla development,1,,,,,,,
0,1,2,6,GO:0061198,fungiform papilla formation,1,,,,,,,
0,1,2,6,GO:0061199,striated muscle contraction involved in embryonic body morphogenesis,1,,,,,,,
0,1,3,12,GO:0061205,paramesonephric duct development,1,,,,,,,
0,1,2,5,GO:0061209;GO:0072138,cell proliferation involved in mesonephros development,1,,,,,,,
0,0.166706963,2,62,GO:0061213;GO:0061217;GO:0090189;GO:0090190,regulation of mesonephros development,1,,,,,,,
0,0.034650408,2,12,GO:0061218,negative regulation of mesonephros development,1,,,,,,,
0,1,2,40,GO:0061298,retina vasculature development in camera-type eye,1,,,,,,,
0,1,3,25,GO:0061299,retina vasculature morphogenesis in camera-type eye,1,,,,,,,
0,1,2,9,GO:0061300,cerebellum vasculature development,1,,,,,,,
0,1,3,41,GO:0061303,cornea development in camera-type eye,1,,,,,,,
0,1,2,13,GO:0061304,retinal blood vessel morphogenesis,1,,,,,,,
0,0.065370288,2,23,GO:0061307;GO:0061308,cardiac neural crest cell differentiation involved in heart development,1,,,,,,,
0,1,7,15,GO:0061309,cardiac neural crest cell development involved in outflow tract morphogenesis,1,,,,,,,
0,1,3,59,GO:0061311,cell surface receptor signaling pathway involved in heart development,1,,,,,,,
0,1,3,14,GO:0061312,BMP signaling pathway involved in heart development,1,,,,,,,
0,1,2,26,GO:0061314,Notch signaling involved in heart development,1,,,,,,,
0,1,5,10,GO:0061316,canonical Wnt signaling pathway involved in heart development,1,,,,,,,
0,1,3,93,GO:0061318,renal filtration cell differentiation,1,,,,,,,
0,1,5,42,GO:0061319,nephrocyte differentiation,1,,,,,,,
0,1,2,26,GO:0061320,pericardial nephrocyte differentiation,1,,,,,,,
0,1,6,20,GO:0061321,garland nephrocyte differentiation,1,,,,,,,
0,1,2,37,GO:0061327,anterior Malpighian tubule development,1,,,,,,,
0,1,4,35,GO:0061331;GO:2001013,epithelial cell proliferation involved in renal tubule morphogenesis,1,,,,,,,
0,0.333704709,2,405,GO:0061333;GO:0061326,renal tubule development,1,,,,,,,
0,1,4,8,GO:0061334;GO:0061352;GO:0061353,cell chemotaxis involved in Malpighian tubule morphogenesis,1,,,,,,,
0,1,5,5,GO:0061336,cell morphogenesis involved in Malpighian tubule morphogenesis,1,,,,,,,
0,1,2,172,GO:0061337,cardiac conduction,1,,,,,,,
0,1,2,5,GO:0061341;GO:0061346,non-canonical Wnt signaling pathway involved in heart development,1,,,,,,,
0,1,3,81,GO:0061343,cell adhesion involved in heart morphogenesis,1,,,,,,,
0,1,5,5,GO:0061344;GO:1901189,regulation of cell adhesion involved in heart morphogenesis,1,,,,,,,
0,1,2,433,GO:0061351,neural precursor cell proliferation,1,,,,,,,
0,0.065370288,6,23,GO:0061355,Wnt protein secretion,1,,,,,,,
0,1,2,21,GO:0061356;GO:0061357,regulation of Wnt protein secretion,1,,,,,,,
0,1,4,13,GO:0061364,apoptotic process involved in luteolysis,1,,,,,,,
0,1,4,8,GO:0061366;GO:0061368,behavioral response to formalin induced pain,1,,,,,,,
0,1,3,10,GO:0061370,testosterone biosynthetic process,1,,,,,,,
0,1,2,9,GO:0061373,mammillary axonal complex development,1,,,,,,,
0,1,3,6,GO:0061378;GO:0061379;GO:0061374;GO:0061381,corpora quadrigemina development,1,,,,,,,
0,1,3,18,GO:0061382,Malpighian tubule tip cell differentiation,1,,,,,,,
0,1,2,116,GO:0061383,trabecula morphogenesis,1,,,,,,,
0,1,3,83,GO:0061384,heart trabecula morphogenesis,1,,,,,,,
0,1,3,16,GO:0061386,closure of optic fissure,1,,,,,,,
0,1,6,5,GO:0061402,positive regulation of transcription from RNA polymerase II promoter in response to acidic pH,1,,,,,,,
0,1,9,6,GO:0061408,positive regulation of transcription from RNA polymerase II promoter in response to heat stress,1,,,,,,,
0,0.188505406,2,71,GO:0061418,regulation of transcription from RNA polymerase II promoter in response to hypoxia,1,,,,,,,
0,1,5,15,GO:0061419,positive regulation of transcription from RNA polymerase II promoter in response to hypoxia,1,,,,,,,
0,1,4,6,GO:0061433,cellular response to caloric restriction,1,,,,,,,
0,1,3,45,GO:0061437;GO:0061440;GO:0072012,kidney vasculature development,1,,,,,,,
0,1,2,14,GO:0061438;GO:0061439;GO:0072103;GO:0072104,renal system vasculature morphogenesis,1,,,,,,,
0,1,2,7,GO:0061443,endocardial cushion cell differentiation,1,,,,,,,
0,1,3,5,GO:0061444,endocardial cushion cell development,1,,,,,,,
0,1,2,551,GO:0061448,connective tissue development,1,,,,,,,
0,0.18611144,2,70,GO:0061462,protein localization to lysosome,1,,,,,,,
0,1,2,27,GO:0061469,regulation of type B pancreatic cell proliferation,1,,,,,,,
0,1,2,14,GO:0061470,T follicular helper cell differentiation,1,,,,,,,
0,1,2,29,GO:0061476,response to anticoagulant,1,,,,,,,
0,1,4,35,GO:0061478;GO:1904321;GO:1904322,response to platelet aggregation inhibitor,1,,,,,,,
0,1,2,18,GO:0061484,hematopoietic stem cell homeostasis,1,,,,,,,
0,1,3,11,GO:0061502,early endosome to recycling endosome transport,1,,,,,,,
0,1,2,90,GO:0061512,protein localization to cilium,1,,,,,,,
0,0.377765443,2,161,GO:0061515,myeloid cell development,1,,,,,,,
0,1,4,5,GO:0061526,acetylcholine secretion,1,,,,,,,
0,1,3,14,GO:0061541,rhabdomere morphogenesis,1,,,,,,,
0,0.149353755,2,55,GO:0061548,ganglion development,1,,,,,,,
0,1,2,25,GO:0061549,sympathetic ganglion development,1,,,,,,,
0,0.070851072,2,25,GO:0061550;GO:0061551,cranial ganglion development,1,,,,,,,
0,1,2,11,GO:0061552,ganglion morphogenesis,1,,,,,,,
0,1,4,14,GO:0061577,calcium ion transmembrane transport via high voltage-gated calcium channel,1,,,,,,,
0,1,8,12,GO:0061588;GO:0061590;GO:0061591,calcium activated phospholipid scrambling,1,,,,,,,
0,1,2,8,GO:0061589,calcium activated phosphatidylserine scrambling,1,,,,,,,
0,1,4,30,GO:0061614,pri-miRNA transcription by RNA polymerase II,1,,,,,,,
0,1,7,8,GO:0061622,glycolytic process through glucose-1-phosphate,1,,,,,,,
0,1,2,22,GO:0061626,pharyngeal arch artery morphogenesis,1,,,,,,,
0,1,3,22,GO:0061635,regulation of protein complex stability,1,,,,,,,
0,1,4,463,GO:0061640;GO:0000910,cytokinesis,1,,,,,,,
0,1,2,8,GO:0061642,chemoattraction of axon,1,,,,,,,
0,1,2,15,GO:0061643,chemorepulsion of axon,1,,,,,,,
0,1,2,58,GO:0061647,histone H3-K9 modification,1,,,,,,,
0,1,5,6,GO:0061668,mitochondrial ribosome assembly,1,,,,,,,
0,1,3,15,GO:0061669;GO:0098814,spontaneous synaptic transmission,1,,,,,,,
0,1,6,8,GO:0061670,evoked neurotransmitter secretion,1,,,,,,,
0,1,2,13,GO:0061684;GO:0061741,chaperone-mediated autophagy,1,,,,,,,
0,0.040309056,2,14,GO:0061687;GO:0010273,detoxification of inorganic compound,1,,,,,,,
0,1,6,32,GO:0061723,glycophagy,1,,,,,,,
0,1,2,9,GO:0061734,parkin-mediated stimulation of mitophagy in response to mitochondrial depolarization,1,,,,,,,
0,1,2,14,GO:0061737,leukotriene signaling pathway,1,,,,,,,
0,1,2,9,GO:0061738,late endosomal microautophagy,1,,,,,,,
0,1,7,6,GO:0061739,protein lipidation involved in autophagosome assembly,1,,,,,,,
0,1,9,9,GO:0061740,protein targeting to lysosome involved in chaperone-mediated autophagy,1,,,,,,,
0,1,2,13,GO:0061743,motor learning,1,,,,,,,
0,1,2,17,GO:0061744,motor behavior,1,,,,,,,
0,1,5,7,GO:0061763,multivesicular body-lysosome fusion,1,,,,,,,
0,1,3,16,GO:0061771,response to caloric restriction,1,,,,,,,
0,1,4,7,GO:0061774;GO:0061781,cohesin unloading,1,,,,,,,
0,1,3,13,GO:0061789;GO:0099069,dense core granule priming,1,,,,,,,
0,1,2,24,GO:0061792,secretory granule maturation,1,,,,,,,
0,1,4,6,GO:0061819;GO:1904505;GO:1904506;GO:1905764;GO:1905765,negative regulation of telomere maintenance in response to DNA damage,1,,,,,,,
0,1,2,12,GO:0061820;GO:0090657,telomeric loop disassembly,1,,,,,,,
0,1,2,9,GO:0061833;GO:1901483;GO:1901485,protein localization to tricellular tight junction,1,,,,,,,
0,1,2,7,GO:0061857,endoplasmic reticulum stress-induced pre-emptive quality control,1,,,,,,,
0,1,2,34,GO:0061864;GO:0070278,extracellular matrix constituent secretion,1,,,,,,,
0,1,3,16,GO:0061865,polarized secretion of basement membrane proteins in epithelium,1,,,,,,,
0,1,2,25,GO:0061883,clathrin-dependent endocytosis involved in vitellogenesis,1,,,,,,,
0,1,2,7,GO:0061884,regulation of mini excitatory postsynaptic potential,1,,,,,,,
0,1,2,10,GO:0061888,regulation of astrocyte activation,1,,,,,,,
0,1,5,7,GO:0061890,positive regulation of astrocyte activation,1,,,,,,,
0,1,2,43,GO:0061900,glial cell activation,1,,,,,,,
0,1,3,7,GO:0061901;GO:0061903,positive regulation of 1-phosphatidylinositol-3-kinase activity,1,,,,,,,
0,1,2,59,GO:0061912,selective autophagy,1,,,,,,,
0,0.07901279,3,28,GO:0061930;GO:0061931;GO:0090086;GO:1902838,negative regulation of protein deubiquitination,1,,,,,,,
0,1,3,15,GO:0061945;GO:1902524,regulation of protein K48-linked ubiquitination,1,,,,,,,
0,1,2,98,GO:0061951,establishment of protein localization to plasma membrane,1,,,,,,,
0,1,3,333,GO:0061982,meiosis I cell cycle process,1,,,,,,,
0,1,3,79,GO:0061983,meiosis II cell cycle process,1,,,,,,,
0,1,2,58,GO:0062009,secondary palate development,1,,,,,,,
0,0.420392107,2,185,GO:0062014,negative regulation of small molecule metabolic process,1,,,,,,,
0,1,3,58,GO:0062033,positive regulation of mitotic sister chromatid segregation,1,,,,,,,
0,1,4,17,GO:0062042;GO:0062043;GO:1905005;GO:1905007,regulation of epithelial to mesenchymal transition involved in endocardial cushion formation,1,,,,,,,
0,1,2,6,GO:0062044;GO:1905006,negative regulation of cardiac epithelial to mesenchymal transition,1,,,,,,,
0,1,2,96,GO:0062149,detection of stimulus involved in sensory perception of pain,1,,,,,,,
0,1,6,89,GO:0062237;GO:1903539,protein localization to postsynapse,1,,,,,,,
0,1,2,68,GO:0065001,specification of axis polarity,1,,,,,,,
0,1,3,115,GO:0065002;GO:0071806,protein transmembrane transport,1,,,,,,,
0,1,3,276,GO:0065004,protein-DNA complex assembly,1,,,,,,,
0,1,2,59,GO:0065005,protein-lipid complex assembly,1,,,,,,,
0,0.328089451,4,135,GO:0070050,neuron cellular homeostasis,1,,,,,,,
0,1,4,85,GO:0070059,intrinsic apoptotic signaling pathway in response to endoplasmic reticulum stress,1,,,,,,,
0,1,3,15,GO:0070070;GO:0070072,vacuolar proton-transporting V-type ATPase complex assembly,1,,,,,,,
0,1,3,21,GO:0070071,proton-transporting two-sector ATPase complex assembly,1,,,,,,,
0,1,5,6,GO:0070086,ubiquitin-dependent endocytosis,1,,,,,,,
0,1,2,15,GO:0070092,regulation of glucagon secretion,1,,,,,,,
0,1,2,7,GO:0070094,positive regulation of glucagon secretion,1,,,,,,,
0,1,2,78,GO:0070098,chemokine-mediated signaling pathway,1,,,,,,,
0,1,2,21,GO:0070099;GO:0070100,regulation of chemokine-mediated signaling pathway,1,,,,,,,
0,1,2,37,GO:0070102,interleukin-6-mediated signaling pathway,1,,,,,,,
0,1,2,15,GO:0070103,regulation of interleukin-6-mediated signaling pathway,1,,,,,,,
0,1,2,10,GO:0070104;GO:1902232;GO:1902205;GO:1902206;GO:1902215;GO:1902233,negative regulation of interleukin-6-mediated signaling pathway,1,,,,,,,
0,1,4,6,GO:0070105,positive regulation of interleukin-6-mediated signaling pathway,1,,,,,,,
0,1,4,30,GO:0070106;GO:0070757,interleukin-27-mediated signaling pathway,1,,,,,,,
0,1,4,7,GO:0070120,ciliary neurotrophic factor-mediated signaling pathway,1,,,,,,,
0,1,3,39,GO:0070121,Kupffer's vesicle development,1,,,,,,,
0,1,2,8,GO:0070127,tRNA aminoacylation for mitochondrial protein translation,1,,,,,,,
0,1,2,44,GO:0070129;GO:0062125,regulation of mitochondrial gene expression,1,,,,,,,
0,1,3,28,GO:0070131,positive regulation of mitochondrial translation,1,,,,,,,
0,1,2,24,GO:0070141,response to UV-A,1,,,,,,,
0,1,2,16,GO:0070163;GO:0070164,regulation of adiponectin secretion,1,,,,,,,
0,1,2,46,GO:0070168;GO:0110150,negative regulation of biomineral tissue development,1,,,,,,,
0,1,5,9,GO:0070170,regulation of tooth mineralization,1,,,,,,,
0,1,2,11,GO:0070189,kynurenine metabolic process,1,,,,,,,
0,1,4,202,GO:0070192,chromosome organization involved in meiotic cell cycle,1,,,,,,,
0,1,2,66,GO:0070193,synaptonemal complex organization,1,,,,,,,
0,1,3,5,GO:0070194,synaptonemal complex disassembly,1,,,,,,,
0,1,2,22,GO:0070199,establishment of protein localization to chromosome,1,,,,,,,
0,1,2,7,GO:0070200,establishment of protein localization to telomere,1,,,,,,,
0,1,5,154,GO:0070206,protein trimerization,1,,,,,,,
0,1,2,91,GO:0070207,protein homotrimerization,1,,,,,,,
0,1,2,41,GO:0070208,protein heterotrimerization,1,,,,,,,
0,1,6,13,GO:0070212,protein poly-ADP-ribosylation,1,,,,,,,
0,1,3,8,GO:0070213,protein auto-ADP-ribosylation,1,,,,,,,
0,1,2,34,GO:0070227;GO:0070231,lymphocyte apoptotic process,1,,,,,,,
0,1,2,118,GO:0070228,regulation of lymphocyte apoptotic process,1,,,,,,,
0,1,2,62,GO:0070229,negative regulation of lymphocyte apoptotic process,1,,,,,,,
0,1,2,31,GO:0070230,positive regulation of lymphocyte apoptotic process,1,,,,,,,
0,1,9,73,GO:0070232,regulation of T cell apoptotic process,1,,,,,,,
0,1,4,41,GO:0070233,negative regulation of T cell apoptotic process,1,,,,,,,
0,1,3,17,GO:0070234,positive regulation of T cell apoptotic process,1,,,,,,,
0,1,2,12,GO:0070235,regulation of activation-induced cell death of T cells,1,,,,,,,
0,1,8,7,GO:0070236,negative regulation of activation-induced cell death of T cells,1,,,,,,,
0,1,3,6,GO:0070242,thymocyte apoptotic process,1,,,,,,,
0,1,10,19,GO:0070243,regulation of thymocyte apoptotic process,1,,,,,,,
0,1,2,14,GO:0070244,negative regulation of thymocyte apoptotic process,1,,,,,,,
0,1,3,26,GO:0070255;GO:0070257,regulation of mucus secretion,1,,,,,,,
0,1,2,28,GO:0070262,peptidyl-serine dephosphorylation,1,,,,,,,
0,1,3,79,GO:0070265,necrotic cell death,1,,,,,,,
0,1,3,38,GO:0070266,necroptotic process,1,,,,,,,
0,1,4,22,GO:0070269,pyroptosis,1,,,,,,,
0,1,2,7,GO:0070285,pigment cell development,1,,,,,,,
0,1,5,48,GO:0070286,axonemal dynein complex assembly,1,,,,,,,
0,1,2,9,GO:0070291,N-acylethanolamine metabolic process,1,,,,,,,
0,1,6,5,GO:0070292,N-acylphosphatidylethanolamine metabolic process,1,,,,,,,
0,1,4,46,GO:0070293,renal absorption,1,,,,,,,
0,1,4,18,GO:0070294,renal sodium ion absorption,1,,,,,,,
0,1,2,11,GO:0070295,renal water absorption,1,,,,,,,
0,1,2,37,GO:0070296,sarcoplasmic reticulum calcium ion transport,1,,,,,,,
0,0.375923695,3,160,GO:0070301,cellular response to hydrogen peroxide,1,,,,,,,
0,1,4,64,GO:0070306,lens fiber cell differentiation,1,,,,,,,
0,1,5,26,GO:0070307,lens fiber cell development,1,,,,,,,
0,1,2,7,GO:0070309,lens fiber cell morphogenesis,1,,,,,,,
0,1,2,24,GO:0070314,G1 to G0 transition,1,,,,,,,
0,1,4,8,GO:0070315,G1 to G0 transition involved in cell differentiation,1,,,,,,,
0,1,6,73,GO:0070316;GO:0070317,regulation of G0 to G1 transition,1,,,,,,,
0,1,4,5,GO:0070318,positive regulation of G0 to G1 transition,1,,,,,,,
0,1,2,12,GO:0070327,thyroid hormone transport,1,,,,,,,
0,1,2,29,GO:0070344,regulation of fat cell proliferation,1,,,,,,,
0,1,2,17,GO:0070345,negative regulation of fat cell proliferation,1,,,,,,,
0,1,3,10,GO:0070346,positive regulation of fat cell proliferation,1,,,,,,,
0,1,3,8,GO:0070350;GO:0070352,regulation of white fat cell proliferation,1,,,,,,,
0,1,3,17,GO:0070358,actin polymerization-dependent cell motility,1,,,,,,,
0,1,4,15,GO:0070365,hepatocyte differentiation,1,,,,,,,
0,1,3,7,GO:0070366,regulation of hepatocyte differentiation,1,,,,,,,
0,1,2,5,GO:0070368,positive regulation of hepatocyte differentiation,1,,,,,,,
0,1,3,7,GO:0070370,cellular heat acclimation,1,,,,,,,
0,0.205069573,2,78,GO:0070371,ERK1 and ERK2 cascade,1,,,,,,,
0,1,2,643,GO:0070372,regulation of ERK1 and ERK2 cascade,1,,,,,,,
0,1,2,168,GO:0070373,negative regulation of ERK1 and ERK2 cascade,1,,,,,,,
0,1,3,445,GO:0070374,positive regulation of ERK1 and ERK2 cascade,1,,,,,,,
0,1,2,6,GO:0070375,ERK5 cascade,1,,,,,,,
0,1,2,13,GO:0070384,Harderian gland development,1,,,,,,,
0,1,2,16,GO:0070391;GO:0071223,response to lipoteichoic acid,1,,,,,,,
0,1,3,29,GO:0070417,cellular response to cold,1,,,,,,,
0,1,2,17,GO:0070424,regulation of nucleotide-binding oligomerization domain containing signaling pathway,1,,,,,,,
0,1,5,5,GO:0070425;GO:0070433,negative regulation of nucleotide-binding oligomerization domain containing 2 signaling pathway,1,,,,,,,
0,1,8,7,GO:0070426;GO:0070434,positive regulation of nucleotide-binding oligomerization domain containing 2 signaling pathway,1,,,,,,,
0,1,2,6,GO:0070427,nucleotide-binding oligomerization domain containing 1 signaling pathway,1,,,,,,,
0,1,2,14,GO:0070431,nucleotide-binding oligomerization domain containing 2 signaling pathway,1,,,,,,,
0,1,2,12,GO:0070432,regulation of nucleotide-binding oligomerization domain containing 2 signaling pathway,1,,,,,,,
0,1,2,29,GO:0070445,regulation of oligodendrocyte progenitor proliferation,1,,,,,,,
0,1,2,15,GO:0070447,positive regulation of oligodendrocyte progenitor proliferation,1,,,,,,,
0,1,2,5,GO:0070459,prolactin secretion,1,,,,,,,
0,1,2,35,GO:0070472;GO:0070474,regulation of uterine smooth muscle contraction,1,,,,,,,
0,1,7,6,GO:0070473,negative regulation of uterine smooth muscle contraction,1,,,,,,,
0,1,4,12,GO:0070475,rRNA base methylation,1,,,,,,,
0,1,2,9,GO:0070483,detection of hypoxia,1,,,,,,,
0,1,5,19,GO:0070486,leukocyte aggregation,1,,,,,,,
0,1,2,9,GO:0070487,monocyte aggregation,1,,,,,,,
0,1,2,16,GO:0070493,thrombin-activated receptor signaling pathway,1,,,,,,,
0,1,7,6,GO:0070494;GO:0070495,negative regulation of thrombin-activated receptor signaling pathway,1,,,,,,,
0,1,2,93,GO:0070498,interleukin-1-mediated signaling pathway,1,,,,,,,
0,1,9,118,GO:0070509,calcium ion import,1,,,,,,,
0,1,2,15,GO:0070525,tRNA threonylcarbamoyladenosine metabolic process,1,,,,,,,
0,1,5,53,GO:0070527,platelet aggregation,1,,,,,,,
0,1,3,36,GO:0070528,protein kinase C signaling,1,,,,,,,
0,1,2,75,GO:0070534,protein K63-linked ubiquitination,1,,,,,,,
0,1,5,52,GO:0070536,protein K63-linked deubiquitination,1,,,,,,,
0,1,2,5,GO:0070537,histone H2A K63-linked deubiquitination,1,,,,,,,
0,1,2,7,GO:0070541,response to platinum ion,1,,,,,,,
0,0.141406321,4,225,GO:0070542,response to fatty acid,1,,,,,,,
0,1,2,32,GO:0070544,histone H3-K36 demethylation,1,,,,,,,
0,1,5,356,GO:0070555;GO:0071347,response to interleukin-1,1,,,,,,,
0,1,2,7,GO:0070561,vitamin D receptor signaling pathway,1,,,,,,,
0,1,2,12,GO:0070562,regulation of vitamin D receptor signaling pathway,1,,,,,,,
0,1,2,5,GO:0070563,negative regulation of vitamin D receptor signaling pathway,1,,,,,,,
0,1,4,65,GO:0070584,mitochondrion morphogenesis,1,,,,,,,
0,1,2,482,GO:0070588,calcium ion transmembrane transport,1,,,,,,,
0,1,4,82,GO:0070593,dendrite self-avoidance,1,,,,,,,
0,1,5,8,GO:0070601,centromeric sister chromatid cohesion,1,,,,,,,
0,1,4,10,GO:0070602,regulation of centromeric sister chromatid cohesion,1,,,,,,,
0,0.497180074,2,233,GO:0070613;GO:1903317,regulation of protein maturation,1,,,,,,,
0,1,4,79,GO:0070633,transepithelial transport,1,,,,,,,
0,1,2,11,GO:0070634,transepithelial ammonium transport,1,,,,,,,
0,1,2,20,GO:0070640,vitamin D3 metabolic process,1,,,,,,,
0,0.992490428,2,1615,GO:0070647,protein modification by small protein conjugation or removal,1,,,,,,,
0,1,2,12,GO:0070649;GO:0110009,formin-nucleated actin cable assembly,1,,,,,,,
0,1,2,7,GO:0070650,actin filament bundle distribution,1,,,,,,,
0,1,4,16,GO:0070654;GO:1990399,epithelium regeneration,1,,,,,,,
0,1,4,6,GO:0070655;GO:0070656;GO:0070659;GO:0070660,inner ear sensory epithelium regeneration,1,,,,,,,
0,1,7,7,GO:0070666;GO:0070668,positive regulation of mast cell proliferation,1,,,,,,,
0,1,3,25,GO:0070669;GO:0071352,response to interleukin-2,1,,,,,,,
0,1,5,60,GO:0070670;GO:0071353,response to interleukin-4,1,,,,,,,
0,1,2,50,GO:0070723,response to cholesterol,1,,,,,,,
0,1,2,27,GO:0070734,histone H3-K27 methylation,1,,,,,,,
0,1,5,90,GO:0070741;GO:0071354,response to interleukin-6,1,,,,,,,
0,1,3,14,GO:0070777;GO:0070779,D-aspartate import across plasma membrane,1,,,,,,,
0,1,3,17,GO:0070778,L-aspartate transmembrane transport,1,,,,,,,
0,1,5,6,GO:0070781,response to biotin,1,,,,,,,
0,1,2,6,GO:0070782,phosphatidylserine exposure on apoptotic cell surface,1,,,,,,,
0,1,3,10,GO:0070816,phosphorylation of RNA polymerase II C-terminal domain,1,,,,,,,
0,1,3,13,GO:0070827,chromatin maintenance,1,,,,,,,
0,1,2,150,GO:0070828,heterochromatin organization,1,,,,,,,
0,1,3,8,GO:0070829,heterochromatin maintenance,1,,,,,,,
0,1,8,90,GO:0070830,bicellular tight junction assembly,1,,,,,,,
0,1,2,37,GO:0070831,basement membrane assembly,1,,,,,,,
0,1,3,11,GO:0070836,caveola assembly,1,,,,,,,
0,1,2,12,GO:0070837,dehydroascorbic acid transport,1,,,,,,,
0,1,2,16,GO:0070841;GO:0070842,inclusion body assembly,1,,,,,,,
0,0.779895384,2,1387,GO:0070848;GO:0071363,response to growth factor,1,,,,,,,
0,1,3,133,GO:0070849;GO:0071364,response to epidermal growth factor,1,,,,,,,
0,1,3,7,GO:0070859;GO:1904253,positive regulation of bile acid biosynthetic process,1,,,,,,,
0,1,3,47,GO:0070861,regulation of protein exit from endoplasmic reticulum,1,,,,,,,
0,1,2,17,GO:0070862;GO:1904153,negative regulation of protein exit from endoplasmic reticulum,1,,,,,,,
0,1,2,22,GO:0070863,positive regulation of protein exit from endoplasmic reticulum,1,,,,,,,
0,1,3,73,GO:0070868,heterochromatin organization involved in chromatin silencing,1,,,,,,,
0,0.051511361,3,124,GO:0070873;GO:0032881,regulation of polysaccharide metabolic process,1,,,,,,,
0,1,3,75,GO:0070884;GO:0106056,regulation of calcineurin-mediated signaling,1,,,,,,,
0,1,6,26,GO:0070885;GO:0106057,negative regulation of calcineurin-NFAT signaling cascade,1,,,,,,,
0,1,3,37,GO:0070886;GO:0106058,positive regulation of calcineurin-mediated signaling,1,,,,,,,
0,1,2,5,GO:0070889,platelet alpha granule organization,1,,,,,,,
0,1,4,49,GO:0070897,transcription preinitiation complex assembly,1,,,,,,,
0,1,2,11,GO:0070900;GO:1900864,mitochondrial tRNA modification,1,,,,,,,
0,1,7,35,GO:0070911,global genome nucleotide-excision repair,1,,,,,,,
0,1,6,20,GO:0070914,UV-damage excision repair,1,,,,,,,
0,1,2,58,GO:0070920;GO:1903798,regulation of production of small RNA involved in gene silencing by RNA,1,,,,,,,
0,1,5,22,GO:0070922,small RNA loading onto RISC,1,,,,,,,
0,0.147383306,2,1771,GO:0070925,organelle assembly,1,,,,,,,
0,1,6,30,GO:0070932,histone H3 deacetylation,1,,,,,,,
0,1,3,20,GO:0070933,histone H4 deacetylation,1,,,,,,,
0,1,2,12,GO:0070934,CRD-mediated mRNA stabilization,1,,,,,,,
0,1,2,46,GO:0070935,3'-UTR-mediated mRNA stabilization,1,,,,,,,
0,1,2,129,GO:0070936,protein K48-linked ubiquitination,1,,,,,,,
0,1,5,8,GO:0070942;GO:0070943;GO:0070944;GO:0070945,neutrophil-mediated killing of bacterium,1,,,,,,,
0,1,2,21,GO:0070948;GO:0070949,regulation of neutrophil mediated cytotoxicity,1,,,,,,,
0,1,6,9,GO:0070950;GO:0070951,regulation of neutrophil mediated killing of bacterium,1,,,,,,,
0,1,7,7,GO:0070953;GO:0070965,positive regulation of neutrophil mediated killing of fungus,1,,,,,,,
0,1,3,12,GO:0070960;GO:0070961,positive regulation of neutrophil mediated killing of symbiont cell,1,,,,,,,
0,1,4,5,GO:0070962;GO:0070963;GO:1900135,positive regulation of renin secretion into blood stream,1,,,,,,,
0,1,3,219,GO:0070972,protein localization to endoplasmic reticulum,1,,,,,,,
0,1,2,58,GO:0070979,protein K11-linked ubiquitination,1,,,,,,,
0,1,3,82,GO:0070983,dendrite guidance,1,,,,,,,
0,1,2,30,GO:0070987,error-free translesion synthesis,1,,,,,,,
0,0.287230397,2,115,GO:0070988,demethylation,1,,,,,,,
0,0.084414562,3,30,GO:0070989,oxidative demethylation,1,,,,,,,
0,1,3,13,GO:0070995,NADPH oxidation,1,,,,,,,
0,0.043126083,3,15,GO:0071000,response to magnetism,1,,,,,,,
0,1,3,35,GO:0071025;GO:0071027,RNA surveillance,1,,,,,,,
0,1,3,26,GO:0071028,nuclear mRNA surveillance,1,,,,,,,
0,1,2,11,GO:0071030,nuclear mRNA surveillance of spliceosomal pre-mRNA splicing,1,,,,,,,
0,1,2,7,GO:0071033,nuclear retention of pre-mRNA at the site of transcription,1,,,,,,,
0,1,5,5,GO:0071034;GO:0071043,CUT catabolic process,1,,,,,,,
0,1,4,8,GO:0071035;GO:0071038,nuclear polyadenylation-dependent rRNA catabolic process,1,,,,,,,
0,1,3,6,GO:0071042;GO:0071047,nuclear polyadenylation-dependent mRNA catabolic process,1,,,,,,,
0,1,3,20,GO:0071044,histone mRNA catabolic process,1,,,,,,,
0,1,10,10,GO:0071051,polyadenylation-dependent snoRNA 3'-end processing,1,,,,,,,
0,0.18611144,3,70,GO:0071071,regulation of phospholipid biosynthetic process,1,,,,,,,
0,1,2,29,GO:0071072,negative regulation of phospholipid biosynthetic process,1,,,,,,,
0,0.108337912,3,39,GO:0071073,positive regulation of phospholipid biosynthetic process,1,,,,,,,
0,1,2,457,GO:0071103;GO:0006323,DNA conformation change,1,,,,,,,
0,1,4,9,GO:0071104,response to interleukin-9,1,,,,,,,
0,1,5,7,GO:0071105,response to interleukin-11,1,,,,,,,
0,1,4,35,GO:0071107;GO:0071374,response to parathyroid hormone,1,,,,,,,
0,1,8,60,GO:0071108,protein K48-linked deubiquitination,1,,,,,,,
0,1,2,8,GO:0071109,superior temporal gyrus development,1,,,,,,,
0,1,4,48,GO:0071157,negative regulation of cell cycle arrest,1,,,,,,,
0,1,4,231,GO:0071158;GO:0071156,regulation of cell cycle arrest,1,,,,,,,
0,1,2,5,GO:0071163,DNA replication preinitiation complex assembly,1,,,,,,,
0,1,2,72,GO:0071168,protein localization to chromatin,1,,,,,,,
0,1,3,15,GO:0071169,establishment of protein localization to chromatin,1,,,,,,,
0,1,5,17,GO:0071205,protein localization to juxtaparanode region of axon,1,,,,,,,
0,1,2,13,GO:0071211,protein targeting to vacuole involved in autophagy,1,,,,,,,
0,0.699187803,3,822,GO:0071214;GO:0104004,cellular response to environmental stimulus,1,,,,,,,
0,0.656218181,2,361,GO:0071216;GO:0071219;GO:0071222,cellular response to biotic stimulus,1,,,,,,,
0,1,2,8,GO:0071224,cellular response to peptidoglycan,1,,,,,,,
0,1,3,11,GO:0071225,cellular response to muramyl dipeptide,1,,,,,,,
0,0.44272819,3,510,GO:0071229,cellular response to acid chemical,1,,,,,,,
0,0.39410148,2,170,GO:0071230,cellular response to amino acid stimulus,1,,,,,,,
0,1,3,9,GO:0071233,cellular response to leucine,1,,,,,,,
0,0.644774124,2,350,GO:0071236,cellular response to antibiotic,1,,,,,,,
0,1,4,519,GO:0071241;GO:0071248,cellular response to inorganic substance,1,,,,,,,
0,1,2,197,GO:0071242,cellular response to ammonium ion,1,,,,,,,
0,1,2,55,GO:0071243,cellular response to arsenic-containing substance,1,,,,,,,
0,1,4,38,GO:0071257,cellular response to electrical stimulus,1,,,,,,,
0,1,4,269,GO:0071260,cellular response to mechanical stimulus,1,,,,,,,
0,0.034650408,2,12,GO:0071265;GO:0071267;GO:0043102,L-methionine biosynthetic process,1,,,,,,,
0,1,2,75,GO:0071276,cellular response to cadmium ion,1,,,,,,,
0,1,6,145,GO:0071277,cellular response to calcium ion,1,,,,,,,
0,1,2,8,GO:0071279,cellular response to cobalt ion,1,,,,,,,
0,1,6,18,GO:0071280,cellular response to copper ion,1,,,,,,,
0,1,2,32,GO:0071281,cellular response to iron ion,1,,,,,,,
0,1,2,12,GO:0071283,cellular response to iron(III) ion,1,,,,,,,
0,1,2,18,GO:0071284,cellular response to lead ion,1,,,,,,,
0,1,2,64,GO:0071285,cellular response to lithium ion,1,,,,,,,
0,1,2,26,GO:0071286,cellular response to magnesium ion,1,,,,,,,
0,1,6,23,GO:0071287,cellular response to manganese ion,1,,,,,,,
0,1,2,29,GO:0071294,cellular response to zinc ion,1,,,,,,,
0,1,4,56,GO:0071295,cellular response to vitamin,1,,,,,,,
0,1,2,6,GO:0071299;GO:0003131,cellular response to vitamin A,1,,,,,,,
0,1,3,172,GO:0071300,cellular response to retinoic acid,1,,,,,,,
0,1,2,35,GO:0071305,cellular response to vitamin D,1,,,,,,,
0,1,2,94,GO:0071312,cellular response to alkaloid,1,,,,,,,
0,1,6,38,GO:0071313;GO:0071415,cellular response to purine-containing compound,1,,,,,,,
0,1,4,8,GO:0071314,cellular response to cocaine,1,,,,,,,
0,1,2,13,GO:0071315,cellular response to morphine,1,,,,,,,
0,1,2,22,GO:0071316,cellular response to nicotine,1,,,,,,,
0,1,4,18,GO:0071317,cellular response to isoquinoline alkaloid,1,,,,,,,
0,1,3,46,GO:0071318,cellular response to ATP,1,,,,,,,
0,0.385078914,3,165,GO:0071320,cellular response to cAMP,1,,,,,,,
0,1,2,309,GO:0071322;GO:0071326;GO:0001678;GO:0071331;GO:0071333,cellular response to carbohydrate stimulus,1,,,,,,,
0,1,7,22,GO:0071324;GO:0071329,cellular response to sucrose stimulus,1,,,,,,,
0,1,7,9,GO:0071332,cellular response to fructose stimulus,1,,,,,,,
0,1,5,6,GO:0071336,regulation of hair follicle cell proliferation,1,,,,,,,
0,1,3,17,GO:0071340,skeletal muscle acetylcholine-gated channel clustering,1,,,,,,,
0,1,2,111,GO:0071359,cellular response to dsRNA,1,,,,,,,
0,1,2,25,GO:0071360,cellular response to exogenous dsRNA,1,,,,,,,
0,1,2,64,GO:0071361,cellular response to ethanol,1,,,,,,,
0,1,3,29,GO:0071362,cellular response to ether,1,,,,,,,
0,1,2,66,GO:0071371,cellular response to gonadotropin stimulus,1,,,,,,,
0,1,4,10,GO:0071373,cellular response to luteinizing hormone stimulus,1,,,,,,,
0,0.483361619,3,885,GO:0071375;GO:1901653,cellular response to peptide,1,,,,,,,
0,1,4,56,GO:0071377,cellular response to glucagon stimulus,1,,,,,,,
0,1,2,54,GO:0071378,cellular response to growth hormone stimulus,1,,,,,,,
0,1,5,49,GO:0071379;GO:0071380,cellular response to prostaglandin stimulus,1,,,,,,,
0,0.169855956,2,484,GO:0071383,cellular response to steroid hormone stimulus,1,,,,,,,
0,0.144423199,2,228,GO:0071384;GO:0071385,cellular response to corticosteroid stimulus,1,,,,,,,
0,1,6,8,GO:0071386,cellular response to corticosterone stimulus,1,,,,,,,
0,1,7,31,GO:0071389,cellular response to mineralocorticoid stimulus,1,,,,,,,
0,1,2,31,GO:0071391,cellular response to estrogen stimulus,1,,,,,,,
0,1,3,89,GO:0071392,cellular response to estradiol stimulus,1,,,,,,,
0,1,2,25,GO:0071393,cellular response to progesterone stimulus,1,,,,,,,
0,1,2,30,GO:0071394,cellular response to testosterone stimulus,1,,,,,,,
0,0.257108547,2,1166,GO:0071396,cellular response to lipid,1,,,,,,,
0,1,2,27,GO:0071397,cellular response to cholesterol,1,,,,,,,
0,0.312031087,2,127,GO:0071398,cellular response to fatty acid,1,,,,,,,
0,1,4,5,GO:0071403,cellular response to high density lipoprotein particle stimulus,1,,,,,,,
0,0.325116587,2,1285,GO:0071407,cellular response to organic cyclic compound,1,,,,,,,
0,1,2,12,GO:0071409,cellular response to cycloheximide,1,,,,,,,
0,0.184830144,2,1590,GO:0071417;GO:1901699,cellular response to nitrogen compound,1,,,,,,,
0,1,3,10,GO:0071418,cellular response to amine stimulus,1,,,,,,,
0,1,2,23,GO:0071420,cellular response to histamine,1,,,,,,,
0,1,2,21,GO:0071421,manganese ion transmembrane transport,1,,,,,,,
0,1,2,28,GO:0071425,hematopoietic stem cell proliferation,1,,,,,,,
0,1,2,11,GO:0071440,regulation of histone H3-K14 acetylation,1,,,,,,,
0,1,3,7,GO:0071442,positive regulation of histone H3-K14 acetylation,1,,,,,,,
0,1,4,21,GO:0071447,cellular response to hydroperoxide,1,,,,,,,
0,1,2,14,GO:0071454,cellular response to anoxia,1,,,,,,,
0,1,4,22,GO:0071455,cellular response to hyperoxia,1,,,,,,,
0,1,3,7,GO:0071461,cellular response to redox state,1,,,,,,,
0,1,2,20,GO:0071462,cellular response to water stimulus,1,,,,,,,
0,1,3,11,GO:0071464,cellular response to hydrostatic pressure,1,,,,,,,
0,0.283967903,4,359,GO:0071466,cellular response to xenobiotic stimulus,1,,,,,,,
0,1,2,50,GO:0071467,cellular response to pH,1,,,,,,,
0,1,5,21,GO:0071468,cellular response to acidic pH,1,,,,,,,
0,1,5,6,GO:0071469,cellular response to alkaline pH,1,,,,,,,
0,0.225876568,2,87,GO:0071470,cellular response to osmotic stress,1,,,,,,,
0,1,2,29,GO:0071472,cellular response to salt stress,1,,,,,,,
0,0.134195892,4,49,GO:0071474,cellular hyperosmotic response,1,,,,,,,
0,1,2,16,GO:0071475,cellular hyperosmotic salinity response,1,,,,,,,
0,1,2,13,GO:0071476,cellular hypotonic response,1,,,,,,,
0,1,4,420,GO:0071478,cellular response to radiation,1,,,,,,,
0,1,2,143,GO:0071479,cellular response to ionizing radiation,1,,,,,,,
0,1,3,61,GO:0071480,cellular response to gamma radiation,1,,,,,,,
0,1,2,28,GO:0071481,cellular response to X-ray,1,,,,,,,
0,1,2,292,GO:0071482,cellular response to light stimulus,1,,,,,,,
0,1,6,15,GO:0071484,cellular response to light intensity,1,,,,,,,
0,1,3,11,GO:0071492,cellular response to UV-A,1,,,,,,,
0,1,7,19,GO:0071493,cellular response to UV-B,1,,,,,,,
0,1,7,11,GO:0071494,cellular response to UV-C,1,,,,,,,
0,0.502727549,2,911,GO:0071496,cellular response to external stimulus,1,,,,,,,
0,1,2,46,GO:0071498,cellular response to fluid shear stress,1,,,,,,,
0,1,2,14,GO:0071499,cellular response to laminar fluid shear stress,1,,,,,,,
0,1,3,9,GO:0071500,cellular response to nitrosative stress,1,,,,,,,
0,1,2,12,GO:0071502,cellular response to temperature stimulus,1,,,,,,,
0,1,2,21,GO:0071503;GO:0071504,response to heparin,1,,,,,,,
0,1,4,50,GO:0071514,genetic imprinting,1,,,,,,,
0,1,3,92,GO:0071526,semaphorin-plexin signaling pathway,1,,,,,,,
0,1,2,5,GO:0071529,cementum mineralization,1,,,,,,,
0,1,7,68,GO:0071539;GO:1905508,protein localization to microtubule organizing center,1,,,,,,,
0,1,2,109,GO:0071542,dopaminergic neuron differentiation,1,,,,,,,
0,0.113045356,2,196,GO:0071548,response to dexamethasone,1,,,,,,,
0,0.059861687,4,135,GO:0071549,cellular response to dexamethasone stimulus,1,,,,,,,
0,1,2,18,GO:0071550,death-inducing signaling complex assembly,1,,,,,,,
0,1,2,17,GO:0071557,histone H3-K27 demethylation,1,,,,,,,
0,0.145319651,3,449,GO:0071559;GO:0071560,response to transforming growth factor beta,1,,,,,,,
0,1,2,8,GO:0071569;GO:1990564,protein ufmylation,1,,,,,,,
0,1,4,13,GO:0071578,zinc ion import across plasma membrane,1,,,,,,,
0,1,2,9,GO:0071593,lymphocyte aggregation,1,,,,,,,
0,1,2,5,GO:0071596,ubiquitin-dependent protein catabolic process via the N-end rule pathway,1,,,,,,,
0,0.169157284,2,63,GO:0071599,otic vesicle development,1,,,,,,,
0,1,2,49,GO:0071600;GO:0030916,otic vesicle morphogenesis,1,,,,,,,
0,1,3,12,GO:0071603,endothelial cell-cell adhesion,1,,,,,,,
0,1,6,103,GO:0071622;GO:0090022;GO:1902622,regulation of granulocyte chemotaxis,1,,,,,,,
0,1,4,13,GO:0071623;GO:0090024;GO:1902623,negative regulation of neutrophil chemotaxis,1,,,,,,,
0,1,3,68,GO:0071624;GO:0090023;GO:1902624,positive regulation of neutrophil migration,1,,,,,,,
0,1,2,53,GO:0071625,vocalization behavior,1,,,,,,,
0,1,2,13,GO:0071630,nuclear protein quality control by the ubiquitin-proteasome system,1,,,,,,,
0,1,2,28,GO:0071632,optomotor response,1,,,,,,,
0,1,2,64,GO:0071634,regulation of transforming growth factor beta production,1,,,,,,,
0,1,4,20,GO:0071635,negative regulation of transforming growth factor beta production,1,,,,,,,
0,1,3,36,GO:0071636,positive regulation of transforming growth factor beta production,1,,,,,,,
0,1,3,30,GO:0071637,regulation of monocyte chemotactic protein-1 production,1,,,,,,,
0,1,5,10,GO:0071638,negative regulation of monocyte chemotactic protein-1 production,1,,,,,,,
0,1,2,20,GO:0071639,positive regulation of monocyte chemotactic protein-1 production,1,,,,,,,
0,1,3,9,GO:0071640;GO:0071642,regulation of macrophage inflammatory protein 1 alpha production,1,,,,,,,
0,1,3,20,GO:0071649,regulation of chemokine (C-C motif) ligand 5 production,1,,,,,,,
0,1,5,6,GO:0071650,negative regulation of chemokine (C-C motif) ligand 5 production,1,,,,,,,
0,1,2,14,GO:0071651,positive regulation of chemokine (C-C motif) ligand 5 production,1,,,,,,,
0,1,5,7,GO:0071670,smooth muscle cell chemotaxis,1,,,,,,,
0,1,2,16,GO:0071671,regulation of smooth muscle cell chemotaxis,1,,,,,,,
0,1,2,10,GO:0071672,negative regulation of smooth muscle cell chemotaxis,1,,,,,,,
0,1,6,7,GO:0071673,positive regulation of smooth muscle cell chemotaxis,1,,,,,,,
0,1,2,145,GO:0071674,mononuclear cell migration,1,,,,,,,
0,1,2,171,GO:0071675,regulation of mononuclear cell migration,1,,,,,,,
0,1,2,27,GO:0071676,negative regulation of mononuclear cell migration,1,,,,,,,
0,1,2,100,GO:0071677,positive regulation of mononuclear cell migration,1,,,,,,,
0,1,5,54,GO:0071679,commissural neuron axon guidance,1,,,,,,,
0,1,2,16,GO:0071680;GO:0071681,response to indole-3-methanol,1,,,,,,,
0,1,2,47,GO:0071684,organism emergence from protective structure,1,,,,,,,
0,1,2,17,GO:0071689,muscle thin filament assembly,1,,,,,,,
0,1,3,9,GO:0071694;GO:0035583,maintenance of protein location in extracellular region,1,,,,,,,
0,0.068114659,4,24,GO:0071698;GO:0030910;GO:0071699,olfactory placode development,1,,,,,,,
0,1,2,20,GO:0071706,tumor necrosis factor superfamily cytokine production,1,,,,,,,
0,1,3,112,GO:0071711,basement membrane organization,1,,,,,,,
0,1,2,28,GO:0071712,ER-associated misfolded protein catabolic process,1,,,,,,,
0,1,3,43,GO:0071715;GO:1901571,icosanoid transport,1,,,,,,,
0,1,2,5,GO:0071722,detoxification of arsenic-containing substance,1,,,,,,,
0,1,3,6,GO:0071728;GO:0071729,beak morphogenesis,1,,,,,,,
0,1,3,59,GO:0071731,response to nitric oxide,1,,,,,,,
0,1,6,10,GO:0071733;GO:0090202;GO:0090579,dsDNA loop formation,1,,,,,,,
0,1,2,39,GO:0071763,nuclear membrane organization,1,,,,,,,
0,1,4,13,GO:0071800,podosome assembly,1,,,,,,,
0,1,3,44,GO:0071801;GO:0071803,regulation of podosome assembly,1,,,,,,,
0,1,2,391,GO:0071824,protein-DNA complex subunit organization,1,,,,,,,
0,1,2,85,GO:0071827;GO:0071825,protein-lipid complex subunit organization,1,,,,,,,
0,1,5,8,GO:0071847,TNFSF11-mediated signaling pathway,1,,,,,,,
0,1,2,51,GO:0071850,mitotic cell cycle arrest,1,,,,,,,
0,1,2,14,GO:0071863;GO:0071864,regulation of cell proliferation in bone marrow,1,,,,,,,
0,1,7,9,GO:0071865;GO:0071866,regulation of apoptotic process in bone marrow cell,1,,,,,,,
0,1,5,123,GO:0071867;GO:0071868;GO:0071869;GO:0071870,response to monoamine,1,,,,,,,
0,1,2,47,GO:0071871;GO:0071872,response to epinephrine,1,,,,,,,
0,1,3,13,GO:0071873,response to norepinephrine,1,,,,,,,
0,1,2,7,GO:0071874,cellular response to norepinephrine stimulus,1,,,,,,,
0,1,4,53,GO:0071875;GO:0071880,adenylate cyclase-activating adrenergic receptor signaling pathway,1,,,,,,,
0,1,5,10,GO:0071878;GO:0140192;GO:0140199,negative regulation of adenylate cyclase-activating adrenergic receptor signaling pathway,1,,,,,,,
0,1,2,6,GO:0071879,positive regulation of adenylate cyclase-activating adrenergic receptor signaling pathway,1,,,,,,,
0,1,4,10,GO:0071881,adenylate cyclase-inhibiting adrenergic receptor signaling pathway,1,,,,,,,
0,1,5,45,GO:0071887,leukocyte apoptotic process,1,,,,,,,
0,1,2,7,GO:0071888,macrophage apoptotic process,1,,,,,,,
0,1,6,9,GO:0071895,odontoblast differentiation,1,,,,,,,
0,1,2,23,GO:0071896,protein localization to adherens junction,1,,,,,,,
0,1,2,211,GO:0071897,DNA biosynthetic process,1,,,,,,,
0,1,3,5,GO:0071898;GO:0071899,regulation of estrogen receptor binding,1,,,,,,,
0,0.974610504,2,1222,GO:0071900,regulation of protein serine/threonine kinase activity,1,,,,,,,
0,1,6,350,GO:0071901,negative regulation of protein serine/threonine kinase activity,1,,,,,,,
0,1,2,45,GO:0071907,determination of digestive tract left/right asymmetry,1,,,,,,,
0,1,4,7,GO:0071918,urea transmembrane transport,1,,,,,,,
0,1,4,22,GO:0071922;GO:1905634,regulation of protein localization to chromatin,1,,,,,,,
0,1,3,11,GO:0071923;GO:0120186,negative regulation of cohesin loading,1,,,,,,,
0,1,4,10,GO:0071931,positive regulation of transcription involved in G1/S transition of mitotic cell cycle,1,,,,,,,
0,1,2,6,GO:0071934,thiamine transmembrane transport,1,,,,,,,
0,1,2,18,GO:0071947,protein deubiquitination involved in ubiquitin-dependent protein catabolic process,1,,,,,,,
0,1,2,14,GO:0071965,multicellular organismal locomotion,1,,,,,,,
0,0.408266395,2,178,GO:0072002,Malpighian tubule development,1,,,,,,,
0,1,2,15,GO:0072003,kidney rudiment formation,1,,,,,,,
0,0.636215673,3,342,GO:0072006;GO:0072009,nephron development,1,,,,,,,
0,1,2,13,GO:0072007;GO:0072008;GO:0072143;GO:0072144,mesangial cell differentiation,1,,,,,,,
0,1,2,68,GO:0072010;GO:0072112;GO:0072311,glomerular epithelium development,1,,,,,,,
0,1,3,6,GO:0072011,glomerular endothelium development,1,,,,,,,
0,1,2,30,GO:0072014,proximal tubule development,1,,,,,,,
0,1,5,43,GO:0072015;GO:0072310,glomerular epithelial cell development,1,,,,,,,
0,1,2,45,GO:0072017,distal tubule development,1,,,,,,,
0,1,2,7,GO:0072019,proximal convoluted tubule development,1,,,,,,,
0,1,3,24,GO:0072021;GO:0072218;GO:0072236,metanephric loop of Henle development,1,,,,,,,
0,1,3,13,GO:0072023;GO:0072233,metanephric thick ascending limb development,1,,,,,,,
0,1,2,29,GO:0072025;GO:0072221;GO:0072235,metanephric distal tubule development,1,,,,,,,
0,1,2,15,GO:0072033,renal vesicle formation,1,,,,,,,
0,1,5,7,GO:0072034,renal vesicle induction,1,,,,,,,
0,1,2,7,GO:0072038,mesenchymal stem cell maintenance involved in nephron morphogenesis,1,,,,,,,
0,1,6,11,GO:0072039;GO:0072040;GO:1904673,regulation of mesenchymal cell apoptotic process involved in nephron morphogenesis,1,,,,,,,
0,1,2,25,GO:0072044,collecting duct development,1,,,,,,,
0,1,4,15,GO:0072047;GO:0072081,proximal/distal pattern formation involved in nephron development,1,,,,,,,
0,1,3,26,GO:0072049;GO:0072050,S-shaped body morphogenesis,1,,,,,,,
0,1,2,42,GO:0072070,loop of Henle development,1,,,,,,,
0,1,2,8,GO:0072071;GO:0072141,kidney interstitial fibroblast differentiation,1,,,,,,,
0,0.669274298,3,374,GO:0072073,kidney epithelium development,1,,,,,,,
0,0.123942786,2,45,GO:0072074;GO:0072075,kidney mesenchyme development,1,,,,,,,
0,1,4,7,GO:0072076;GO:0072134,nephrogenic mesenchyme development,1,,,,,,,
0,1,2,40,GO:0072077;GO:0072087;GO:0072283,renal vesicle development,1,,,,,,,
0,0.139277916,6,51,GO:0072079,nephron tubule formation,1,,,,,,,
0,1,3,9,GO:0072086,specification of loop of Henle identity,1,,,,,,,
0,1,5,309,GO:0072091,regulation of stem cell proliferation,1,,,,,,,
0,1,4,12,GO:0072092;GO:0072093,metanephric renal vesicle formation,1,,,,,,,
0,1,2,11,GO:0072098,anterior/posterior pattern specification involved in kidney development,1,,,,,,,
0,1,2,31,GO:0072102,glomerulus morphogenesis,1,,,,,,,
0,1,5,9,GO:0072108,positive regulation of mesenchymal to epithelial transition involved in metanephros morphogenesis,1,,,,,,,
0,1,5,16,GO:0072109,glomerular mesangium development,1,,,,,,,
0,1,4,10,GO:0072110,glomerular mesangial cell proliferation,1,,,,,,,
0,1,3,32,GO:0072111;GO:0072203,cell proliferation involved in kidney development,1,,,,,,,
0,1,2,14,GO:0072114,pronephros morphogenesis,1,,,,,,,
0,1,6,27,GO:0072124,regulation of glomerular mesangial cell proliferation,1,,,,,,,
0,1,2,10,GO:0072125;GO:0090194,negative regulation of glomerular mesangial cell proliferation,1,,,,,,,
0,1,2,17,GO:0072126,positive regulation of glomerular mesangial cell proliferation,1,,,,,,,
0,1,5,10,GO:0072131;GO:0072133,kidney mesenchyme morphogenesis,1,,,,,,,
0,1,2,123,GO:0072132,mesenchyme morphogenesis,1,,,,,,,
0,1,4,11,GO:0072135;GO:0072136,kidney mesenchymal cell proliferation,1,,,,,,,
0,1,2,6,GO:0072139,glomerular parietal epithelial cell differentiation,1,,,,,,,
0,1,4,68,GO:0072148,epithelial cell fate commitment,1,,,,,,,
0,1,4,11,GO:0072156,distal tubule morphogenesis,1,,,,,,,
0,1,3,13,GO:0072160,nephron tubule epithelial cell differentiation,1,,,,,,,
0,1,5,21,GO:0072161;GO:2001012,mesenchymal cell differentiation involved in renal system development,1,,,,,,,
0,1,3,15,GO:0072162,metanephric mesenchymal cell differentiation,1,,,,,,,
0,1,5,8,GO:0072166,posterior mesonephric tubule development,1,,,,,,,
0,1,4,66,GO:0072170;GO:0072234;GO:0072243,metanephric nephron epithelium development,1,,,,,,,
0,0.081717598,2,29,GO:0072172,mesonephric tubule formation,1,,,,,,,
0,1,3,32,GO:0072173;GO:0072282,metanephric tubule morphogenesis,1,,,,,,,
0,1,3,16,GO:0072174,metanephric tubule formation,1,,,,,,,
0,1,4,49,GO:0072176,nephric duct development,1,,,,,,,
0,1,2,27,GO:0072177,mesonephric duct development,1,,,,,,,
0,1,3,34,GO:0072178,nephric duct morphogenesis,1,,,,,,,
0,1,4,17,GO:0072179,nephric duct formation,1,,,,,,,
0,1,4,9,GO:0072180,mesonephric duct morphogenesis,1,,,,,,,
0,1,2,5,GO:0072181,mesonephric duct formation,1,,,,,,,
0,1,4,27,GO:0072182,regulation of nephron tubule epithelial cell differentiation,1,,,,,,,
0,1,2,7,GO:0072183,negative regulation of nephron tubule epithelial cell differentiation,1,,,,,,,
0,0.092458609,2,33,GO:0072189,ureter development,1,,,,,,,
0,1,3,8,GO:0072190,ureter urothelium development,1,,,,,,,
0,1,2,6,GO:0072194,kidney smooth muscle tissue development,1,,,,,,,
0,1,2,13,GO:0072197;GO:0072289,ureter morphogenesis,1,,,,,,,
0,0.037483838,6,13,GO:0072199;GO:2000729,regulation of mesenchymal cell proliferation involved in ureter development,1,,,,,,,
0,1,2,15,GO:0072201,negative regulation of mesenchymal cell proliferation,1,,,,,,,
0,1,5,44,GO:0072202,cell differentiation involved in metanephros development,1,,,,,,,
0,1,3,18,GO:0072205,metanephric collecting duct development,1,,,,,,,
0,1,4,71,GO:0072207,metanephric epithelium development,1,,,,,,,
0,1,2,86,GO:0072210,metanephric nephron development,1,,,,,,,
0,1,5,56,GO:0072215,regulation of metanephros development,1,,,,,,,
0,1,2,36,GO:0072216,positive regulation of metanephros development,1,,,,,,,
0,1,2,27,GO:0072217,negative regulation of metanephros development,1,,,,,,,
0,1,2,9,GO:0072223;GO:0072262;GO:2000491,positive regulation of hepatic stellate cell activation,1,,,,,,,
0,1,2,28,GO:0072224,metanephric glomerulus development,1,,,,,,,
0,1,3,9,GO:0072237,metanephric proximal tubule development,1,,,,,,,
0,1,2,17,GO:0072239,metanephric glomerulus vasculature development,1,,,,,,,
0,1,8,9,GO:0072244,metanephric glomerular epithelium development,1,,,,,,,
0,1,4,5,GO:0072248;GO:0072312,metanephric glomerular visceral epithelial cell differentiation,1,,,,,,,
0,1,2,6,GO:0072268,pattern specification involved in metanephros development,1,,,,,,,
0,1,4,7,GO:0072275;GO:0072276;GO:0072277,metanephric glomerulus morphogenesis,1,,,,,,,
0,1,4,15,GO:0072278;GO:0072284,metanephric S-shaped body morphogenesis,1,,,,,,,
0,1,2,5,GO:0072287,metanephric distal tubule morphogenesis,1,,,,,,,
0,1,5,17,GO:0072298,regulation of metanephric glomerulus development,1,,,,,,,
0,1,3,5,GO:0072299;GO:0072302;GO:2001074;GO:2001076,positive regulation of metanephric ureteric bud development,1,,,,,,,
0,1,6,12,GO:0072300,positive regulation of metanephric glomerulus development,1,,,,,,,
0,1,2,8,GO:0072301,regulation of metanephric glomerular mesangial cell proliferation,1,,,,,,,
0,1,2,13,GO:0072307,regulation of metanephric nephron tubule epithelial cell differentiation,1,,,,,,,
0,1,2,25,GO:0072319;GO:0016191;GO:0072318,vesicle uncoating,1,,,,,,,
0,1,2,24,GO:0072321,chaperone-mediated protein transport,1,,,,,,,
0,1,3,42,GO:0072325;GO:0072327,vulval cell fate commitment,1,,,,,,,
0,1,2,265,GO:0072331,signal transduction by p53 class mediator,1,,,,,,,
0,1,4,119,GO:0072332,intrinsic apoptotic signaling pathway by p53 class mediator,1,,,,,,,
0,1,2,7,GO:0072334,UDP-galactose transmembrane transport,1,,,,,,,
0,1,5,50,GO:0072337,modified amino acid transport,1,,,,,,,
0,1,5,5,GO:0072344,rescue of stalled ribosome,1,,,,,,,
0,0.659275586,4,364,GO:0072347,response to anesthetic,1,,,,,,,
0,0.200371326,4,76,GO:0072348,sulfur compound transport,1,,,,,,,
0,1,7,5,GO:0072355,histone H3-T3 phosphorylation,1,,,,,,,
0,1,2,6,GO:0072356,chromosome passenger complex localization to kinetochore,1,,,,,,,
0,0.537975308,4,2344,GO:0072359,circulatory system development,1,,,,,,,
0,1,-1,7,GO:0072361;GO:0098679,obsolete regulation of glycolytic process by regulation of transcription from RNA polymerase II promoter,1,,,,,,,
0,1,-1,5,GO:0072363,obsolete regulation of glycolytic process by positive regulation of transcription from RNA polymerase II promoter,1,,,,,,,
0,1,-1,9,GO:0072367,obsolete regulation of lipid transport by regulation of transcription from RNA polymerase II promoter,1,,,,,,,
0,1,-1,5,GO:0072369,obsolete regulation of lipid transport by positive regulation of transcription from RNA polymerase II promoter,1,,,,,,,
0,1,2,64,GO:0072375,medium-term memory,1,,,,,,,
0,1,2,91,GO:0072376,protein activation cascade,1,,,,,,,
0,1,2,22,GO:0072383;GO:0072386,plus-end-directed organelle transport along microtubule,1,,,,,,,
0,0.483591152,4,224,GO:0072384,organelle transport along microtubule,1,,,,,,,
0,1,5,12,GO:0072385,minus-end-directed organelle transport along microtubule,1,,,,,,,
0,1,2,7,GO:0072387,flavin adenine dinucleotide metabolic process,1,,,,,,,
0,1,2,31,GO:0072393,microtubule anchoring at microtubule organizing center,1,,,,,,,
0,1,6,9,GO:0072396;GO:0072402;GO:0072423,response to DNA damage checkpoint signaling,1,,,,,,,
0,1,4,21,GO:0072425,signal transduction involved in G2 DNA damage checkpoint,1,,,,,,,
0,1,2,5,GO:0072429,response to intra-S DNA damage checkpoint signaling,1,,,,,,,
0,1,2,77,GO:0072488,ammonium transmembrane transport,1,,,,,,,
0,1,2,99,GO:0072499,photoreceptor cell axon guidance,1,,,,,,,
0,1,2,77,GO:0072512;GO:0033572,trivalent inorganic cation transport,1,,,,,,,
0,1,3,50,GO:0072520,seminiferous tubule development,1,,,,,,,
0,1,3,20,GO:0072526,pyridine-containing compound catabolic process,1,,,,,,,
0,0.357207571,2,150,GO:0072527,pyrimidine-containing compound metabolic process,1,,,,,,,
0,1,2,85,GO:0072528,pyrimidine-containing compound biosynthetic process,1,,,,,,,
0,0.156834113,3,58,GO:0072529,pyrimidine-containing compound catabolic process,1,,,,,,,
0,1,2,28,GO:0072530,purine-containing compound transmembrane transport,1,,,,,,,
0,1,2,21,GO:0072531,pyrimidine-containing compound transmembrane transport,1,,,,,,,
0,1,2,10,GO:0072537,fibroblast activation,1,,,,,,,
0,1,2,17,GO:0072538;GO:0072539,T-helper 17 type immune response,1,,,,,,,
0,0.214384438,2,82,GO:0072553,terminal button organization,1,,,,,,,
0,1,4,9,GO:0072554,blood vessel lumenization,1,,,,,,,
0,1,3,8,GO:0072567,chemokine (C-X-C motif) ligand 2 production,1,,,,,,,
0,1,3,7,GO:0072574;GO:0072575,epithelial cell proliferation involved in liver morphogenesis,1,,,,,,,
0,1,3,21,GO:0072576,liver morphogenesis,1,,,,,,,
0,1,3,12,GO:0072577,endothelial cell apoptotic process,1,,,,,,,
0,1,5,54,GO:0072578,neurotransmitter-gated ion channel clustering,1,,,,,,,
0,1,2,98,GO:0072583,clathrin-dependent endocytosis,1,,,,,,,
0,1,5,7,GO:0072584,caveolin-mediated endocytosis,1,,,,,,,
0,1,3,5,GO:0072592,oxygen metabolic process,1,,,,,,,
0,0.427210573,2,189,GO:0072593,reactive oxygen species metabolic process,1,,,,,,,
0,0.911527418,5,813,GO:0072594,establishment of protein localization to organelle,1,,,,,,,
0,1,2,156,GO:0072655;GO:0070585,protein localization to mitochondrion,1,,,,,,,
0,1,2,12,GO:0072656,maintenance of protein location in mitochondrion,1,,,,,,,
0,0.965380206,5,1121,GO:0072657,protein localization to membrane,1,,,,,,,
0,1,2,7,GO:0072658;GO:0072660,maintenance of protein location in membrane,1,,,,,,,
0,0.850405477,2,639,GO:0072659;GO:1990778,protein localization to cell periphery,1,,,,,,,
0,0.278768903,2,111,GO:0072665,protein localization to vacuole,1,,,,,,,
0,1,2,9,GO:0072672,neutrophil extravasation,1,,,,,,,
0,1,2,17,GO:0072673,lamellipodium morphogenesis,1,,,,,,,
0,1,2,12,GO:0072674;GO:0072675,multinuclear osteoclast differentiation,1,,,,,,,
0,1,3,89,GO:0072676,lymphocyte migration,1,,,,,,,
0,1,2,45,GO:0072678,T cell migration,1,,,,,,,
0,1,2,7,GO:0072679,thymocyte migration,1,,,,,,,
0,1,3,6,GO:0072683,T cell extravasation,1,,,,,,,
0,1,6,35,GO:0072697,protein localization to cell cortex,1,,,,,,,
0,1,5,8,GO:0072708,response to sorbitol,1,,,,,,,
0,1,2,20,GO:0072710;GO:0072711,response to hydroxyurea,1,,,,,,,
0,1,3,12,GO:0072716;GO:0072717,response to actinomycin D,1,,,,,,,
0,1,2,18,GO:0072718,response to cisplatin,1,,,,,,,
0,1,2,5,GO:0072720,response to dithiothreitol,1,,,,,,,
0,1,3,10,GO:0072733;GO:0072734,response to staurosporine,1,,,,,,,
0,1,2,12,GO:0072741;GO:1905345,protein localization to cell division site,1,,,,,,,
0,1,3,5,GO:0072757,cellular response to camptothecin,1,,,,,,,
0,1,4,10,GO:0075044;GO:0075071,modulation by symbiont of host autophagy,1,,,,,,,
0,1,2,23,GO:0075522,IRES-dependent viral translational initiation,1,,,,,,,
0,1,2,9,GO:0075525,viral translational termination-reinitiation,1,,,,,,,
0,1,2,9,GO:0075713,establishment of integrated proviral latency,1,,,,,,,
0,1,7,28,GO:0080009,mRNA methylation,1,,,,,,,
0,1,2,6,GO:0080058,protein deglutathionylation,1,,,,,,,
0,0.059857582,7,21,GO:0080111,DNA demethylation,1,,,,,,,
0,0.699279778,2,1603,GO:0080135,regulation of cellular response to stress,1,,,,,,,
0,1,2,11,GO:0080144,amino acid homeostasis,1,,,,,,,
0,0.261547234,4,103,GO:0080154,regulation of fertilization,1,,,,,,,
0,0.103075536,2,37,GO:0080182,histone H3-K4 trimethylation,1,,,,,,,
0,1,3,22,GO:0080184,response to phenylpropanoid,1,,,,,,,
0,1,2,11,GO:0085020,protein K6-linked ubiquitination,1,,,,,,,
0,1,5,80,GO:0085029,extracellular matrix assembly,1,,,,,,,
0,1,2,146,GO:0086001,cardiac muscle cell action potential,1,,,,,,,
0,1,6,117,GO:0086002;GO:0086003,cardiac muscle cell contraction,1,,,,,,,
0,1,2,117,GO:0086004;GO:1903115,regulation of actin filament-based movement,1,,,,,,,
0,1,2,55,GO:0086005,ventricular cardiac muscle cell action potential,1,,,,,,,
0,1,3,46,GO:0086009;GO:0086011;GO:0086013;GO:0099622,membrane repolarization,1,,,,,,,
0,1,5,116,GO:0086010,membrane depolarization during action potential,1,,,,,,,
0,1,2,59,GO:0086012,membrane depolarization during cardiac muscle cell action potential,1,,,,,,,
0,1,4,39,GO:0086014;GO:0086026;GO:0086066,atrial cardiac muscle cell to AV node cell communication,1,,,,,,,
0,1,3,32,GO:0086015;GO:0086018;GO:0086070,SA node cell to atrial cardiac muscle cell communication,1,,,,,,,
0,1,2,17,GO:0086016;GO:0086027;GO:0086045,AV node cell action potential,1,,,,,,,
0,1,3,10,GO:0086017;GO:0086047,membrane depolarization during Purkinje myocyte cell action potential,1,,,,,,,
0,1,2,80,GO:0086019,cell-cell signaling involved in cardiac conduction,1,,,,,,,
0,1,5,8,GO:0086021;GO:0086053,AV node cell to bundle of His cell communication by electrical coupling,1,,,,,,,
0,1,2,12,GO:0086023,adenylate cyclase-activating adrenergic receptor signaling pathway involved in heart process,1,,,,,,,
0,1,2,10,GO:0086028;GO:0086043;GO:0086048,bundle of His cell to Purkinje myocyte signaling,1,,,,,,,
0,1,2,26,GO:0086029;GO:0086068,Purkinje myocyte to ventricular cardiac muscle cell communication,1,,,,,,,
0,1,4,26,GO:0086036,regulation of cardiac muscle cell membrane potential,1,,,,,,,
0,1,2,21,GO:0086042,cardiac muscle cell-cardiac muscle cell adhesion,1,,,,,,,
0,1,2,22,GO:0086046,membrane depolarization during SA node cell action potential,1,,,,,,,
0,1,2,123,GO:0086065,cell communication involved in cardiac conduction,1,,,,,,,
0,1,2,27,GO:0086067,AV node cell to bundle of His cell communication,1,,,,,,,
0,1,4,29,GO:0086069,bundle of His cell to Purkinje myocyte communication,1,,,,,,,
0,1,2,14,GO:0086073,bundle of His cell-Purkinje myocyte adhesion involved in cell communication,1,,,,,,,
0,1,2,102,GO:0086091,regulation of heart rate by cardiac conduction,1,,,,,,,
0,1,2,6,GO:0086098,angiotensin-activated signaling pathway involved in heart process,1,,,,,,,
0,1,3,5,GO:0086100,endothelin receptor signaling pathway,1,,,,,,,
0,1,2,20,GO:0086103,G protein-coupled receptor signaling pathway involved in heart process,1,,,,,,,
0,1,3,8,GO:0089700,protein kinase D signaling,1,,,,,,,
0,1,3,12,GO:0089709,L-histidine transmembrane transport,1,,,,,,,
0,1,2,38,GO:0089718,amino acid import across plasma membrane,1,,,,,,,
0,1,3,24,GO:0090009,primitive streak formation,1,,,,,,,
0,1,3,41,GO:0090025,regulation of monocyte chemotaxis,1,,,,,,,
0,1,7,27,GO:0090026,positive regulation of monocyte chemotaxis,1,,,,,,,
0,1,3,12,GO:0090027,negative regulation of monocyte chemotaxis,1,,,,,,,
0,1,4,52,GO:0090030,regulation of steroid hormone biosynthetic process,1,,,,,,,
0,1,2,29,GO:0090031,positive regulation of steroid hormone biosynthetic process,1,,,,,,,
0,0.174036601,2,65,GO:0090036,regulation of protein kinase C signaling,1,,,,,,,
0,1,4,26,GO:0090037,positive regulation of protein kinase C signaling,1,,,,,,,
0,1,4,33,GO:0090038,negative regulation of protein kinase C signaling,1,,,,,,,
0,1,3,18,GO:0090043,regulation of tubulin deacetylation,1,,,,,,,
0,1,2,20,GO:0090045,positive regulation of deacetylase activity,1,,,,,,,
0,1,2,94,GO:0090049,regulation of cell migration involved in sprouting angiogenesis,1,,,,,,,
0,1,2,50,GO:0090050,positive regulation of cell migration involved in sprouting angiogenesis,1,,,,,,,
0,1,5,39,GO:0090051,negative regulation of cell migration involved in sprouting angiogenesis,1,,,,,,,
0,1,2,16,GO:0090063,positive regulation of microtubule nucleation,1,,,,,,,
0,0.512669049,3,1949,GO:0090066,regulation of anatomical structure size,1,,,,,,,
0,0.874004276,3,696,GO:0090068,positive regulation of cell cycle process,1,,,,,,,
0,1,2,33,GO:0090069,regulation of ribosome biogenesis,1,,,,,,,
0,1,6,24,GO:0090070,positive regulation of ribosome biogenesis,1,,,,,,,
0,1,5,7,GO:0090071,negative regulation of ribosome biogenesis,1,,,,,,,
0,0.054312769,5,19,GO:0090073,positive regulation of protein homodimerization activity,1,,,,,,,
0,1,5,13,GO:0090074,negative regulation of protein homodimerization activity,1,,,,,,,
0,1,2,59,GO:0090075,relaxation of muscle,1,,,,,,,
0,1,2,5,GO:0090076,relaxation of skeletal muscle,1,,,,,,,
0,1,2,11,GO:0090080,positive regulation of MAPKKK cascade by fibroblast growth factor receptor signaling pathway,1,,,,,,,
0,1,5,6,GO:0090081;GO:0090082,positive regulation of heart induction by negative regulation of canonical Wnt signaling pathway,1,,,,,,,
0,1,5,37,GO:0090083,regulation of inclusion body assembly,1,,,,,,,
0,1,2,20,GO:0090084,negative regulation of inclusion body assembly,1,,,,,,,
0,0.151854461,2,56,GO:0090085,regulation of protein deubiquitination,1,,,,,,,
0,1,2,24,GO:0090091,positive regulation of extracellular matrix disassembly,1,,,,,,,
0,0.309051961,5,664,GO:0090092,regulation of transmembrane receptor protein serine/threonine kinase signaling pathway,1,,,,,,,
0,0.065561002,3,315,GO:0090100,positive regulation of transmembrane receptor protein serine/threonine kinase signaling pathway,1,,,,,,,
0,1,2,316,GO:0090101,negative regulation of transmembrane receptor protein serine/threonine kinase signaling pathway,1,,,,,,,
0,0.316080858,3,129,GO:0090102,cochlea development,1,,,,,,,
0,0.174036601,4,65,GO:0090103,cochlea morphogenesis,1,,,,,,,
0,1,2,7,GO:0090107,regulation of high-density lipoprotein particle assembly,1,,,,,,,
0,1,3,28,GO:0090110,COPII-coated vesicle cargo loading,1,,,,,,,
0,1,2,9,GO:0090118,receptor-mediated endocytosis involved in cholesterol transport,1,,,,,,,
0,1,2,5,GO:0090119,vesicle-mediated cholesterol transport,1,,,,,,,
0,1,2,47,GO:0090128;GO:0090129,regulation of synapse maturation,1,,,,,,,
0,1,3,11,GO:0090131,mesenchyme migration,1,,,,,,,
0,1,2,55,GO:0090136,epithelial cell-cell adhesion,1,,,,,,,
0,1,3,47,GO:0090140,regulation of mitochondrial fission,1,,,,,,,
0,1,2,33,GO:0090141,positive regulation of mitochondrial fission,1,,,,,,,
0,1,2,27,GO:0090148,membrane fission,1,,,,,,,
0,1,4,5,GO:0090149,mitochondrial membrane fission,1,,,,,,,
0,1,5,462,GO:0090150,establishment of protein localization to membrane,1,,,,,,,
0,1,2,50,GO:0090151;GO:0051204,establishment of protein localization to mitochondrial membrane,1,,,,,,,
0,1,3,35,GO:0090153;GO:1905038;GO:2000303,regulation of sphingolipid biosynthetic process,1,,,,,,,
0,1,3,23,GO:0090154;GO:2000304,positive regulation of sphingolipid biosynthetic process,1,,,,,,,
0,1,4,9,GO:0090155;GO:0090156,negative regulation of sphingolipid biosynthetic process,1,,,,,,,
0,1,3,17,GO:0090160,Golgi to lysosome transport,1,,,,,,,
0,1,2,24,GO:0090161,Golgi ribbon formation,1,,,,,,,
0,1,4,151,GO:0090162,establishment of epithelial cell polarity,1,,,,,,,
0,1,2,23,GO:0090163,establishment of epithelial cell planar polarity,1,,,,,,,
0,1,3,8,GO:0090164,asymmetric Golgi ribbon formation,1,,,,,,,
0,1,2,13,GO:0090166,Golgi disassembly,1,,,,,,,
0,1,2,7,GO:0090168,Golgi reassembly,1,,,,,,,
0,1,3,65,GO:0090169,regulation of spindle assembly,1,,,,,,,
0,1,7,7,GO:0090170,regulation of Golgi inheritance,1,,,,,,,
0,0.075232058,2,334,GO:0090174;GO:0048284;GO:0006906,organelle fusion,1,,,,,,,
0,1,6,213,GO:0090175,regulation of establishment of planar polarity,1,,,,,,,
0,1,3,22,GO:0090176,microtubule cytoskeleton organization involved in establishment of planar polarity,1,,,,,,,
0,1,2,6,GO:0090177,establishment of planar polarity involved in neural tube closure,1,,,,,,,
0,1,2,38,GO:0090178;GO:0090179,regulation of establishment of planar polarity involved in neural tube closure,1,,,,,,,
0,0.324109905,4,133,GO:0090183;GO:0090184,regulation of kidney development,1,,,,,,,
0,0.129084239,5,47,GO:0090185,negative regulation of kidney development,1,,,,,,,
0,1,4,20,GO:0090186;GO:0090188,regulation of pancreatic juice secretion,1,,,,,,,
0,1,2,5,GO:0090187,positive regulation of pancreatic juice secretion,1,,,,,,,
0,1,5,40,GO:0090192;GO:0090193,regulation of glomerulus development,1,,,,,,,
0,1,7,83,GO:0090199,regulation of release of cytochrome c from mitochondria,1,,,,,,,
0,1,2,40,GO:0090200,positive regulation of release of cytochrome c from mitochondria,1,,,,,,,
0,1,2,45,GO:0090201,negative regulation of release of cytochrome c from mitochondria,1,,,,,,,
0,1,2,9,GO:0090204,protein localization to nuclear pore,1,,,,,,,
0,1,2,123,GO:0090207,regulation of triglyceride metabolic process,1,,,,,,,
0,1,6,58,GO:0090208,positive regulation of triglyceride metabolic process,1,,,,,,,
0,1,2,37,GO:0090209,negative regulation of triglyceride metabolic process,1,,,,,,,
0,1,3,5,GO:0090210,regulation of establishment of blood-brain barrier,1,,,,,,,
0,1,4,8,GO:0090215;GO:0090217,negative regulation of 1-phosphatidylinositol-4-phosphate 5-kinase activity,1,,,,,,,
0,1,2,22,GO:0090219,negative regulation of lipid kinase activity,1,,,,,,,
0,1,2,139,GO:0090224;GO:0060236,regulation of spindle organization,1,,,,,,,
0,1,2,9,GO:0090230;GO:0090234,regulation of centromere complex assembly,1,,,,,,,
0,1,3,27,GO:0090231;GO:0090266;GO:1903504,regulation of spindle checkpoint,1,,,,,,,
0,1,2,13,GO:0090232;GO:1901978;GO:0090267,positive regulation of cell cycle checkpoint,1,,,,,,,
0,1,2,14,GO:0090235,regulation of metaphase plate congression,1,,,,,,,
0,1,2,17,GO:0090237,regulation of arachidonic acid secretion,1,,,,,,,
0,1,4,12,GO:0090238,positive regulation of arachidonic acid secretion,1,,,,,,,
0,1,8,31,GO:0090239,regulation of histone H4 acetylation,1,,,,,,,
0,1,2,12,GO:0090240,positive regulation of histone H4 acetylation,1,,,,,,,
0,1,6,16,GO:0090241;GO:2000619,negative regulation of histone H4 acetylation,1,,,,,,,
0,1,3,6,GO:0090242,retinoic acid receptor signaling pathway involved in somitogenesis,1,,,,,,,
0,1,5,18,GO:0090244,Wnt signaling pathway involved in somitogenesis,1,,,,,,,
0,1,3,12,GO:0090245,axis elongation involved in somitogenesis,1,,,,,,,
0,1,2,5,GO:0090249,regulation of cell migration involved in somitogenic axis elongation,1,,,,,,,
0,1,2,23,GO:0090251,protein localization involved in establishment of planar polarity,1,,,,,,,
0,1,2,33,GO:0090254,cell elongation involved in imaginal disc-derived wing morphogenesis,1,,,,,,,
0,1,2,6,GO:0090256,regulation of cell proliferation involved in imaginal disc-derived wing morphogenesis,1,,,,,,,
0,1,3,9,GO:0090258,negative regulation of mitochondrial fission,1,,,,,,,
0,1,3,24,GO:0090259,regulation of retinal ganglion cell axon guidance,1,,,,,,,
0,1,2,11,GO:0090260,negative regulation of retinal ganglion cell axon guidance,1,,,,,,,
0,1,6,15,GO:0090261,positive regulation of inclusion body assembly,1,,,,,,,
0,1,2,23,GO:0090270,regulation of fibroblast growth factor production,1,,,,,,,
0,1,4,10,GO:0090271,positive regulation of fibroblast growth factor production,1,,,,,,,
0,1,3,10,GO:0090272,negative regulation of fibroblast growth factor production,1,,,,,,,
0,1,2,18,GO:0090273;GO:0090274,regulation of somatostatin secretion,1,,,,,,,
0,1,5,7,GO:0090275,negative regulation of somatostatin secretion,1,,,,,,,
0,1,2,289,GO:0090277,positive regulation of peptide hormone secretion,1,,,,,,,
0,1,3,163,GO:0090278,negative regulation of peptide hormone secretion,1,,,,,,,
0,1,3,72,GO:0090279,regulation of calcium ion import,1,,,,,,,
0,1,7,47,GO:0090280,positive regulation of calcium ion import,1,,,,,,,
0,1,4,11,GO:0090281,negative regulation of calcium ion import,1,,,,,,,
0,1,2,6,GO:0090283,regulation of protein glycosylation in Golgi,1,,,,,,,
0,1,-1,8,GO:0090286;GO:0043578;GO:0090292,obsolete cytoskeletal anchoring at nuclear membrane,1,,,,,,,
0,0.916729095,4,833,GO:0090287,regulation of cellular response to growth factor stimulus,1,,,,,,,
0,1,2,407,GO:0090288,negative regulation of cellular response to growth factor stimulus,1,,,,,,,
0,1,2,5,GO:0090289,regulation of osteoclast proliferation,1,,,,,,,
0,1,6,9,GO:0090296,regulation of mitochondrial DNA replication,1,,,,,,,
0,1,2,8,GO:0090297;GO:1901860,positive regulation of mitochondrial DNA metabolic process,1,,,,,,,
0,1,2,177,GO:0090303,positive regulation of wound healing,1,,,,,,,
0,1,4,399,GO:0090305,nucleic acid phosphodiester bond hydrolysis,1,,,,,,,
0,1,5,61,GO:0090306,spindle assembly involved in meiosis,1,,,,,,,
0,1,3,117,GO:0090307,mitotic spindle assembly,1,,,,,,,
0,1,2,25,GO:0090308,regulation of DNA methylation-dependent heterochromatin assembly,1,,,,,,,
0,1,2,18,GO:0090309,positive regulation of DNA methylation-dependent heterochromatin assembly,1,,,,,,,
0,1,2,107,GO:0090311,regulation of protein deacetylation,1,,,,,,,
0,1,4,81,GO:0090313;GO:0090314,regulation of protein targeting to membrane,1,,,,,,,
0,1,2,9,GO:0090315,negative regulation of protein targeting to membrane,1,,,,,,,
0,1,4,386,GO:0090316,positive regulation of intracellular protein transport,1,,,,,,,
0,0.059861687,3,135,GO:0090317,negative regulation of intracellular protein transport,1,,,,,,,
0,0.176465637,2,66,GO:0090322,regulation of superoxide metabolic process,1,,,,,,,
0,1,3,16,GO:0090324,negative regulation of oxidative phosphorylation,1,,,,,,,
0,1,2,67,GO:0090325,regulation of locomotion involved in locomotory behavior,1,,,,,,,
0,1,3,33,GO:0090326,positive regulation of locomotion involved in locomotory behavior,1,,,,,,,
0,1,5,10,GO:0090327,negative regulation of locomotion involved in locomotory behavior,1,,,,,,,
0,1,2,38,GO:0090328,regulation of olfactory learning,1,,,,,,,
0,1,2,127,GO:0090329,regulation of DNA-dependent DNA replication,1,,,,,,,
0,1,3,54,GO:0090330;GO:0034111;GO:0090331,regulation of platelet aggregation,1,,,,,,,
0,1,6,41,GO:0090335;GO:0090336,regulation of brown fat cell differentiation,1,,,,,,,
0,1,4,75,GO:0090342,regulation of cell aging,1,,,,,,,
0,1,2,22,GO:0090343,positive regulation of cell aging,1,,,,,,,
0,1,2,39,GO:0090344,negative regulation of cell aging,1,,,,,,,
0,1,2,6,GO:0090361,regulation of platelet-derived growth factor production,1,,,,,,,
0,1,6,8,GO:0090364,regulation of proteasome assembly,1,,,,,,,
0,1,3,10,GO:0090365;GO:0090367,regulation of mRNA modification,1,,,,,,,
0,1,3,14,GO:0090370,negative regulation of cholesterol efflux,1,,,,,,,
0,1,2,22,GO:0090381;GO:1901321,regulation of heart induction,1,,,,,,,
0,1,2,70,GO:0090382,phagosome maturation,1,,,,,,,
0,1,8,11,GO:0090383,phagosome acidification,1,,,,,,,
0,1,5,27,GO:0090385,phagosome-lysosome fusion,1,,,,,,,
0,1,2,42,GO:0090386,phagosome maturation involved in apoptotic cell clearance,1,,,,,,,
0,1,2,26,GO:0090387,phagolysosome assembly involved in apoptotic cell clearance,1,,,,,,,
0,1,2,15,GO:0090389,phagosome-lysosome fusion involved in apoptotic cell clearance,1,,,,,,,
0,1,3,30,GO:0090394,negative regulation of excitatory postsynaptic potential,1,,,,,,,
0,1,2,79,GO:0090398,cellular senescence,1,,,,,,,
0,1,2,21,GO:0090399,replicative senescence,1,,,,,,,
0,1,4,20,GO:0090400,stress-induced premature senescence,1,,,,,,,
0,1,2,10,GO:0090403,oxidative stress-induced premature senescence,1,,,,,,,
0,1,5,12,GO:0090427,activation of meiosis,1,,,,,,,
0,1,4,30,GO:0090435,protein localization to nuclear envelope,1,,,,,,,
0,1,2,6,GO:0090472,dibasic protein processing,1,,,,,,,
0,1,2,5,GO:0090480,purine nucleotide-sugar transmembrane transport,1,,,,,,,
0,1,2,216,GO:0090501,RNA phosphodiester bond hydrolysis,1,,,,,,,
0,1,3,6,GO:0090521,glomerular visceral epithelial cell migration,1,,,,,,,
0,1,2,48,GO:0090522;GO:0099022,vesicle tethering,1,,,,,,,
0,1,4,30,GO:0090527,actin filament reorganization,1,,,,,,,
0,1,3,28,GO:0090557,establishment of endothelial intestinal barrier,1,,,,,,,
0,1,5,6,GO:0090597,nematode male tail mating organ morphogenesis,1,,,,,,,
0,1,3,244,GO:0090598,male anatomical structure morphogenesis,1,,,,,,,
0,1,2,10,GO:0090611,ubiquitin-independent protein catabolic process via the multivesicular body sorting pathway,1,,,,,,,
0,1,2,12,GO:0090615,mitochondrial mRNA processing,1,,,,,,,
0,1,4,8,GO:0090616;GO:0097222,mitochondrial mRNA polyadenylation,1,,,,,,,
0,0.524718832,2,252,GO:0090630,activation of GTPase activity,1,,,,,,,
0,1,2,21,GO:0090646,mitochondrial tRNA processing,1,,,,,,,
0,1,3,17,GO:0090647,modulation of age-related behavioral decline,1,,,,,,,
0,1,4,19,GO:0090649;GO:0090650,cellular response to oxygen-glucose deprivation,1,,,,,,,
0,1,4,11,GO:0090666;GO:0090670;GO:0090685;GO:1904874,RNA localization to nucleus,1,,,,,,,
0,1,2,9,GO:0090669,telomerase RNA stabilization,1,,,,,,,
0,1,2,20,GO:0090676,calcium ion transmembrane transport via low voltage-gated calcium channel,1,,,,,,,
0,1,3,22,GO:0090727,positive regulation of brood size,1,,,,,,,
0,1,4,21,GO:0093002;GO:1901244;GO:1902097,obsolete positive regulation of transcription from RNA polymerase II promoter involved in defense response to fungus,1,,,,,,,
0,1,3,119,GO:0097006,regulation of plasma lipoprotein particle levels,1,,,,,,,
0,1,2,88,GO:0097009,energy homeostasis,1,,,,,,,
0,1,5,6,GO:0097010,eukaryotic translation initiation factor 4F complex assembly,1,,,,,,,
0,1,6,25,GO:0097011;GO:0097012,response to granulocyte macrophage colony-stimulating factor,1,,,,,,,
0,1,2,5,GO:0097017,renal protein absorption,1,,,,,,,
0,1,2,63,GO:0097028,dendritic cell differentiation,1,,,,,,,
0,1,3,11,GO:0097029,mature conventional dendritic cell differentiation,1,,,,,,,
0,1,2,12,GO:0097039,protein linear polyubiquitination,1,,,,,,,
0,1,2,8,GO:0097049,motor neuron apoptotic process,1,,,,,,,
0,1,3,17,GO:0097050,type B pancreatic cell apoptotic process,1,,,,,,,
0,1,2,5,GO:0097051,establishment of protein localization to endoplasmic reticulum membrane,1,,,,,,,
0,1,3,143,GO:0097061;GO:0106027,neuron projection organization,1,,,,,,,
0,1,2,23,GO:0097062,dendritic spine maintenance,1,,,,,,,
0,1,2,16,GO:0097064,ncRNA export from nucleus,1,,,,,,,
0,0.283011976,4,113,GO:0097066,response to thyroid hormone,1,,,,,,,
0,0.161784892,2,60,GO:0097067,cellular response to thyroid hormone stimulus,1,,,,,,,
0,1,2,27,GO:0097068;GO:1904386,response to L-phenylalanine derivative,1,,,,,,,
0,1,2,9,GO:0097069;GO:1904387,cellular response to L-phenylalanine derivative,1,,,,,,,
0,1,2,11,GO:0097070,ductus arteriosus closure,1,,,,,,,
0,1,5,26,GO:0097084,vascular associated smooth muscle cell development,1,,,,,,,
0,1,3,12,GO:0097089,methyl-branched fatty acid metabolic process,1,,,,,,,
0,1,2,78,GO:0097090;GO:0097105;GO:0099054,presynaptic membrane organization,1,,,,,,,
0,1,2,14,GO:0097091,synaptic vesicle clustering,1,,,,,,,
0,0.13164378,2,48,GO:0097094,craniofacial suture morphogenesis,1,,,,,,,
0,1,2,9,GO:0097101,blood vessel endothelial cell fate specification,1,,,,,,,
0,1,2,6,GO:0097102,endothelial tip cell fate specification,1,,,,,,,
0,1,4,50,GO:0097106;GO:0099084,postsynaptic density organization,1,,,,,,,
0,1,4,26,GO:0097107;GO:0098698;GO:1904861,excitatory synapse assembly,1,,,,,,,
0,1,6,18,GO:0097112,gamma-aminobutyric acid receptor clustering,1,,,,,,,
0,1,2,21,GO:0097113,AMPA glutamate receptor clustering,1,,,,,,,
0,1,2,16,GO:0097114,NMDA glutamate receptor clustering,1,,,,,,,
0,1,5,10,GO:0097116,gephyrin clustering involved in postsynaptic density assembly,1,,,,,,,
0,1,2,8,GO:0097117,guanylate kinase-associated protein clustering,1,,,,,,,
0,1,2,19,GO:0097118,neuroligin clustering involved in postsynaptic membrane assembly,1,,,,,,,
0,1,6,18,GO:0097119,postsynaptic density protein 95 clustering,1,,,,,,,
0,1,5,92,GO:0097120,receptor localization to synapse,1,,,,,,,
0,1,2,77,GO:0097150,neuronal stem cell population maintenance,1,,,,,,,
0,1,2,30,GO:0097151;GO:0098828,modulation of inhibitory postsynaptic potential,1,,,,,,,
0,1,5,51,GO:0097154,GABAergic neuron differentiation,1,,,,,,,
0,1,2,9,GO:0097155,fasciculation of sensory neuron axon,1,,,,,,,
0,1,2,30,GO:0097156,fasciculation of motor neuron axon,1,,,,,,,
0,0.094583336,3,369,GO:0097164,ammonium ion metabolic process,1,,,,,,,
0,1,2,12,GO:0097167,circadian regulation of translation,1,,,,,,,
0,1,2,5,GO:0097176,epoxide metabolic process,1,,,,,,,
0,1,2,27,GO:0097178,ruffle assembly,1,,,,,,,
0,1,3,40,GO:0097186,amelogenesis,1,,,,,,,
0,1,3,11,GO:0097187,dentinogenesis,1,,,,,,,
0,1,2,631,GO:0097190,apoptotic signaling pathway,1,,,,,,,
0,1,3,204,GO:0097191,extrinsic apoptotic signaling pathway,1,,,,,,,
0,1,3,363,GO:0097193,intrinsic apoptotic signaling pathway,1,,,,,,,
0,1,2,115,GO:0097194,execution phase of apoptosis,1,,,,,,,
0,1,2,9,GO:0097195,pilomotor reflex,1,,,,,,,
0,0.095124418,7,34,GO:0097201,negative regulation of transcription from RNA polymerase II promoter in response to stress,1,,,,,,,
0,1,6,28,GO:0097202,activation of cysteine-type endopeptidase activity,1,,,,,,,
0,1,4,59,GO:0097205,renal filtration,1,,,,,,,
0,1,2,26,GO:0097206,nephrocyte filtration,1,,,,,,,
0,1,2,19,GO:0097210;GO:0097211,response to gonadotropin-releasing hormone,1,,,,,,,
0,1,4,7,GO:0097212;GO:0097213,regulation of lysosomal membrane permeability,1,,,,,,,
0,1,4,5,GO:0097214;GO:1904592;GO:1904764;GO:1990832,chaperone-mediated autophagy translocation complex disassembly,1,,,,,,,
0,0.681840536,2,387,GO:0097237,cellular response to toxic substance,1,,,,,,,
0,1,4,12,GO:0097240,chromosome attachment to the nuclear envelope,1,,,,,,,
0,1,2,31,GO:0097242,amyloid-beta clearance,1,,,,,,,
0,1,2,5,GO:0097252,oligodendrocyte apoptotic process,1,,,,,,,
0,1,3,19,GO:0097264,self proteolysis,1,,,,,,,
0,1,2,14,GO:0097267,omega-hydroxylase P450 pathway,1,,,,,,,
0,1,2,5,GO:0097272,ammonium homeostasis,1,,,,,,,
0,1,2,31,GO:0097284,hepatocyte apoptotic process,1,,,,,,,
0,1,8,10,GO:0097296;GO:2001269,activation of cysteine-type endopeptidase activity involved in apoptotic signaling pathway,1,,,,,,,
0,1,2,6,GO:0097298,regulation of nucleus size,1,,,,,,,
0,1,2,55,GO:0097300,programmed necrotic cell death,1,,,,,,,
0,0.545993462,2,971,GO:0097305,response to alcohol,1,,,,,,,
0,1,2,275,GO:0097306,cellular response to alcohol,1,,,,,,,
0,1,2,61,GO:0097320,plasma membrane tubulation,1,,,,,,,
0,1,2,12,GO:0097324,melanocyte migration,1,,,,,,,
0,0.269831041,4,346,GO:0097327,response to antineoplastic agent,1,,,,,,,
0,1,2,25,GO:0097329,response to antimetabolite,1,,,,,,,
0,1,4,18,GO:0097332;GO:0097338,response to antipsychotic drug,1,,,,,,,
0,1,7,31,GO:0097340;GO:0097341,zymogen inhibition,1,,,,,,,
0,1,3,21,GO:0097345;GO:1902110,positive regulation of mitochondrial membrane permeability involved in apoptotic process,1,,,,,,,
0,1,2,11,GO:0097350,neutrophil clearance,1,,,,,,,
0,0.207408464,2,79,GO:0097352,autophagosome maturation,1,,,,,,,
0,1,2,11,GO:0097359,UDP-glucosylation,1,,,,,,,
0,1,4,169,GO:0097366,response to bronchodilator,1,,,,,,,
0,1,2,18,GO:0097368,establishment of Sertoli cell barrier,1,,,,,,,
0,1,4,55,GO:0097374,sensory neuron axon guidance,1,,,,,,,
0,1,3,26,GO:0097376,interneuron axon guidance,1,,,,,,,
0,1,6,6,GO:0097377;GO:0097378,dorsal spinal cord interneuron axon guidance,1,,,,,,,
0,1,3,11,GO:0097396;GO:0097398,response to interleukin-17,1,,,,,,,
0,1,2,8,GO:0097400,interleukin-17-mediated signaling pathway,1,,,,,,,
0,1,3,22,GO:0097402,neuroblast migration,1,,,,,,,
0,1,2,7,GO:0097411,hypoxia-inducible factor-1alpha signaling pathway,1,,,,,,,
0,1,2,106,GO:0097421,liver regeneration,1,,,,,,,
0,1,5,12,GO:0097428,protein maturation by iron-sulfur cluster transfer,1,,,,,,,
0,1,2,12,GO:0097466,ubiquitin-dependent glycoprotein ERAD pathway,1,,,,,,,
0,1,2,27,GO:0097475,motor neuron migration,1,,,,,,,
0,1,3,9,GO:0097476;GO:0097477,spinal cord motor neuron migration,1,,,,,,,
0,1,2,30,GO:0097484,dendrite extension,1,,,,,,,
0,1,4,6,GO:0097498,endothelial tube lumen extension,1,,,,,,,
0,1,6,36,GO:0097499,protein localization to non-motile cilium,1,,,,,,,
0,0.123942786,3,45,GO:0097501,stress response to metal ion,1,,,,,,,
0,1,2,48,GO:0097502,mannosylation,1,,,,,,,
0,0.116174358,5,42,GO:0097503,sialylation,1,,,,,,,
0,1,2,13,GO:0097527,necroptotic signaling pathway,1,,,,,,,
0,1,2,182,GO:0097529,myeloid leukocyte migration,1,,,,,,,
0,1,3,130,GO:0097530,granulocyte migration,1,,,,,,,
0,1,3,8,GO:0097532;GO:0097533,cellular stress response to acid chemical,1,,,,,,,
0,1,4,5,GO:0097534;GO:0097535,lymphoid lineage cell migration,1,,,,,,,
0,1,2,11,GO:0097623,potassium ion export across plasma membrane,1,,,,,,,
0,1,4,12,GO:0097628,distal tip cell migration,1,,,,,,,
0,1,2,21,GO:0097646;GO:0097647,calcitonin family receptor signaling pathway,1,,,,,,,
0,1,2,7,GO:0097681,double-strand break repair via alternative nonhomologous end joining,1,,,,,,,
0,1,6,32,GO:0097688,glutamate receptor clustering,1,,,,,,,
0,1,2,176,GO:0097711,ciliary basal body-plasma membrane docking,1,,,,,,,
0,1,2,33,GO:0097720;GO:0033173,calcineurin-mediated signaling,1,,,,,,,
0,1,3,37,GO:0097734;GO:0140112;GO:1990182,extracellular vesicle biogenesis,1,,,,,,,
0,1,3,5,GO:0097742;GO:0098535,de novo centriole assembly involved in multi-ciliated epithelial cell differentiation,1,,,,,,,
0,1,5,13,GO:0097749,membrane tubulation,1,,,,,,,
0,1,3,18,GO:0097753,membrane bending,1,,,,,,,
0,1,-1,162,GO:0097755,obsolete positive regulation of blood vessel diameter,1,,,,,,,
0,1,-1,87,GO:0097756,obsolete negative regulation of blood vessel diameter,1,,,,,,,
0,1,4,7,GO:0098501,polynucleotide dephosphorylation,1,,,,,,,
0,1,4,5,GO:0098508,endothelial to hematopoietic transition,1,,,,,,,
0,1,8,18,GO:0098532,histone H3-K27 trimethylation,1,,,,,,,
0,0.677027299,2,1557,GO:0098542,defense response to other organism,1,,,,,,,
0,1,2,7,GO:0098582,innate vocalization behavior,1,,,,,,,
0,1,3,97,GO:0098586,cellular response to virus,1,,,,,,,
0,1,3,917,GO:0098609,cell-cell adhesion,1,,,,,,,
0,0.949423156,3,997,GO:0098656,anion transmembrane transport,1,,,,,,,
0,1,4,103,GO:0098659;GO:0099587,inorganic ion import across plasma membrane,1,,,,,,,
0,1,2,32,GO:0098664,G protein-coupled serotonin receptor signaling pathway,1,,,,,,,
0,1,2,225,GO:0098693,regulation of synaptic vesicle cycle,1,,,,,,,
0,1,2,20,GO:0098700,neurotransmitter loading into synaptic vesicle,1,,,,,,,
0,1,2,18,GO:0098703;GO:1902656,calcium ion import across plasma membrane,1,,,,,,,
0,1,2,9,GO:0098706,iron ion import across cell outer membrane,1,,,,,,,
0,1,2,13,GO:0098711,iron ion import across plasma membrane,1,,,,,,,
0,1,3,17,GO:0098712,L-glutamate import across plasma membrane,1,,,,,,,
0,1,3,9,GO:0098713;GO:1903801,leucine import across plasma membrane,1,,,,,,,
0,1,2,35,GO:0098719,sodium ion import across plasma membrane,1,,,,,,,
0,1,4,5,GO:0098724,symmetric stem cell division,1,,,,,,,
0,1,2,15,GO:0098725,symmetric cell division,1,,,,,,,
0,1,6,20,GO:0098735,positive regulation of the force of heart contraction,1,,,,,,,
0,1,2,155,GO:0098739,import across plasma membrane,1,,,,,,,
0,1,4,456,GO:0098742,cell-cell adhesion via plasma-membrane adhesion molecules,1,,,,,,,
0,1,2,60,GO:0098751,bone cell development,1,,,,,,,
0,0.360994612,1,152,GO:0098754;GO:0098869;GO:1990748,detoxification,1,,,,,,,
0,1,6,26,GO:0098779;GO:1901526;GO:1904925;GO:1904923,regulation of autophagy of mitochondrion in response to mitochondrial depolarization,1,,,,,,,
0,1,2,45,GO:0098780,response to mitochondrial depolarisation,1,,,,,,,
0,0.401225299,3,174,GO:0098781,ncRNA transcription,1,,,,,,,
0,1,2,26,GO:0098787;GO:0098789,mRNA cleavage involved in mRNA processing,1,,,,,,,
0,1,3,9,GO:0098792,xenophagy,1,,,,,,,
0,1,5,112,GO:0098801,regulation of renal system process,1,,,,,,,
0,0.037483838,2,13,GO:0098810,neurotransmitter reuptake,1,,,,,,,
0,1,3,134,GO:0098815,modulation of excitatory postsynaptic potential,1,,,,,,,
0,1,2,75,GO:0098868;GO:0003416;GO:0003417,bone growth,1,,,,,,,
0,1,2,165,GO:0098876,vesicle-mediated transport to the plasma membrane,1,,,,,,,
0,1,2,39,GO:0098877;GO:0098969;GO:1903540;GO:0099632,protein transport within plasma membrane,1,,,,,,,
0,1,2,26,GO:0098880;GO:0099562,maintenance of postsynaptic specialization structure,1,,,,,,,
0,1,4,15,GO:0098881;GO:0098967,exocytic insertion of neurotransmitter receptor to plasma membrane,1,,,,,,,
0,1,3,5,GO:0098884;GO:0140239,postsynaptic neurotransmitter receptor internalization,1,,,,,,,
0,1,3,10,GO:0098885,modification of postsynaptic actin cytoskeleton,1,,,,,,,
0,1,3,10,GO:0098886,modification of dendritic spine,1,,,,,,,
0,1,3,196,GO:0098900,regulation of action potential,1,,,,,,,
0,1,2,88,GO:0098901,regulation of cardiac muscle cell action potential,1,,,,,,,
0,1,2,18,GO:0098902;GO:1900825,regulation of membrane depolarization during action potential,1,,,,,,,
0,1,2,24,GO:0098903,regulation of membrane repolarization during action potential,1,,,,,,,
0,1,3,19,GO:0098904,regulation of AV node cell action potential,1,,,,,,,
0,1,2,5,GO:0098905,regulation of bundle of His cell action potential,1,,,,,,,
0,1,4,18,GO:0098907,regulation of SA node cell action potential,1,,,,,,,
0,1,3,33,GO:0098908,regulation of neuronal action potential,1,,,,,,,
0,1,2,27,GO:0098909,regulation of cardiac muscle cell action potential involved in regulation of contraction,1,,,,,,,
0,1,3,28,GO:0098910,regulation of atrial cardiac muscle cell action potential,1,,,,,,,
0,1,6,42,GO:0098911,regulation of ventricular cardiac muscle cell action potential,1,,,,,,,
0,1,3,9,GO:0098912,membrane depolarization during atrial cardiac muscle cell action potential,1,,,,,,,
0,1,2,10,GO:0098914;GO:0099624,membrane repolarization during atrial cardiac muscle cell action potential,1,,,,,,,
0,1,2,20,GO:0098915;GO:0099625,ventricular cardiac muscle cell membrane repolarization,1,,,,,,,
0,1,5,8,GO:0098917,retrograde trans-synaptic signaling,1,,,,,,,
0,1,4,13,GO:0098928;GO:0099526,presynaptic signal transduction,1,,,,,,,
0,0.415225716,2,182,GO:0098930,axonal transport,1,,,,,,,
0,1,5,11,GO:0098953;GO:0098970;GO:0099628,postsynaptic neurotransmitter receptor diffusion trapping,1,,,,,,,
0,1,8,7,GO:0098961;GO:0098963;GO:0098964,anterograde dendritic transport of messenger ribonucleoprotein complex,1,,,,,,,
0,1,3,11,GO:0098962,regulation of postsynaptic neurotransmitter receptor activity,1,,,,,,,
0,1,2,5,GO:0098971,anterograde dendritic transport of neurotransmitter receptor complex,1,,,,,,,
0,1,2,19,GO:0098976,excitatory chemical synaptic transmission,1,,,,,,,
0,1,2,11,GO:0098989,NMDA selective glutamate receptor signaling pathway,1,,,,,,,
0,0.870538968,4,687,GO:0099003;GO:0099504,vesicle-mediated transport in synapse,1,,,,,,,
0,1,2,9,GO:0099004,calmodulin dependent kinase signaling pathway,1,,,,,,,
0,1,2,20,GO:0099010,modification of postsynaptic structure,1,,,,,,,
0,1,3,15,GO:0099011;GO:0099525,presynaptic dense core vesicle exocytosis,1,,,,,,,
0,1,2,7,GO:0099039,sphingolipid translocation,1,,,,,,,
0,1,2,5,GO:0099050,vesicle scission,1,,,,,,,
0,1,2,46,GO:0099068;GO:0097104,postsynapse assembly,1,,,,,,,
0,1,2,50,GO:0099072,regulation of postsynaptic membrane neurotransmitter receptor levels,1,,,,,,,
0,1,2,6,GO:0099089,establishment of endoplasmic reticulum localization to postsynapse,1,,,,,,,
0,1,8,5,GO:0099159;GO:1904266;GO:1904268;GO:1905274,regulation of modification of postsynaptic actin cytoskeleton,1,,,,,,,
0,0.309997331,2,126,GO:0099172,presynapse organization,1,,,,,,,
0,1,2,226,GO:0099173,postsynapse organization,1,,,,,,,
0,1,6,117,GO:0099174,regulation of presynapse organization,1,,,,,,,
0,1,2,186,GO:0099175,regulation of postsynapse organization,1,,,,,,,
0,1,2,13,GO:0099509,regulation of presynaptic cytosolic calcium ion concentration,1,,,,,,,
0,1,2,30,GO:0099515;GO:0030050,actin filament-based transport,1,,,,,,,
0,0.324109905,3,133,GO:0099518;GO:0047496,vesicle cytoskeletal trafficking,1,,,,,,,
0,1,2,12,GO:0099532;GO:0016189,synaptic vesicle endosomal processing,1,,,,,,,
0,1,3,6,GO:0099538;GO:0099540;GO:0099551,synaptic signaling via neuropeptide,1,,,,,,,
0,1,5,10,GO:0099541;GO:0099542;GO:0099552;GO:0099553,trans-synaptic signaling by endocannabinoid,1,,,,,,,
0,1,4,6,GO:0099545,trans-synaptic signaling by trans-synaptic complex,1,,,,,,,
0,1,6,85,GO:0099558,maintenance of synapse structure,1,,,,,,,
0,1,2,17,GO:0099560,synaptic membrane adhesion,1,,,,,,,
0,1,4,29,GO:0099563,modification of synaptic structure,1,,,,,,,
0,1,2,13,GO:0099566,regulation of postsynaptic cytosolic calcium ion concentration,1,,,,,,,
0,1,5,12,GO:0099590,neurotransmitter receptor internalization,1,,,,,,,
0,0.357207571,2,150,GO:0099601;GO:1900449,regulation of neurotransmitter receptor activity,1,,,,,,,
0,1,2,28,GO:0099612,protein localization to axon,1,,,,,,,
0,1,2,50,GO:0099637,neurotransmitter receptor transport,1,,,,,,,
0,1,5,26,GO:0099640,axo-dendritic protein transport,1,,,,,,,
0,1,2,7,GO:0099642,retrograde axonal protein transport,1,,,,,,,
0,1,3,15,GO:0099645;GO:0099633,neurotransmitter receptor localization to postsynaptic specialization membrane,1,,,,,,,
0,1,2,10,GO:0106001,intestinal hexose absorption,1,,,,,,,
0,1,3,6,GO:0106023;GO:0106024,negative regulation of pupariation,1,,,,,,,
0,1,5,8,GO:0106028,neuron projection retraction,1,,,,,,,
0,1,2,18,GO:0106036,assembly of apicomedial cortex actomyosin,1,,,,,,,
0,1,2,22,GO:0106049;GO:1902218;GO:1902219,regulation of cellular response to osmotic stress,1,,,,,,,
0,1,2,28,GO:0106070,regulation of adenylate cyclase-activating G protein-coupled receptor signaling pathway,1,,,,,,,
0,1,2,13,GO:0106071,positive regulation of adenylate cyclase-activating G protein-coupled receptor signaling pathway,1,,,,,,,
0,1,2,19,GO:0106072,negative regulation of adenylate cyclase-activating G protein-coupled receptor signaling pathway,1,,,,,,,
0,1,3,9,GO:0106074,aminoacyl-tRNA metabolism involved in translational fidelity,1,,,,,,,
0,1,5,21,GO:0106104;GO:1904717,regulation of AMPA glutamate receptor clustering,1,,,,,,,
0,1,2,23,GO:0110010,basolateral protein secretion,1,,,,,,,
0,1,2,39,GO:0110011,regulation of basement membrane organization,1,,,,,,,
0,0.698464905,2,405,GO:0110020;GO:0032231;GO:0051492,regulation of actomyosin structure organization,1,,,,,,,
0,1,6,8,GO:0110022;GO:0110024,regulation of cardiac muscle myoblast proliferation,1,,,,,,,
0,1,4,14,GO:0110028;GO:1902846,positive regulation of mitotic spindle organization,1,,,,,,,
0,0.183507546,6,759,GO:0110053,regulation of actin filament organization,1,,,,,,,
0,0.076300114,2,27,GO:0110096;GO:1904044;GO:1904045,cellular response to aldehyde,1,,,,,,,
0,1,2,8,GO:0110104,mRNA alternative polyadenylation,1,,,,,,,
0,0.268052433,2,106,GO:0110110,positive regulation of animal organ morphogenesis,1,,,,,,,
0,1,4,8,GO:0110112,regulation of lipid transporter activity,1,,,,,,,
0,1,5,28,GO:0110156;GO:0110154,RNA decapping,1,,,,,,,
0,1,5,9,GO:0120009,intermembrane lipid transfer,1,,,,,,,
0,0.836774373,6,610,GO:0120032;GO:0060491,regulation of cell projection assembly,1,,,,,,,
0,0.239448163,2,93,GO:0120033,negative regulation of plasma membrane bounded cell projection assembly,1,,,,,,,
0,1,2,349,GO:0120034,positive regulation of plasma membrane bounded cell projection assembly,1,,,,,,,
0,1,2,81,GO:0120178,steroid hormone biosynthetic process,1,,,,,,,
0,1,3,39,GO:0120252,hydrocarbon metabolic process,1,,,,,,,
0,1,2,6,GO:0120253,hydrocarbon catabolic process,1,,,,,,,
0,1,3,172,GO:0120254,olefinic compound metabolic process,1,,,,,,,
0,1,2,24,GO:0120255,olefinic compound biosynthetic process,1,,,,,,,
0,1,2,5,GO:0140009,L-aspartate import across plasma membrane,1,,,,,,,
0,1,3,433,GO:0140014,mitotic nuclear division,1,,,,,,,
0,0.528928717,2,255,GO:0140029,exocytic process,1,,,,,,,
0,1,4,6,GO:0140052,cellular response to oxidised low-density lipoprotein particle stimulus,1,,,,,,,
0,1,2,186,GO:0140053,mitochondrial gene expression,1,,,,,,,
0,1,3,23,GO:0140058,neuron projection arborization,1,,,,,,,
0,1,2,16,GO:0140059,dendrite arborization,1,,,,,,,
0,1,2,39,GO:0140115,export across plasma membrane,1,,,,,,,
0,1,2,33,GO:0140131;GO:1901623,regulation of lymphocyte chemotaxis,1,,,,,,,
0,1,3,88,GO:0140353;GO:0014047,lipid export from cell,1,,,,,,,
0,0.146845769,2,54,GO:0140354,lipid import into cell,1,,,,,,,
0,1,6,9,GO:0150003,regulation of spontaneous synaptic transmission,1,,,,,,,
0,1,6,21,GO:0150011;GO:0150012,regulation of neuron projection arborization,1,,,,,,,
0,1,9,10,GO:0150018;GO:0150019;GO:0150020,basal dendrite arborization,1,,,,,,,
0,1,2,28,GO:0150065,regulation of deacetylase activity,1,,,,,,,
0,1,5,32,GO:0150105,protein localization to cell-cell junction,1,,,,,,,
0,1,2,6,GO:0150146,cell junction disassembly,1,,,,,,,
0,1,2,19,GO:0150172,regulation of phosphatidylcholine metabolic process,1,,,,,,,
0,1,6,7,GO:1900003;GO:1902571;GO:1900004;GO:1902572,negative regulation of serine-type peptidase activity,1,,,,,,,
0,1,3,321,GO:1900006,positive regulation of dendrite development,1,,,,,,,
0,1,2,47,GO:1900015,regulation of cytokine production involved in inflammatory response,1,,,,,,,
0,1,4,15,GO:1900016,negative regulation of cytokine production involved in inflammatory response,1,,,,,,,
0,1,6,18,GO:1900017,positive regulation of cytokine production involved in inflammatory response,1,,,,,,,
0,1,3,16,GO:1900019;GO:1900020,regulation of protein kinase C activity,1,,,,,,,
0,1,6,155,GO:1900024,regulation of substrate adhesion-dependent cell spreading,1,,,,,,,
0,1,4,36,GO:1900025,negative regulation of substrate adhesion-dependent cell spreading,1,,,,,,,
0,1,3,110,GO:1900026,positive regulation of substrate adhesion-dependent cell spreading,1,,,,,,,
0,1,2,65,GO:1900027,regulation of ruffle assembly,1,,,,,,,
0,1,8,14,GO:1900028,negative regulation of ruffle assembly,1,,,,,,,
0,1,3,22,GO:1900029,positive regulation of ruffle assembly,1,,,,,,,
0,1,5,88,GO:1900034,regulation of cellular response to heat,1,,,,,,,
0,0.118771363,2,43,GO:1900037,regulation of cellular response to hypoxia,1,,,,,,,
0,0.068114659,4,24,GO:1900038,negative regulation of cellular response to hypoxia,1,,,,,,,
0,1,2,21,GO:1900044,regulation of protein K63-linked ubiquitination,1,,,,,,,
0,1,2,15,GO:1900045;GO:1902915,negative regulation of protein polyubiquitination,1,,,,,,,
0,1,2,7,GO:1900060,negative regulation of ceramide biosynthetic process,1,,,,,,,
0,1,2,7,GO:1900063,regulation of peroxisome organization,1,,,,,,,
0,1,2,126,GO:1900073,regulation of neuromuscular synaptic transmission,1,,,,,,,
0,1,2,19,GO:1900074,negative regulation of neuromuscular synaptic transmission,1,,,,,,,
0,1,2,27,GO:1900075,positive regulation of neuromuscular synaptic transmission,1,,,,,,,
0,1,2,101,GO:1900078,positive regulation of cellular response to insulin stimulus,1,,,,,,,
0,1,4,19,GO:1900084;GO:1900086,regulation of peptidyl-tyrosine autophosphorylation,1,,,,,,,
0,0.283011976,2,113,GO:1900087;GO:1902808,positive regulation of cell cycle G1/S phase transition,1,,,,,,,
0,1,2,77,GO:1900101,regulation of endoplasmic reticulum unfolded protein response,1,,,,,,,
0,1,3,31,GO:1900102,negative regulation of endoplasmic reticulum unfolded protein response,1,,,,,,,
0,1,3,30,GO:1900103,positive regulation of endoplasmic reticulum unfolded protein response,1,,,,,,,
0,1,2,6,GO:1900104;GO:1900106,regulation of hyaluranon cable assembly,1,,,,,,,
0,1,2,25,GO:1900107,regulation of nodal signaling pathway,1,,,,,,,
0,1,2,5,GO:1900108,negative regulation of nodal signaling pathway,1,,,,,,,
0,1,9,11,GO:1900109,regulation of histone H3-K9 dimethylation,1,,,,,,,
0,1,2,8,GO:1900111,positive regulation of histone H3-K9 dimethylation,1,,,,,,,
0,1,9,26,GO:1900112,regulation of histone H3-K9 trimethylation,1,,,,,,,
0,1,2,14,GO:1900113,negative regulation of histone H3-K9 trimethylation,1,,,,,,,
0,1,5,33,GO:1900115;GO:1900116,extracellular regulation of signal transduction,1,,,,,,,
0,1,3,88,GO:1900117,regulation of execution phase of apoptosis,1,,,,,,,
0,1,3,29,GO:1900118,negative regulation of execution phase of apoptosis,1,,,,,,,
0,1,3,50,GO:1900119,positive regulation of execution phase of apoptosis,1,,,,,,,
0,1,2,56,GO:1900120,regulation of receptor binding,1,,,,,,,
0,1,5,28,GO:1900121,negative regulation of receptor binding,1,,,,,,,
0,1,2,22,GO:1900122,positive regulation of receptor binding,1,,,,,,,
0,1,3,23,GO:1900125,regulation of hyaluronan biosynthetic process,1,,,,,,,
0,1,3,10,GO:1900126,negative regulation of hyaluronan biosynthetic process,1,,,,,,,
0,1,3,13,GO:1900127,positive regulation of hyaluronan biosynthetic process,1,,,,,,,
0,1,2,5,GO:1900128,regulation of G-protein activated inward rectifier potassium channel activity,1,,,,,,,
0,1,2,10,GO:1900133,regulation of renin secretion into blood stream,1,,,,,,,
0,1,4,9,GO:1900144;GO:2001284,positive regulation of BMP secretion,1,,,,,,,
0,1,3,14,GO:1900145;GO:1900175,regulation of nodal signaling pathway involved in determination of left/right asymmetry,1,,,,,,,
0,1,2,16,GO:1900147,regulation of Schwann cell migration,1,,,,,,,
0,1,3,10,GO:1900149,positive regulation of Schwann cell migration,1,,,,,,,
0,1,2,39,GO:1900150,regulation of defense response to fungus,1,,,,,,,
0,1,2,12,GO:1900157,regulation of bone mineralization involved in bone maturation,1,,,,,,,
0,1,3,6,GO:1900158,negative regulation of bone mineralization involved in bone maturation,1,,,,,,,
0,1,2,6,GO:1900159,positive regulation of bone mineralization involved in bone maturation,1,,,,,,,
0,1,6,5,GO:1900161;GO:1900163;GO:0110113,regulation of phospholipid scramblase activity,1,,,,,,,
0,1,2,14,GO:1900169,regulation of glucocorticoid mediated signaling pathway,1,,,,,,,
0,1,3,6,GO:1900170,negative regulation of glucocorticoid mediated signaling pathway,1,,,,,,,
0,0.670258088,2,375,GO:1900180,regulation of protein localization to nucleus,1,,,,,,,
0,1,3,115,GO:1900181,negative regulation of protein localization to nucleus,1,,,,,,,
0,0.453701266,2,205,GO:1900182,positive regulation of protein localization to nucleus,1,,,,,,,
0,1,4,8,GO:1900186,negative regulation of clathrin-dependent endocytosis,1,,,,,,,
0,0.181302567,2,68,GO:1900193,regulation of oocyte maturation,1,,,,,,,
0,1,2,34,GO:1900195,positive regulation of oocyte maturation,1,,,,,,,
0,1,2,13,GO:1900211;GO:1900212,regulation of mesenchymal cell apoptotic process involved in metanephros development,1,,,,,,,
0,1,3,24,GO:1900221,regulation of amyloid-beta clearance,1,,,,,,,
0,1,2,5,GO:1900222,negative regulation of amyloid-beta clearance,1,,,,,,,
0,1,2,16,GO:1900223,positive regulation of amyloid-beta clearance,1,,,,,,,
0,1,2,7,GO:1900224,positive regulation of nodal signaling pathway involved in determination of lateral mesoderm left/right asymmetry,1,,,,,,,
0,1,2,17,GO:1900225,regulation of NLRP3 inflammasome complex assembly,1,,,,,,,
0,1,3,12,GO:1900227,positive regulation of NLRP3 inflammasome complex assembly,1,,,,,,,
0,1,4,12,GO:1900239,regulation of phenotypic switching,1,,,,,,,
0,1,5,5,GO:1900241,positive regulation of phenotypic switching,1,,,,,,,
0,1,2,107,GO:1900242;GO:1903421,regulation of synaptic vesicle recycling,1,,,,,,,
0,1,2,65,GO:1900244;GO:1903423,positive regulation of synaptic vesicle recycling,1,,,,,,,
0,1,2,5,GO:1900246,positive regulation of RIG-I signaling pathway,1,,,,,,,
0,1,2,15,GO:1900247,regulation of cytoplasmic translational elongation,1,,,,,,,
0,1,4,13,GO:1900262;GO:1900264,regulation of DNA-directed DNA polymerase activity,1,,,,,,,
0,1,5,100,GO:1900271,regulation of long-term synaptic potentiation,1,,,,,,,
0,1,2,17,GO:1900272,negative regulation of long-term synaptic potentiation,1,,,,,,,
0,1,2,63,GO:1900273,positive regulation of long-term synaptic potentiation,1,,,,,,,
0,1,2,109,GO:1900274;GO:0010863,regulation of phospholipase C activity,1,,,,,,,
0,1,3,9,GO:1900275,negative regulation of phospholipase C activity,1,,,,,,,
0,1,9,35,GO:1900363,regulation of mRNA polyadenylation,1,,,,,,,
0,1,2,9,GO:1900365,positive regulation of mRNA polyadenylation,1,,,,,,,
0,1,2,12,GO:1900368,regulation of RNA interference,1,,,,,,,
0,1,2,7,GO:1900369,negative regulation of RNA interference,1,,,,,,,
0,1,6,5,GO:1900370,positive regulation of RNA interference,1,,,,,,,
0,1,-1,27,GO:1900402,obsolete regulation of carbohydrate metabolic process by regulation of transcription from RNA polymerase II promoter,1,,,,,,,
0,0.447194272,2,201,GO:1900407;GO:1902882,regulation of response to oxidative stress,1,,,,,,,
0,0.283011976,2,113,GO:1900408;GO:1902883;GO:1903202,negative regulation of response to oxidative stress,1,,,,,,,
0,0.136740597,3,50,GO:1900409;GO:1902884,positive regulation of response to oxidative stress,1,,,,,,,
0,1,2,120,GO:1900424,regulation of defense response to bacterium,1,,,,,,,
0,1,3,31,GO:1900425,negative regulation of defense response to bacterium,1,,,,,,,
0,1,6,52,GO:1900426,positive regulation of defense response to bacterium,1,,,,,,,
0,1,3,44,GO:1900451,positive regulation of glutamate receptor signaling pathway,1,,,,,,,
0,1,2,32,GO:1900452,regulation of long-term synaptic depression,1,,,,,,,
0,1,3,5,GO:1900453,negative regulation of long-term synaptic depression,1,,,,,,,
0,1,6,18,GO:1900454,positive regulation of long-term synaptic depression,1,,,,,,,
0,1,3,6,GO:1900623;GO:1900625,regulation of monocyte aggregation,1,,,,,,,
0,1,2,9,GO:1900736,regulation of phospholipase C-activating G protein-coupled receptor signaling pathway,1,,,,,,,
0,1,4,5,GO:1900738,positive regulation of phospholipase C-activating G protein-coupled receptor signaling pathway,1,,,,,,,
0,1,7,51,GO:1900739;GO:1900740,positive regulation of protein insertion into mitochondrial membrane involved in apoptotic signaling pathway,1,,,,,,,
0,1,2,89,GO:1900744,regulation of p38MAPK cascade,1,,,,,,,
0,1,2,59,GO:1900745,positive regulation of p38MAPK cascade,1,,,,,,,
0,1,2,41,GO:1900746;GO:1902547,regulation of cellular response to vascular endothelial growth factor stimulus,1,,,,,,,
0,1,2,13,GO:1900747;GO:1902548,negative regulation of cellular response to vascular endothelial growth factor stimulus,1,,,,,,,
0,1,3,15,GO:1900748,positive regulation of vascular endothelial growth factor signaling pathway,1,,,,,,,
0,1,2,6,GO:1900923,regulation of glycine import across plasma membrane,1,,,,,,,
0,1,2,138,GO:1901016,regulation of potassium ion transmembrane transporter activity,1,,,,,,,
0,1,2,64,GO:1901018,positive regulation of potassium ion transmembrane transporter activity,1,,,,,,,
0,1,3,225,GO:1901019,regulation of calcium ion transmembrane transporter activity,1,,,,,,,
0,1,4,111,GO:1901021,positive regulation of calcium ion transmembrane transporter activity,1,,,,,,,
0,1,2,90,GO:1901028,regulation of mitochondrial outer membrane permeabilization involved in apoptotic signaling pathway,1,,,,,,,
0,1,6,25,GO:1901029,negative regulation of mitochondrial outer membrane permeabilization involved in apoptotic signaling pathway,1,,,,,,,
0,1,2,80,GO:1901030;GO:1903749,positive regulation of establishment of protein localization to mitochondrion,1,,,,,,,
0,0.164249506,3,61,GO:1901032;GO:1903206,negative regulation of hydrogen peroxide-induced cell death,1,,,,,,,
0,0.051528265,3,18,GO:1901033,positive regulation of response to reactive oxygen species,1,,,,,,,
0,1,2,9,GO:1901044,protein polyubiquitination involved in nucleus-associated proteasomal ubiquitin-dependent protein catabolic process,1,,,,,,,
0,1,2,74,GO:1901046,positive regulation of oviposition,1,,,,,,,
0,1,2,7,GO:1901047,insulin receptor signaling pathway involved in determination of adult lifespan,1,,,,,,,
0,1,2,28,GO:1901048,transforming growth factor beta receptor signaling pathway involved in regulation of multicellular organism growth,1,,,,,,,
0,1,6,150,GO:1901068,guanosine-containing compound metabolic process,1,,,,,,,
0,1,8,25,GO:1901069,guanosine-containing compound catabolic process,1,,,,,,,
0,1,6,24,GO:1901070;GO:0006183,guanosine-containing compound biosynthetic process,1,,,,,,,
0,1,3,59,GO:1901071,glucosamine-containing compound metabolic process,1,,,,,,,
0,1,4,13,GO:1901072,glucosamine-containing compound catabolic process,1,,,,,,,
0,1,2,9,GO:1901073,glucosamine-containing compound biosynthetic process,1,,,,,,,
0,1,2,136,GO:1901074;GO:2000425,regulation of apoptotic cell clearance,1,,,,,,,
0,1,3,11,GO:1901075,negative regulation of engulfment of apoptotic cell,1,,,,,,,
0,1,2,91,GO:1901076;GO:2000427,positive regulation of engulfment of apoptotic cell,1,,,,,,,
0,1,2,33,GO:1901077,regulation of relaxation of muscle,1,,,,,,,
0,1,5,8,GO:1901078,negative regulation of relaxation of muscle,1,,,,,,,
0,1,2,6,GO:1901079,positive regulation of relaxation of muscle,1,,,,,,,
0,1,3,34,GO:1901096,regulation of autophagosome maturation,1,,,,,,,
0,1,2,13,GO:1901097,negative regulation of autophagosome maturation,1,,,,,,,
0,1,3,22,GO:1901098,positive regulation of autophagosome maturation,1,,,,,,,
0,1,6,70,GO:1901099,negative regulation of signal transduction in absence of ligand,1,,,,,,,
0,0.6162076,2,324,GO:1901136,carbohydrate derivative catabolic process,1,,,,,,,
0,1,2,26,GO:1901142,insulin metabolic process,1,,,,,,,
0,1,3,22,GO:1901163,regulation of trophoblast cell migration,1,,,,,,,
0,1,2,12,GO:1901164,negative regulation of trophoblast cell migration,1,,,,,,,
0,1,2,8,GO:1901165,positive regulation of trophoblast cell migration,1,,,,,,,
0,1,2,22,GO:1901166,neural crest cell migration involved in autonomic nervous system development,1,,,,,,,
0,1,2,7,GO:1901187,regulation of ephrin receptor signaling pathway,1,,,,,,,
0,1,5,51,GO:1901201,regulation of extracellular matrix assembly,1,,,,,,,
0,1,2,31,GO:1901203,positive regulation of extracellular matrix assembly,1,,,,,,,
0,1,2,6,GO:1901207,regulation of heart looping,1,,,,,,,
0,1,3,33,GO:1901213,regulation of transcription from RNA polymerase II promoter involved in heart development,1,,,,,,,
0,0.288382083,5,926,GO:1901214,regulation of neuron death,1,,,,,,,
0,0.102246664,6,605,GO:1901215,negative regulation of neuron death,1,,,,,,,
0,1,2,286,GO:1901216,positive regulation of neuron death,1,,,,,,,
0,1,3,6,GO:1901219;GO:1901220,negative regulation of cardiac chamber morphogenesis,1,,,,,,,
0,1,2,219,GO:1901222,regulation of NIK/NF-kappaB signaling,1,,,,,,,
0,1,4,52,GO:1901223,negative regulation of NIK/NF-kappaB signaling,1,,,,,,,
0,1,2,157,GO:1901224,positive regulation of NIK/NF-kappaB signaling,1,,,,,,,
0,1,4,12,GO:1901228,positive regulation of transcription from RNA polymerase II promoter involved in heart development,1,,,,,,,
0,1,2,141,GO:1901264,carbohydrate derivative transport,1,,,,,,,
0,1,3,7,GO:1901295;GO:1905066,regulation of canonical Wnt signaling pathway involved in heart development,1,,,,,,,
0,0.051528265,2,18,GO:1901298,regulation of hydrogen peroxide-mediated programmed cell death,1,,,,,,,
0,0.034650408,4,12,GO:1901299,negative regulation of hydrogen peroxide-mediated programmed cell death,1,,,,,,,
0,1,2,6,GO:1901300,positive regulation of hydrogen peroxide-mediated programmed cell death,1,,,,,,,
0,1,6,6,GO:1901301;GO:1901303,regulation of cargo loading into COPII-coated vesicle,1,,,,,,,
0,1,2,35,GO:1901317;GO:1902093;GO:0003353;GO:2000155,regulation of flagellated sperm motility,1,,,,,,,
0,1,3,8,GO:1901329,regulation of odontoblast differentiation,1,,,,,,,
0,1,2,32,GO:1901339,regulation of store-operated calcium channel activity,1,,,,,,,
0,1,2,10,GO:1901355;GO:0072752,response to rapamycin,1,,,,,,,
0,1,4,24,GO:1901374;GO:0015870,acetate ester transport,1,,,,,,,
0,1,2,56,GO:1901380;GO:1901017,negative regulation of potassium ion transmembrane transport,1,,,,,,,
0,1,2,7,GO:1901382,regulation of chorionic trophoblast cell proliferation,1,,,,,,,
0,1,2,97,GO:1901385,regulation of voltage-gated calcium channel activity,1,,,,,,,
0,1,5,29,GO:1901386,negative regulation of voltage-gated calcium channel activity,1,,,,,,,
0,1,2,30,GO:1901387,positive regulation of voltage-gated calcium channel activity,1,,,,,,,
0,1,3,8,GO:1901388,regulation of transforming growth factor beta activation,1,,,,,,,
0,1,5,19,GO:1901407,regulation of phosphorylation of RNA polymerase II C-terminal domain,1,,,,,,,
0,1,4,14,GO:1901409,positive regulation of phosphorylation of RNA polymerase II C-terminal domain,1,,,,,,,
0,1,4,9,GO:1901419;GO:1901421,regulation of response to alcohol,1,,,,,,,
0,1,5,8,GO:1901423,response to benzene,1,,,,,,,
0,1,5,22,GO:1901490,regulation of lymphangiogenesis,1,,,,,,,
0,1,2,10,GO:1901491,negative regulation of lymphangiogenesis,1,,,,,,,
0,1,2,12,GO:1901492,positive regulation of lymphangiogenesis,1,,,,,,,
0,1,2,7,GO:1901509,regulation of endothelial tube morphogenesis,1,,,,,,,
0,1,2,61,GO:1901522,positive regulation of transcription from RNA polymerase II promoter involved in cellular response to chemical stimulus,1,,,,,,,
0,1,5,9,GO:1901523,icosanoid catabolic process,1,,,,,,,
0,1,4,48,GO:1901524,regulation of mitophagy,1,,,,,,,
0,1,4,7,GO:1901529,positive regulation of anion channel activity,1,,,,,,,
0,1,2,104,GO:1901532,regulation of hematopoietic progenitor cell differentiation,1,,,,,,,
0,1,3,18,GO:1901533,negative regulation of hematopoietic progenitor cell differentiation,1,,,,,,,
0,1,2,15,GO:1901534,positive regulation of hematopoietic progenitor cell differentiation,1,,,,,,,
0,0.037483838,2,13,GO:1901535;GO:1901537,regulation of DNA demethylation,1,,,,,,,
0,1,2,27,GO:1901550;GO:1903140,regulation of endothelial cell development,1,,,,,,,
0,1,5,11,GO:1901552;GO:1903142,positive regulation of endothelial cell development,1,,,,,,,
0,1,3,5,GO:1901558,response to metformin,1,,,,,,,
0,1,3,10,GO:1901562,response to paraquat,1,,,,,,,
0,1,2,15,GO:1901563,response to camptothecin,1,,,,,,,
0,0.676217448,2,1929,GO:1901565,organonitrogen compound catabolic process,1,,,,,,,
0,1,2,18,GO:1901569,fatty acid derivative catabolic process,1,,,,,,,
0,0.325106797,2,397,GO:1901605,alpha-amino acid metabolic process,1,,,,,,,
0,0.283011976,3,113,GO:1901607,alpha-amino acid biosynthetic process,1,,,,,,,
0,1,3,15,GO:1901608,regulation of vesicle transport along microtubule,1,,,,,,,
0,1,2,11,GO:1901610;GO:1901951;GO:1901953,positive regulation of vesicle transport along microtubule,1,,,,,,,
0,0.033699191,2,98,GO:1901616,organic hydroxy compound catabolic process,1,,,,,,,
0,0.075232058,2,334,GO:1901617,organic hydroxy compound biosynthetic process,1,,,,,,,
0,1,2,15,GO:1901620;GO:1901621,regulation of smoothened signaling pathway involved in dorsal/ventral neural tube patterning,1,,,,,,,
0,1,4,44,GO:1901626;GO:1903909,regulation of postsynaptic membrane organization,1,,,,,,,
0,1,4,6,GO:1901627,negative regulation of postsynaptic membrane organization,1,,,,,,,
0,1,2,18,GO:1901628;GO:1903911,positive regulation of receptor clustering,1,,,,,,,
0,1,2,7,GO:1901629,regulation of presynaptic membrane organization,1,,,,,,,
0,1,2,10,GO:1901648,regulation of actomyosin contractile ring localization,1,,,,,,,
0,0.081105169,4,345,GO:1901655,cellular response to ketone,1,,,,,,,
0,1,3,6,GO:1901656,glycoside transport,1,,,,,,,
0,1,2,28,GO:1901660;GO:0070839,divalent metal ion export,1,,,,,,,
0,1,2,43,GO:1901661,quinone metabolic process,1,,,,,,,
0,1,3,5,GO:1901664;GO:1901666,regulation of NAD+ ADP-ribosyltransferase activity,1,,,,,,,
0,1,2,40,GO:1901673,regulation of mitotic spindle assembly,1,,,,,,,
0,1,6,35,GO:1901679,nucleotide transmembrane transport,1,,,,,,,
0,1,3,18,GO:1901685;GO:1901687,glutathione derivative metabolic process,1,,,,,,,
0,0.157934144,2,2380,GO:1901701,cellular response to oxygen-containing compound,1,,,,,,,
0,1,2,38,GO:1901722,regulation of cell proliferation involved in kidney development,1,,,,,,,
0,1,6,14,GO:1901723,negative regulation of cell proliferation involved in kidney development,1,,,,,,,
0,1,2,24,GO:1901724,positive regulation of cell proliferation involved in kidney development,1,,,,,,,
0,1,2,20,GO:1901725,regulation of histone deacetylase activity,1,,,,,,,
0,1,4,12,GO:1901727,positive regulation of histone deacetylase activity,1,,,,,,,
0,1,2,288,GO:1901796,regulation of signal transduction by p53 class mediator,1,,,,,,,
0,1,4,88,GO:1901797,negative regulation of signal transduction by p53 class mediator,1,,,,,,,
0,1,4,44,GO:1901798,positive regulation of signal transduction by p53 class mediator,1,,,,,,,
0,0.27235776,9,108,GO:1901799,negative regulation of proteasomal protein catabolic process,1,,,,,,,
0,1,4,326,GO:1901800;GO:1903052,positive regulation of proteolysis involved in cellular protein catabolic process,1,,,,,,,
0,1,3,29,GO:1901836,regulation of transcription of nucleolar large rRNA by RNA polymerase I,1,,,,,,,
0,1,2,9,GO:1901837,negative regulation of transcription of nucleolar large rRNA by RNA polymerase I,1,,,,,,,
0,1,2,20,GO:1901838,positive regulation of transcription of nucleolar large rRNA by RNA polymerase I,1,,,,,,,
0,1,5,29,GO:1901841,regulation of high voltage-gated calcium channel activity,1,,,,,,,
0,1,2,13,GO:1901843,positive regulation of high voltage-gated calcium channel activity,1,,,,,,,
0,1,2,23,GO:1901844,regulation of cell communication by electrical coupling involved in cardiac conduction,1,,,,,,,
0,0.062617937,6,22,GO:1901857,positive regulation of cellular respiration,1,,,,,,,
0,1,6,15,GO:1901858,regulation of mitochondrial DNA metabolic process,1,,,,,,,
0,1,2,5,GO:1901859,negative regulation of mitochondrial DNA metabolic process,1,,,,,,,
0,1,2,5,GO:1901873,regulation of post-translational protein modification,1,,,,,,,
0,0.103654788,7,186,GO:1901880;GO:0043242,negative regulation of protein-containing complex disassembly,1,,,,,,,
0,1,2,49,GO:1901881,positive regulation of protein depolymerization,1,,,,,,,
0,1,5,25,GO:1901894;GO:1901896,regulation of ATPase-coupled calcium transmembrane transporter activity,1,,,,,,,
0,1,7,23,GO:1901897,regulation of relaxation of cardiac muscle,1,,,,,,,
0,1,3,7,GO:1901963,regulation of cell proliferation involved in outflow tract morphogenesis,1,,,,,,,
0,1,2,67,GO:1901976,regulation of cell cycle checkpoint,1,,,,,,,
0,1,5,21,GO:1901977;GO:2000002,negative regulation of cell cycle checkpoint,1,,,,,,,
0,1,2,15,GO:1901979,regulation of inward rectifier potassium channel activity,1,,,,,,,
0,0.408266395,2,178,GO:1901983,regulation of protein acetylation,1,,,,,,,
0,1,3,88,GO:1901985,positive regulation of protein acetylation,1,,,,,,,
0,0.700258251,4,407,GO:1901988;GO:1901991,negative regulation of cell cycle phase transition,1,,,,,,,
0,0.762758576,2,931,GO:1901990;GO:1901987,regulation of cell cycle phase transition,1,,,,,,,
0,0.524718832,4,252,GO:1901992;GO:1901989,positive regulation of cell cycle phase transition,1,,,,,,,
0,1,2,20,GO:1901993;GO:1902102;GO:1905132,regulation of meiotic cell cycle phase transition,1,,,,,,,
0,1,2,8,GO:1901994,negative regulation of meiotic cell cycle phase transition,1,,,,,,,
0,1,2,12,GO:1901995;GO:1902104;GO:1905134,positive regulation of meiotic cell cycle phase transition,1,,,,,,,
0,1,4,74,GO:1901998,toxin transport,1,,,,,,,
0,1,3,85,GO:1902001,fatty acid transmembrane transport,1,,,,,,,
0,1,3,66,GO:1902003;GO:1902991,regulation of amyloid precursor protein catabolic process,1,,,,,,,
0,1,4,40,GO:1902004;GO:1902993,positive regulation of amyloid precursor protein catabolic process,1,,,,,,,
0,1,2,138,GO:1902017,regulation of cilium assembly,1,,,,,,,
0,1,2,25,GO:1902018,negative regulation of cilium assembly,1,,,,,,,
0,1,4,5,GO:1902023;GO:1903400,L-arginine transport,1,,,,,,,
0,1,2,5,GO:1902026,regulation of cartilage condensation,1,,,,,,,
0,1,2,11,GO:1902033,regulation of hematopoietic stem cell proliferation,1,,,,,,,
0,1,7,7,GO:1902035,positive regulation of hematopoietic stem cell proliferation,1,,,,,,,
0,1,2,68,GO:1902036,regulation of hematopoietic stem cell differentiation,1,,,,,,,
0,1,2,7,GO:1902037,negative regulation of hematopoietic stem cell differentiation,1,,,,,,,
0,1,2,7,GO:1902038,positive regulation of hematopoietic stem cell differentiation,1,,,,,,,
0,0.337937371,2,140,GO:1902041,regulation of extrinsic apoptotic signaling pathway via death domain receptors,1,,,,,,,
0,0.23720266,2,92,GO:1902042,negative regulation of extrinsic apoptotic signaling pathway via death domain receptors,1,,,,,,,
0,1,4,43,GO:1902043,positive regulation of extrinsic apoptotic signaling pathway via death domain receptors,1,,,,,,,
0,1,2,5,GO:1902044,regulation of Fas signaling pathway,1,,,,,,,
0,1,5,6,GO:1902064,regulation of transcription from RNA polymerase II promoter involved in spermatogenesis,1,,,,,,,
0,1,2,39,GO:1902065,response to L-glutamate,1,,,,,,,
0,1,2,121,GO:1902074,response to salt,1,,,,,,,
0,1,2,43,GO:1902075,cellular response to salt,1,,,,,,,
0,1,2,25,GO:1902083;GO:2000169,regulation of peptidyl-cysteine S-nitrosylation,1,,,,,,,
0,1,2,47,GO:1902101;GO:1905820,positive regulation of chromosome separation,1,,,,,,,
0,1,3,557,GO:1902105,regulation of leukocyte differentiation,1,,,,,,,
0,1,3,209,GO:1902106,negative regulation of leukocyte differentiation,1,,,,,,,
0,1,3,296,GO:1902107,positive regulation of leukocyte differentiation,1,,,,,,,
0,1,4,33,GO:1902108,regulation of mitochondrial membrane permeability involved in apoptotic process,1,,,,,,,
0,1,4,5,GO:1902109,negative regulation of mitochondrial membrane permeability involved in apoptotic process,1,,,,,,,
0,0.758256014,2,479,GO:1902115,regulation of organelle assembly,1,,,,,,,
0,1,2,90,GO:1902116,negative regulation of organelle assembly,1,,,,,,,
0,0.485118763,6,225,GO:1902117,positive regulation of organelle assembly,1,,,,,,,
0,1,4,7,GO:1902119;GO:1902120,negative regulation of meiotic spindle elongation,1,,,,,,,
0,1,4,8,GO:1902159,regulation of cyclic nucleotide-gated ion channel activity,1,,,,,,,
0,1,2,30,GO:1902165;GO:1902166,regulation of intrinsic apoptotic signaling pathway in response to DNA damage by p53 class mediator,1,,,,,,,
0,1,5,49,GO:1902170;GO:0071732,cellular response to reactive nitrogen species,1,,,,,,,
0,1,3,12,GO:1902172,regulation of keratinocyte apoptotic process,1,,,,,,,
0,1,4,7,GO:1902174,positive regulation of keratinocyte apoptotic process,1,,,,,,,
0,0.116174358,2,42,GO:1902175,regulation of oxidative stress-induced intrinsic apoptotic signaling pathway,1,,,,,,,
0,0.068114659,3,24,GO:1902176,negative regulation of oxidative stress-induced intrinsic apoptotic signaling pathway,1,,,,,,,
0,0.040309056,2,14,GO:1902177,positive regulation of oxidative stress-induced intrinsic apoptotic signaling pathway,1,,,,,,,
0,1,2,92,GO:1902186,regulation of viral release from host cell,1,,,,,,,
0,1,2,59,GO:1902187,negative regulation of viral release from host cell,1,,,,,,,
0,1,3,37,GO:1902188,positive regulation of viral release from host cell,1,,,,,,,
0,1,2,12,GO:1902202,regulation of hepatocyte growth factor receptor signaling pathway,1,,,,,,,
0,1,2,14,GO:1902214,regulation of interleukin-4-mediated signaling pathway,1,,,,,,,
0,1,4,7,GO:1902216,positive regulation of interleukin-4-mediated signaling pathway,1,,,,,,,
0,1,3,28,GO:1902224,ketone body metabolic process,1,,,,,,,
0,1,2,11,GO:1902226;GO:1902227;GO:1903970;GO:1903973,regulation of macrophage colony-stimulating factor signaling pathway,1,,,,,,,
0,1,2,82,GO:1902229,regulation of intrinsic apoptotic signaling pathway in response to DNA damage,1,,,,,,,
0,1,4,57,GO:1902230,negative regulation of intrinsic apoptotic signaling pathway in response to DNA damage,1,,,,,,,
0,1,3,22,GO:1902231,positive regulation of intrinsic apoptotic signaling pathway in response to DNA damage,1,,,,,,,
0,0.1837105,3,69,GO:1902235,regulation of endoplasmic reticulum stress-induced intrinsic apoptotic signaling pathway,1,,,,,,,
0,0.113569796,3,41,GO:1902236,negative regulation of endoplasmic reticulum stress-induced intrinsic apoptotic signaling pathway,1,,,,,,,
0,1,2,28,GO:1902237,positive regulation of endoplasmic reticulum stress-induced intrinsic apoptotic signaling pathway,1,,,,,,,
0,1,2,65,GO:1902253,regulation of intrinsic apoptotic signaling pathway by p53 class mediator,1,,,,,,,
0,1,3,43,GO:1902254,negative regulation of intrinsic apoptotic signaling pathway by p53 class mediator,1,,,,,,,
0,1,4,16,GO:1902255,positive regulation of intrinsic apoptotic signaling pathway by p53 class mediator,1,,,,,,,
0,1,2,6,GO:1902256,regulation of apoptotic process involved in outflow tract morphogenesis,1,,,,,,,
0,1,3,31,GO:1902259,regulation of delayed rectifier potassium channel activity,1,,,,,,,
0,1,2,17,GO:1902260,negative regulation of delayed rectifier potassium channel activity,1,,,,,,,
0,1,2,7,GO:1902261,positive regulation of delayed rectifier potassium channel activity,1,,,,,,,
0,1,4,12,GO:1902262,apoptotic process involved in blood vessel morphogenesis,1,,,,,,,
0,1,4,5,GO:1902263,apoptotic process involved in embryonic digit morphogenesis,1,,,,,,,
0,1,4,7,GO:1902267,regulation of polyamine transmembrane transport,1,,,,,,,
0,1,4,524,GO:1902275,regulation of chromatin organization,1,,,,,,,
0,1,2,147,GO:1902305,regulation of sodium ion transmembrane transport,1,,,,,,,
0,1,3,66,GO:1902307;GO:2000651,positive regulation of sodium ion transmembrane transport,1,,,,,,,
0,1,4,11,GO:1902308;GO:1902309,regulation of peptidyl-serine dephosphorylation,1,,,,,,,
0,1,3,43,GO:1902337,regulation of apoptotic process involved in morphogenesis,1,,,,,,,
0,1,2,17,GO:1902338,negative regulation of apoptotic process involved in morphogenesis,1,,,,,,,
0,1,4,24,GO:1902339,positive regulation of apoptotic process involved in morphogenesis,1,,,,,,,
0,1,3,8,GO:1902349;GO:1902350;GO:1904515,response to chloroquine,1,,,,,,,
0,1,2,5,GO:1902362,melanocyte apoptotic process,1,,,,,,,
0,1,3,9,GO:1902366;GO:1902367,regulation of Notch signaling pathway involved in somitogenesis,1,,,,,,,
0,1,2,5,GO:1902380,positive regulation of endoribonuclease activity,1,,,,,,,
0,1,4,17,GO:1902407;GO:1903475,assembly of actomyosin apparatus involved in mitotic cytokinesis,1,,,,,,,
0,1,2,31,GO:1902410,mitotic cytokinetic process,1,,,,,,,
0,1,3,19,GO:1902412;GO:1903436,regulation of mitotic cytokinesis,1,,,,,,,
0,1,2,30,GO:1902415;GO:1905214,regulation of RNA binding,1,,,,,,,
0,1,5,21,GO:1902416;GO:1905216,positive regulation of RNA binding,1,,,,,,,
0,1,7,19,GO:1902430,negative regulation of amyloid-beta formation,1,,,,,,,
0,1,2,18,GO:1902435;GO:1902436,regulation of male mating behavior,1,,,,,,,
0,1,2,7,GO:1902442;GO:1902443,regulation of ripoptosome assembly involved in necroptotic process,1,,,,,,,
0,1,4,6,GO:1902445,regulation of mitochondrial membrane permeability involved in programmed necrotic cell death,1,,,,,,,
0,1,2,21,GO:1902455,negative regulation of stem cell population maintenance,1,,,,,,,
0,1,5,34,GO:1902459,positive regulation of stem cell population maintenance,1,,,,,,,
0,1,5,6,GO:1902464,regulation of histone H3-K27 trimethylation,1,,,,,,,
0,1,5,82,GO:1902473;GO:1902474,regulation of protein localization to synapse,1,,,,,,,
0,1,2,133,GO:1902476,chloride transmembrane transport,1,,,,,,,
0,1,2,8,GO:1902498,regulation of protein autoubiquitination,1,,,,,,,
0,1,4,20,GO:1902510;GO:1903624,regulation of DNA catabolic process,1,,,,,,,
0,1,2,11,GO:1902512;GO:1903626,positive regulation of DNA catabolic process,1,,,,,,,
0,1,2,47,GO:1902513,regulation of organelle transport along microtubule,1,,,,,,,
0,1,3,24,GO:1902514,regulation of calcium ion transmembrane transport via high voltage-gated calcium channel,1,,,,,,,
0,1,2,5,GO:1902523,positive regulation of protein K63-linked ubiquitination,1,,,,,,,
0,1,2,10,GO:1902525,regulation of protein monoubiquitination,1,,,,,,,
0,1,2,7,GO:1902527,positive regulation of protein monoubiquitination,1,,,,,,,
0,0.506688867,2,1597,GO:1902532,negative regulation of intracellular signal transduction,1,,,,,,,
0,0.97742266,3,2423,GO:1902533,positive regulation of intracellular signal transduction,1,,,,,,,
0,1,3,8,GO:1902544,regulation of DNA N-glycosylase activity,1,,,,,,,
0,1,2,11,GO:1902564,negative regulation of neutrophil activation,1,,,,,,,
0,1,5,14,GO:1902566,regulation of eosinophil activation,1,,,,,,,
0,1,2,7,GO:1902567,negative regulation of eosinophil activation,1,,,,,,,
0,1,3,6,GO:1902569,negative regulation of activation of Janus kinase activity,1,,,,,,,
0,1,6,11,GO:1902570,protein localization to nucleolus,1,,,,,,,
0,1,2,7,GO:1902576,negative regulation of nuclear cell cycle DNA replication,1,,,,,,,
0,1,2,5,GO:1902581;GO:1902583,multi-organism cellular localization,1,,,,,,,
0,1,2,6,GO:1902595,regulation of DNA replication origin binding,1,,,,,,,
0,1,5,167,GO:1902600,proton transmembrane transport,1,,,,,,,
0,1,4,8,GO:1902606;GO:1902608,positive regulation of large conductance calcium-activated potassium channel activity,1,,,,,,,
0,1,4,23,GO:1902617,response to fluoride,1,,,,,,,
0,1,2,8,GO:1902618,cellular response to fluoride,1,,,,,,,
0,1,4,6,GO:1902626,assembly of large subunit precursor of preribosome,1,,,,,,,
0,1,3,17,GO:1902630,regulation of membrane hyperpolarization,1,,,,,,,
0,1,2,5,GO:1902632,positive regulation of membrane hyperpolarization,1,,,,,,,
0,1,2,12,GO:1902644,tertiary alcohol metabolic process,1,,,,,,,
0,1,3,5,GO:1902659;GO:1902661,positive regulation of glucose mediated signaling pathway,1,,,,,,,
0,1,2,316,GO:1902667,regulation of axon guidance,1,,,,,,,
0,1,4,115,GO:1902669,positive regulation of axon guidance,1,,,,,,,
0,1,6,28,GO:1902683,regulation of receptor localization to synapse,1,,,,,,,
0,1,2,13,GO:1902685,positive regulation of receptor localization to synapse,1,,,,,,,
0,1,6,25,GO:1902686,mitochondrial outer membrane permeabilization involved in programmed cell death,1,,,,,,,
0,1,2,192,GO:1902692,regulation of neuroblast proliferation,1,,,,,,,
0,1,3,6,GO:1902721,negative regulation of prolactin secretion,1,,,,,,,
0,1,2,9,GO:1902722,positive regulation of prolactin secretion,1,,,,,,,
0,1,7,10,GO:1902724,positive regulation of skeletal muscle satellite cell proliferation,1,,,,,,,
0,1,2,6,GO:1902728,positive regulation of growth factor dependent skeletal muscle satellite cell proliferation,1,,,,,,,
0,1,2,6,GO:1902731,negative regulation of chondrocyte proliferation,1,,,,,,,
0,1,2,5,GO:1902732,positive regulation of chondrocyte proliferation,1,,,,,,,
0,1,4,7,GO:1902733;GO:1902738;GO:1903041;GO:1903042,regulation of growth plate cartilage chondrocyte differentiation,1,,,,,,,
0,1,2,124,GO:1902742,apoptotic process involved in development,1,,,,,,,
0,0.39050825,7,168,GO:1902743;GO:0010591,regulation of lamellipodium organization,1,,,,,,,
0,1,2,28,GO:1902744;GO:0010593,negative regulation of lamellipodium organization,1,,,,,,,
0,1,3,18,GO:1902746,regulation of lens fiber cell differentiation,1,,,,,,,
0,1,2,6,GO:1902747,negative regulation of lens fiber cell differentiation,1,,,,,,,
0,1,2,6,GO:1902769,regulation of choline O-acetyltransferase activity,1,,,,,,,
0,1,2,132,GO:1902803,regulation of synaptic vesicle transport,1,,,,,,,
0,1,4,23,GO:1902804,negative regulation of synaptic vesicle transport,1,,,,,,,
0,1,2,32,GO:1902805,positive regulation of synaptic vesicle transport,1,,,,,,,
0,0.347611098,7,418,GO:1902806;GO:2000045,regulation of cell cycle G1/S phase transition,1,,,,,,,
0,1,4,10,GO:1902809;GO:1902811,positive regulation of skeletal muscle fiber differentiation,1,,,,,,,
0,1,2,17,GO:1902816;GO:1902817,regulation of protein localization to microtubule,1,,,,,,,
0,1,2,8,GO:1902841,regulation of netrin-activated signaling pathway,1,,,,,,,
0,1,4,9,GO:1902845,negative regulation of mitotic spindle elongation,1,,,,,,,
0,1,3,484,GO:1902850,microtubule cytoskeleton organization involved in mitosis,1,,,,,,,
0,1,3,62,GO:1902855,regulation of non-motile cilium assembly,1,,,,,,,
0,1,4,14,GO:1902856,negative regulation of non-motile cilium assembly,1,,,,,,,
0,1,3,38,GO:1902857,positive regulation of non-motile cilium assembly,1,,,,,,,
0,1,3,12,GO:1902869,regulation of amacrine cell differentiation,1,,,,,,,
0,1,3,99,GO:1902893,regulation of pri-miRNA transcription by RNA polymerase II,1,,,,,,,
0,1,2,44,GO:1902894,negative regulation of pri-miRNA transcription by RNA polymerase II,1,,,,,,,
0,1,2,69,GO:1902895,positive regulation of pri-miRNA transcription by RNA polymerase II,1,,,,,,,
0,1,5,5,GO:1902896,terminal web assembly,1,,,,,,,
0,1,2,31,GO:1902902,negative regulation of autophagosome assembly,1,,,,,,,
0,0.211740499,4,1366,GO:1902903;GO:0032956;GO:0032970,regulation of actin filament-based process,1,,,,,,,
0,1,2,6,GO:1902908,regulation of melanosome transport,1,,,,,,,
0,1,2,49,GO:1902914,regulation of protein polyubiquitination,1,,,,,,,
0,1,3,31,GO:1902916,positive regulation of protein polyubiquitination,1,,,,,,,
0,1,2,151,GO:1902930,regulation of alcohol biosynthetic process,1,,,,,,,
0,1,2,31,GO:1902931,negative regulation of alcohol biosynthetic process,1,,,,,,,
0,1,6,57,GO:1902932,positive regulation of alcohol biosynthetic process,1,,,,,,,
0,1,2,6,GO:1902938,regulation of intracellular calcium activated chloride channel activity,1,,,,,,,
0,1,7,14,GO:1902946,protein localization to early endosome,1,,,,,,,
0,1,2,26,GO:1902947,regulation of tau-protein kinase activity,1,,,,,,,
0,1,5,18,GO:1902949,positive regulation of tau-protein kinase activity,1,,,,,,,
0,1,2,18,GO:1902950,regulation of dendritic spine maintenance,1,,,,,,,
0,1,3,6,GO:1902952,positive regulation of dendritic spine maintenance,1,,,,,,,
0,1,2,6,GO:1902953,positive regulation of ER to Golgi vesicle-mediated transport,1,,,,,,,
0,1,2,21,GO:1902959;GO:1905245;GO:1902961;GO:1905247,regulation of aspartic-type endopeptidase activity involved in amyloid precursor protein catabolic process,1,,,,,,,
0,1,3,6,GO:1902962;GO:1902963,negative regulation of metalloendopeptidase activity involved in amyloid precursor protein catabolic process,1,,,,,,,
0,1,3,19,GO:1902965;GO:1902966;GO:1905668,regulation of protein localization to early endosome,1,,,,,,,
0,1,2,5,GO:1902969,mitotic DNA replication,1,,,,,,,
0,1,2,27,GO:1902992,negative regulation of amyloid precursor protein catabolic process,1,,,,,,,
0,1,2,5,GO:1902994;GO:1902995,regulation of phospholipid efflux,1,,,,,,,
0,1,2,6,GO:1902996,regulation of neurofibrillary tangle assembly,1,,,,,,,
0,1,2,23,GO:1903003,positive regulation of protein deubiquitination,1,,,,,,,
0,1,4,6,GO:1903004;GO:1903006,regulation of protein K63-linked deubiquitination,1,,,,,,,
0,1,5,149,GO:1903008,organelle disassembly,1,,,,,,,
0,1,2,66,GO:1903010,regulation of bone development,1,,,,,,,
0,1,5,23,GO:1903011,negative regulation of bone development,1,,,,,,,
0,1,2,23,GO:1903012,positive regulation of bone development,1,,,,,,,
0,1,6,30,GO:1903019;GO:0010561,negative regulation of glycoprotein metabolic process,1,,,,,,,
0,1,3,29,GO:1903025,regulation of RNA polymerase II regulatory region sequence-specific DNA binding,1,,,,,,,
0,1,2,21,GO:1903026,negative regulation of RNA polymerase II regulatory region sequence-specific DNA binding,1,,,,,,,
0,1,3,5,GO:1903027,regulation of opsonization,1,,,,,,,
0,1,6,10,GO:1903031;GO:1903033,positive regulation of microtubule plus-end binding,1,,,,,,,
0,0.805144619,2,551,GO:1903034,regulation of response to wounding,1,,,,,,,
0,0.455316161,2,206,GO:1903035,negative regulation of response to wounding,1,,,,,,,
0,0.574141968,2,289,GO:1903036,positive regulation of response to wounding,1,,,,,,,
0,1,2,31,GO:1903044,protein localization to membrane raft,1,,,,,,,
0,1,3,5,GO:1903045,neural crest cell migration involved in sympathetic nervous system development,1,,,,,,,
0,0.863734653,2,670,GO:1903046;GO:0140013;GO:0051321,meiotic cell cycle,1,,,,,,,
0,0.980986821,2,1946,GO:1903047;GO:0000278,mitotic cell cycle,1,,,,,,,
0,1,5,5,GO:1903048,regulation of acetylcholine-gated cation channel activity,1,,,,,,,
0,0.554629559,2,630,GO:1903050;GO:1903362,regulation of cellular protein catabolic process,1,,,,,,,
0,0.437290018,2,195,GO:1903051;GO:1903363,negative regulation of cellular protein catabolic process,1,,,,,,,
0,1,4,142,GO:1903053,regulation of extracellular matrix organization,1,,,,,,,
0,1,6,34,GO:1903054,negative regulation of extracellular matrix organization,1,,,,,,,
0,1,6,64,GO:1903055,positive regulation of extracellular matrix organization,1,,,,,,,
0,1,2,13,GO:1903069,regulation of ER-associated ubiquitin-dependent protein catabolic process,1,,,,,,,
0,1,2,6,GO:1903070,negative regulation of ER-associated ubiquitin-dependent protein catabolic process,1,,,,,,,
0,1,2,9,GO:1903071,positive regulation of ER-associated ubiquitin-dependent protein catabolic process,1,,,,,,,
0,1,3,360,GO:1903076;GO:1904375,regulation of protein localization to cell periphery,1,,,,,,,
0,1,2,82,GO:1903077;GO:1904376;GO:1905476,negative regulation of protein localization to membrane,1,,,,,,,
0,1,2,222,GO:1903078;GO:1904377,positive regulation of protein localization to cell periphery,1,,,,,,,
0,1,2,7,GO:1903108,regulation of mitochondrial transcription,1,,,,,,,
0,1,3,5,GO:1903109,positive regulation of mitochondrial transcription,1,,,,,,,
0,1,2,10,GO:1903116,positive regulation of actin filament-based movement,1,,,,,,,
0,1,2,6,GO:1903119,protein localization to actin cytoskeleton,1,,,,,,,
0,0.254984949,3,100,GO:1903146,regulation of autophagy of mitochondrion,1,,,,,,,
0,1,4,23,GO:1903147;GO:1901525,negative regulation of autophagy of mitochondrion,1,,,,,,,
0,0.664311702,2,369,GO:1903169,regulation of calcium ion transmembrane transport,1,,,,,,,
0,1,3,72,GO:1903170;GO:1901020,negative regulation of calcium ion transmembrane transport,1,,,,,,,
0,0.355305748,5,149,GO:1903201,regulation of oxidative stress-induced cell death,1,,,,,,,
0,0.144330481,2,53,GO:1903203,regulation of oxidative stress-induced neuron death,1,,,,,,,
0,0.103075536,2,37,GO:1903204,negative regulation of oxidative stress-induced neuron death,1,,,,,,,
0,0.092458609,2,33,GO:1903209,positive regulation of oxidative stress-induced cell death,1,,,,,,,
0,1,4,35,GO:1903214,regulation of protein targeting to mitochondrion,1,,,,,,,
0,1,4,7,GO:1903215,negative regulation of protein targeting to mitochondrion,1,,,,,,,
0,1,4,13,GO:1903223,positive regulation of oxidative stress-induced neuron death,1,,,,,,,
0,1,2,5,GO:1903233,regulation of calcium ion-dependent exocytosis of neurotransmitter,1,,,,,,,
0,1,6,16,GO:1903236,regulation of leukocyte tethering or rolling,1,,,,,,,
0,1,2,10,GO:1903238,positive regulation of leukocyte tethering or rolling,1,,,,,,,
0,1,4,9,GO:1903251,multi-ciliated epithelial cell differentiation,1,,,,,,,
0,1,4,17,GO:1903265,positive regulation of tumor necrosis factor-mediated signaling pathway,1,,,,,,,
0,1,3,12,GO:1903276;GO:1903278,regulation of sodium ion export across plasma membrane,1,,,,,,,
0,1,3,10,GO:1903279;GO:1903281,regulation of calcium:sodium antiporter activity,1,,,,,,,
0,1,5,20,GO:1903286;GO:1903288,regulation of potassium ion import,1,,,,,,,
0,1,2,341,GO:1903305,regulation of regulated secretory pathway,1,,,,,,,
0,1,2,62,GO:1903306,negative regulation of regulated secretory pathway,1,,,,,,,
0,1,3,145,GO:1903307,positive regulation of regulated secretory pathway,1,,,,,,,
0,1,2,692,GO:1903311,regulation of mRNA metabolic process,1,,,,,,,
0,1,2,205,GO:1903312,negative regulation of mRNA metabolic process,1,,,,,,,
0,1,7,179,GO:1903313,positive regulation of mRNA metabolic process,1,,,,,,,
0,0.820307064,2,578,GO:1903320;GO:0031396,regulation of protein modification by small protein conjugation or removal,1,,,,,,,
0,0.474331047,2,218,GO:1903321;GO:0031397,negative regulation of protein modification by small protein conjugation or removal,1,,,,,,,
0,1,3,311,GO:1903322;GO:0031398,positive regulation of protein modification by small protein conjugation or removal,1,,,,,,,
0,1,2,5,GO:1903326,regulation of tRNA metabolic process,1,,,,,,,
0,1,3,26,GO:1903332,regulation of protein folding,1,,,,,,,
0,1,2,11,GO:1903334,positive regulation of protein folding,1,,,,,,,
0,1,7,11,GO:1903347,negative regulation of bicellular tight junction assembly,1,,,,,,,
0,1,2,6,GO:1903348,positive regulation of bicellular tight junction assembly,1,,,,,,,
0,1,3,45,GO:1903350;GO:1903351,response to dopamine,1,,,,,,,
0,1,6,76,GO:1903354;GO:1903356,regulation of distal tip cell migration,1,,,,,,,
0,1,2,44,GO:1903358,regulation of Golgi organization,1,,,,,,,
0,1,2,39,GO:1903361,protein localization to basolateral plasma membrane,1,,,,,,,
0,0.678025074,2,383,GO:1903364,positive regulation of cellular protein catabolic process,1,,,,,,,
0,1,2,19,GO:1903365;GO:2000822,regulation of fear response,1,,,,,,,
0,1,2,11,GO:1903367,positive regulation of fear response,1,,,,,,,
0,1,2,10,GO:1903371;GO:1903373,regulation of endoplasmic reticulum tubular network organization,1,,,,,,,
0,0.043126083,2,15,GO:1903376,regulation of oxidative stress-induced neuron intrinsic apoptotic signaling pathway,1,,,,,,,
0,1,6,6,GO:1903378,positive regulation of oxidative stress-induced neuron intrinsic apoptotic signaling pathway,1,,,,,,,
0,1,2,21,GO:1903385,regulation of homophilic cell adhesion,1,,,,,,,
0,1,4,15,GO:1903386,negative regulation of homophilic cell adhesion,1,,,,,,,
0,1,3,180,GO:1903391;GO:0051893;GO:0090109;GO:0150116,regulation of adherens junction organization,1,,,,,,,
0,1,2,6,GO:1903394,protein localization to kinetochore involved in kinetochore assembly,1,,,,,,,
0,1,4,10,GO:1903406,regulation of sodium:potassium-exchanging ATPase activity,1,,,,,,,
0,1,2,6,GO:1903408,positive regulation of sodium:potassium-exchanging ATPase activity,1,,,,,,,
0,1,2,54,GO:1903409,reactive oxygen species biosynthetic process,1,,,,,,,
0,1,4,14,GO:1903416,response to glycoside,1,,,,,,,
0,1,2,14,GO:1903422,negative regulation of synaptic vesicle recycling,1,,,,,,,
0,0.458531822,5,208,GO:1903426,regulation of reactive oxygen species biosynthetic process,1,,,,,,,
0,0.188505406,2,71,GO:1903427,negative regulation of reactive oxygen species biosynthetic process,1,,,,,,,
0,0.562608733,6,280,GO:1903429,regulation of cell maturation,1,,,,,,,
0,0.144330481,4,53,GO:1903430,negative regulation of cell maturation,1,,,,,,,
0,1,2,115,GO:1903431,positive regulation of cell maturation,1,,,,,,,
0,1,2,137,GO:1903432,regulation of TORC1 signaling,1,,,,,,,
0,1,3,10,GO:1903438;GO:1903490,positive regulation of mitotic cytokinetic process,1,,,,,,,
0,1,6,17,GO:1903441;GO:0097500,protein localization to ciliary membrane,1,,,,,,,
0,1,4,7,GO:1903445,protein transport from ciliary membrane to plasma membrane,1,,,,,,,
0,1,2,5,GO:1903450,regulation of G1 to G0 transition,1,,,,,,,
0,1,2,7,GO:1903463,regulation of mitotic cell cycle DNA replication,1,,,,,,,
0,1,4,8,GO:1903487;GO:1903488,regulation of lactation,1,,,,,,,
0,1,4,243,GO:1903510,mucopolysaccharide metabolic process,1,,,,,,,
0,1,5,5,GO:1903516,regulation of single strand break repair,1,,,,,,,
0,1,5,14,GO:1903519;GO:1903521;GO:0060058,regulation of mammary gland involution,1,,,,,,,
0,0.485118763,2,225,GO:1903524,positive regulation of blood circulation,1,,,,,,,
0,1,2,18,GO:1903525,regulation of membrane tubulation,1,,,,,,,
0,1,2,5,GO:1903526,negative regulation of membrane tubulation,1,,,,,,,
0,1,2,11,GO:1903527,positive regulation of membrane tubulation,1,,,,,,,
0,1,5,589,GO:1903531;GO:0051048,negative regulation of secretion,1,,,,,,,
0,1,3,118,GO:1903533,regulation of protein targeting,1,,,,,,,
0,0.062617937,4,22,GO:1903538,regulation of meiotic cell cycle process involved in oocyte maturation,1,,,,,,,
0,1,2,25,GO:1903541;GO:1903543,regulation of exosomal secretion,1,,,,,,,
0,1,2,6,GO:1903544,response to butyrate,1,,,,,,,
0,1,2,10,GO:1903546,protein localization to photoreceptor outer segment,1,,,,,,,
0,1,2,8,GO:1903551;GO:1903553,regulation of extracellular exosome assembly,1,,,,,,,
0,1,2,14,GO:1903564;GO:1903566,regulation of protein localization to cilium,1,,,,,,,
0,0.234950611,2,91,GO:1903573,negative regulation of response to endoplasmic reticulum stress,1,,,,,,,
0,1,2,10,GO:1903576,response to L-arginine,1,,,,,,,
0,1,2,33,GO:1903587,regulation of blood vessel endothelial cell proliferation involved in sprouting angiogenesis,1,,,,,,,
0,1,8,14,GO:1903588,negative regulation of blood vessel endothelial cell proliferation involved in sprouting angiogenesis,1,,,,,,,
0,1,5,19,GO:1903589,positive regulation of blood vessel endothelial cell proliferation involved in sprouting angiogenesis,1,,,,,,,
0,1,3,11,GO:1903593;GO:1903595,positive regulation of histamine secretion by mast cell,1,,,,,,,
0,1,6,6,GO:1903596,regulation of gap junction assembly,1,,,,,,,
0,0.116174358,4,42,GO:1903599,positive regulation of autophagy of mitochondrion,1,,,,,,,
0,1,3,16,GO:1903608,protein localization to cytoplasmic stress granule,1,,,,,,,
0,1,3,6,GO:1903609,negative regulation of inward rectifier potassium channel activity,1,,,,,,,
0,1,3,5,GO:1903610,regulation of calcium-dependent ATPase activity,1,,,,,,,
0,1,2,5,GO:1903613,regulation of protein tyrosine phosphatase activity,1,,,,,,,
0,1,4,17,GO:1903616,MAPK cascade involved in axon regeneration,1,,,,,,,
0,1,3,7,GO:1903630,regulation of aminoacyl-tRNA ligase activity,1,,,,,,,
0,1,2,8,GO:1903644,regulation of chaperone-mediated protein folding,1,,,,,,,
0,1,6,86,GO:1903649,regulation of cytoplasmic transport,1,,,,,,,
0,1,2,14,GO:1903650,negative regulation of cytoplasmic transport,1,,,,,,,
0,1,6,62,GO:1903651,positive regulation of cytoplasmic transport,1,,,,,,,
0,1,2,7,GO:1903659,regulation of complement-dependent cytotoxicity,1,,,,,,,
0,1,2,163,GO:1903670,regulation of sprouting angiogenesis,1,,,,,,,
0,1,2,64,GO:1903671,negative regulation of sprouting angiogenesis,1,,,,,,,
0,1,3,92,GO:1903672,positive regulation of sprouting angiogenesis,1,,,,,,,
0,1,5,10,GO:1903684;GO:1903688,positive regulation of border follicle cell migration,1,,,,,,,
0,1,2,944,GO:1903706,regulation of hemopoiesis,1,,,,,,,
0,1,2,335,GO:1903707,negative regulation of hemopoiesis,1,,,,,,,
0,1,2,420,GO:1903708,positive regulation of hemopoiesis,1,,,,,,,
0,1,2,17,GO:1903715,regulation of aerobic respiration,1,,,,,,,
0,1,6,8,GO:1903719;GO:1903721,positive regulation of I-kappaB phosphorylation,1,,,,,,,
0,1,2,8,GO:1903722,regulation of centriole elongation,1,,,,,,,
0,0.474331047,2,218,GO:1903725,regulation of phospholipid metabolic process,1,,,,,,,
0,1,4,47,GO:1903726,negative regulation of phospholipid metabolic process,1,,,,,,,
0,0.303860373,2,123,GO:1903727,positive regulation of phospholipid metabolic process,1,,,,,,,
0,1,5,36,GO:1903729,regulation of plasma membrane organization,1,,,,,,,
0,1,2,9,GO:1903742,regulation of anterograde synaptic vesicle transport,1,,,,,,,
0,1,2,5,GO:1903744,positive regulation of anterograde synaptic vesicle transport,1,,,,,,,
0,1,2,11,GO:1903745,negative regulation of pharyngeal pumping,1,,,,,,,
0,1,2,90,GO:1903747,regulation of establishment of protein localization to mitochondrion,1,,,,,,,
0,1,3,11,GO:1903748,negative regulation of establishment of protein localization to mitochondrion,1,,,,,,,
0,1,3,9,GO:1903753,negative regulation of p38MAPK cascade,1,,,,,,,
0,1,2,8,GO:1903760;GO:1905024;GO:1905031,regulation of membrane repolarization during cardiac muscle cell action potential,1,,,,,,,
0,1,8,6,GO:1903764,regulation of potassium ion export across plasma membrane,1,,,,,,,
0,1,5,13,GO:1903772,regulation of viral budding via host ESCRT complex,1,,,,,,,
0,1,3,9,GO:1903774,positive regulation of viral budding via host ESCRT complex,1,,,,,,,
0,1,2,123,GO:1903779,regulation of cardiac conduction,1,,,,,,,
0,1,4,5,GO:1903781;GO:1903949,positive regulation of atrial cardiac muscle cell action potential,1,,,,,,,
0,0.752571377,3,912,GO:1903792;GO:0043271,negative regulation of ion transport,1,,,,,,,
0,1,3,15,GO:1903795,regulation of inorganic anion transmembrane transport,1,,,,,,,
0,1,3,8,GO:1903797,positive regulation of inorganic anion transmembrane transport,1,,,,,,,
0,1,2,23,GO:1903799,negative regulation of production of miRNAs involved in gene silencing by miRNA,1,,,,,,,
0,1,2,28,GO:1903800,positive regulation of production of miRNAs involved in gene silencing by miRNA,1,,,,,,,
0,1,2,23,GO:1903817,negative regulation of voltage-gated potassium channel activity,1,,,,,,,
0,1,4,27,GO:1903818,positive regulation of voltage-gated potassium channel activity,1,,,,,,,
0,0.775663811,5,1377,GO:1903827,regulation of cellular protein localization,1,,,,,,,
0,0.25351913,2,331,GO:1903828,negative regulation of cellular protein localization,1,,,,,,,
0,0.702383736,2,827,GO:1903829,positive regulation of cellular protein localization,1,,,,,,,
0,1,5,18,GO:1903830,magnesium ion transmembrane transport,1,,,,,,,
0,1,6,9,GO:1903847;GO:1903849;GO:1905653,positive regulation of artery morphogenesis,1,,,,,,,
0,0.265890346,2,105,GO:1903859,regulation of dendrite extension,1,,,,,,,
0,1,2,77,GO:1903861,positive regulation of dendrite extension,1,,,,,,,
0,0.076300114,6,27,GO:1903862,positive regulation of oxidative phosphorylation,1,,,,,,,
0,1,4,15,GO:1903863,P granule assembly,1,,,,,,,
0,1,3,10,GO:1903891,regulation of ATF6-mediated unfolded protein response,1,,,,,,,
0,1,3,20,GO:1903894,regulation of IRE1-mediated unfolded protein response,1,,,,,,,
0,1,2,9,GO:1903895,negative regulation of IRE1-mediated unfolded protein response,1,,,,,,,
0,1,5,8,GO:1903896,positive regulation of IRE1-mediated unfolded protein response,1,,,,,,,
0,1,3,25,GO:1903897,regulation of PERK-mediated unfolded protein response,1,,,,,,,
0,1,2,11,GO:1903898;GO:1903912,negative regulation of PERK-mediated unfolded protein response,1,,,,,,,
0,1,5,13,GO:1903899,positive regulation of PERK-mediated unfolded protein response,1,,,,,,,
0,1,5,285,GO:1903900,regulation of viral life cycle,1,,,,,,,
0,1,2,118,GO:1903901,negative regulation of viral life cycle,1,,,,,,,
0,1,2,119,GO:1903902,positive regulation of viral life cycle,1,,,,,,,
0,1,6,13,GO:1903903,regulation of establishment of T cell polarity,1,,,,,,,
0,1,3,7,GO:1903905,positive regulation of establishment of T cell polarity,1,,,,,,,
0,1,4,6,GO:1903929,primary palate development,1,,,,,,,
0,1,2,19,GO:1903935,response to sodium arsenite,1,,,,,,,
0,1,5,9,GO:1903936,cellular response to sodium arsenite,1,,,,,,,
0,1,2,8,GO:1903937;GO:0033693,response to acrylamide,1,,,,,,,
0,1,7,15,GO:1903939,regulation of TORC2 signaling,1,,,,,,,
0,1,5,6,GO:1903940,negative regulation of TORC2 signaling,1,,,,,,,
0,1,8,7,GO:1903943;GO:1903944,regulation of hepatocyte apoptotic process,1,,,,,,,
0,1,2,19,GO:1903955,positive regulation of protein targeting to mitochondrion,1,,,,,,,
0,0.229660947,2,309,GO:1903959,regulation of anion transmembrane transport,1,,,,,,,
0,1,3,107,GO:1903960,negative regulation of anion transmembrane transport,1,,,,,,,
0,1,3,5,GO:1903964,monounsaturated fatty acid metabolic process,1,,,,,,,
0,1,6,5,GO:1903971;GO:1903974,positive regulation of response to macrophage colony-stimulating factor,1,,,,,,,
0,1,2,14,GO:1903972;GO:1903969,regulation of cellular response to macrophage colony-stimulating factor stimulus,1,,,,,,,
0,1,3,39,GO:1903975,regulation of glial cell migration,1,,,,,,,
0,1,2,12,GO:1903976,negative regulation of glial cell migration,1,,,,,,,
0,1,2,19,GO:1903977,positive regulation of glial cell migration,1,,,,,,,
0,1,6,17,GO:1903978;GO:0150077;GO:1903980;GO:0150078,regulation of microglial cell activation,1,,,,,,,
0,1,5,20,GO:1903995;GO:1903997,regulation of non-membrane spanning protein tyrosine kinase activity,1,,,,,,,
0,1,6,20,GO:1903999,negative regulation of eating behavior,1,,,,,,,
0,1,2,11,GO:1904000,positive regulation of eating behavior,1,,,,,,,
0,1,2,9,GO:1904008,response to monosodium glutamate,1,,,,,,,
0,1,2,5,GO:1904009,cellular response to monosodium glutamate,1,,,,,,,
0,1,2,28,GO:1904016,response to Thyroglobulin triiodothyronine,1,,,,,,,
0,1,4,18,GO:1904017,cellular response to Thyroglobulin triiodothyronine,1,,,,,,,
0,1,2,77,GO:1904019,epithelial cell apoptotic process,1,,,,,,,
0,1,5,5,GO:1904020,regulation of G protein-coupled receptor internalization,1,,,,,,,
0,1,6,10,GO:1904026,regulation of collagen fibril organization,1,,,,,,,
0,1,2,7,GO:1904027,negative regulation of collagen fibril organization,1,,,,,,,
0,0.427210573,6,189,GO:1904029;GO:0000079,regulation of cyclin-dependent protein kinase activity,1,,,,,,,
0,0.223591502,6,86,GO:1904031;GO:0045737,positive regulation of cyclin-dependent protein kinase activity,1,,,,,,,
0,0.397673789,2,172,GO:1904035,regulation of epithelial cell apoptotic process,1,,,,,,,
0,0.250578134,8,98,GO:1904036,negative regulation of epithelial cell apoptotic process,1,,,,,,,
0,1,2,68,GO:1904037,positive regulation of epithelial cell apoptotic process,1,,,,,,,
0,1,2,6,GO:1904046,negative regulation of vascular endothelial growth factor production,1,,,,,,,
0,1,2,6,GO:1904048,regulation of spontaneous neurotransmitter secretion,1,,,,,,,
0,1,2,6,GO:1904057,negative regulation of sensory perception of pain,1,,,,,,,
0,1,3,32,GO:1904058,positive regulation of sensory perception of pain,1,,,,,,,
0,1,2,39,GO:1904059,regulation of locomotor rhythm,1,,,,,,,
0,0.652912914,3,754,GO:1904062,regulation of cation transmembrane transport,1,,,,,,,
0,0.659275586,2,364,GO:1904064,positive regulation of cation transmembrane transport,1,,,,,,,
0,1,4,22,GO:1904081,positive regulation of transcription from RNA polymerase II promoter involved in neuron differentiation,1,,,,,,,
0,1,2,5,GO:1904092,regulation of autophagic cell death,1,,,,,,,
0,1,2,10,GO:1904106,protein localization to microvillus,1,,,,,,,
0,1,2,7,GO:1904107,protein localization to microvillus membrane,1,,,,,,,
0,1,3,5,GO:1904109;GO:2000911,positive regulation of cholesterol import,1,,,,,,,
0,1,5,7,GO:1904116;GO:1904117,cellular response to vasopressin,1,,,,,,,
0,1,6,6,GO:1904139,regulation of microglial cell migration,1,,,,,,,
0,1,2,9,GO:1904146,positive regulation of meiotic cell cycle process involved in oocyte maturation,1,,,,,,,
0,1,2,8,GO:1904170,regulation of bleb assembly,1,,,,,,,
0,1,2,11,GO:1904177,regulation of adipose tissue development,1,,,,,,,
0,1,2,8,GO:1904179,positive regulation of adipose tissue development,1,,,,,,,
0,1,2,26,GO:1904181,positive regulation of membrane depolarization,1,,,,,,,
0,1,8,7,GO:1904192;GO:1904193,regulation of cholangiocyte apoptotic process,1,,,,,,,
0,1,2,5,GO:1904204,regulation of skeletal muscle hypertrophy,1,,,,,,,
0,1,2,7,GO:1904217;GO:1904219;GO:1904220;GO:1904222,regulation of serine C-palmitoyltransferase activity,1,,,,,,,
0,1,3,17,GO:1904238,pericyte cell differentiation,1,,,,,,,
0,1,5,18,GO:1904251;GO:0070857,regulation of bile acid metabolic process,1,,,,,,,
0,1,3,16,GO:1904259;GO:1904261,positive regulation of basement membrane assembly involved in embryonic body morphogenesis,1,,,,,,,
0,1,2,56,GO:1904262,negative regulation of TORC1 signaling,1,,,,,,,
0,1,2,70,GO:1904263,positive regulation of TORC1 signaling,1,,,,,,,
0,1,2,8,GO:1904289;GO:1904290,regulation of mitotic DNA damage checkpoint,1,,,,,,,
0,1,3,50,GO:1904292,regulation of ERAD pathway,1,,,,,,,
0,1,4,24,GO:1904293,negative regulation of ERAD pathway,1,,,,,,,
0,1,2,23,GO:1904294,positive regulation of ERAD pathway,1,,,,,,,
0,1,2,21,GO:1904304,regulation of gastro-intestinal system smooth muscle contraction,1,,,,,,,
0,1,5,8,GO:1904305;GO:1904348,negative regulation of gastro-intestinal system smooth muscle contraction,1,,,,,,,
0,1,5,13,GO:1904306,positive regulation of gastro-intestinal system smooth muscle contraction,1,,,,,,,
0,1,4,8,GO:1904313,response to methamphetamine hydrochloride,1,,,,,,,
0,1,3,5,GO:1904323;GO:1904325,regulation of inhibitory G protein-coupled receptor phosphorylation,1,,,,,,,
0,1,3,36,GO:1904338,regulation of dopaminergic neuron differentiation,1,,,,,,,
0,1,2,10,GO:1904339,negative regulation of dopaminergic neuron differentiation,1,,,,,,,
0,1,4,17,GO:1904340,positive regulation of dopaminergic neuron differentiation,1,,,,,,,
0,1,5,14,GO:1904347,regulation of small intestine smooth muscle contraction,1,,,,,,,
0,1,2,6,GO:1904349,positive regulation of small intestine smooth muscle contraction,1,,,,,,,
0,0.070851072,2,25,GO:1904350;GO:1905165,regulation of protein catabolic process in the vacuole,1,,,,,,,
0,1,5,5,GO:1904351;GO:1905166,negative regulation of lysosomal protein catabolic process,1,,,,,,,
0,1,3,17,GO:1904352;GO:1905167,positive regulation of protein catabolic process in the vacuole,1,,,,,,,
0,1,2,47,GO:1904353,regulation of telomere capping,1,,,,,,,
0,1,4,14,GO:1904354,negative regulation of telomere capping,1,,,,,,,
0,1,6,31,GO:1904355,positive regulation of telomere capping,1,,,,,,,
0,1,6,40,GO:1904357,negative regulation of telomere maintenance via telomere lengthening,1,,,,,,,
0,1,5,11,GO:1904373,response to kainic acid,1,,,,,,,
0,1,5,5,GO:1904378,maintenance of unfolded protein involved in ERAD pathway,1,,,,,,,
0,1,2,31,GO:1904380,endoplasmic reticulum mannose trimming,1,,,,,,,
0,1,6,77,GO:1904385;GO:1990776,response to angiotensin,1,,,,,,,
0,1,4,9,GO:1904393,regulation of skeletal muscle acetylcholine-gated channel clustering,1,,,,,,,
0,1,2,5,GO:1904395,positive regulation of skeletal muscle acetylcholine-gated channel clustering,1,,,,,,,
0,1,3,10,GO:1904400;GO:1904401,response to Thyroid stimulating hormone,1,,,,,,,
0,1,2,6,GO:1904412,regulation of cardiac ventricle development,1,,,,,,,
0,1,4,15,GO:1904415;GO:1904417,regulation of xenophagy,1,,,,,,,
0,1,2,39,GO:1904424,regulation of GTP binding,1,,,,,,,
0,1,4,5,GO:1904425,negative regulation of GTP binding,1,,,,,,,
0,1,2,8,GO:1904426,positive regulation of GTP binding,1,,,,,,,
0,1,2,184,GO:1904427,positive regulation of calcium ion transmembrane transport,1,,,,,,,
0,1,5,8,GO:1904428,negative regulation of tubulin deacetylation,1,,,,,,,
0,1,2,7,GO:1904429,regulation of t-circle formation,1,,,,,,,
0,1,2,17,GO:1904456,negative regulation of neuronal action potential,1,,,,,,,
0,1,2,8,GO:1904464,regulation of matrix metallopeptidase secretion,1,,,,,,,
0,1,3,10,GO:1904475;GO:2001106,regulation of Rho guanyl-nucleotide exchange factor activity,1,,,,,,,
0,1,3,14,GO:1904478,regulation of intestinal absorption,1,,,,,,,
0,1,2,5,GO:1904479,negative regulation of intestinal absorption,1,,,,,,,
0,1,7,11,GO:1904491,protein localization to ciliary transition zone,1,,,,,,,
0,1,4,18,GO:1904502;GO:1904504,regulation of lipophagy,1,,,,,,,
0,1,7,12,GO:1904508,regulation of protein localization to basolateral plasma membrane,1,,,,,,,
0,1,2,26,GO:1904526,regulation of microtubule binding,1,,,,,,,
0,1,5,8,GO:1904527,negative regulation of microtubule binding,1,,,,,,,
0,1,5,16,GO:1904528,positive regulation of microtubule binding,1,,,,,,,
0,1,2,15,GO:1904529;GO:1904616;GO:1904531;GO:1904618,regulation of actin filament binding,1,,,,,,,
0,1,3,11,GO:1904576,response to tunicamycin,1,,,,,,,
0,1,2,5,GO:1904577,cellular response to tunicamycin,1,,,,,,,
0,1,2,10,GO:1904578;GO:1904579,response to thapsigargin,1,,,,,,,
0,1,3,18,GO:1904582;GO:0045856;GO:1902877,positive regulation of intracellular mRNA localization,1,,,,,,,
0,1,2,27,GO:1904587,response to glycoprotein,1,,,,,,,
0,1,3,14,GO:1904588,cellular response to glycoprotein,1,,,,,,,
0,1,4,5,GO:1904621,regulation of actin-dependent ATPase activity,1,,,,,,,
0,1,2,10,GO:1904627;GO:1904628,response to phorbol 13-acetate 12-myristate,1,,,,,,,
0,1,3,16,GO:1904636;GO:1904637,cellular response to ionomycin,1,,,,,,,
0,1,4,6,GO:1904638,response to resveratrol,1,,,,,,,
0,1,2,7,GO:1904640,response to methionine,1,,,,,,,
0,1,2,5,GO:1904643,response to curcumin,1,,,,,,,
0,1,5,92,GO:1904645;GO:1904646,response to amyloid-beta,1,,,,,,,
0,1,2,13,GO:1904647,response to rotenone,1,,,,,,,
0,1,2,52,GO:1904666,regulation of ubiquitin protein ligase activity,1,,,,,,,
0,1,2,25,GO:1904667,negative regulation of ubiquitin protein ligase activity,1,,,,,,,
0,1,6,25,GO:1904668,positive regulation of ubiquitin protein ligase activity,1,,,,,,,
0,1,2,15,GO:1904672,regulation of somatic stem cell population maintenance,1,,,,,,,
0,1,2,18,GO:1904683,regulation of metalloendopeptidase activity,1,,,,,,,
0,1,2,12,GO:1904684;GO:1905049,negative regulation of metallopeptidase activity,1,,,,,,,
0,1,2,8,GO:1904685,positive regulation of metalloendopeptidase activity,1,,,,,,,
0,1,3,8,GO:1904688,regulation of cytoplasmic translational initiation,1,,,,,,,
0,1,2,6,GO:1904690;GO:1903677;GO:1903679,positive regulation of cytoplasmic translational initiation,1,,,,,,,
0,1,4,7,GO:1904692,positive regulation of type B pancreatic cell proliferation,1,,,,,,,
0,1,6,10,GO:1904702;GO:0150106;GO:1904703;GO:0150119,regulation of protein localization to adherens junction,1,,,,,,,
0,0.291424306,2,117,GO:1904705,regulation of vascular associated smooth muscle cell proliferation,1,,,,,,,
0,0.116174358,7,42,GO:1904706,negative regulation of vascular associated smooth muscle cell proliferation,1,,,,,,,
0,1,2,72,GO:1904707,positive regulation of vascular associated smooth muscle cell proliferation,1,,,,,,,
0,1,3,11,GO:1904714,regulation of chaperone-mediated autophagy,1,,,,,,,
0,1,3,8,GO:1904719,positive regulation of AMPA glutamate receptor clustering,1,,,,,,,
0,1,2,8,GO:1904729,regulation of intestinal lipid absorption,1,,,,,,,
0,1,2,5,GO:1904732,regulation of electron transfer activity,1,,,,,,,
0,1,2,5,GO:1904742,regulation of telomeric DNA binding,1,,,,,,,
0,1,2,33,GO:1904746,negative regulation of apoptotic process involved in development,1,,,,,,,
0,1,2,52,GO:1904747,positive regulation of apoptotic process involved in development,1,,,,,,,
0,1,2,95,GO:1904748,regulation of apoptotic process involved in development,1,,,,,,,
0,1,7,11,GO:1904749;GO:1904751,regulation of protein localization to nucleolus,1,,,,,,,
0,0.161784892,2,60,GO:1904752,regulation of vascular associated smooth muscle cell migration,1,,,,,,,
0,0.048735665,2,17,GO:1904753,negative regulation of vascular associated smooth muscle cell migration,1,,,,,,,
0,1,4,43,GO:1904754,positive regulation of vascular associated smooth muscle cell migration,1,,,,,,,
0,1,2,5,GO:1904760,regulation of myofibroblast differentiation,1,,,,,,,
0,1,3,8,GO:1904766,negative regulation of macroautophagy by TORC1 signaling,1,,,,,,,
0,1,2,37,GO:1904776,regulation of protein localization to cell cortex,1,,,,,,,
0,1,2,15,GO:1904778,positive regulation of protein localization to cell cortex,1,,,,,,,
0,1,2,28,GO:1904779,regulation of protein localization to centrosome,1,,,,,,,
0,1,3,10,GO:1904780,negative regulation of protein localization to centrosome,1,,,,,,,
0,1,2,18,GO:1904781,positive regulation of protein localization to centrosome,1,,,,,,,
0,1,4,7,GO:1904783,positive regulation of NMDA glutamate receptor activity,1,,,,,,,
0,1,4,13,GO:1904796;GO:1904798,regulation of core promoter binding,1,,,,,,,
0,1,2,49,GO:1904799,regulation of neuron remodeling,1,,,,,,,
0,1,2,10,GO:1904800,negative regulation of neuron remodeling,1,,,,,,,
0,1,2,30,GO:1904801,positive regulation of neuron remodeling,1,,,,,,,
0,1,7,8,GO:1904806,regulation of protein oxidation,1,,,,,,,
0,1,2,26,GO:1904809;GO:1904811,regulation of dense core granule transport,1,,,,,,,
0,1,2,10,GO:1904810,negative regulation of dense core granule transport,1,,,,,,,
0,1,5,9,GO:1904823,purine nucleobase transmembrane transport,1,,,,,,,
0,1,4,54,GO:1904837,beta-catenin-TCF complex assembly,1,,,,,,,
0,1,6,21,GO:1904847;GO:2000544,regulation of endothelial cell chemotaxis to fibroblast growth factor,1,,,,,,,
0,1,3,14,GO:1904849;GO:2000546,positive regulation of endothelial cell chemotaxis to fibroblast growth factor,1,,,,,,,
0,1,2,8,GO:1904862,inhibitory synapse assembly,1,,,,,,,
0,1,2,14,GO:1904872,regulation of telomerase RNA localization to Cajal body,1,,,,,,,
0,1,4,8,GO:1904880,response to hydrogen sulfide,1,,,,,,,
0,1,2,14,GO:1904885,beta-catenin destruction complex assembly,1,,,,,,,
0,1,2,54,GO:1904886,beta-catenin destruction complex disassembly,1,,,,,,,
0,1,2,22,GO:1904896,ESCRT complex disassembly,1,,,,,,,
0,1,3,14,GO:1904901,positive regulation of myosin II filament organization,1,,,,,,,
0,1,2,11,GO:1904903,ESCRT III complex disassembly,1,,,,,,,
0,1,7,6,GO:1904920;GO:1904922,regulation of MAPK cascade involved in axon regeneration,1,,,,,,,
0,1,2,33,GO:1904948;GO:1904953,midbrain dopaminergic neuron differentiation,1,,,,,,,
0,1,8,7,GO:1904954,canonical Wnt signaling pathway involved in midbrain dopaminergic neuron differentiation,1,,,,,,,
0,1,2,16,GO:1904956;GO:1904958,regulation of midbrain dopaminergic neuron differentiation,1,,,,,,,
0,1,2,6,GO:1904978,regulation of endosome organization,1,,,,,,,
0,1,7,34,GO:1904994;GO:1904996,regulation of leukocyte adhesion to vascular endothelial cell,1,,,,,,,
0,1,4,8,GO:1904995;GO:1903237,negative regulation of leukocyte adhesion to vascular endothelial cell,1,,,,,,,
0,1,2,6,GO:1904997,regulation of leukocyte adhesion to arterial endothelial cell,1,,,,,,,
0,0.671238989,2,376,GO:1905039;GO:1903825,organic acid transmembrane transport,1,,,,,,,
0,1,3,29,GO:1905048,regulation of metallopeptidase activity,1,,,,,,,
0,1,2,17,GO:1905050,positive regulation of metallopeptidase activity,1,,,,,,,
0,1,5,9,GO:1905051;GO:1905053,regulation of base-excision repair,1,,,,,,,
0,1,7,29,GO:1905063,regulation of vascular associated smooth muscle cell differentiation,1,,,,,,,
0,1,2,18,GO:1905064,negative regulation of vascular associated smooth muscle cell differentiation,1,,,,,,,
0,1,2,11,GO:1905065,positive regulation of vascular associated smooth muscle cell differentiation,1,,,,,,,
0,1,2,5,GO:1905069,allantois development,1,,,,,,,
0,1,3,15,GO:1905073;GO:1905075,regulation of tight junction disassembly,1,,,,,,,
0,1,5,7,GO:1905089,regulation of parkin-mediated stimulation of mitophagy in response to mitochondrial depolarization,1,,,,,,,
0,1,2,25,GO:1905097,regulation of guanyl-nucleotide exchange factor activity,1,,,,,,,
0,1,3,13,GO:1905098,negative regulation of guanyl-nucleotide exchange factor activity,1,,,,,,,
0,1,3,763,GO:1905114,cell surface receptor signaling pathway involved in cell-cell signaling,1,,,,,,,
0,1,6,7,GO:1905126,regulation of axo-dendritic protein transport,1,,,,,,,
0,1,5,10,GO:1905150,regulation of voltage-gated sodium channel activity,1,,,,,,,
0,1,2,8,GO:1905168,positive regulation of double-strand break repair via homologous recombination,1,,,,,,,
0,1,2,6,GO:1905169;GO:1905171,regulation of protein localization to phagocytic vesicle,1,,,,,,,
0,1,2,6,GO:1905174,regulation of vascular associated smooth muscle cell dedifferentiation,1,,,,,,,
0,1,5,7,GO:1905203;GO:1905205,regulation of connective tissue replacement,1,,,,,,,
0,1,4,12,GO:1905206;GO:2001040,positive regulation of cellular response to drug,1,,,,,,,
0,1,2,163,GO:1905207,regulation of cardiocyte differentiation,1,,,,,,,
0,1,5,80,GO:1905208,negative regulation of cardiocyte differentiation,1,,,,,,,
0,1,3,75,GO:1905209,positive regulation of cardiocyte differentiation,1,,,,,,,
0,1,5,5,GO:1905217,response to astaxanthin,1,,,,,,,
0,1,5,6,GO:1905225,response to thyrotropin-releasing hormone,1,,,,,,,
0,1,4,14,GO:1905232,cellular response to L-glutamate,1,,,,,,,
0,1,2,19,GO:1905244,regulation of modification of synaptic structure,1,,,,,,,
0,1,6,156,GO:1905268,negative regulation of chromatin organization,1,,,,,,,
0,0.129084239,2,47,GO:1905276,regulation of epithelial tube formation,1,,,,,,,
0,1,5,6,GO:1905277,negative regulation of epithelial tube formation,1,,,,,,,
0,1,3,12,GO:1905289,regulation of CAMKK-AMPK signaling cascade,1,,,,,,,
0,1,6,7,GO:1905292;GO:1905294;GO:1905310;GO:1905312,regulation of cardiac neural crest cell migration involved in outflow tract morphogenesis,1,,,,,,,
0,1,3,7,GO:1905304,regulation of cardiac myofibril assembly,1,,,,,,,
0,1,4,72,GO:1905314,semi-lunar valve development,1,,,,,,,
0,1,2,10,GO:1905323,telomerase holoenzyme complex assembly,1,,,,,,,
0,0.705575336,5,413,GO:1905330,regulation of morphogenesis of an epithelium,1,,,,,,,
0,0.144330481,5,53,GO:1905331,negative regulation of morphogenesis of an epithelium,1,,,,,,,
0,0.18611144,2,70,GO:1905332,positive regulation of morphogenesis of an epithelium,1,,,,,,,
0,1,3,6,GO:1905333,regulation of gastric motility,1,,,,,,,
0,1,2,9,GO:1905340,regulation of protein localization to kinetochore,1,,,,,,,
0,1,6,6,GO:1905342,positive regulation of protein localization to kinetochore,1,,,,,,,
0,1,3,5,GO:1905371,ceramide phosphoethanolamine metabolic process,1,,,,,,,
0,1,2,11,GO:1905383;GO:0099641,protein localization to presynapse,1,,,,,,,
0,1,4,10,GO:1905395;GO:1990910,response to flavonoid,1,,,,,,,
0,1,3,5,GO:1905407;GO:1905408,regulation of creatine transmembrane transporter activity,1,,,,,,,
0,1,6,8,GO:1905424;GO:1905426,regulation of Wnt-mediated midbrain dopaminergic neuron differentiation,1,,,,,,,
0,1,9,5,GO:1905435;GO:1905437,regulation of histone H3-K4 trimethylation,1,,,,,,,
0,1,3,6,GO:1905443;GO:1905445,positive regulation of clathrin coat assembly,1,,,,,,,
0,1,2,24,GO:1905456;GO:2000973,regulation of lymphoid progenitor cell differentiation,1,,,,,,,
0,1,7,5,GO:1905458,positive regulation of lymphoid progenitor cell differentiation,1,,,,,,,
0,1,2,17,GO:1905459,regulation of vascular associated smooth muscle cell apoptotic process,1,,,,,,,
0,1,10,6,GO:1905460,negative regulation of vascular associated smooth muscle cell apoptotic process,1,,,,,,,
0,1,2,11,GO:1905461,positive regulation of vascular associated smooth muscle cell apoptotic process,1,,,,,,,
0,1,2,500,GO:1905475,regulation of protein localization to membrane,1,,,,,,,
0,1,2,339,GO:1905477,positive regulation of protein localization to membrane,1,,,,,,,
0,1,4,21,GO:1905483;GO:1905485,regulation of motor neuron migration,1,,,,,,,
0,1,2,7,GO:1905484,negative regulation of motor neuron migration,1,,,,,,,
0,1,6,7,GO:1905486;GO:1905488;GO:1905491,regulation of anterior/posterior axon guidance,1,,,,,,,
0,1,3,50,GO:1905489,regulation of sensory neuron axon guidance,1,,,,,,,
0,1,2,12,GO:1905490,negative regulation of sensory neuron axon guidance,1,,,,,,,
0,1,2,13,GO:1905503,regulation of motile cilium assembly,1,,,,,,,
0,1,2,71,GO:1905515,non-motile cilium assembly,1,,,,,,,
0,0.121360832,5,44,GO:1905516,positive regulation of fertilization,1,,,,,,,
0,1,3,32,GO:1905517;GO:0048246,macrophage migration,1,,,,,,,
0,1,5,16,GO:1905518,regulation of presynaptic active zone assembly,1,,,,,,,
0,1,3,11,GO:1905519,negative regulation of presynaptic active zone assembly,1,,,,,,,
0,1,2,5,GO:1905520,positive regulation of presynaptic active zone assembly,1,,,,,,,
0,1,3,11,GO:1905522,negative regulation of macrophage migration,1,,,,,,,
0,1,6,31,GO:1905523;GO:0010759,positive regulation of macrophage migration,1,,,,,,,
0,1,7,43,GO:1905562,regulation of vascular endothelial cell proliferation,1,,,,,,,
0,1,2,12,GO:1905563,negative regulation of vascular endothelial cell proliferation,1,,,,,,,
0,1,5,30,GO:1905564,positive regulation of vascular endothelial cell proliferation,1,,,,,,,
0,1,3,5,GO:1905600;GO:1905602,regulation of receptor-mediated endocytosis involved in cholesterol transport,1,,,,,,,
0,1,2,34,GO:1905606,regulation of presynapse assembly,1,,,,,,,
0,1,2,15,GO:1905607,negative regulation of presynapse assembly,1,,,,,,,
0,1,4,7,GO:1905608,positive regulation of presynapse assembly,1,,,,,,,
0,1,4,6,GO:1905616;GO:1905618,positive regulation of miRNA mediated inhibition of translation,1,,,,,,,
0,1,5,13,GO:1905651,regulation of artery morphogenesis,1,,,,,,,
0,1,2,12,GO:1905664;GO:1905665,regulation of calcium ion import across plasma membrane,1,,,,,,,
0,1,2,26,GO:1905666,regulation of protein localization to endosome,1,,,,,,,
0,1,2,5,GO:1905696,regulation of polysome binding,1,,,,,,,
0,1,4,37,GO:1905710;GO:0035794,positive regulation of membrane permeability,1,,,,,,,
0,1,2,8,GO:1905787,regulation of detection of mechanical stimulus involved in sensory perception of touch,1,,,,,,,
0,1,2,18,GO:1905802;GO:1905803,regulation of cellular response to manganese ion,1,,,,,,,
0,1,2,6,GO:1905804,positive regulation of cellular response to manganese ion,1,,,,,,,
0,1,3,20,GO:1905812;GO:1905815,regulation of dorsal/ventral axon guidance,1,,,,,,,
0,1,4,11,GO:1905832,positive regulation of spindle assembly,1,,,,,,,
0,1,2,8,GO:1905833,negative regulation of microtubule nucleation,1,,,,,,,
0,1,5,19,GO:1905852,positive regulation of backward locomotion,1,,,,,,,
0,1,2,16,GO:1905868,regulation of 3'-UTR-mediated mRNA stabilization,1,,,,,,,
0,1,3,10,GO:1905870,positive regulation of 3'-UTR-mediated mRNA stabilization,1,,,,,,,
0,1,2,105,GO:1905881,positive regulation of oogenesis,1,,,,,,,
0,1,2,5,GO:1905891;GO:1905894,regulation of cellular response to thapsigargin,1,,,,,,,
0,0.406513824,2,177,GO:1905897,regulation of response to endoplasmic reticulum stress,1,,,,,,,
0,1,3,75,GO:1905898,positive regulation of response to endoplasmic reticulum stress,1,,,,,,,
0,1,3,9,GO:1905905,pharyngeal gland morphogenesis,1,,,,,,,
0,1,2,21,GO:1905906,regulation of amyloid fibril formation,1,,,,,,,
0,1,2,9,GO:1905907,negative regulation of amyloid fibril formation,1,,,,,,,
0,1,2,10,GO:1905908,positive regulation of amyloid fibril formation,1,,,,,,,
0,1,2,27,GO:1905909,regulation of dauer entry,1,,,,,,,
0,1,2,15,GO:1905910,negative regulation of dauer entry,1,,,,,,,
0,1,3,6,GO:1905912,regulation of calcium ion export across plasma membrane,1,,,,,,,
0,1,4,7,GO:1905933,regulation of cell fate determination,1,,,,,,,
0,1,4,27,GO:1905936,regulation of germ cell proliferation,1,,,,,,,
0,1,2,14,GO:1905937;GO:2000254,regulation of male germ cell proliferation,1,,,,,,,
0,1,2,9,GO:1905938,positive regulation of germ cell proliferation,1,,,,,,,
0,0.159313101,4,59,GO:1905939,regulation of gonad development,1,,,,,,,
0,1,5,20,GO:1905940;GO:2000195,negative regulation of gonad development,1,,,,,,,
0,0.118771363,2,43,GO:1905941,positive regulation of gonad development,1,,,,,,,
0,0.791861503,2,529,GO:1905952,regulation of lipid localization,1,,,,,,,
0,0.402993291,4,175,GO:1905953,negative regulation of lipid localization,1,,,,,,,
0,1,2,304,GO:1905954,positive regulation of lipid localization,1,,,,,,,
0,1,2,21,GO:1990000,amyloid fibril formation,1,,,,,,,
0,1,4,19,GO:1990001,inhibition of cysteine-type endopeptidase activity involved in apoptotic process,1,,,,,,,
0,1,2,10,GO:1990009,retinal cell apoptotic process,1,,,,,,,
0,1,2,14,GO:1990048,anterograde neuronal dense core vesicle transport,1,,,,,,,
0,1,4,15,GO:1990049,retrograde neuronal dense core vesicle transport,1,,,,,,,
0,1,3,12,GO:1990086,lens fiber cell apoptotic process,1,,,,,,,
0,1,3,186,GO:1990089;GO:1990090,response to nerve growth factor,1,,,,,,,
0,1,8,8,GO:1990164,histone H2A phosphorylation,1,,,,,,,
0,0.043126083,2,15,GO:1990169,stress response to copper ion,1,,,,,,,
0,1,2,15,GO:1990170,stress response to cadmium ion,1,,,,,,,
0,1,2,5,GO:1990180,mitochondrial tRNA 3'-end processing,1,,,,,,,
0,1,2,9,GO:1990253,cellular response to leucine starvation,1,,,,,,,
0,1,2,16,GO:1990255,subsynaptic reticulum organization,1,,,,,,,
0,1,2,5,GO:1990264,peptidyl-tyrosine dephosphorylation involved in inactivation of protein kinase activity,1,,,,,,,
0,1,3,5,GO:1990267;GO:1990268,response to transition metal nanoparticle,1,,,,,,,
0,1,5,28,GO:1990314,cellular response to insulin-like growth factor stimulus,1,,,,,,,
0,1,2,6,GO:1990359,stress response to zinc ion,1,,,,,,,
0,1,2,8,GO:1990386,mitotic cleavage furrow ingression,1,,,,,,,
0,1,2,6,GO:1990401,embryonic lung development,1,,,,,,,
0,1,5,12,GO:1990402,embryonic liver development,1,,,,,,,
0,1,2,27,GO:1990403,embryonic brain development,1,,,,,,,
0,1,4,8,GO:1990408,calcitonin gene-related peptide receptor signaling pathway,1,,,,,,,
0,1,4,9,GO:1990410,adrenomedullin receptor signaling pathway,1,,,,,,,
0,1,2,7,GO:1990414,replication-born double-strand break repair via sister chromatid exchange,1,,,,,,,
0,1,2,27,GO:1990416,cellular response to brain-derived neurotrophic factor stimulus,1,,,,,,,
0,1,2,14,GO:1990418,response to insulin-like growth factor stimulus,1,,,,,,,
0,1,5,24,GO:1990440,positive regulation of transcription from RNA polymerase II promoter in response to endoplasmic reticulum stress,1,,,,,,,
0,1,2,12,GO:1990441,negative regulation of transcription from RNA polymerase II promoter in response to endoplasmic reticulum stress,1,,,,,,,
0,1,3,6,GO:1990478,response to ultrasound,1,,,,,,,
0,1,3,6,GO:1990481,mRNA pseudouridine synthesis,1,,,,,,,
0,1,3,12,GO:1990502,dense core granule maturation,1,,,,,,,
0,1,2,28,GO:1990504,dense core granule exocytosis,1,,,,,,,
0,1,4,10,GO:1990511,piRNA biosynthetic process,1,,,,,,,
0,1,3,8,GO:1990523,bone regeneration,1,,,,,,,
0,1,2,23,GO:1990535,neuron projection maintenance,1,,,,,,,
0,1,2,154,GO:1990542,mitochondrial transmembrane transport,1,,,,,,,
0,1,2,18,GO:1990573,potassium ion import across plasma membrane,1,,,,,,,
0,1,3,6,GO:1990636,reproductive senescence,1,,,,,,,
0,1,5,11,GO:1990637;GO:1990646,response to prolactin,1,,,,,,,
0,1,5,11,GO:1990668,vesicle fusion with endoplasmic reticulum-Golgi intermediate compartment (ERGIC) membrane,1,,,,,,,
0,1,3,8,GO:1990785,response to water-immersion restraint stress,1,,,,,,,
0,1,3,6,GO:1990790;GO:1990792,response to glial cell derived neurotrophic factor,1,,,,,,,
0,1,2,16,GO:1990791,dorsal root ganglion development,1,,,,,,,
0,1,2,5,GO:1990798,pancreas regeneration,1,,,,,,,
0,1,4,259,GO:1990823,response to leukemia inhibitory factor,1,,,,,,,
0,1,3,173,GO:1990830,cellular response to leukemia inhibitory factor,1,,,,,,,
0,1,3,45,GO:1990834,response to odorant,1,,,,,,,
0,1,5,12,GO:1990839,response to endothelin,1,,,,,,,
0,1,2,38,GO:1990845,adaptive thermogenesis,1,,,,,,,
0,1,2,8,GO:1990859,cellular response to endothelin,1,,,,,,,
0,1,4,22,GO:1990868;GO:1990869,response to chemokine,1,,,,,,,
0,1,3,5,GO:1990893,mitotic chromosome centromere condensation,1,,,,,,,
0,1,2,6,GO:1990926,short-term synaptic potentiation,1,,,,,,,
0,1,2,7,GO:1990927,calcium ion regulated lysosome exocytosis,1,,,,,,,
0,1,4,40,GO:2000001,regulation of DNA damage checkpoint,1,,,,,,,
0,1,6,118,GO:2000008,regulation of protein localization to cell surface,1,,,,,,,
0,1,2,30,GO:2000009,negative regulation of protein localization to cell surface,1,,,,,,,
0,1,2,48,GO:2000010,positive regulation of protein localization to cell surface,1,,,,,,,
0,1,4,12,GO:2000015,regulation of determination of dorsal identity,1,,,,,,,
0,1,2,5,GO:2000016,negative regulation of determination of dorsal identity,1,,,,,,,
0,1,2,7,GO:2000017,positive regulation of determination of dorsal identity,1,,,,,,,
0,0.07901279,2,28,GO:2000018;GO:2000020,regulation of male gonad development,1,,,,,,,
0,0.704287967,5,830,GO:2000027,regulation of animal organ morphogenesis,1,,,,,,,
0,1,5,24,GO:2000035,regulation of stem cell division,1,,,,,,,
0,1,4,85,GO:2000036,regulation of stem cell population maintenance,1,,,,,,,
0,1,5,10,GO:2000040,regulation of planar cell polarity pathway involved in axis elongation,1,,,,,,,
0,1,2,6,GO:2000041,negative regulation of planar cell polarity pathway involved in axis elongation,1,,,,,,,
0,1,2,22,GO:2000042,negative regulation of double-strand break repair via homologous recombination,1,,,,,,,
0,1,3,23,GO:2000043;GO:0042686,regulation of cardiac cell fate specification,1,,,,,,,
0,1,2,44,GO:2000047,regulation of cell-cell adhesion mediated by cadherin,1,,,,,,,
0,1,2,14,GO:2000048,negative regulation of cell-cell adhesion mediated by cadherin,1,,,,,,,
0,1,2,14,GO:2000049,positive regulation of cell-cell adhesion mediated by cadherin,1,,,,,,,
0,1,2,73,GO:2000050,regulation of non-canonical Wnt signaling pathway,1,,,,,,,
0,1,4,12,GO:2000051,negative regulation of non-canonical Wnt signaling pathway,1,,,,,,,
0,1,7,37,GO:2000052,positive regulation of non-canonical Wnt signaling pathway,1,,,,,,,
0,1,2,19,GO:2000053,regulation of Wnt signaling pathway involved in dorsal/ventral axis specification,1,,,,,,,
0,1,3,10,GO:2000054,negative regulation of Wnt signaling pathway involved in dorsal/ventral axis specification,1,,,,,,,
0,1,4,6,GO:2000055,positive regulation of Wnt signaling pathway involved in dorsal/ventral axis specification,1,,,,,,,
0,1,4,10,GO:2000056;GO:2000057,negative regulation of Wnt signaling pathway involved in digestive tract morphogenesis,1,,,,,,,
0,0.330070539,9,136,GO:2000059,negative regulation of ubiquitin-dependent protein catabolic process,1,,,,,,,
0,1,2,12,GO:2000064,regulation of cortisol biosynthetic process,1,,,,,,,
0,1,3,28,GO:2000074,regulation of type B pancreatic cell development,1,,,,,,,
0,1,2,10,GO:2000077,negative regulation of type B pancreatic cell development,1,,,,,,,
0,1,2,7,GO:2000078,positive regulation of type B pancreatic cell development,1,,,,,,,
0,1,7,9,GO:2000097,regulation of smooth muscle cell-matrix adhesion,1,,,,,,,
0,1,2,42,GO:2000104,negative regulation of DNA-dependent DNA replication,1,,,,,,,
0,1,8,45,GO:2000105,positive regulation of DNA-dependent DNA replication,1,,,,,,,
0,1,2,172,GO:2000106,regulation of leukocyte apoptotic process,1,,,,,,,
0,1,2,95,GO:2000107,negative regulation of leukocyte apoptotic process,1,,,,,,,
0,1,3,51,GO:2000108,positive regulation of leukocyte apoptotic process,1,,,,,,,
0,1,2,15,GO:2000109,regulation of macrophage apoptotic process,1,,,,,,,
0,1,3,9,GO:2000110,negative regulation of macrophage apoptotic process,1,,,,,,,
0,1,2,5,GO:2000111,positive regulation of macrophage apoptotic process,1,,,,,,,
0,1,2,8,GO:2000118,regulation of sodium-dependent phosphate transport,1,,,,,,,
0,1,3,5,GO:2000120,positive regulation of sodium-dependent phosphate transport,1,,,,,,,
0,0.051528265,3,18,GO:2000121,regulation of removal of superoxide radicals,1,,,,,,,
0,0.513309979,3,244,GO:2000134;GO:1902807,negative regulation of cell cycle G1/S phase transition,1,,,,,,,
0,0.136740597,2,50,GO:2000136,regulation of cell proliferation involved in heart morphogenesis,1,,,,,,,
0,1,6,6,GO:2000137,negative regulation of cell proliferation involved in heart morphogenesis,1,,,,,,,
0,1,6,22,GO:2000138,positive regulation of cell proliferation involved in heart morphogenesis,1,,,,,,,
0,0.045934945,2,16,GO:2000152,regulation of ubiquitin-specific protease activity,1,,,,,,,
0,1,2,6,GO:2000158,positive regulation of ubiquitin-specific protease activity,1,,,,,,,
0,1,3,82,GO:2000171,negative regulation of dendrite development,1,,,,,,,
0,0.0570892,5,20,GO:2000172,regulation of branching morphogenesis of a nerve,1,,,,,,,
0,1,2,13,GO:2000173,negative regulation of branching morphogenesis of a nerve,1,,,,,,,
0,1,5,357,GO:2000177,regulation of neural precursor cell proliferation,1,,,,,,,
0,1,2,154,GO:2000179,positive regulation of neural precursor cell proliferation,1,,,,,,,
0,1,3,7,GO:2000182,regulation of progesterone biosynthetic process,1,,,,,,,
0,1,6,202,GO:2000191;GO:0032890,regulation of organic acid transport,1,,,,,,,
0,1,2,49,GO:2000192,negative regulation of fatty acid transport,1,,,,,,,
0,1,2,81,GO:2000193,positive regulation of fatty acid transport,1,,,,,,,
0,1,2,40,GO:2000194,regulation of female gonad development,1,,,,,,,
0,1,3,17,GO:2000196,positive regulation of female gonad development,1,,,,,,,
0,1,3,18,GO:2000197;GO:0010793,regulation of ribonucleoprotein complex localization,1,,,,,,,
0,1,7,58,GO:2000209,regulation of anoikis,1,,,,,,,
0,1,3,14,GO:2000210,positive regulation of anoikis,1,,,,,,,
0,1,2,7,GO:2000211,regulation of glutamate metabolic process,1,,,,,,,
0,1,3,12,GO:2000223,regulation of BMP signaling pathway involved in heart jogging,1,,,,,,,
0,1,4,5,GO:2000224,regulation of testosterone biosynthetic process,1,,,,,,,
0,1,3,6,GO:2000226,regulation of pancreatic A cell differentiation,1,,,,,,,
0,1,4,18,GO:2000232,regulation of rRNA processing,1,,,,,,,
0,1,2,8,GO:2000234,positive regulation of rRNA processing,1,,,,,,,
0,0.283120856,2,918,GO:2000241,regulation of reproductive process,1,,,,,,,
0,0.491184709,4,229,GO:2000242,negative regulation of reproductive process,1,,,,,,,
0,0.347611098,2,418,GO:2000243,positive regulation of reproductive process,1,,,,,,,
0,1,6,59,GO:2000249,regulation of actin cytoskeleton reorganization,1,,,,,,,
0,1,4,34,GO:2000251,positive regulation of actin cytoskeleton reorganization,1,,,,,,,
0,1,2,44,GO:2000252,negative regulation of feeding behavior,1,,,,,,,
0,1,5,49,GO:2000253,positive regulation of feeding behavior,1,,,,,,,
0,1,4,49,GO:2000257,regulation of protein activation cascade,1,,,,,,,
0,1,2,32,GO:2000269,regulation of fibroblast apoptotic process,1,,,,,,,
0,1,8,14,GO:2000270,negative regulation of fibroblast apoptotic process,1,,,,,,,
0,1,2,9,GO:2000271,positive regulation of fibroblast apoptotic process,1,,,,,,,
0,0.176465637,2,66,GO:2000272,negative regulation of signaling receptor activity,1,,,,,,,
0,0.289330406,2,116,GO:2000273,positive regulation of signaling receptor activity,1,,,,,,,
0,1,3,217,GO:2000278,regulation of DNA biosynthetic process,1,,,,,,,
0,1,3,64,GO:2000279,negative regulation of DNA biosynthetic process,1,,,,,,,
0,1,7,8,GO:2000286,receptor internalization involved in canonical Wnt signaling pathway,1,,,,,,,
0,1,3,21,GO:2000288,positive regulation of myoblast proliferation,1,,,,,,,
0,1,4,6,GO:2000290,regulation of myotome development,1,,,,,,,
0,1,4,27,GO:2000292,regulation of defecation,1,,,,,,,
0,1,2,6,GO:2000294,positive regulation of defecation,1,,,,,,,
0,1,2,6,GO:2000297,negative regulation of synapse maturation,1,,,,,,,
0,1,3,74,GO:2000300,regulation of synaptic vesicle exocytosis,1,,,,,,,
0,1,3,16,GO:2000301,negative regulation of synaptic vesicle exocytosis,1,,,,,,,
0,1,4,23,GO:2000302,positive regulation of synaptic vesicle exocytosis,1,,,,,,,
0,0.156834113,3,58,GO:2000310,regulation of NMDA receptor activity,1,,,,,,,
0,1,3,78,GO:2000311,regulation of AMPA receptor activity,1,,,,,,,
0,1,3,5,GO:2000313,regulation of fibroblast growth factor receptor signaling pathway involved in neural plate anterior/posterior pattern formation,1,,,,,,,
0,1,3,30,GO:2000316;GO:2000319,regulation of T-helper 17 type immune response,1,,,,,,,
0,1,3,21,GO:2000317;GO:2000320,negative regulation of T-helper 17 type immune response,1,,,,,,,
0,1,2,9,GO:2000318,positive regulation of T-helper 17 type immune response,1,,,,,,,
0,1,3,5,GO:2000321,positive regulation of T-helper 17 cell differentiation,1,,,,,,,
0,1,3,33,GO:2000322,regulation of glucocorticoid receptor signaling pathway,1,,,,,,,
0,1,4,15,GO:2000323,negative regulation of glucocorticoid receptor signaling pathway,1,,,,,,,
0,1,2,14,GO:2000324,positive regulation of glucocorticoid receptor signaling pathway,1,,,,,,,
0,1,-1,12,GO:2000325,obsolete regulation of nuclear receptor coactivator activity,1,,,,,,,
0,1,-1,8,GO:2000327,obsolete positive regulation of nuclear receptor transcription coactivator activity,1,,,,,,,
0,1,2,7,GO:2000328,regulation of T-helper 17 cell lineage commitment,1,,,,,,,
0,1,2,5,GO:2000329,negative regulation of T-helper 17 cell lineage commitment,1,,,,,,,
0,1,2,68,GO:2000331,regulation of terminal button organization,1,,,,,,,
0,1,4,6,GO:2000332;GO:2000334,regulation of blood microparticle formation,1,,,,,,,
0,1,3,24,GO:2000341,regulation of chemokine (C-X-C motif) ligand 2 production,1,,,,,,,
0,1,2,5,GO:2000342,negative regulation of chemokine (C-X-C motif) ligand 2 production,1,,,,,,,
0,1,2,11,GO:2000343,positive regulation of chemokine (C-X-C motif) ligand 2 production,1,,,,,,,
0,1,5,10,GO:2000344,positive regulation of acrosome reaction,1,,,,,,,
0,1,2,22,GO:2000345,regulation of hepatocyte proliferation,1,,,,,,,
0,1,3,6,GO:2000346,negative regulation of hepatocyte proliferation,1,,,,,,,
0,1,7,9,GO:2000347,positive regulation of hepatocyte proliferation,1,,,,,,,
0,0.257178751,3,101,GO:2000351,regulation of endothelial cell apoptotic process,1,,,,,,,
0,1,2,52,GO:2000352,negative regulation of endothelial cell apoptotic process,1,,,,,,,
0,1,2,29,GO:2000353,positive regulation of endothelial cell apoptotic process,1,,,,,,,
0,1,4,11,GO:2000354;GO:2000386,regulation of ovarian follicle development,1,,,,,,,
0,1,3,17,GO:2000359,regulation of binding of sperm to zona pellucida,1,,,,,,,
0,1,3,95,GO:2000369,regulation of clathrin-dependent endocytosis,1,,,,,,,
0,1,2,46,GO:2000370,positive regulation of clathrin-dependent endocytosis,1,,,,,,,
0,1,3,17,GO:2000371;GO:2000373,regulation of DNA topoisomerase (ATP-hydrolyzing) activity,1,,,,,,,
0,1,2,5,GO:2000374,regulation of oxygen metabolic process,1,,,,,,,
0,0.697564262,5,404,GO:2000377,regulation of reactive oxygen species metabolic process,1,,,,,,,
0,0.305911991,2,124,GO:2000378,negative regulation of reactive oxygen species metabolic process,1,,,,,,,
0,0.475885706,2,219,GO:2000379,positive regulation of reactive oxygen species metabolic process,1,,,,,,,
0,1,5,22,GO:2000381,negative regulation of mesoderm development,1,,,,,,,
0,1,3,31,GO:2000382,positive regulation of mesoderm development,1,,,,,,,
0,1,4,12,GO:2000383;GO:2000384,regulation of ectoderm development,1,,,,,,,
0,1,2,11,GO:2000389;GO:2000391,regulation of neutrophil extravasation,1,,,,,,,
0,1,3,21,GO:2000392,regulation of lamellipodium morphogenesis,1,,,,,,,
0,1,2,6,GO:2000394,positive regulation of lamellipodium morphogenesis,1,,,,,,,
0,1,6,93,GO:2000401;GO:2000404,regulation of lymphocyte migration,1,,,,,,,
0,1,3,9,GO:2000402,negative regulation of lymphocyte migration,1,,,,,,,
0,1,2,66,GO:2000403,positive regulation of lymphocyte migration,1,,,,,,,
0,1,3,44,GO:2000406,positive regulation of T cell migration,1,,,,,,,
0,1,3,11,GO:2000407,regulation of T cell extravasation,1,,,,,,,
0,1,4,6,GO:2000409;GO:2000451,positive regulation of T cell extravasation,1,,,,,,,
0,1,5,11,GO:2000416,regulation of eosinophil migration,1,,,,,,,
0,1,2,8,GO:2000417,negative regulation of eosinophil migration,1,,,,,,,
0,1,4,24,GO:2000426;GO:0060101;GO:1905154,negative regulation of membrane invagination,1,,,,,,,
0,1,8,23,GO:2000434,regulation of protein neddylation,1,,,,,,,
0,1,2,6,GO:2000435,negative regulation of protein neddylation,1,,,,,,,
0,1,5,9,GO:2000437,regulation of monocyte extravasation,1,,,,,,,
0,1,3,73,GO:2000463,positive regulation of excitatory postsynaptic potential,1,,,,,,,
0,1,2,16,GO:2000465,regulation of glycogen (starch) synthase activity,1,,,,,,,
0,1,3,11,GO:2000466,negative regulation of glycogen (starch) synthase activity,1,,,,,,,
0,1,5,9,GO:2000467,positive regulation of glycogen (starch) synthase activity,1,,,,,,,
0,1,5,50,GO:2000479,regulation of cAMP-dependent protein kinase activity,1,,,,,,,
0,1,8,8,GO:2000480,negative regulation of cAMP-dependent protein kinase activity,1,,,,,,,
0,1,6,14,GO:2000481,positive regulation of cAMP-dependent protein kinase activity,1,,,,,,,
0,1,5,20,GO:2000489,regulation of hepatic stellate cell activation,1,,,,,,,
0,1,2,9,GO:2000501;GO:2000503,regulation of natural killer cell chemotaxis,1,,,,,,,
0,1,3,21,GO:2000508;GO:2000510,regulation of dendritic cell chemotaxis,1,,,,,,,
0,1,3,5,GO:2000523,regulation of T cell costimulation,1,,,,,,,
0,1,3,6,GO:2000535,regulation of entry of bacterium into host cell,1,,,,,,,
0,1,3,28,GO:2000542,negative regulation of gastrulation,1,,,,,,,
0,1,2,43,GO:2000543,positive regulation of gastrulation,1,,,,,,,
0,1,2,21,GO:2000551,regulation of T-helper 2 cell cytokine production,1,,,,,,,
0,1,6,5,GO:2000553,positive regulation of T-helper 2 cell cytokine production,1,,,,,,,
0,1,4,9,GO:2000554;GO:2000556,positive regulation of T-helper 1 cell cytokine production,1,,,,,,,
0,1,2,137,GO:2000573,positive regulation of DNA biosynthetic process,1,,,,,,,
0,1,3,35,GO:2000574,regulation of microtubule motor activity,1,,,,,,,
0,1,3,25,GO:2000576,positive regulation of microtubule motor activity,1,,,,,,,
0,1,3,8,GO:2000583,regulation of platelet-derived growth factor receptor-alpha signaling pathway,1,,,,,,,
0,1,3,20,GO:2000586,regulation of platelet-derived growth factor receptor-beta signaling pathway,1,,,,,,,
0,1,2,11,GO:2000587,negative regulation of platelet-derived growth factor receptor-beta signaling pathway,1,,,,,,,
0,1,6,13,GO:2000589;GO:0035793;GO:1900238;GO:2000591,regulation of metanephric mesenchymal cell migration,1,,,,,,,
0,1,2,6,GO:2000609;GO:2000611,regulation of thyroid hormone generation,1,,,,,,,
0,1,2,24,GO:2000615,regulation of histone H3-K9 acetylation,1,,,,,,,
0,1,4,15,GO:2000617,positive regulation of histone H3-K9 acetylation,1,,,,,,,
0,1,2,17,GO:2000618,regulation of histone H4-K16 acetylation,1,,,,,,,
0,1,10,5,GO:2000620,positive regulation of histone H4-K16 acetylation,1,,,,,,,
0,1,2,7,GO:2000625;GO:2000627,regulation of miRNA catabolic process,1,,,,,,,
0,1,6,23,GO:2000628,regulation of miRNA metabolic process,1,,,,,,,
0,1,2,5,GO:2000629,negative regulation of miRNA metabolic process,1,,,,,,,
0,1,2,13,GO:2000630,positive regulation of miRNA metabolic process,1,,,,,,,
0,1,2,6,GO:2000631,regulation of pre-miRNA processing,1,,,,,,,
0,1,5,6,GO:2000634;GO:2000635,regulation of primary miRNA processing,1,,,,,,,
0,1,2,7,GO:2000638,regulation of SREBP signaling pathway,1,,,,,,,
0,1,2,5,GO:2000639,negative regulation of SREBP signaling pathway,1,,,,,,,
0,1,2,51,GO:2000641,regulation of early endosome to late endosome transport,1,,,,,,,
0,1,2,14,GO:2000643,positive regulation of early endosome to late endosome transport,1,,,,,,,
0,1,5,26,GO:2000644,regulation of receptor catabolic process,1,,,,,,,
0,1,2,10,GO:2000646,positive regulation of receptor catabolic process,1,,,,,,,
0,1,2,86,GO:2000647,negative regulation of stem cell proliferation,1,,,,,,,
0,1,3,102,GO:2000648,positive regulation of stem cell proliferation,1,,,,,,,
0,1,3,103,GO:2000649,regulation of sodium ion transmembrane transporter activity,1,,,,,,,
0,1,2,33,GO:2000650;GO:1902306,negative regulation of sodium ion transmembrane transport,1,,,,,,,
0,1,5,7,GO:2000653,regulation of genetic imprinting,1,,,,,,,
0,1,3,23,GO:2000668,regulation of dendritic cell apoptotic process,1,,,,,,,
0,1,9,7,GO:2000669,negative regulation of dendritic cell apoptotic process,1,,,,,,,
0,1,2,8,GO:2000670,positive regulation of dendritic cell apoptotic process,1,,,,,,,
0,1,2,22,GO:2000671,regulation of motor neuron apoptotic process,1,,,,,,,
0,1,3,24,GO:2000674,regulation of type B pancreatic cell apoptotic process,1,,,,,,,
0,1,2,13,GO:2000675,negative regulation of type B pancreatic cell apoptotic process,1,,,,,,,
0,1,3,5,GO:2000676,positive regulation of type B pancreatic cell apoptotic process,1,,,,,,,
0,0.276638078,2,110,GO:2000677,regulation of transcription regulatory region DNA binding,1,,,,,,,
0,1,5,53,GO:2000678,negative regulation of transcription regulatory region DNA binding,1,,,,,,,
0,0.126517248,3,46,GO:2000679,positive regulation of transcription regulatory region DNA binding,1,,,,,,,
0,1,4,7,GO:2000683,regulation of cellular response to X-ray,1,,,,,,,
0,1,2,40,GO:2000696,regulation of epithelial cell differentiation involved in kidney development,1,,,,,,,
0,1,4,13,GO:2000697;GO:0003340,negative regulation of epithelial cell differentiation involved in kidney development,1,,,,,,,
0,1,2,19,GO:2000698,positive regulation of epithelial cell differentiation involved in kidney development,1,,,,,,,
0,1,5,6,GO:2000705,regulation of dense core granule biogenesis,1,,,,,,,
0,1,3,8,GO:2000721,positive regulation of transcription from RNA polymerase II promoter involved in smooth muscle cell differentiation,1,,,,,,,
0,1,2,8,GO:2000722,regulation of cardiac vascular smooth muscle cell differentiation,1,,,,,,,
0,1,2,109,GO:2000725,regulation of cardiac muscle cell differentiation,1,,,,,,,
0,1,3,42,GO:2000726,negative regulation of cardiac muscle cell differentiation,1,,,,,,,
0,1,3,48,GO:2000727,positive regulation of cardiac muscle cell differentiation,1,,,,,,,
0,1,2,237,GO:2000736,regulation of stem cell differentiation,1,,,,,,,
0,1,3,87,GO:2000737,negative regulation of stem cell differentiation,1,,,,,,,
0,1,2,55,GO:2000738,positive regulation of stem cell differentiation,1,,,,,,,
0,1,3,13,GO:2000739,regulation of mesenchymal stem cell differentiation,1,,,,,,,
0,1,3,9,GO:2000741,positive regulation of mesenchymal stem cell differentiation,1,,,,,,,
0,1,3,7,GO:2000742;GO:2000744,regulation of anterior head development,1,,,,,,,
0,0.154347907,3,57,GO:2000757;GO:1901984,negative regulation of protein acetylation,1,,,,,,,
0,1,2,40,GO:2000765,regulation of cytoplasmic translation,1,,,,,,,
0,1,4,12,GO:2000766,negative regulation of cytoplasmic translation,1,,,,,,,
0,1,3,9,GO:2000767,positive regulation of cytoplasmic translation,1,,,,,,,
0,1,2,47,GO:2000772,regulation of cellular senescence,1,,,,,,,
0,1,4,15,GO:2000773,negative regulation of cellular senescence,1,,,,,,,
0,1,2,12,GO:2000774,positive regulation of cellular senescence,1,,,,,,,
0,1,4,91,GO:2000779,regulation of double-strand break repair,1,,,,,,,
0,1,2,29,GO:2000781,positive regulation of double-strand break repair,1,,,,,,,
0,0.200371326,6,76,GO:2000785,regulation of autophagosome assembly,1,,,,,,,
0,1,3,11,GO:2000786,positive regulation of autophagosome assembly,1,,,,,,,
0,1,2,18,GO:2000794,regulation of epithelial cell proliferation involved in lung morphogenesis,1,,,,,,,
0,1,3,32,GO:2000807,regulation of synaptic vesicle clustering,1,,,,,,,
0,1,2,17,GO:2000809,positive regulation of synaptic vesicle clustering,1,,,,,,,
0,1,2,33,GO:2000810,regulation of bicellular tight junction assembly,1,,,,,,,
0,1,2,21,GO:2000811,negative regulation of anoikis,1,,,,,,,
0,1,6,17,GO:2000812,regulation of barbed-end actin filament capping,1,,,,,,,
0,1,5,7,GO:2000819,regulation of nucleotide-excision repair,1,,,,,,,
0,1,6,7,GO:2000820,negative regulation of transcription from RNA polymerase II promoter involved in smooth muscle cell differentiation,1,,,,,,,
0,1,4,9,GO:2000821,regulation of grooming behavior,1,,,,,,,
0,0.28089353,6,112,GO:2000826,regulation of heart morphogenesis,1,,,,,,,
0,1,5,9,GO:2000828,regulation of parathyroid hormone secretion,1,,,,,,,
0,1,3,64,GO:2000831,regulation of steroid hormone secretion,1,,,,,,,
0,1,4,10,GO:2000832,negative regulation of steroid hormone secretion,1,,,,,,,
0,1,5,34,GO:2000833,positive regulation of steroid hormone secretion,1,,,,,,,
0,1,4,7,GO:2000843,regulation of testosterone secretion,1,,,,,,,
0,1,2,40,GO:2000846,regulation of corticosteroid hormone secretion,1,,,,,,,
0,1,5,7,GO:2000847;GO:2000850,negative regulation of corticosteroid hormone secretion,1,,,,,,,
0,1,2,23,GO:2000848,positive regulation of corticosteroid hormone secretion,1,,,,,,,
0,1,3,27,GO:2000849,regulation of glucocorticoid secretion,1,,,,,,,
0,1,2,15,GO:2000851,positive regulation of glucocorticoid secretion,1,,,,,,,
0,1,6,17,GO:2000852,regulation of corticosterone secretion,1,,,,,,,
0,1,4,13,GO:2000855;GO:2000858,regulation of aldosterone secretion,1,,,,,,,
0,1,2,8,GO:2000857,positive regulation of mineralocorticoid secretion,1,,,,,,,
0,1,2,15,GO:2000864,regulation of estradiol secretion,1,,,,,,,
0,1,2,10,GO:2000870,regulation of progesterone secretion,1,,,,,,,
0,1,2,5,GO:2000872,positive regulation of progesterone secretion,1,,,,,,,
0,1,6,28,GO:2000969,positive regulation of AMPA receptor activity,1,,,,,,,
0,1,3,12,GO:2000977,regulation of forebrain neuron differentiation,1,,,,,,,
0,1,4,14,GO:2000981;GO:0045632,negative regulation of mechanoreceptor differentiation,1,,,,,,,
0,1,2,6,GO:2000983,regulation of ATP citrate synthase activity,1,,,,,,,
0,1,2,8,GO:2000987,positive regulation of behavioral fear response,1,,,,,,,
0,1,3,19,GO:2001016,positive regulation of skeletal muscle cell differentiation,1,,,,,,,
0,1,2,375,GO:2001020,regulation of response to DNA damage stimulus,1,,,,,,,
0,1,2,157,GO:2001021,negative regulation of response to DNA damage stimulus,1,,,,,,,
0,1,2,161,GO:2001022,positive regulation of response to DNA damage stimulus,1,,,,,,,
0,0.211342791,4,292,GO:2001023,regulation of response to drug,1,,,,,,,
0,0.232691996,2,90,GO:2001024,negative regulation of response to drug,1,,,,,,,
0,1,2,70,GO:2001025,positive regulation of response to drug,1,,,,,,,
0,1,2,59,GO:2001026,regulation of endothelial cell chemotaxis,1,,,,,,,
0,1,4,5,GO:2001027,negative regulation of endothelial cell chemotaxis,1,,,,,,,
0,1,2,43,GO:2001028,positive regulation of endothelial cell chemotaxis,1,,,,,,,
0,1,2,7,GO:2001029,regulation of cellular glucuronidation,1,,,,,,,
0,1,2,20,GO:2001032,regulation of double-strand break repair via nonhomologous end joining,1,,,,,,,
0,1,3,10,GO:2001034,positive regulation of double-strand break repair via nonhomologous end joining,1,,,,,,,
0,0.265890346,2,105,GO:2001038;GO:1901031;GO:1903205,regulation of response to reactive oxygen species,1,,,,,,,
0,0.07901279,2,28,GO:2001039,negative regulation of cellular response to drug,1,,,,,,,
0,1,2,30,GO:2001044,regulation of integrin-mediated signaling pathway,1,,,,,,,
0,1,3,12,GO:2001046,positive regulation of integrin-mediated signaling pathway,1,,,,,,,
0,1,2,39,GO:2001053,regulation of mesenchymal cell apoptotic process,1,,,,,,,
0,1,3,29,GO:2001054,negative regulation of mesenchymal cell apoptotic process,1,,,,,,,
0,1,3,7,GO:2001055,positive regulation of mesenchymal cell apoptotic process,1,,,,,,,
0,1,6,5,GO:2001109;GO:2001111,regulation of lens epithelial cell proliferation,1,,,,,,,
0,1,2,42,GO:2001135,regulation of endocytic recycling,1,,,,,,,
0,1,2,5,GO:2001137,positive regulation of endocytic recycling,1,,,,,,,
0,1,4,22,GO:2001138;GO:2001140,positive regulation of phospholipid transport,1,,,,,,,
0,1,4,9,GO:2001166;GO:2001168,regulation of histone H2B ubiquitination,1,,,,,,,
0,0.050042136,2,122,GO:2001169,regulation of ATP biosynthetic process,1,,,,,,,
0,1,4,17,GO:2001170,negative regulation of ATP biosynthetic process,1,,,,,,,
0,0.076300114,3,27,GO:2001171,positive regulation of ATP biosynthetic process,1,,,,,,,
0,1,2,7,GO:2001188,regulation of T cell activation via T cell receptor contact with antigen bound to MHC molecule on antigen presenting cell,1,,,,,,,
0,1,2,11,GO:2001198;GO:2001200,regulation of dendritic cell differentiation,1,,,,,,,
0,1,3,22,GO:2001204,regulation of osteoclast development,1,,,,,,,
0,1,5,24,GO:2001212,regulation of vasculogenesis,1,,,,,,,
0,1,3,107,GO:2001222,regulation of neuron migration,1,,,,,,,
0,1,2,20,GO:2001223,negative regulation of neuron migration,1,,,,,,,
0,1,3,31,GO:2001224,positive regulation of neuron migration,1,,,,,,,
0,1,2,10,GO:2001225,regulation of chloride transport,1,,,,,,,
0,1,4,17,GO:2001228,regulation of response to gamma radiation,1,,,,,,,
0,1,5,5,GO:2001229,negative regulation of response to gamma radiation,1,,,,,,,
0,0.765900491,3,937,GO:2001233,regulation of apoptotic signaling pathway,1,,,,,,,
0,0.400128116,6,468,GO:2001234,negative regulation of apoptotic signaling pathway,1,,,,,,,
0,0.598707098,2,309,GO:2001235,positive regulation of apoptotic signaling pathway,1,,,,,,,
0,0.644774124,2,350,GO:2001236,regulation of extrinsic apoptotic signaling pathway,1,,,,,,,
0,0.413493501,2,181,GO:2001237,negative regulation of extrinsic apoptotic signaling pathway,1,,,,,,,
0,1,3,88,GO:2001238,positive regulation of extrinsic apoptotic signaling pathway,1,,,,,,,
0,1,2,100,GO:2001239,regulation of extrinsic apoptotic signaling pathway in absence of ligand,1,,,,,,,
0,1,2,35,GO:2001240,negative regulation of extrinsic apoptotic signaling pathway in absence of ligand,1,,,,,,,
0,1,4,7,GO:2001241,positive regulation of extrinsic apoptotic signaling pathway in absence of ligand,1,,,,,,,
0,0.278532065,4,354,GO:2001242,regulation of intrinsic apoptotic signaling pathway,1,,,,,,,
0,0.095401568,2,177,GO:2001243,negative regulation of intrinsic apoptotic signaling pathway,1,,,,,,,
0,0.230426796,3,89,GO:2001244,positive regulation of intrinsic apoptotic signaling pathway,1,,,,,,,
0,1,2,12,GO:2001245,regulation of phosphatidylcholine biosynthetic process,1,,,,,,,
0,1,2,190,GO:2001251,negative regulation of chromosome organization,1,,,,,,,
0,1,2,443,GO:2001252,positive regulation of chromosome organization,1,,,,,,,
0,1,2,6,GO:2001256,regulation of store-operated calcium entry,1,,,,,,,
0,0.695755001,4,402,GO:2001257,regulation of cation channel activity,1,,,,,,,
0,0.212065877,2,81,GO:2001258,negative regulation of cation channel activity,1,,,,,,,
0,1,3,147,GO:2001259,positive regulation of cation channel activity,1,,,,,,,
0,1,2,13,GO:2001260,regulation of semaphorin-plexin signaling pathway,1,,,,,,,
0,0.097782494,3,35,GO:2001267,regulation of cysteine-type endopeptidase activity involved in apoptotic signaling pathway,1,,,,,,,
0,1,3,21,GO:2001270,regulation of cysteine-type endopeptidase activity involved in execution phase of apoptosis,1,,,,,,,
0,1,-1,40,GO:2001273,obsolete regulation of glucose import in response to insulin stimulus,1,,,,,,,
0,1,2,9,GO:2001286,regulation of caveolin-mediated endocytosis,1,,,,,,,
0,1,2,6,GO:2001293,malonyl-CoA metabolic process,1,,,,,,,
0,0.228154993,-1,88,GO:0000060,obsolete protein import into nucleus,,,,,,,,
0,0.917919931,2,2762,GO:0000122;GO:0045892,negative regulation of transcription,,,,,,,,
0,1,3,207,GO:0000184,nuclear-transcribed mRNA catabolic process,,,,,,,,
0,1,3,115,GO:0000288,nuclear-transcribed mRNA catabolic process,,,,,,,,
0,1,3,59,GO:0000291;GO:0043928,nuclear-transcribed mRNA catabolic process,,,,,,,,
0,1,3,8,GO:0000294,nuclear-transcribed mRNA catabolic process,,,,,,,,
0,1,2,11,GO:0000301,retrograde transport,,,,,,,,
0,1,4,12,GO:0000335;GO:0000337,regulation of transposition,,,,,,,,
0,1,8,44,GO:0000380,alternative mRNA splicing,,,,,,,,
0,1,2,260,GO:0000381,regulation of alternative mRNA splicing,,,,,,,,
0,1,3,19,GO:0000394;GO:0006388,RNA splicing,,,,,,,,
0,1,9,15,GO:0000447,endonucleolytic cleavage in ITS1 to separate SSU-rRNA from 5.8S rRNA and LSU-rRNA from tricistronic rRNA transcript (SSU-rRNA,,,,,,,,
0,1,3,5,GO:0000448,cleavage in ITS2 between 5.8S rRNA and LSU-rRNA of tricistronic rRNA transcript (SSU-rRNA,,,,,,,,
0,1,4,10,GO:0000459;GO:0000467,exonucleolytic trimming to generate mature 3'-end of 5.8S rRNA from tricistronic rRNA transcript (SSU-rRNA,,,,,,,,
0,1,3,5,GO:0000461,endonucleolytic cleavage to generate mature 3'-end of SSU-rRNA from (SSU-rRNA,,,,,,,,
0,1,3,56,GO:0000462,maturation of SSU-rRNA from tricistronic rRNA transcript (SSU-rRNA,,,,,,,,
0,1,2,20,GO:0000463,maturation of LSU-rRNA from tricistronic rRNA transcript (SSU-rRNA,,,,,,,,
0,1,2,37,GO:0000466,maturation of 5.8S rRNA from tricistronic rRNA transcript (SSU-rRNA,,,,,,,,
0,1,2,7,GO:0000480,endonucleolytic cleavage in 5'-ETS of tricistronic rRNA transcript (SSU-rRNA,,,,,,,,
0,1,4,43,GO:0000715,nucleotide-excision repair,,,,,,,,
0,1,2,8,GO:0001867,complement activation,,,,,,,,
0,1,4,10,GO:0001868;GO:0001869,regulation of complement activation,,,,,,,,
0,0.10043286,2,36,GO:0001963,synaptic transmission,,,,,,,,
0,1,7,5,GO:0002304;GO:0002305,CD8-positive,,,,,,,,
0,1,3,9,GO:0002361;GO:0045066,CD4-positive,,,,,,,,
0,1,3,11,GO:0006003,fructose 2,,,,,,,,
0,1,3,62,GO:0006120,mitochondrial electron transport,,,,,,,,
0,1,6,12,GO:0006121,mitochondrial electron transport,,,,,,,,
0,0.081717598,6,29,GO:0006122,mitochondrial electron transport,,,,,,,,
0,1,4,29,GO:0006123;GO:0019646,mitochondrial electron transport,,,,,,,,
0,1,5,7,GO:0006269,DNA replication,,,,,,,,
0,0.037483838,5,13,GO:0006285;GO:0045008,base-excision repair,,,,,,,,
0,1,2,8,GO:0006287,base-excision repair,,,,,,,,
0,1,3,32,GO:0006293,nucleotide-excision repair,,,,,,,,
0,1,4,42,GO:0006294,nucleotide-excision repair,,,,,,,,
0,1,6,5,GO:0006295,nucleotide-excision repair,,,,,,,,
0,1,2,55,GO:0006296;GO:0033683,nucleotide-excision repair,,,,,,,,
0,1,2,32,GO:0006297,nucleotide-excision repair,,,,,,,,
0,1,3,404,GO:0006352;GO:0006367,DNA-templated transcription,,,,,,,,
0,1,3,114,GO:0006353,DNA-templated transcription,,,,,,,,
0,1,3,134,GO:0006354;GO:0006368,DNA-templated transcription,,,,,,,,
0,1,2,16,GO:0006616,SRP-dependent cotranslational protein targeting to membrane,,,,,,,,
0,0.408266395,5,178,GO:0006890,retrograde vesicle-mediated transport,,,,,,,,
0,1,2,31,GO:0006910,phagocytosis,,,,,,,,
0,1,5,163,GO:0006911,phagocytosis,,,,,,,,
0,1,2,43,GO:0006930,substrate-dependent cell migration,,,,,,,,
0,1,5,13,GO:0006957,complement activation,,,,,,,,
0,1,7,16,GO:0006958,complement activation,,,,,,,,
0,1,5,32,GO:0006978;GO:0042772,DNA damage response,,,,,,,,
0,1,2,513,GO:0007187;GO:0007188,G protein-coupled receptor signaling pathway,,,,,,,,
0,1,2,87,GO:0007223,Wnt signaling pathway,,,,,,,,
0,1,2,130,GO:0007271,synaptic transmission,,,,,,,,
0,0.116174358,2,42,GO:0007303,cytoplasmic transport,,,,,,,,
0,1,3,6,GO:0007311,maternal specification of dorsal/ventral axis,,,,,,,,
0,1,2,17,GO:0007313,maternal specification of dorsal/ventral axis,,,,,,,,
0,1,2,244,GO:0007314;GO:0008358,maternal determination of anterior/posterior axis,,,,,,,,
0,1,2,86,GO:0007354,zygotic determination of anterior/posterior axis,,,,,,,,
0,1,4,35,GO:0007380,specification of segmental identity,,,,,,,,
0,1,2,7,GO:0007381,specification of segmental identity,,,,,,,,
0,1,5,8,GO:0007382,specification of segmental identity,,,,,,,,
0,1,5,16,GO:0007385;GO:0035292,specification of segmental identity,,,,,,,,
0,1,3,41,GO:0007394,dorsal closure,,,,,,,,
0,1,3,77,GO:0007395,dorsal closure,,,,,,,,
0,1,5,16,GO:0007421;GO:0008071,maternal determination of dorsal/ventral axis,,,,,,,,
0,1,3,15,GO:0007425,epithelial cell fate determination,,,,,,,,
0,1,2,105,GO:0007426,tracheal outgrowth,,,,,,,,
0,1,6,137,GO:0007427,epithelial cell migration,,,,,,,,
0,1,3,39,GO:0007428,primary branching,,,,,,,,
0,1,3,7,GO:0007429,secondary branching,,,,,,,,
0,1,3,51,GO:0007430,terminal branching,,,,,,,,
0,1,2,58,GO:0007448,anterior/posterior pattern specification,,,,,,,,
0,1,2,90,GO:0007449;GO:0007479;GO:0035223,proximal/distal pattern formation,,,,,,,,
0,1,2,198,GO:0007450;GO:0048190,dorsal/ventral pattern formation,,,,,,,,
0,1,4,38,GO:0007451,dorsal/ventral lineage restriction,,,,,,,,
0,1,2,23,GO:0007487;GO:0048099,anterior/posterior lineage restriction,,,,,,,,
0,1,5,17,GO:0007539,primary sex determination,,,,,,,,
0,1,3,8,GO:0007541,sex determination,,,,,,,,
0,1,5,42,GO:0007542,primary sex determination,,,,,,,,
0,1,3,177,GO:0007591,molting cycle,,,,,,,,
0,1,3,28,GO:0007597,blood coagulation,,,,,,,,
0,1,3,9,GO:0007598,blood coagulation,,,,,,,,
0,1,2,111,GO:0007603,phototransduction,,,,,,,,
0,1,4,60,GO:0008069,dorsal/ventral axis specification,,,,,,,,
0,1,2,9,GO:0008591;GO:0045813,regulation of Wnt signaling pathway,,,,,,,,
0,1,2,6,GO:0009051,pentose-phosphate shunt,,,,,,,,
0,1,3,11,GO:0009052,pentose-phosphate shunt,,,,,,,,
0,1,3,71,GO:0009794,regulation of mitotic cell cycle,,,,,,,,
0,1,3,17,GO:0010840,regulation of circadian sleep/wake cycle,,,,,,,,
0,1,2,11,GO:0010841,positive regulation of circadian sleep/wake cycle,,,,,,,,
0,1,2,74,GO:0014056;GO:0014057,regulation of acetylcholine secretion,,,,,,,,
0,1,2,35,GO:0015014,heparan sulfate proteoglycan biosynthetic process,,,,,,,,
0,1,2,26,GO:0015015,heparan sulfate proteoglycan biosynthetic process,,,,,,,,
0,1,2,41,GO:0015985;GO:0015986,energy coupled proton transport,,,,,,,,
0,1,2,45,GO:0015988,energy coupled proton transmembrane transport,,,,,,,,
0,1,8,7,GO:0016267,O-glycan processing,,,,,,,,
0,1,6,38,GO:0016545;GO:0048065;GO:0045433,male courtship behavior,,,,,,,,
0,1,2,8,GO:0016560,protein import into peroxisome matrix,,,,,,,,
0,1,3,10,GO:0018990,ecdysis,,,,,,,,
0,1,2,67,GO:0018996,molting cycle,,,,,,,,
0,1,3,6,GO:0019254,carnitine metabolic process,,,,,,,,
0,1,7,13,GO:0019367;GO:0019368;GO:0034625;GO:0034626,fatty acid elongation,,,,,,,,
0,0.023234088,3,8,GO:0019418;GO:0070221,sulfide oxidation,,,,,,,,
0,1,3,6,GO:0019749,cytoskeleton-dependent cytoplasmic transport,,,,,,,,
0,1,3,6,GO:0019918,peptidyl-arginine methylation,,,,,,,,
0,1,3,18,GO:0019919,peptidyl-arginine methylation,,,,,,,,
0,4.71E-05,3,24,GO:0030388,fructose 1,,,,,,,,
0,1,3,20,GO:0031086,nuclear-transcribed mRNA catabolic process,,,,,,,,
0,1,2,17,GO:0031585,regulation of inositol 1,,,,,,,,
0,1,5,9,GO:0031587;GO:0021990;GO:0031454;GO:0033697;GO:1905335;GO:1905337;GO:1905505,positive regulation of inositol 1,,,,,,,,
0,1,2,130,GO:0032222,regulation of synaptic transmission,,,,,,,,
0,1,2,15,GO:0032223,negative regulation of synaptic transmission,,,,,,,,
0,1,2,91,GO:0032224,positive regulation of synaptic transmission,,,,,,,,
0,1,3,52,GO:0032225,regulation of synaptic transmission,,,,,,,,
0,1,2,23,GO:0032226,positive regulation of synaptic transmission,,,,,,,,
0,1,2,8,GO:0032227,negative regulation of synaptic transmission,,,,,,,,
0,1,3,168,GO:0032228,regulation of synaptic transmission,,,,,,,,
0,1,2,22,GO:0032229,negative regulation of synaptic transmission,,,,,,,,
0,1,2,59,GO:0032230,positive regulation of synaptic transmission,,,,,,,,
0,1,2,126,GO:0032784;GO:0034243,regulation of DNA-templated transcription,,,,,,,,
0,1,2,30,GO:0032785;GO:0034244,negative regulation of DNA-templated transcription,,,,,,,,
0,1,2,76,GO:0032786;GO:0032968,positive regulation of DNA-templated transcription,,,,,,,,
0,1,3,20,GO:0032829;GO:0032831,regulation of CD4-positive,,,,,,,,
0,1,-1,61,GO:0033158,obsolete regulation of protein import into nucleus,,,,,,,,
0,1,-1,8,GO:0033159,obsolete negative regulation of protein import into nucleus,,,,,,,,
0,1,-1,38,GO:0033160,obsolete positive regulation of protein import into nucleus,,,,,,,,
0,1,3,7,GO:0033567;GO:0043137,DNA replication,,,,,,,,
0,1,4,15,GO:0034427,nuclear-transcribed mRNA catabolic process,,,,,,,,
0,1,8,61,GO:0034501;GO:0071459,protein localization to chromosome,,,,,,,,
0,1,2,16,GO:0034721,histone H3-K4 demethylation,,,,,,,,
0,1,2,24,GO:0035002,liquid clearance,,,,,,,,
0,1,2,11,GO:0035042,fertilization,,,,,,,,
0,1,2,10,GO:0035093,spermatogenesis,,,,,,,,
0,1,3,47,GO:0035146;GO:0035147,branch fusion,,,,,,,,
0,1,3,64,GO:0035149,lumen formation,,,,,,,,
0,1,2,161,GO:0035151,regulation of tube size,,,,,,,,
0,1,3,294,GO:0035152,regulation of tube architecture,,,,,,,,
0,1,2,35,GO:0035153,epithelial cell type specification,,,,,,,,
0,1,4,15,GO:0035154,terminal cell fate specification,,,,,,,,
0,1,5,29,GO:0035155,negative regulation of terminal cell fate specification,,,,,,,,
0,1,3,32,GO:0035158,regulation of tube diameter,,,,,,,,
0,1,2,114,GO:0035159,regulation of tube length,,,,,,,,
0,1,2,70,GO:0035160,maintenance of epithelial integrity,,,,,,,,
0,1,2,124,GO:0035249,synaptic transmission,,,,,,,,
0,1,3,120,GO:0035277,spiracle morphogenesis,,,,,,,,
0,1,2,13,GO:0035291,specification of segmental identity,,,,,,,,
0,1,2,26,GO:0035313,wound healing,,,,,,,,
0,1,8,19,GO:0036037;GO:0043374,CD8-positive,,,,,,,,
0,1,4,43,GO:0036507;GO:0036508,protein alpha-1,,,,,,,,
0,1,2,672,GO:0040029,regulation of gene expression,,,,,,,,
0,1,2,5,GO:0040030,regulation of molecular function,,,,,,,,
0,1,4,113,GO:0040034,regulation of development,,,,,,,,
0,1,2,159,GO:0042147,retrograde transport,,,,,,,,
0,1,2,18,GO:0042320,regulation of circadian sleep/wake cycle,,,,,,,,
0,1,2,29,GO:0042321,negative regulation of circadian sleep/wake cycle,,,,,,,,
0,1,4,12,GO:0042322,negative regulation of circadian sleep/wake cycle,,,,,,,,
0,1,6,5,GO:0042323;GO:0070256,negative regulation of circadian sleep/wake cycle,,,,,,,,
0,1,3,21,GO:0042395,ecdysis,,,,,,,,
0,1,4,6,GO:0042747,circadian sleep/wake cycle,,,,,,,,
0,1,2,60,GO:0042769,DNA damage response,,,,,,,,
0,1,2,82,GO:0043367;GO:0035710,CD4-positive,,,,,,,,
0,1,4,27,GO:0043369,CD4-positive or CD8-positive,,,,,,,,
0,1,2,115,GO:0043370;GO:2000514,regulation of CD4-positive,,,,,,,,
0,1,2,64,GO:0043372;GO:2000516,positive regulation of CD4-positive,,,,,,,,
0,1,2,13,GO:0043376;GO:0043378;GO:2001187,regulation of CD8-positive,,,,,,,,
0,1,2,80,GO:0043516,regulation of DNA damage response,,,,,,,,
0,1,3,23,GO:0043517,positive regulation of DNA damage response,,,,,,,,
0,1,4,52,GO:0043518,negative regulation of DNA damage response,,,,,,,,
0,1,2,29,GO:0045188,regulation of circadian sleep/wake cycle,,,,,,,,
0,1,2,28,GO:0045292,mRNA cis splicing,,,,,,,,
0,1,2,80,GO:0045448,mitotic cell cycle,,,,,,,,
0,1,4,128,GO:0045815,positive regulation of gene expression,,,,,,,,
0,1,2,22,GO:0045977,positive regulation of mitotic cell cycle,,,,,,,,
0,1,3,5,GO:0046005,positive regulation of circadian sleep/wake cycle,,,,,,,,
0,1,3,19,GO:0046010,positive regulation of circadian sleep/wake cycle,,,,,,,,
0,1,2,76,GO:0046664,dorsal closure,,,,,,,,
0,1,2,29,GO:0046845,branched duct epithelial cell fate determination,,,,,,,,
0,1,3,52,GO:0048026,positive regulation of mRNA splicing,,,,,,,,
0,1,4,33,GO:0048047,mating behavior,,,,,,,,
0,1,2,8,GO:0048203,vesicle targeting,,,,,,,,
0,1,2,17,GO:0048209;GO:0003400;GO:0090113,regulation of vesicle targeting,,,,,,,,
0,1,2,5,GO:0050653,chondroitin sulfate proteoglycan biosynthetic process,,,,,,,,
0,1,3,14,GO:0050883;GO:0021750,musculoskeletal movement,,,,,,,,
0,1,4,10,GO:0051728;GO:0060184;GO:0051729,germline cell cycle switching,,,,,,,,
0,1,2,58,GO:0051932,synaptic transmission,,,,,,,,
0,1,2,213,GO:0051966,regulation of synaptic transmission,,,,,,,,
0,1,3,28,GO:0051967,negative regulation of synaptic transmission,,,,,,,,
0,1,2,85,GO:0051968,positive regulation of synaptic transmission,,,,,,,,
0,1,2,30,GO:0060012,synaptic transmission,,,,,,,,
0,1,2,19,GO:0060069,Wnt signaling pathway,,,,,,,,
0,1,7,137,GO:0060071,Wnt signaling pathway,,,,,,,,
0,1,4,6,GO:0060097,cytoskeletal rearrangement involved in phagocytosis,,,,,,,,
0,1,3,7,GO:0061534;GO:0061535,gamma-aminobutyric acid secretion,,,,,,,,
0,1,7,24,GO:0070198,protein localization to chromosome,,,,,,,,
0,1,7,25,GO:0070202;GO:0070203;GO:1904814;GO:1904816;GO:1904851,regulation of protein localization to chromosome,,,,,,,,
0,1,2,5,GO:0070478,nuclear-transcribed mRNA catabolic process,,,,,,,,
0,1,3,6,GO:0070966,nuclear-transcribed mRNA catabolic process,,,,,,,,
0,1,2,9,GO:0071106,adenosine 3',,,,,,,,
0,1,3,52,GO:0072378,blood coagulation,,,,,,,,
0,1,3,113,GO:0090502,RNA phosphodiester bond hydrolysis,,,,,,,,
0,1,3,64,GO:0090503,RNA phosphodiester bond hydrolysis,,,,,,,,
0,1,2,5,GO:0098746,fast,,,,,,,,
0,1,2,14,GO:0098887;GO:0099639,neurotransmitter receptor transport,,,,,,,,
0,1,5,20,GO:0099550,trans-synaptic signaling,,,,,,,,
0,1,3,27,GO:0099638;GO:1990126,retrograde transport,,,,,,,,
0,1,2,51,GO:1900151;GO:1900153,regulation of nuclear-transcribed mRNA catabolic process,,,,,,,,
0,1,3,10,GO:1902646;GO:1902647;GO:1905749,negative regulation of 1-phosphatidyl-1D-myo-inositol 4,,,,,,,,
0,1,2,17,GO:1903294,regulation of glutamate secretion,,,,,,,,
0,1,4,7,GO:1903296,positive regulation of glutamate secretion,,,,,,,,
0,1,6,16,GO:1903689;GO:1903690,regulation of wound healing,,,,,,,,
0,1,2,21,GO:1904152,regulation of retrograde protein transport,,,,,,,,
0,1,5,8,GO:1904235;GO:1904237,positive regulation of substrate-dependent cell migration,,,,,,,,
0,1,5,6,GO:1904612;GO:1905957;GO:1905959,response to 2,,,,,,,,
0,0.045934945,3,16,GO:1905242,response to 3,,,,,,,,
0,0.028958816,4,10,GO:1905243,cellular response to 3,,,,,,,,
0,1,2,37,GO:2000095,regulation of Wnt signaling pathway,,,,,,,,
0,1,5,15,GO:2000096,positive regulation of Wnt signaling pathway,,,,,,,,
0,1,4,116,GO:2000142;GO:0060260,regulation of DNA-templated transcription,,,,,,,,
0,1,7,70,GO:2000144;GO:0060261,positive regulation of DNA-templated transcription,,,,,,,,
0,1,2,20,GO:2000274,regulation of epithelial cell migration,,,,,,,,
0,1,4,5,GO:2000431;GO:2000433,positive regulation of cytokinesis,,,,,,,,
0,1,4,8,GO:2000449,regulation of CD8-positive,,,,,,,,
0,1,5,5,GO:2000452,regulation of CD8-positive,,,,,,,,
0,1,3,66,GO:2000515;GO:0046639;GO:0043371,negative regulation of CD4-positive,,,,,,,,
0,1,2,19,GO:2000561,regulation of CD4-positive,,,,,,,,
0,1,3,14,GO:2000562,negative regulation of CD4-positive,,,,,,,,
0,1,3,10,GO:2000563,positive regulation of CD4-positive,,,,,,,,
0,1,2,11,GO:2000564,regulation of CD8-positive,,,,,,,,
0,1,2,12,GO:2000577,regulation of ATP-dependent microtubule motor activity,,,,,,,,
0,1,2,14,GO:2000580,regulation of ATP-dependent microtubule motor activity,,,,,,,,
0,1,2,8,GO:2000622,regulation of nuclear-transcribed mRNA catabolic process,,,,,,,,
0,1,2,25,GO:2001185,regulation of CD8-positive,,,,,,,,