delta.rank,pval,level,nseqs,term,name,p.adj,,term,,,,,,,,,
0,3.09E-35,5,214,GO:0002181,cytoplasmic translation,2.84E-31,,GO:0002181,,,,,,,,,
0,1.01E-24,2,193,GO:0006613;GO:0006614;GO:0045047;GO:0072599,establishment of protein localization to endoplasmic reticulum,4.62E-21,,GO:0006613,GO:0006614,GO:0045047,GO:0072599,,,,,,
0,3.19E-23,3,666,GO:0006412;GO:0043043,peptide biosynthetic process,9.76E-20,,GO:0006412,GO:0043043,,,,,,,,
0,1.38E-22,3,219,GO:0070972,protein localization to endoplasmic reticulum,3.18E-19,,GO:0070972,,,,,,,,,
0,1.06E-20,7,246,GO:0006612,protein targeting to membrane,1.62E-17,,GO:0006612,,,,,,,,,
0,7.25E-19,3,256,GO:0006413,translational initiation,9.51E-16,,GO:0006413,,,,,,,,,
0,1.79E-15,2,1097,GO:0006518;GO:0043604,amide biosynthetic process,2.06E-12,,GO:0006518,GO:0043604,,,,,,,,
0,9.29E-15,2,1331,GO:0043603,cellular amide metabolic process,9.48E-12,,GO:0043603,,,,,,,,,
0,5.52E-14,2,1291,GO:0006325,chromatin organization,5.07E-11,,GO:0006325,,,,,,,,,
0,1.77E-12,2,1979,GO:0051276,chromosome organization,1.48E-09,,GO:0051276,,,,,,,,,
0,2.36E-12,2,461,GO:0000956;GO:0006402;GO:0006401,RNA catabolic process,1.81E-09,,GO:0000956,GO:0006402,GO:0006401,,,,,,,
0,8.36E-12,4,647,GO:0006605,protein targeting,5.91E-09,,GO:0006605,,,,,,,,,
0,1.45E-11,5,462,GO:0090150,establishment of protein localization to membrane,9.50E-09,,GO:0090150,,,,,,,,,
0,3.37E-11,5,813,GO:0072594,establishment of protein localization to organelle,2.06E-08,,GO:0072594,,,,,,,,,
0,1.56E-10,2,309,GO:0006575,cellular modified amino acid metabolic process,8.95E-08,,GO:0006575,,,,,,,,,
0,2.45E-10,2,1736,GO:0007507,heart development,1.32E-07,,GO:0007507,,,,,,,,,
0,1.59E-09,4,524,GO:1902275,regulation of chromatin organization,8.09E-07,,GO:1902275,,,,,,,,,
0,3.83E-09,3,785,GO:0016569;GO:0016570,covalent chromatin modification,1.85E-06,,GO:0016569,GO:0016570,,,,,,,,
0,4.76E-09,3,434,GO:0006338,chromatin remodeling,2.19E-06,,GO:0006338,,,,,,,,,
0,6.04E-09,2,837,GO:0003007,heart morphogenesis,2.64E-06,,GO:0003007,,,,,,,,,
0,1.11E-08,4,2344,GO:0072359,circulatory system development,4.64E-06,,GO:0072359,,,,,,,,,
0,1.32E-08,2,25,GO:0006268,DNA unwinding involved in DNA replication,5.26E-06,,GO:0006268,,,,,,,,,
0,4.63E-08,3,582,GO:0031099,regeneration,1.77E-05,,GO:0031099,,,,,,,,,
0,6.56E-08,2,860,GO:0030198;GO:0043062,extracellular structure organization,2.35E-05,,GO:0030198,GO:0043062,,,,,,,,
0,6.66E-08,2,58,GO:0061647,histone H3-K9 modification,2.35E-05,,GO:0061647,,,,,,,,,
0,9.18E-08,2,885,GO:0033044,regulation of chromosome organization,2.91E-05,,GO:0033044,,,,,,,,,
0,9.07E-08,5,1121,GO:0072657,protein localization to membrane,2.91E-05,,GO:0072657,,,,,,,,,
0,1.29E-07,2,1570,GO:0010638,positive regulation of organelle organization,3.96E-05,,GO:0010638,,,,,,,,,
0,1.67E-07,2,36,GO:0000028,ribosomal small subunit assembly,4.94E-05,,GO:0000028,,,,,,,,,
0,1.73E-07,2,286,GO:0060968,regulation of gene silencing,4.98E-05,,GO:0060968,,,,,,,,,
0,1.91E-07,4,1382,GO:0007472;GO:0007476;GO:0035114;GO:0035120;GO:0035220;GO:0048737,wing disc development,5.31E-05,,GO:0007472,GO:0007476,GO:0035114,GO:0035120,GO:0035220,GO:0048737,,,,
0,1.97E-07,2,861,GO:0051056,regulation of small GTPase mediated signal transduction,5.32E-05,,GO:0051056,,,,,,,,,
0,2.32E-07,5,1771,GO:0008285,negative regulation of cell population proliferation,6.09E-05,,GO:0008285,,,,,,,,,
0,2.62E-07,3,26,GO:0006577;GO:0009437,amino-acid betaine metabolic process,6.68E-05,,GO:0006577,GO:0009437,,,,,,,,
0,2.89E-07,4,219,GO:0035023,regulation of Rho protein signal transduction,7.18E-05,,GO:0035023,,,,,,,,,
0,3.01E-07,2,105,GO:0031935,regulation of chromatin silencing,7.27E-05,,GO:0031935,,,,,,,,,
0,3.32E-07,4,158,GO:0019395;GO:0034440,lipid oxidation,7.82E-05,,GO:0019395,GO:0034440,,,,,,,,
0,4.70E-07,7,87,GO:0006305;GO:0006306,DNA methylation,0.000105319,,GO:0006305,GO:0006306,,,,,,,,
0,5.11E-07,2,73,GO:0018208,peptidyl-proline modification,0.000111742,,GO:0018208,,,,,,,,,
0,6.06E-07,2,2215,GO:0002165;GO:0007444;GO:0007560;GO:0048563;GO:0009886;GO:0007552;GO:0048569;GO:0048707,imaginal disc development,0.000129438,,GO:0002165,GO:0007444,GO:0007560,GO:0048563,GO:0009886,GO:0007552,GO:0048569,GO:0048707,,
0,9.06E-07,2,2262,GO:0060562,epithelial tube morphogenesis,0.000189095,,GO:0060562,,,,,,,,,
0,9.56E-07,2,110,GO:0006635,fatty acid beta-oxidation,0.000195136,,GO:0006635,,,,,,,,,
0,1.05E-06,4,577,GO:0016055;GO:0198738,cell-cell signaling by wnt,0.000208956,,GO:0016055,GO:0198738,,,,,,,,
0,1.10E-06,2,193,GO:0042246,tissue regeneration,0.000214286,,GO:0042246,,,,,,,,,
0,1.21E-06,2,295,GO:0001952,regulation of cell-matrix adhesion,0.000228954,,GO:0001952,,,,,,,,,
0,1.22E-06,5,1902,GO:0018193,peptidyl-amino acid modification,0.000228954,,GO:0018193,,,,,,,,,
0,1.29E-06,3,241,GO:0034728,nucleosome organization,0.000237322,,GO:0034728,,,,,,,,,
0,1.37E-06,2,296,GO:0006473;GO:0006475;GO:0016573;GO:0018393;GO:0018394,protein acetylation,0.000241244,,GO:0006473,GO:0006475,GO:0016573,GO:0018393,GO:0018394,,,,,
0,1.36E-06,3,1122,GO:0043087;GO:0043547,regulation of GTPase activity,0.000241244,,GO:0043087,GO:0043547,,,,,,,,
0,1.50E-06,2,588,GO:0018205,peptidyl-lysine modification,0.000260147,,GO:0018205,,,,,,,,,
0,1.73E-06,2,1503,GO:0007411;GO:0097485,neuron projection guidance,0.000294955,,GO:0007411,GO:0097485,,,,,,,,
0,2.13E-06,3,973,GO:0034655;GO:0019439;GO:0044270;GO:0046700;GO:1901361,organic cyclic compound catabolic process,0.000355377,,GO:0034655,GO:0019439,GO:0044270,GO:0046700,GO:1901361,,,,,
0,2.39E-06,2,8,GO:0001579,medium-chain fatty acid transport,0.000392651,,GO:0001579,,,,,,,,,
0,2.92E-06,2,182,GO:0032233;GO:0051496,positive regulation of actin filament bundle assembly,0.000470585,,GO:0032233,GO:0051496,,,,,,,,
0,3.20E-06,5,47,GO:0018126,protein hydroxylation,0.000506888,,GO:0018126,,,,,,,,,
0,3.75E-06,2,2678,GO:1901566,organonitrogen compound biosynthetic process,0.000583711,,GO:1901566,,,,,,,,,
0,4.15E-06,2,117,GO:0032508;GO:0032392,DNA geometric change,0.000634819,,GO:0032508,GO:0032392,,,,,,,,
0,4.73E-06,2,257,GO:0006333;GO:0031497,chromatin assembly or disassembly,0.000711945,,GO:0006333,GO:0031497,,,,,,,,
0,5.98E-06,2,405,GO:0110020;GO:0032231;GO:0051492,regulation of actomyosin structure organization,0.000886378,,GO:0110020,GO:0032231,GO:0051492,,,,,,,
0,7.42E-06,3,131,GO:0006304;GO:0044728,DNA modification,0.001081857,,GO:0006304,GO:0044728,,,,,,,,
0,7.80E-06,5,514,GO:0010810,regulation of cell-substrate adhesion,0.001120076,,GO:0010810,,,,,,,,,
0,8.44E-06,2,41,GO:0035076;GO:0071390,cellular response to ecdysone,0.001192567,,GO:0035076,GO:0071390,,,,,,,,
0,9.06E-06,2,149,GO:0006476;GO:0035601;GO:0098732;GO:0016575,macromolecule deacylation,0.001260327,,GO:0006476,GO:0035601,GO:0098732,GO:0016575,,,,,,
0,9.83E-06,3,18,GO:0033540,fatty acid beta-oxidation using acyl-CoA oxidase,0.001347575,,GO:0033540,,,,,,,,,
0,1.02E-05,2,378,GO:0031056,regulation of histone modification,0.001354477,,GO:0031056,,,,,,,,,
0,1.01E-05,2,144,GO:0043044,ATP-dependent chromatin remodeling,0.001354477,,GO:0043044,,,,,,,,,
0,1.12E-05,2,1284,GO:0016071,mRNA metabolic process,0.001473012,,GO:0016071,,,,,,,,,
0,1.24E-05,3,180,GO:1903391;GO:0051893;GO:0090109;GO:0150116,regulation of adherens junction organization,0.001604002,,GO:1903391,GO:0051893,GO:0090109,GO:0150116,,,,,,
0,1.32E-05,4,22,GO:0009086,methionine biosynthetic process,0.00168827,,GO:0009086,,,,,,,,,
0,1.38E-05,2,169,GO:0060976,coronary vasculature development,0.001737931,,GO:0060976,,,,,,,,,
0,1.50E-05,2,102,GO:0042255,ribosome assembly,0.001798117,,GO:0042255,,,,,,,,,
0,1.51E-05,2,66,GO:0042398,cellular modified amino acid biosynthetic process,0.001798117,,GO:0042398,,,,,,,,,
0,1.51E-05,2,26,GO:0042766,nucleosome mobilization,0.001798117,,GO:0042766,,,,,,,,,
0,1.51E-05,2,26,GO:1904181,positive regulation of membrane depolarization,0.001798117,,GO:1904181,,,,,,,,,
0,1.55E-05,2,1527,GO:0033365,protein localization to organelle,0.001824586,,GO:0033365,,,,,,,,,
0,1.81E-05,2,1397,GO:0010976;GO:0031346,positive regulation of cell projection organization,0.002081472,,GO:0010976,GO:0031346,,,,,,,,
0,1.80E-05,2,457,GO:0071103;GO:0006323,DNA conformation change,0.002081472,,GO:0071103,GO:0006323,,,,,,,,
0,1.85E-05,2,19,GO:0051901,positive regulation of mitochondrial depolarization,0.00210162,,GO:0051901,,,,,,,,,
0,1.98E-05,2,39,GO:0001765,membrane raft assembly,0.002190209,,GO:0001765,,,,,,,,,
0,1.98E-05,3,39,GO:0051567,histone H3-K9 methylation,0.002190209,,GO:0051567,,,,,,,,,
0,2.44E-05,3,2493,GO:0048598,embryonic morphogenesis,0.002671722,,GO:0048598,,,,,,,,,
0,2.51E-05,6,68,GO:0051894;GO:0150117;GO:1903393,positive regulation of cell-substrate junction organization,0.002711069,,GO:0051894,GO:0150117,GO:1903393,,,,,,,
0,2.55E-05,3,144,GO:0001954,positive regulation of cell-matrix adhesion,0.002723506,,GO:0001954,,,,,,,,,
0,2.66E-05,2,455,GO:0016202;GO:0048634;GO:1901861,regulation of muscle organ development,0.002795985,,GO:0016202,GO:0048634,GO:1901861,,,,,,,
0,2.68E-05,2,116,GO:0045652,regulation of megakaryocyte differentiation,0.002795985,,GO:0045652,,,,,,,,,
0,2.90E-05,2,235,GO:0001837,epithelial to mesenchymal transition,0.002993233,,GO:0001837,,,,,,,,,
0,3.04E-05,6,305,GO:0006342;GO:0045814;GO:0097549;GO:0034401,chromatin organization involved in regulation of transcription,0.003093372,,GO:0006342,GO:0045814,GO:0097549,GO:0034401,,,,,,
0,3.06E-05,2,2995,GO:0010975;GO:0120035;GO:0031344;GO:0045664,regulation of neuron differentiation,0.003093372,,GO:0010975,GO:0120035,GO:0031344,GO:0045664,,,,,,
0,3.13E-05,3,1543,GO:0035107;GO:0048736,appendage development,0.003120115,,GO:0035107,GO:0048736,,,,,,,,
0,3.19E-05,4,205,GO:0046716,muscle cell cellular homeostasis,0.00315341,,GO:0046716,,,,,,,,,
0,3.25E-05,6,384,GO:0043543,protein acylation,0.00317271,,GO:0043543,,,,,,,,,
0,3.32E-05,4,45,GO:0006760,folic acid-containing compound metabolic process,0.003211685,,GO:0006760,,,,,,,,,
0,3.84E-05,2,1177,GO:0001568;GO:0001944;GO:0048514,vasculature development,0.003670798,,GO:0001568,GO:0001944,GO:0048514,,,,,,,
0,3.93E-05,2,141,GO:0048557,embryonic digestive tract morphogenesis,0.003722514,,GO:0048557,,,,,,,,,
0,4.06E-05,3,295,GO:0031058;GO:1905269,positive regulation of chromatin organization,0.003805829,,GO:0031058,GO:1905269,,,,,,,,
0,4.22E-05,3,113,GO:0006929,substrate-dependent cell migration,0.003837897,,GO:0006929,,,,,,,,,
0,4.14E-05,6,859,GO:0030336;GO:2000146;GO:0040013;GO:0051271,negative regulation of locomotion,0.003837897,,GO:0030336,GO:2000146,GO:0040013,GO:0051271,,,,,,
0,4.22E-05,3,113,GO:1901607,alpha-amino acid biosynthetic process,0.003837897,,GO:1901607,,,,,,,,,
0,4.39E-05,3,1596,GO:0030155,regulation of cell adhesion,0.003920721,,GO:0030155,,,,,,,,,
0,4.40E-05,3,2665,GO:0040008,regulation of growth,0.003920721,,GO:0040008,,,,,,,,,
0,4.44E-05,2,1830,GO:0048638,regulation of developmental growth,0.003920721,,GO:0048638,,,,,,,,,
0,4.62E-05,2,37,GO:0006337;GO:0032986;GO:0031498,protein-DNA complex disassembly,0.003992509,,GO:0006337,GO:0032986,GO:0031498,,,,,,,
0,4.65E-05,5,17,GO:0010216,maintenance of DNA methylation,0.003992509,,GO:0010216,,,,,,,,,
0,4.58E-05,3,455,GO:0048762,mesenchymal cell differentiation,0.003992509,,GO:0048762,,,,,,,,,
0,4.74E-05,2,469,GO:0016458,gene silencing,0.004032422,,GO:0016458,,,,,,,,,
0,4.82E-05,4,833,GO:0090287,regulation of cellular response to growth factor stimulus,0.004059529,,GO:0090287,,,,,,,,,
0,4.92E-05,3,1977,GO:0061061,muscle structure development,0.004111641,,GO:0061061,,,,,,,,,
0,5.49E-05,4,42,GO:0006555,methionine metabolic process,0.004498432,,GO:0006555,,,,,,,,,
0,5.49E-05,3,42,GO:0009067,aspartate family amino acid biosynthetic process,0.004498432,,GO:0009067,,,,,,,,,
0,5.75E-05,5,29,GO:0035278;GO:0040033;GO:0045974,miRNA mediated inhibition of translation,0.004671105,,GO:0035278,GO:0040033,GO:0045974,,,,,,,
0,5.95E-05,2,25,GO:1902083;GO:2000169,regulation of peptidyl-cysteine S-nitrosylation,0.004790022,,GO:1902083,GO:2000169,,,,,,,,
0,6.12E-05,2,47,GO:2000772,regulation of cellular senescence,0.004887738,,GO:2000772,,,,,,,,,
0,6.43E-05,3,174,GO:0031060,regulation of histone methylation,0.005051171,,GO:0031060,,,,,,,,,
0,6.39E-05,6,156,GO:1905268,negative regulation of chromatin organization,0.005051171,,GO:1905268,,,,,,,,,
0,6.79E-05,2,1539,GO:0055114,oxidation-reduction process,0.005281928,,GO:0055114,,,,,,,,,
0,7.09E-05,2,2680,GO:0051336,regulation of hydrolase activity,0.005472408,,GO:0051336,,,,,,,,,
0,7.18E-05,3,2102,GO:0007409;GO:0061564,axon development,0.005495886,,GO:0007409,GO:0061564,,,,,,,,
0,7.33E-05,4,1139,GO:0001667,ameboidal-type cell migration,0.005518401,,GO:0001667,,,,,,,,,
0,7.30E-05,2,218,GO:0003151,outflow tract morphogenesis,0.005518401,,GO:0003151,,,,,,,,,
0,7.50E-05,4,43,GO:0060872,semicircular canal development,0.005602586,,GO:0060872,,,,,,,,,
0,7.77E-05,4,3057,GO:0000904;GO:0048812;GO:0120039;GO:0048858;GO:0032990;GO:0048667,cell morphogenesis involved in differentiation,0.005755693,,GO:0000904,GO:0048812,GO:0120039,GO:0048858,GO:0032990,GO:0048667,,,,
0,7.90E-05,2,1830,GO:0030029;GO:0030036,actin filament-based process,0.005771339,,GO:0030029,GO:0030036,,,,,,,,
0,7.92E-05,2,1603,GO:0080135,regulation of cellular response to stress,0.005771339,,GO:0080135,,,,,,,,,
0,8.99E-05,4,1366,GO:1902903;GO:0032956;GO:0032970,regulation of actin filament-based process,0.006503281,,GO:1902903,GO:0032956,GO:0032970,,,,,,,
0,9.15E-05,3,258,GO:0043502,regulation of muscle adaptation,0.006562779,,GO:0043502,,,,,,,,,
0,9.74E-05,2,2535,GO:0009791,post-embryonic development,0.006777435,,GO:0009791,,,,,,,,,
0,9.67E-05,3,165,GO:0043542,endothelial cell migration,0.006777435,,GO:0043542,,,,,,,,,
0,9.72E-05,2,1752,GO:0051345,positive regulation of hydrolase activity,0.006777435,,GO:0051345,,,,,,,,,
0,9.59E-05,2,147,GO:1902305,regulation of sodium ion transmembrane transport,0.006777435,,GO:1902305,,,,,,,,,
0,0.000105207,2,130,GO:0042307;GO:1904591,positive regulation of protein import,0.007157939,,GO:0042307,GO:1904591,,,,,,,,
0,0.000105046,4,69,GO:0043403,skeletal muscle tissue regeneration,0.007157939,,GO:0043403,,,,,,,,,
0,0.000105207,2,130,GO:0043967,histone H4 acetylation,0.007157939,,GO:0043967,,,,,,,,,
0,0.000112297,3,928,GO:0014706;GO:0060537,muscle tissue development,0.007584169,,GO:0014706,GO:0060537,,,,,,,,
0,0.00011482,2,943,GO:0045785,positive regulation of cell adhesion,0.007697964,,GO:0045785,,,,,,,,,
0,0.000117311,2,15,GO:0033622,integrin activation,0.007751784,,GO:0033622,,,,,,,,,
0,0.000117311,2,15,GO:0044854;GO:0044857,plasma membrane raft assembly,0.007751784,,GO:0044854,GO:0044857,,,,,,,,
0,0.000122908,2,313,GO:0010811,positive regulation of cell-substrate adhesion,0.008063643,,GO:0010811,,,,,,,,,
0,0.000134767,2,120,GO:0032963,collagen metabolic process,0.008717148,,GO:0032963,,,,,,,,,
0,0.000144137,2,652,GO:0032872;GO:0070302;GO:0046328,regulation of stress-activated protein kinase signaling cascade,0.00919955,,GO:0032872,GO:0070302,GO:0046328,,,,,,,
0,0.000146231,2,23,GO:0046653,tetrahydrofolate metabolic process,0.00919955,,GO:0046653,,,,,,,,,
0,0.000145144,2,1992,GO:0051129,negative regulation of cellular component organization,0.00919955,,GO:0051129,,,,,,,,,
0,0.000146231,7,23,GO:1901897,regulation of relaxation of cardiac muscle,0.00919955,,GO:1901897,,,,,,,,,
0,0.000149287,2,2541,GO:0030334;GO:2000145;GO:0051270,regulation of cellular component movement,0.009269719,,GO:0030334,GO:2000145,GO:0051270,,,,,,,
0,0.000149365,3,589,GO:0046578,regulation of Ras protein signal transduction,0.009269719,,GO:0046578,,,,,,,,,
0,0.00015319,8,12,GO:0043045;GO:1901538;GO:0090116,DNA methylation involved in embryo development,0.009380365,,GO:0043045,GO:1901538,GO:0090116,,,,,,,
0,0.00015319,3,12,GO:0043570,maintenance of DNA repeat elements,0.009380365,,GO:0043570,,,,,,,,,
0,0.000168674,2,397,GO:1901605,alpha-amino acid metabolic process,0.010260061,,GO:1901605,,,,,,,,,
0,0.000171663,3,213,GO:0007266,Rho protein signal transduction,0.010373202,,GO:0007266,,,,,,,,,
0,0.000178481,2,61,GO:0060314,regulation of ryanodine-sensitive calcium-release channel activity,0.010698453,,GO:0060314,,,,,,,,,
0,0.000179375,2,391,GO:0071824,protein-DNA complex subunit organization,0.010698453,,GO:0071824,,,,,,,,,
0,0.000183405,3,656,GO:0051495;GO:1902905,positive regulation of cytoskeleton organization,0.010868235,,GO:0051495,GO:1902905,,,,,,,,
0,0.000185233,3,77,GO:0000096,sulfur amino acid metabolic process,0.010906193,,GO:0000096,,,,,,,,,
0,0.000198546,4,208,GO:0009062;GO:0072329,monocarboxylic acid catabolic process,0.011615588,,GO:0009062,GO:0072329,,,,,,,,
0,0.000201927,1,947,GO:0051098,regulation of binding,0.011738588,,GO:0051098,,,,,,,,,
0,0.000203856,3,28,GO:0050667,homocysteine metabolic process,0.011776194,,GO:0050667,,,,,,,,,
0,0.000210144,5,16,GO:0006346,DNA methylation-dependent heterochromatin assembly,0.012063571,,GO:0006346,,,,,,,,,
0,0.000212551,2,67,GO:0042558,pteridine-containing compound metabolic process,0.01212596,,GO:0042558,,,,,,,,,
0,0.000235448,2,112,GO:0007294;GO:0030716;GO:0030706,oocyte fate determination,0.013349312,,GO:0007294,GO:0030716,GO:0030706,,,,,,,
0,0.000241449,2,95,GO:0035075,response to ecdysone,0.01360559,,GO:0035075,,,,,,,,,
0,0.00024476,2,443,GO:2001252,positive regulation of chromosome organization,0.013708065,,GO:2001252,,,,,,,,,
0,0.000252103,6,981,GO:0010639,negative regulation of organelle organization,0.014033712,,GO:0010639,,,,,,,,,
0,0.000255075,3,101,GO:0009066,aspartate family amino acid metabolic process,0.014113617,,GO:0009066,,,,,,,,,
0,0.000264283,3,982,GO:0008406;GO:0045137,development of primary sexual characteristics,0.014535592,,GO:0008406,GO:0045137,,,,,,,,
0,0.0002669,2,2576,GO:0007281;GO:0007292;GO:0048477,germ cell development,0.014592117,,GO:0007281,GO:0007292,GO:0048477,,,,,,,
0,0.000272334,7,243,GO:0035567,non-canonical Wnt signaling pathway,0.014760146,,GO:0035567,,,,,,,,,
0,0.000274721,2,192,GO:0048566,embryonic digestive tract development,0.014760146,,GO:0048566,,,,,,,,,
0,0.000274794,2,113,GO:1900087;GO:1902808,positive regulation of cell cycle G1/S phase transition,0.014760146,,GO:1900087,GO:1902808,,,,,,,,
0,0.000281154,2,119,GO:0035195,gene silencing by miRNA,0.015013941,,GO:0035195,,,,,,,,,
0,0.000292365,2,58,GO:0001935,endothelial cell proliferation,0.015522402,,GO:0001935,,,,,,,,,
0,0.000294279,7,418,GO:1902806;GO:2000045,regulation of cell cycle G1/S phase transition,0.015534208,,GO:1902806,GO:2000045,,,,,,,,
0,0.000297773,8,13,GO:0032776,DNA methylation on cytosine,0.015540024,,GO:0032776,,,,,,,,,
0,0.000297405,3,43,GO:0043981;GO:0043982,histone H4-K8 acetylation,0.015540024,,GO:0043981,GO:0043982,,,,,,,,
0,0.000326123,3,552,GO:0010632,regulation of epithelial cell migration,0.016828329,,GO:0010632,,,,,,,,,
0,0.000324563,2,150,GO:0070828,heterochromatin organization,0.016828329,,GO:0070828,,,,,,,,,
0,0.000331138,2,200,GO:0055006;GO:0055013,cardiac cell development,0.016991615,,GO:0055006,GO:0055013,,,,,,,,
0,0.000333767,2,25,GO:0019511,peptidyl-proline hydroxylation,0.017031386,,GO:0019511,,,,,,,,,
0,0.000352301,3,103,GO:2000649,regulation of sodium ion transmembrane transporter activity,0.017877806,,GO:2000649,,,,,,,,,
0,0.000355596,5,17,GO:0021824;GO:0021828;GO:0021856;GO:0021886;GO:0021888;GO:0036484;GO:0036486;GO:0097490;GO:0097491;GO:1903375,trunk neural crest cell migration,0.017945864,,GO:0021824,GO:0021828,GO:0021856,GO:0021886,GO:0021888,GO:0036484,GO:0036486,GO:0097490,GO:0097491,GO:1903375
0,0.000360097,4,21,GO:0035767,endothelial cell chemotaxis,0.018032193,,GO:0035767,,,,,,,,,
0,0.000361233,4,75,GO:0090342,regulation of cell aging,0.018032193,,GO:0090342,,,,,,,,,
0,0.000365685,2,59,GO:0045663,positive regulation of myoblast differentiation,0.018155775,,GO:0045663,,,,,,,,,
0,0.000372615,2,923,GO:0030111;GO:0060828,regulation of Wnt signaling pathway,0.018400376,,GO:0030111,GO:0060828,,,,,,,,
0,0.000384537,5,360,GO:0010594,regulation of endothelial cell migration,0.018820303,,GO:0010594,,,,,,,,,
0,0.000385217,2,10,GO:0035999,tetrahydrofolate interconversion,0.018820303,,GO:0035999,,,,,,,,,
0,0.000405032,2,388,GO:0007478;GO:0007480;GO:0035218,leg disc development,0.019580087,,GO:0007478,GO:0007480,GO:0035218,,,,,,,
0,0.0004041,2,7,GO:0070285,pigment cell development,0.019580087,,GO:0070285,,,,,,,,,
0,0.000418783,3,215,GO:0007009,plasma membrane organization,0.020138849,,GO:0007009,,,,,,,,,
0,0.000425991,3,772,GO:0045665,negative regulation of neuron differentiation,0.020273196,,GO:0045665,,,,,,,,,
0,0.000425143,2,65,GO:1902253,regulation of intrinsic apoptotic signaling pathway by p53 class mediator,0.020273196,,GO:1902253,,,,,,,,,
0,0.00044384,2,190,GO:2001251,negative regulation of chromosome organization,0.021013743,,GO:2001251,,,,,,,,,
0,0.00045614,2,288,GO:1901796,regulation of signal transduction by p53 class mediator,0.021485348,,GO:1901796,,,,,,,,,
0,0.000472588,2,82,GO:1902229,regulation of intrinsic apoptotic signaling pathway in response to DNA damage,0.022146544,,GO:1902229,,,,,,,,,
0,0.000479121,2,55,GO:2001014,regulation of skeletal muscle cell differentiation,0.02233872,,GO:2001014,,,,,,,,,
0,0.000487035,2,2114,GO:0045596,negative regulation of cell differentiation,0.022592998,,GO:0045596,,,,,,,,,
0,0.000503315,2,45,GO:0014733,regulation of skeletal muscle adaptation,0.023117604,,GO:0014733,,,,,,,,,
0,0.000503904,5,768,GO:0050678,regulation of epithelial cell proliferation,0.023117604,,GO:0050678,,,,,,,,,
0,0.000505894,6,1546,GO:0051493,regulation of cytoskeleton organization,0.023117604,,GO:0051493,,,,,,,,,
0,0.000534413,2,14,GO:0021627,olfactory nerve morphogenesis,0.0242999,,GO:0021627,,,,,,,,,
0,0.000558019,4,277,GO:0001947;GO:0003143;GO:0061371,embryonic heart tube morphogenesis,0.024615782,,GO:0001947,GO:0003143,GO:0061371,,,,,,,
0,0.00056406,2,611,GO:0010977;GO:0031345,negative regulation of cell projection organization,0.024615782,,GO:0010977,GO:0031345,,,,,,,,
0,0.00057352,4,18,GO:0019042,viral latency,0.024615782,,GO:0019042,,,,,,,,,
0,0.000569836,2,130,GO:0043966,histone H3 acetylation,0.024615782,,GO:0043966,,,,,,,,,
0,0.00057352,3,18,GO:0043970,histone H3-K9 acetylation,0.024615782,,GO:0043970,,,,,,,,,
0,0.000572771,2,31,GO:0048752,semicircular canal morphogenesis,0.024615782,,GO:0048752,,,,,,,,,
0,0.00056769,3,112,GO:0071711,basement membrane organization,0.024615782,,GO:0071711,,,,,,,,,
0,0.00057352,6,18,GO:0097112,gamma-aminobutyric acid receptor clustering,0.024615782,,GO:0097112,,,,,,,,,
0,0.000559099,2,106,GO:0097421,liver regeneration,0.024615782,,GO:0097421,,,,,,,,,
0,0.000545361,2,22,GO:1901166,neural crest cell migration involved in autonomic nervous system development,0.024615782,,GO:1901166,,,,,,,,,
0,0.000573092,3,2423,GO:1902533,positive regulation of intracellular signal transduction,0.024615782,,GO:1902533,,,,,,,,,
0,0.000556265,4,142,GO:1903053,regulation of extracellular matrix organization,0.024615782,,GO:1903053,,,,,,,,,
0,0.00058932,2,2004,GO:0008283,cell population proliferation,0.025176303,,GO:0008283,,,,,,,,,
0,0.000603877,2,555,GO:0006520,cellular amino acid metabolic process,0.02567875,,GO:0006520,,,,,,,,,
0,0.000625548,5,219,GO:0010595,positive regulation of endothelial cell migration,0.026477677,,GO:0010595,,,,,,,,,
0,0.000650037,6,131,GO:0043536,positive regulation of blood vessel endothelial cell migration,0.027262974,,GO:0043536,,,,,,,,,
0,0.000648412,2,107,GO:0090311,regulation of protein deacetylation,0.027262974,,GO:0090311,,,,,,,,,
0,0.000655222,2,113,GO:0010464;GO:0002053,regulation of mesenchymal cell proliferation,0.027355509,,GO:0010464,GO:0002053,,,,,,,,
0,0.000688561,3,27,GO:0046655,folic acid metabolic process,0.028488444,,GO:0046655,,,,,,,,,
0,0.000688561,7,27,GO:0090026,positive regulation of monocyte chemotaxis,0.028488444,,GO:0090026,,,,,,,,,
0,0.000729441,3,417,GO:0008045,motor neuron axon guidance,0.030044462,,GO:0008045,,,,,,,,,
0,0.000754309,2,114,GO:0003254,regulation of membrane depolarization,0.030792581,,GO:0003254,,,,,,,,,
0,0.000754309,2,114,GO:0042274,ribosomal small subunit biogenesis,0.030792581,,GO:0042274,,,,,,,,,
0,0.00076704,2,68,GO:0007063,regulation of sister chromatid cohesion,0.031173718,,GO:0007063,,,,,,,,,
0,0.000779782,2,32,GO:0000097,sulfur amino acid biosynthetic process,0.031413573,,GO:0000097,,,,,,,,,
0,0.000779782,3,32,GO:0019471,4-hydroxyproline metabolic process,0.031413573,,GO:0019471,,,,,,,,,
0,0.000785522,2,52,GO:0031365,N-terminal protein amino acid modification,0.031506643,,GO:0031365,,,,,,,,,
0,0.000789138,2,261,GO:0040028,regulation of vulval development,0.031514056,,GO:0040028,,,,,,,,,
0,0.000819437,3,47,GO:0000413,protein peptidyl-prolyl isomerization,0.032493338,,GO:0000413,,,,,,,,,
0,0.000827811,2,1476,GO:0009611;GO:0042060,response to wounding,0.032493338,,GO:0009611,GO:0042060,,,,,,,,
0,0.000824991,3,475,GO:0051099,positive regulation of binding,0.032493338,,GO:0051099,,,,,,,,,
0,0.000822755,2,183,GO:0051155,positive regulation of striated muscle cell differentiation,0.032493338,,GO:0051155,,,,,,,,,
0,0.000837041,2,302,GO:0000281,mitotic cytokinesis,0.032715827,,GO:0000281,,,,,,,,,
0,0.000844025,2,852,GO:0010631;GO:0090130;GO:0090132,tissue migration,0.032849007,,GO:0010631,GO:0090130,GO:0090132,,,,,,,
0,0.0009027,2,5,GO:0048669,collateral sprouting in absence of injury,0.034837387,,GO:0048669,,,,,,,,,
0,0.000899377,4,15,GO:2000773,negative regulation of cellular senescence,0.034837387,,GO:2000773,,,,,,,,,
0,0.000919133,2,1319,GO:0097435,supramolecular fiber organization,0.03532317,,GO:0097435,,,,,,,,,
0,0.000925641,6,210,GO:0043535,regulation of blood vessel endothelial cell migration,0.035425063,,GO:0043535,,,,,,,,,
0,0.000946624,3,290,GO:0003279,cardiac septum development,0.036077775,,GO:0003279,,,,,,,,,
0,0.000957842,2,28,GO:0021825,substrate-dependent cerebral cortex tangential migration,0.036092208,,GO:0021825,,,,,,,,,
0,0.000958791,6,759,GO:0110053,regulation of actin filament organization,0.036092208,,GO:0110053,,,,,,,,,
0,0.000957842,2,28,GO:1901048,transforming growth factor beta receptor signaling pathway involved in regulation of multicellular organism growth,0.036092208,,GO:1901048,,,,,,,,,
0,0.000971648,4,8,GO:0006578;GO:0045329,carnitine biosynthetic process,0.036426901,,GO:0006578,GO:0045329,,,,,,,,
0,0.00097666,2,53,GO:0030520,intracellular estrogen receptor signaling pathway,0.036465953,,GO:0030520,,,,,,,,,
0,0.000993193,3,75,GO:0031063,regulation of histone deacetylation,0.036784194,,GO:0031063,,,,,,,,,
0,0.000991062,6,104,GO:0035025,positive regulation of Rho protein signal transduction,0.036784194,,GO:0035025,,,,,,,,,
0,0.001006436,3,528,GO:0006631,fatty acid metabolic process,0.037124974,,GO:0006631,,,,,,,,,
0,0.00101138,3,450,GO:0050679,positive regulation of epithelial cell proliferation,0.037158109,,GO:0050679,,,,,,,,,
0,0.001018411,2,64,GO:0031954,positive regulation of protein autophosphorylation,0.037267343,,GO:0031954,,,,,,,,,
0,0.001105685,3,225,GO:0008587,imaginal disc-derived wing margin morphogenesis,0.040300457,,GO:0008587,,,,,,,,,
0,0.001113618,4,59,GO:0040027,negative regulation of vulval development,0.040429163,,GO:0040027,,,,,,,,,
0,0.001179943,2,1001,GO:0048562,embryonic organ morphogenesis,0.042668415,,GO:0048562,,,,,,,,,
0,0.001228526,2,65,GO:1900244;GO:1903423,positive regulation of synaptic vesicle recycling,0.04425104,,GO:1900244,GO:1903423,,,,,,,,
0,0.001320035,3,810,GO:0003012;GO:0006936,muscle system process,0.04649836,,GO:0003012,GO:0006936,,,,,,,,
0,0.00132587,2,227,GO:0006261,DNA-dependent DNA replication,0.04649836,,GO:0006261,,,,,,,,,
0,0.001306583,2,112,GO:0022617,extracellular matrix disassembly,0.04649836,,GO:0022617,,,,,,,,,
0,0.001321403,2,71,GO:0030717;GO:0061988,oocyte karyosome formation,0.04649836,,GO:0030717,GO:0061988,,,,,,,,
0,0.001303011,1,1813,GO:0040007;GO:0048589,growth,0.04649836,,GO:0040007,GO:0048589,,,,,,,,
0,0.001326355,2,20,GO:0042744,hydrogen peroxide catabolic process,0.04649836,,GO:0042744,,,,,,,,,
0,0.001326355,4,20,GO:0090400,stress-induced premature senescence,0.04649836,,GO:0090400,,,,,,,,,
0,0.001353709,2,44,GO:0042135,neurotransmitter catabolic process,0.047097776,,GO:0042135,,,,,,,,,
0,0.001353709,4,44,GO:1901798,positive regulation of signal transduction by p53 class mediator,0.047097776,,GO:1901798,,,,,,,,,
0,0.001410248,-1,923,GO:0051186,obsolete cofactor metabolic process,0.048879714,,GO:0051186,,,,,,,,,
0,0.001446083,2,83,GO:0021591,ventricular system development,0.049560721,,GO:0021591,,,,,,,,,
0,0.001442403,5,125,GO:0035904,aorta development,0.049560721,,GO:0035904,,,,,,,,,
0,0.00144196,5,309,GO:0072091,regulation of stem cell proliferation,0.049560721,,GO:0072091,,,,,,,,,
0,0.001460001,2,1809,GO:0006082;GO:0019752;GO:0043436,organic acid metabolic process,0.049667066,,GO:0006082,GO:0019752,GO:0043436,,,,,,,
0,0.0014547,5,1554,GO:0044089,positive regulation of cellular component biogenesis,0.049667066,,GO:0044089,,,,,,,,,
0,0.001481584,2,89,GO:0010880;GO:0010881,regulation of release of sequestered calcium ion into cytosol by sarcoplasmic reticulum,0.049847425,,GO:0010880,GO:0010881,,,,,,,,
0,0.001478303,2,449,GO:0048580;GO:0061062,regulation of post-embryonic development,0.049847425,,GO:0048580,GO:0061062,,,,,,,,
0,0.001481584,2,89,GO:1900744,regulation of p38MAPK cascade,0.049847425,,GO:1900744,,,,,,,,,
0,0.001488296,2,163,GO:1903670,regulation of sprouting angiogenesis,0.049890514,,GO:1903670,,,,,,,,,
0,0.001515777,3,365,GO:0042335,cuticle development,0.050261421,,,,,,,,,,,
0,0.001505707,5,202,GO:0048679;GO:0070570,regulation of neuron projection regeneration,0.050261421,,,,,,,,,,,
0,0.001513381,2,1440,GO:0050768;GO:0010721;GO:0051961,negative regulation of nervous system development,0.050261421,,,,,,,,,,,
0,0.001574105,3,249,GO:0051149,positive regulation of muscle cell differentiation,0.051821358,,,,,,,,,,,
0,0.001572477,2,630,GO:0060485,mesenchyme development,0.051821358,,,,,,,,,,,
0,0.001607079,2,25,GO:0007503,fat body development,0.052668829,,,,,,,,,,,
0,0.001611316,3,667,GO:0055001;GO:0055002,muscle cell development,0.052668829,,,,,,,,,,,
0,0.001696093,2,2763,GO:0045944,positive regulation of transcription by RNA polymerase II,0.055243315,,,,,,,,,,,
0,0.001732902,2,139,GO:0002040,sprouting angiogenesis,0.055938192,,,,,,,,,,,
0,0.001754558,3,30,GO:0032964,collagen biosynthetic process,0.055938192,,,,,,,,,,,
0,0.001734325,2,360,GO:0035050,embryonic heart tube development,0.055938192,,,,,,,,,,,
0,0.001760059,2,67,GO:0048681;GO:0070571,negative regulation of neuron projection regeneration,0.055938192,,,,,,,,,,,
0,0.001754558,2,30,GO:0097156,fasciculation of motor neuron axon,0.055938192,,,,,,,,,,,
0,0.001754558,2,30,GO:0099515;GO:0030050,actin filament-based transport,0.055938192,,,,,,,,,,,
0,0.001754558,2,30,GO:1902165;GO:1902166,regulation of intrinsic apoptotic signaling pathway in response to DNA damage by p53 class mediator,0.055938192,,,,,,,,,,,
0,0.00179972,2,152,GO:0008652,cellular amino acid biosynthetic process,0.057001461,,,,,,,,,,,
0,0.001848861,5,178,GO:0055021;GO:0060420,regulation of heart growth,0.058356656,,,,,,,,,,,
0,0.001883898,3,453,GO:0003205,cardiac chamber development,0.059258918,,,,,,,,,,,
0,0.001920975,2,21,GO:0002692,negative regulation of cellular extravasation,0.060014135,,,,,,,,,,,
0,0.001920975,4,21,GO:0034769,basement membrane disassembly,0.060014135,,,,,,,,,,,
0,0.001974857,3,390,GO:0070252;GO:0030048,actin filament-based movement,0.061074281,,,,,,,,,,,
0,0.001971957,2,9,GO:0075713,establishment of integrated proviral latency,0.061074281,,,,,,,,,,,
0,0.001963178,5,51,GO:1901201,regulation of extracellular matrix assembly,0.061074281,,,,,,,,,,,
0,0.001999013,2,225,GO:0002028,regulation of sodium ion transport,0.061613874,,,,,,,,,,,
0,0.002074704,2,128,GO:0050871,positive regulation of B cell activation,0.063732962,,,,,,,,,,,
0,0.00213246,2,160,GO:0048641,regulation of skeletal muscle tissue development,0.065288803,,,,,,,,,,,
0,0.002191343,3,17,GO:0021942,radial glia guided migration of Purkinje cell,0.066868718,,,,,,,,,,,
0,0.002245559,2,80,GO:0010288,response to lead ion,0.067624446,,,,,,,,,,,
0,0.002239319,4,41,GO:0040002,collagen and cuticulin-based cuticle development,0.067624446,,,,,,,,,,,
0,0.002239319,3,41,GO:0090025,regulation of monocyte chemotaxis,0.067624446,,,,,,,,,,,
0,0.002239319,2,41,GO:1900746;GO:1902547,regulation of cellular response to vascular endothelial growth factor stimulus,0.067624446,,,,,,,,,,,
0,0.002253656,2,167,GO:0010633,negative regulation of epithelial cell migration,0.0676465,,,,,,,,,,,
0,0.002269068,2,357,GO:0010212,response to ionizing radiation,0.06765758,,,,,,,,,,,
0,0.002290855,4,13,GO:0019043,establishment of viral latency,0.06765758,,,,,,,,,,,
0,0.002290855,3,13,GO:0060633;GO:2000143,negative regulation of transcription initiation from RNA polymerase II promoter,0.06765758,,,,,,,,,,,
0,0.002290855,3,13,GO:0060666,dichotomous subdivision of terminal units involved in salivary gland branching,0.06765758,,,,,,,,,,,
0,0.002290855,2,13,GO:1900747;GO:1902548,negative regulation of cellular response to vascular endothelial growth factor stimulus,0.06765758,,,,,,,,,,,
0,0.002321855,2,1223,GO:0006259,DNA metabolic process,0.067888806,,,,,,,,,,,
0,0.002306127,2,623,GO:0022612,gland morphogenesis,0.067888806,,,,,,,,,,,
0,0.00232825,2,148,GO:0035262,gonad morphogenesis,0.067888806,,,,,,,,,,,
0,0.002317314,2,31,GO:1902410,mitotic cytokinetic process,0.067888806,,,,,,,,,,,
0,0.002366537,4,407,GO:0035051,cardiocyte differentiation,0.068786829,,,,,,,,,,,
0,0.002412173,4,323,GO:0006260,DNA replication,0.069723995,,,,,,,,,,,
0,0.002421977,2,1951,GO:0010942;GO:0043065;GO:0043068,positive regulation of cell death,0.069723995,,,,,,,,,,,
0,0.002451916,2,6,GO:0035607,fibroblast growth factor receptor signaling pathway involved in orbitofrontal cortex development,0.069723995,,,,,,,,,,,
0,0.002440311,3,1640,GO:0045666;GO:0050769,positive regulation of neurogenesis,0.069723995,,,,,,,,,,,
0,0.002451916,2,6,GO:0046083,adenine metabolic process,0.069723995,,,,,,,,,,,
0,0.002451916,2,6,GO:0061428,negative regulation of transcription from RNA polymerase II promoter in response to hypoxia,0.069723995,,,,,,,,,,,
0,0.002564487,2,255,GO:0050848,regulation of calcium-mediated signaling,0.072700036,,,,,,,,,,,
0,0.002586507,2,618,GO:0019827;GO:0098727,maintenance of cell number,0.072757866,,,,,,,,,,,
0,0.002590291,3,149,GO:0035065;GO:2000756,regulation of peptidyl-lysine acetylation,0.072757866,,,,,,,,,,,
0,0.002582572,5,105,GO:0050922,negative regulation of chemotaxis,0.072757866,,,,,,,,,,,
0,0.00262104,4,58,GO:0007221,positive regulation of transcription of Notch receptor target,0.073397108,,,,,,,,,,,
0,0.002636371,2,235,GO:0055024,regulation of cardiac muscle tissue development,0.07360203,,,,,,,,,,,
0,0.002672202,2,901,GO:0032787,monocarboxylic acid metabolic process,0.074035934,,,,,,,,,,,
0,0.002676095,4,459,GO:0051054,positive regulation of DNA metabolic process,0.074035934,,,,,,,,,,,
0,0.002663853,2,931,GO:1901990;GO:1901987,regulation of cell cycle phase transition,0.074035934,,,,,,,,,,,
0,0.002704576,2,143,GO:0071479,cellular response to ionizing radiation,0.074599192,,,,,,,,,,,
0,0.002868144,2,112,GO:0061064,negative regulation of nematode larval development,0.078873954,,,,,,,,,,,
0,0.002906934,2,53,GO:1903203,regulation of oxidative stress-induced neuron death,0.079702062,,,,,,,,,,,
0,0.0029575,3,27,GO:0051255,spindle midzone assembly,0.08084713,,,,,,,,,,,
0,0.003023471,2,94,GO:0090049,regulation of cell migration involved in sprouting angiogenesis,0.082405293,,,,,,,,,,,
0,0.003048622,2,1733,GO:0010564,regulation of cell cycle process,0.082844945,,,,,,,,,,,
0,0.003061123,2,1454,GO:0002064,epithelial cell development,0.082939289,,,,,,,,,,,
0,0.003096663,5,210,GO:0016441;GO:0031047;GO:0035194,gene silencing by RNA,0.083655451,,,,,,,,,,,
0,0.003107198,3,1155,GO:0042692;GO:0051146,muscle cell differentiation,0.083693868,,,,,,,,,,,
0,0.003134934,4,59,GO:0021535,cell migration in hindbrain,0.084194056,,,,,,,,,,,
0,0.003159088,6,177,GO:0032873;GO:0070303;GO:0046329,negative regulation of stress-activated protein kinase signaling cascade,0.084566862,,,,,,,,,,,
0,0.003167229,2,1255,GO:0048639;GO:0045927,positive regulation of growth,0.084566862,,,,,,,,,,,
0,0.003182929,3,763,GO:1905114,cell surface receptor signaling pathway involved in cell-cell signaling,0.084739727,,,,,,,,,,,
0,0.003195557,3,48,GO:0051900,regulation of mitochondrial depolarization,0.084830033,,,,,,,,,,,
0,0.003220867,2,18,GO:0017185,peptidyl-lysine hydroxylation,0.08501052,,,,,,,,,,,
0,0.003220867,2,18,GO:0098902;GO:1900825,regulation of membrane depolarization during action potential,0.08501052,,,,,,,,,,,
0,0.003236371,3,258,GO:0040018,positive regulation of multicellular organism growth,0.085174989,,,,,,,,,,,
0,0.003374623,2,349,GO:0120034,positive regulation of plasma membrane bounded cell projection assembly,0.088559747,,,,,,,,,,,
0,0.003410213,3,1854,GO:0031400;GO:0001933;GO:0042326;GO:0045936;GO:0010563,negative regulation of protein modification process,0.08923877,,,,,,,,,,,
0,0.003467057,3,442,GO:0030177;GO:0090263,positive regulation of Wnt signaling pathway,0.089816039,,,,,,,,,,,
0,0.003471387,2,43,GO:0033599,regulation of mammary gland epithelial cell proliferation,0.089816039,,,,,,,,,,,
0,0.003453206,4,252,GO:1901992;GO:1901989,positive regulation of cell cycle phase transition,0.089816039,,,,,,,,,,,
0,0.003471387,4,43,GO:1904754,positive regulation of vascular associated smooth muscle cell migration,0.089816039,,,,,,,,,,,
0,0.003500858,4,1559,GO:0048568,embryonic organ development,0.090324113,,,,,,,,,,,
0,0.003558698,3,10,GO:0048539,bone marrow development,0.091049139,,,,,,,,,,,
0,0.003558698,6,10,GO:1904026,regulation of collagen fibril organization,0.091049139,,,,,,,,,,,
0,0.003558698,6,10,GO:1904702;GO:0150106;GO:1904703;GO:0150119,regulation of protein localization to adherens junction,0.091049139,,,,,,,,,,,
0,0.003579981,2,232,GO:0060840,artery development,0.09133923,,,,,,,,,,,
0,0.003608188,3,14,GO:0035995,detection of muscle stretch,0.091803886,,,,,,,,,,,
0,0.003668937,2,443,GO:0001889;GO:0061008,hepaticobiliary system development,0.092315345,,,,,,,,,,,
0,0.003701369,2,596,GO:0007498,mesoderm development,0.092315345,,,,,,,,,,,
0,0.003659506,4,1091,GO:0007517,muscle organ development,0.092315345,,,,,,,,,,,
0,0.003686663,3,1298,GO:0007548,sex differentiation,0.092315345,,,,,,,,,,,
0,0.003723091,4,23,GO:0016233,telomere capping,0.092315345,,,,,,,,,,,
0,0.003653741,5,133,GO:0030517,negative regulation of axon extension,0.092315345,,,,,,,,,,,
0,0.003728796,3,60,GO:0031061,negative regulation of histone methylation,0.092315345,,,,,,,,,,,
0,0.003723091,2,23,GO:0033591,response to L-ascorbic acid,0.092315345,,,,,,,,,,,
0,0.003687307,3,618,GO:0046394;GO:0016053,carboxylic acid biosynthetic process,0.092315345,,,,,,,,,,,
0,0.003723091,2,23,GO:0048143,astrocyte activation,0.092315345,,,,,,,,,,,
0,0.003873158,2,33,GO:1901077,regulation of relaxation of muscle,0.095631609,,,,,,,,,,,
0,0.003904706,3,28,GO:0006474,N-terminal protein amino acid acetylation,0.095639269,,,,,,,,,,,
0,0.003904706,2,28,GO:0071481,cellular response to X-ray,0.095639269,,,,,,,,,,,
0,0.003904706,2,28,GO:0150065,regulation of deacetylase activity,0.095639269,,,,,,,,,,,
0,0.003943535,4,1277,GO:0060541,respiratory system development,0.09633344,,,,,,,,,,,
0,0.003977532,3,1844,GO:0022604,regulation of cell morphogenesis,0.096649811,,,,,,,,,,,
0,0.003967542,4,430,GO:0048546,digestive tract morphogenesis,0.096649811,,,,,,,,,,,
0,0.003994374,2,1946,GO:1903047;GO:0000278,mitotic cell cycle,0.096802963,,,,,,,,,,,
0,0.004153667,6,303,GO:0001936,regulation of endothelial cell proliferation,0.100398515,,,,,,,,,,,
0,0.004310451,2,154,GO:0048581,negative regulation of post-embryonic development,0.103914685,,,,,,,,,,,
0,0.00436558,3,103,GO:0021602,cranial nerve morphogenesis,0.104968191,,,,,,,,,,,
0,0.004390794,3,269,GO:0030718,germ-line stem cell population maintenance,0.105298796,,,,,,,,,,,
0,0.004491516,6,425,GO:0007528,neuromuscular junction development,0.107360277,,,,,,,,,,,
0,0.004500131,2,1552,GO:0048608;GO:0061458,reproductive system development,0.107360277,,,,,,,,,,,
0,0.00451684,2,922,GO:0051963;GO:1901888,regulation of cell junction assembly,0.107479722,,,,,,,,,,,
0,0.004581822,2,19,GO:0038001,paracrine signaling,0.108744271,,,,,,,,,,,
0,0.004624892,6,73,GO:0070316;GO:0070317,regulation of G0 to G1 transition,0.1094836,,,,,,,,,,,
0,0.004644662,3,79,GO:0045601,regulation of endothelial cell differentiation,0.109668956,,,,,,,,,,,
0,0.004688063,2,50,GO:0033197,response to vitamin E,0.109846579,,,,,,,,,,,
0,0.004685685,3,188,GO:0045843;GO:0048635;GO:1901862,negative regulation of muscle organ development,0.109846579,,,,,,,,,,,
0,0.004688063,2,50,GO:0090050,positive regulation of cell migration involved in sprouting angiogenesis,0.109846579,,,,,,,,,,,
0,0.004713051,3,2157,GO:0006935;GO:0042330,taxis,0.109966261,,,,,,,,,,,
0,0.004717172,3,270,GO:0007293,germarium-derived egg chamber formation,0.109966261,,,,,,,,,,,
0,0.004729088,3,1445,GO:0032535,regulation of cellular component size,0.109966261,,,,,,,,,,,
0,0.004771588,3,110,GO:0045445,myoblast differentiation,0.110674341,,,,,,,,,,,
0,0.004834478,3,477,GO:0043414;GO:0032259,methylation,0.111850588,,,,,,,,,,,
0,0.004911654,2,34,GO:0021932,hindbrain radial glia guided cell migration,0.113066522,,,,,,,,,,,
0,0.004909272,4,202,GO:0070192,chromosome organization involved in meiotic cell cycle,0.113066522,,,,,,,,,,,
0,0.004928592,2,104,GO:0014904;GO:0048741,myotube cell development,0.113172802,,,,,,,,,,,
0,0.004954781,2,348,GO:0051153,regulation of striated muscle cell differentiation,0.113490427,,,,,,,,,,,
0,0.005010294,3,24,GO:0021553,olfactory nerve development,0.114476488,,,,,,,,,,,
0,0.005182338,2,7,GO:0002418,immune response to tumor cell,0.115061052,,,,,,,,,,,
0,0.005131125,2,933,GO:0008361,regulation of cell size,0.115061052,,,,,,,,,,,
0,0.005189056,4,581,GO:0030258,lipid modification,0.115061052,,,,,,,,,,,
0,0.005192526,2,62,GO:0030574,collagen catabolic process,0.115061052,,,,,,,,,,,
0,0.00519873,3,45,GO:0043508,negative regulation of JUN kinase activity,0.115061052,,,,,,,,,,,
0,0.005073407,2,29,GO:0048842,positive regulation of axon extension involved in axon guidance,0.115061052,,,,,,,,,,,
0,0.005182338,2,7,GO:0070200,establishment of protein localization to telomere,0.115061052,,,,,,,,,,,
0,0.005190861,3,92,GO:0071526,semaphorin-plexin signaling pathway,0.115061052,,,,,,,,,,,
0,0.005190861,3,92,GO:1903672,positive regulation of sprouting angiogenesis,0.115061052,,,,,,,,,,,
0,0.005182338,2,7,GO:1904640,response to methionine,0.115061052,,,,,,,,,,,
0,0.005073407,3,29,GO:1905048,regulation of metallopeptidase activity,0.115061052,,,,,,,,,,,
0,0.005182338,5,7,GO:1905203;GO:1905205,regulation of connective tissue replacement,0.115061052,,,,,,,,,,,
0,0.00512831,2,500,GO:1905475,regulation of protein localization to membrane,0.115061052,,,,,,,,,,,
0,0.005232549,2,356,GO:0014902,myotube differentiation,0.115254116,,,,,,,,,,,
0,0.005220748,2,2597,GO:0032269;GO:0051248,negative regulation of protein metabolic process,0.115254116,,,,,,,,,,,
0,0.005310888,4,508,GO:0030323;GO:0030324,respiratory tube development,0.116699779,,,,,,,,,,,
0,0.005356537,2,111,GO:0060043,regulation of cardiac muscle cell proliferation,0.117421941,,,,,,,,,,,
0,0.005414061,2,15,GO:0018401,peptidyl-proline hydroxylation to 4-hydroxy-L-proline,0.118400366,,,,,,,,,,,
0,0.005620261,2,51,GO:0021604,cranial nerve structural organization,0.122617802,,,,,,,,,,,
0,0.00576337,2,444,GO:0046620,regulation of organ growth,0.12544207,,,,,,,,,,,
0,0.005789189,2,800,GO:0042063,gliogenesis,0.125706144,,,,,,,,,,,
0,0.005889212,5,11,GO:0030091,protein repair,0.126181262,,,,,,,,,,,
0,0.005839926,3,131,GO:0048286,lung alveolus development,0.126181262,,,,,,,,,,,
0,0.005856357,2,1097,GO:0051301,cell division,0.126181262,,,,,,,,,,,
0,0.005907234,4,57,GO:0060253,negative regulation of glial cell proliferation,0.126181262,,,,,,,,,,,
0,0.005889212,3,11,GO:0070836,caveola assembly,0.126181262,,,,,,,,,,,
0,0.005889212,9,11,GO:1900109,regulation of histone H3-K9 dimethylation,0.126181262,,,,,,,,,,,
0,0.005907234,4,57,GO:1902230,negative regulation of intrinsic apoptotic signaling pathway in response to DNA damage,0.126181262,,,,,,,,,,,
0,0.006036913,2,666,GO:0010770,positive regulation of cell morphogenesis involved in differentiation,0.12805785,,,,,,,,,,,
0,0.006036913,2,666,GO:0010948,negative regulation of cell cycle process,0.12805785,,,,,,,,,,,
0,0.006023379,3,87,GO:0035994,response to muscle stretch,0.12805785,,,,,,,,,,,
0,0.006063921,2,518,GO:0035148,tube formation,0.128334358,,,,,,,,,,,
0,0.006156397,2,35,GO:0006270,DNA replication initiation,0.129991966,,,,,,,,,,,
0,0.00617186,3,75,GO:0042386,hemocyte differentiation,0.130019583,,,,,,,,,,,
0,0.006246433,3,2224,GO:0010720;GO:0051962,positive regulation of cell development,0.131289442,,,,,,,,,,,
0,0.006334765,6,20,GO:0001778,plasma membrane repair,0.13134271,,,,,,,,,,,
0,0.006334765,2,20,GO:0006730,one-carbon metabolic process,0.13134271,,,,,,,,,,,
0,0.006334765,3,20,GO:0032876,negative regulation of DNA endoreduplication,0.13134271,,,,,,,,,,,
0,0.006334765,2,20,GO:0033148,positive regulation of intracellular estrogen receptor signaling pathway,0.13134271,,,,,,,,,,,
0,0.006334765,2,20,GO:1901725,regulation of histone deacetylase activity,0.13134271,,,,,,,,,,,
0,0.006294732,2,178,GO:1901983,regulation of protein acetylation,0.13134271,,,,,,,,,,,
0,0.006495771,6,30,GO:0043968,histone H2A acetylation,0.133775019,,,,,,,,,,,
0,0.006495771,5,30,GO:1905564,positive regulation of vascular endothelial cell proliferation,0.133775019,,,,,,,,,,,
0,0.006495771,2,30,GO:2000009,negative regulation of protein localization to cell surface,0.133775019,,,,,,,,,,,
0,0.006611807,5,25,GO:0009113,purine nucleobase biosynthetic process,0.134060585,,,,,,,,,,,
0,0.006611807,3,25,GO:0045213,neurotransmitter receptor metabolic process,0.134060585,,,,,,,,,,,
0,0.006611807,5,25,GO:0046498,S-adenosylhomocysteine metabolic process,0.134060585,,,,,,,,,,,
0,0.006572533,2,192,GO:0046824,positive regulation of nucleocytoplasmic transport,0.134060585,,,,,,,,,,,
0,0.006611807,3,25,GO:0061299,retina vasculature morphogenesis in camera-type eye,0.134060585,,,,,,,,,,,
0,0.006611807,2,25,GO:0061549,sympathetic ganglion development,0.134060585,,,,,,,,,,,
0,0.006611807,2,25,GO:0061550;GO:0061551,cranial ganglion development,0.134060585,,,,,,,,,,,
0,0.006665142,2,94,GO:0035924,cellular response to vascular endothelial growth factor stimulus,0.134844343,,,,,,,,,,,
0,0.006715136,2,1387,GO:0070848;GO:0071363,response to growth factor,0.135557197,,,,,,,,,,,
0,0.006876122,2,332,GO:0008589,regulation of smoothened signaling pathway,0.138199511,,,,,,,,,,,
0,0.006876122,2,332,GO:0021782,glial cell development,0.138199511,,,,,,,,,,,
0,0.006952841,2,58,GO:0014912,negative regulation of smooth muscle cell migration,0.13897603,,,,,,,,,,,
0,0.00697127,3,41,GO:0021800,cerebral cortex tangential migration,0.13897603,,,,,,,,,,,
0,0.006990411,2,82,GO:0048846;GO:1902284,axon extension involved in axon guidance,0.13897603,,,,,,,,,,,
0,0.00697127,2,41,GO:0070208,protein heterotrimerization,0.13897603,,,,,,,,,,,
0,0.006990411,3,82,GO:0070983,dendrite guidance,0.13897603,,,,,,,,,,,
0,0.007089301,3,76,GO:0010847;GO:0031445;GO:0120261,regulation of chromatin assembly,0.140334546,,,,,,,,,,,
0,0.007089232,4,64,GO:0055022;GO:0061117,negative regulation of cardiac muscle tissue growth,0.140334546,,,,,,,,,,,
0,0.007127909,6,70,GO:0006482;GO:0008214;GO:0016577;GO:0070076,protein demethylation,0.140795358,,,,,,,,,,,
0,0.007241826,3,2596,GO:0003002;GO:0007389,pattern specification process,0.142738573,,,,,,,,,,,
0,0.007307002,2,544,GO:0007431;GO:0035272,exocrine system development,0.143714811,,,,,,,,,,,
0,0.007393806,2,478,GO:0051147,regulation of muscle cell differentiation,0.145111333,,,,,,,,,,,
0,0.007534585,3,127,GO:0016198;GO:0016199,axon choice point recognition,0.147199292,,,,,,,,,,,
0,0.007548271,3,47,GO:0030727;GO:0048135,female germ-line cyst formation,0.147199292,,,,,,,,,,,
0,0.007534585,2,127,GO:0090329,regulation of DNA-dependent DNA replication,0.147199292,,,,,,,,,,,
0,0.007584431,2,291,GO:0001756;GO:0061053,somite development,0.147591103,,,,,,,,,,,
0,0.007633151,2,36,GO:0035022,positive regulation of Rac protein signal transduction,0.147912429,,,,,,,,,,,
0,0.007633151,2,36,GO:0036098,male germ-line stem cell population maintenance,0.147912429,,,,,,,,,,,
0,0.007651086,4,256,GO:0006275,regulation of DNA replication,0.147947844,,,,,,,,,,,
0,0.00780123,2,16,GO:0031452;GO:0045798;GO:0120262,negative regulation of heterochromatin assembly,0.149904388,,,,,,,,,,,
0,0.00780123,6,16,GO:0060319,primitive erythrocyte differentiation,0.149904388,,,,,,,,,,,
0,0.00780123,5,16,GO:0060762,regulation of branching involved in mammary gland duct morphogenesis,0.149904388,,,,,,,,,,,
0,0.007924607,4,121,GO:0006625;GO:0043574;GO:0072663;GO:0072662;GO:0007031,peroxisome organization,0.151951727,,,,,,,,,,,
0,0.007957407,3,83,GO:0010831,positive regulation of myotube differentiation,0.151951727,,,,,,,,,,,
0,0.007948731,2,174,GO:0021545,cranial nerve development,0.151951727,,,,,,,,,,,
0,0.008113567,2,77,GO:0002686,negative regulation of leukocyte migration,0.153655904,,,,,,,,,,,
0,0.008107859,2,673,GO:0007015,actin filament organization,0.153655904,,,,,,,,,,,
0,0.008113567,2,77,GO:0036315,cellular response to sterol,0.153655904,,,,,,,,,,,
0,0.008069463,4,222,GO:0050771,negative regulation of axonogenesis,0.153655904,,,,,,,,,,,
0,0.008225938,2,65,GO:0007280,pole cell migration,0.15388032,,,,,,,,,,,
0,0.008225938,5,65,GO:0014044;GO:0022011;GO:0032292,Schwann cell development,0.15388032,,,,,,,,,,,
0,0.008225938,3,65,GO:0031065;GO:0090312,positive regulation of protein deacetylation,0.15388032,,,,,,,,,,,
0,0.008181922,2,407,GO:0035108;GO:0030326;GO:0035113,limb morphogenesis,0.15388032,,,,,,,,,,,
0,0.00820514,2,31,GO:0043983,histone H4-K12 acetylation,0.15388032,,,,,,,,,,,
0,0.008209291,2,71,GO:0061418,regulation of transcription from RNA polymerase II promoter in response to hypoxia,0.15388032,,,,,,,,,,,
0,0.008320428,3,115,GO:0031103,axon regeneration,0.154916898,,,,,,,,,,,
0,0.008320428,2,115,GO:0070988,demethylation,0.154916898,,,,,,,,,,,
0,0.008451095,5,42,GO:0006144,purine nucleobase metabolic process,0.156814762,,,,,,,,,,,
0,0.008572082,4,26,GO:0003144;GO:0003315;GO:0003319;GO:0007505;GO:0007561;GO:1901202,heart rudiment formation,0.15746915,,,,,,,,,,,
0,0.008572082,4,26,GO:0021636;GO:0021637;GO:1902285;GO:1902287,semaphorin-plexin signaling pathway involved in neuron projection guidance,0.15746915,,,,,,,,,,,
0,0.008541661,2,21,GO:0032060,bleb assembly,0.15746915,,,,,,,,,,,
0,0.008541661,2,21,GO:0043569,negative regulation of insulin-like growth factor receptor signaling pathway,0.15746915,,,,,,,,,,,
0,0.008572082,3,26,GO:0097376,interneuron axon guidance,0.15746915,,,,,,,,,,,
0,0.008631042,4,216,GO:0001938,positive regulation of endothelial cell proliferation,0.158235778,,,,,,,,,,,
0,0.008663854,2,286,GO:0006479;GO:0008213,protein methylation,0.15852092,,,,,,,,,,,
0,0.008778312,2,155,GO:0031102,neuron projection regeneration,0.160295821,,,,,,,,,,,
0,0.008940297,2,2574,GO:0022402,cell cycle process,0.16292981,,,,,,,,,,,
0,0.009116527,2,12,GO:0060718,chorionic trophoblast cell differentiation,0.165812481,,,,,,,,,,,
0,0.009393027,2,8,GO:0010724,regulation of definitive erythrocyte differentiation,0.166876114,,,,,,,,,,,
0,0.009393027,2,8,GO:0010825,positive regulation of centrosome duplication,0.166876114,,,,,,,,,,,
0,0.009393027,2,8,GO:0017055,negative regulation of RNA polymerase II transcription preinitiation complex assembly,0.166876114,,,,,,,,,,,
0,0.009393027,4,8,GO:0018076;GO:0043971,N-terminal peptidyl-lysine acetylation,0.166876114,,,,,,,,,,,
0,0.009393027,2,8,GO:0018197,peptidyl-aspartic acid modification,0.166876114,,,,,,,,,,,
0,0.009368467,3,37,GO:0031936,negative regulation of chromatin silencing,0.166876114,,,,,,,,,,,
0,0.009196994,2,129,GO:0045661,regulation of myoblast differentiation,0.166876114,,,,,,,,,,,
0,0.009392563,5,238,GO:0046579;GO:0051057,positive regulation of small GTPase mediated signal transduction,0.166876114,,,,,,,,,,,
0,0.009393027,4,8,GO:0051312,chromosome decondensation,0.166876114,,,,,,,,,,,
0,0.009393027,2,8,GO:1900111,positive regulation of histone H3-K9 dimethylation,0.166876114,,,,,,,,,,,
0,0.009368467,2,37,GO:1903204,negative regulation of oxidative stress-induced neuron death,0.166876114,,,,,,,,,,,
0,0.009417702,3,72,GO:0090279,regulation of calcium ion import,0.166991486,,,,,,,,,,,
0,0.009448276,2,1027,GO:0035282,segmentation,0.167210824,,,,,,,,,,,
0,0.009502821,6,66,GO:0031507,heterochromatin assembly,0.167530531,,,,,,,,,,,
0,0.009502821,3,66,GO:1902307;GO:2000651,positive regulation of sodium ion transmembrane transport,0.167530531,,,,,,,,,,,
0,0.009710738,2,123,GO:0007379,segment specification,0.17054136,,,,,,,,,,,
0,0.009705141,2,110,GO:0030947,regulation of vascular endothelial growth factor receptor signaling pathway,0.17054136,,,,,,,,,,,
0,0.009762079,2,374,GO:0007435,salivary gland morphogenesis,0.171115836,,,,,,,,,,,
0,0.009830619,2,506,GO:0008038,neuron recognition,0.171989024,,,,,,,,,,,
0,0.010024788,2,260,GO:0032092,positive regulation of protein binding,0.175052622,,,,,,,,,,,
0,0.010162869,3,43,GO:1902254,negative regulation of intrinsic apoptotic signaling pathway by p53 class mediator,0.176791583,,,,,,,,,,,
0,0.010162869,7,43,GO:1905562,regulation of vascular endothelial cell proliferation,0.176791583,,,,,,,,,,,
0,0.010213695,5,85,GO:0010165,response to X-ray,0.177005263,,,,,,,,,,,
0,0.010213695,2,85,GO:0048134,germ-line cyst formation,0.177005263,,,,,,,,,,,
0,0.010235598,2,32,GO:2000291,regulation of myoblast proliferation,0.177050793,,,,,,,,,,,
0,0.010636576,2,98,GO:0001672,regulation of chromatin assembly or disassembly,0.183069665,,,,,,,,,,,
0,0.010625467,2,325,GO:0010634,positive regulation of epithelial cell migration,0.183069665,,,,,,,,,,,
0,0.010643353,2,205,GO:1900182,positive regulation of protein localization to nucleus,0.183069665,,,,,,,,,,,
0,0.010763052,6,73,GO:0031050;GO:0035196;GO:0070918,dsRNA processing,0.184729477,,,,,,,,,,,
0,0.010780076,2,111,GO:0071359,cellular response to dsRNA,0.184729477,,,,,,,,,,,
0,0.010861168,3,17,GO:0060316,positive regulation of ryanodine-sensitive calcium-release channel activity,0.185083177,,,,,,,,,,,
0,0.010861168,3,17,GO:0071340,skeletal muscle acetylcholine-gated channel clustering,0.185083177,,,,,,,,,,,
0,0.010861168,2,17,GO:2000618,regulation of histone H4-K16 acetylation,0.185083177,,,,,,,,,,,
0,0.010936117,2,27,GO:0019227;GO:0098870,neuronal action potential propagation,0.185671412,,,,,,,,,,,
0,0.010936117,3,27,GO:2001171,positive regulation of ATP biosynthetic process,0.185671412,,,,,,,,,,,
0,0.011264484,4,22,GO:0032836,glomerular basement membrane development,0.189842718,,,,,,,,,,,
0,0.011264484,5,22,GO:0036090,cleavage furrow ingression,0.189842718,,,,,,,,,,,
0,0.011264484,4,22,GO:0071922;GO:1905634,regulation of protein localization to chromatin,0.189842718,,,,,,,,,,,
0,0.011264484,3,22,GO:0090727,positive regulation of brood size,0.189842718,,,,,,,,,,,
0,0.011324841,3,118,GO:0010596,negative regulation of endothelial cell migration,0.190510377,,,,,,,,,,,
0,0.011518644,8,86,GO:0008156,negative regulation of DNA replication,0.193416354,,,,,,,,,,,
0,0.011878674,4,99,GO:0043486,histone exchange,0.198916553,,,,,,,,,,,
0,0.011889514,3,804,GO:0051052,regulation of DNA metabolic process,0.198916553,,,,,,,,,,,
0,0.012140166,2,349,GO:0051897,positive regulation of protein kinase B signaling,0.202740766,,,,,,,,,,,
0,0.012269509,2,608,GO:0001525,angiogenesis,0.203421371,,,,,,,,,,,
0,0.01223936,3,132,GO:0033563,dorsal/ventral axon guidance,0.203421371,,,,,,,,,,,
0,0.012255471,2,74,GO:0045724,positive regulation of cilium assembly,0.203421371,,,,,,,,,,,
0,0.012255471,2,74,GO:0048532,anatomical structure arrangement,0.203421371,,,,,,,,,,,
0,0.012298651,4,249,GO:0031100,animal organ regeneration,0.203537142,,,,,,,,,,,
0,0.01242331,2,93,GO:0045168;GO:0046331,cell-cell signaling involved in cell fate commitment,0.205230402,,,,,,,,,,,
0,0.01256339,2,1779,GO:0006886,intracellular protein transport,0.206430661,,,,,,,,,,,
0,0.012543344,2,50,GO:0032954,regulation of cytokinetic process,0.206430661,,,,,,,,,,,
0,0.012555878,4,386,GO:0090316,positive regulation of intracellular protein transport,0.206430661,,,,,,,,,,,
0,0.012621513,4,33,GO:1902108,regulation of mitochondrial membrane permeability involved in apoptotic process,0.207015358,,,,,,,,,,,
0,0.012662398,6,1308,GO:0010769,regulation of cell morphogenesis involved in differentiation,0.207315731,,,,,,,,,,,
0,0.012709018,2,56,GO:0035024,negative regulation of Rho protein signal transduction,0.207708769,,,,,,,,,,,
0,0.012759071,2,624,GO:0060538,skeletal muscle organ development,0.208156426,,,,,,,,,,,
0,0.01278538,2,173,GO:0060147;GO:0060964;GO:0060966,regulation of gene silencing by RNA,0.208215807,,,,,,,,,,,
0,0.013139414,4,1411,GO:0001558,regulation of cell growth,0.212662501,,,,,,,,,,,
0,0.013175757,2,336,GO:0006941,striated muscle contraction,0.212662501,,,,,,,,,,,
0,0.013138673,2,194,GO:0007365;GO:0007367,periodic partitioning,0.212662501,,,,,,,,,,,
0,0.013382572,6,13,GO:0014722;GO:0014809;GO:0021629,regulation of skeletal muscle contraction by calcium ion signaling,0.212662501,,,,,,,,,,,
0,0.013382572,2,13,GO:0021898,commitment of multipotent stem cells to neuronal lineage in forebrain,0.212662501,,,,,,,,,,,
0,0.013233483,4,100,GO:0031062,positive regulation of histone methylation,0.212662501,,,,,,,,,,,
0,0.013382572,2,13,GO:0033600,negative regulation of mammary gland epithelial cell proliferation,0.212662501,,,,,,,,,,,
0,0.013382572,2,13,GO:0035279;GO:0098795,mRNA cleavage involved in gene silencing by miRNA,0.212662501,,,,,,,,,,,
0,0.013382572,7,13,GO:0036124,histone H3-K9 trimethylation,0.212662501,,,,,,,,,,,
0,0.013382572,2,13,GO:0045063,T-helper 1 cell differentiation,0.212662501,,,,,,,,,,,
0,0.013321815,3,1123,GO:0050808,synapse organization,0.212662501,,,,,,,,,,,
0,0.013382572,2,13,GO:0060948,cardiac vascular smooth muscle cell development,0.212662501,,,,,,,,,,,
0,0.013382572,2,13,GO:0061304,retinal blood vessel morphogenesis,0.212662501,,,,,,,,,,,
0,0.013382572,2,13,GO:1902685,positive regulation of receptor localization to synapse,0.212662501,,,,,,,,,,,
0,0.013942615,6,5,GO:0002309,T cell proliferation involved in immune response,0.212729104,,,,,,,,,,,
0,0.013730696,2,344,GO:0010821,regulation of mitochondrion organization,0.212729104,,,,,,,,,,,
0,0.013668041,2,167,GO:0030261,chromosome condensation,0.212729104,,,,,,,,,,,
0,0.013617578,3,558,GO:0030516;GO:0061387,regulation of extent of cell growth,0.212729104,,,,,,,,,,,
0,0.013942615,2,5,GO:0031860,telomeric 3' overhang formation,0.212729104,,,,,,,,,,,
0,0.013942615,3,5,GO:0032187;GO:0036214,contractile ring localization,0.212729104,,,,,,,,,,,
0,0.013942615,5,5,GO:0032290,peripheral nervous system myelin formation,0.212729104,,,,,,,,,,,
0,0.013723207,5,39,GO:0032495,response to muramyl dipeptide,0.212729104,,,,,,,,,,,
0,0.013911074,2,410,GO:0032874;GO:0070304;GO:0046330,positive regulation of stress-activated protein kinase signaling cascade,0.212729104,,,,,,,,,,,
0,0.013723207,2,39,GO:0035073;GO:0035210,prepupal development,0.212729104,,,,,,,,,,,
0,0.013942615,8,5,GO:0038129,ERBB3 signaling pathway,0.212729104,,,,,,,,,,,
0,0.013942615,4,5,GO:0045338,farnesyl diphosphate metabolic process,0.212729104,,,,,,,,,,,
0,0.013942615,3,5,GO:0050666,regulation of homocysteine metabolic process,0.212729104,,,,,,,,,,,
0,0.013723207,2,39,GO:0060211;GO:0060213,regulation of nuclear-transcribed mRNA poly(A) tail shortening,0.212729104,,,,,,,,,,,
0,0.013942615,2,5,GO:0060299,negative regulation of sarcomere organization,0.212729104,,,,,,,,,,,
0,0.013942615,4,5,GO:0072248;GO:0072312,metanephric glomerular visceral epithelial cell differentiation,0.212729104,,,,,,,,,,,
0,0.013942615,2,5,GO:0090249,regulation of cell migration involved in somitogenic axis elongation,0.212729104,,,,,,,,,,,
0,0.013723207,2,39,GO:0090344,negative regulation of cell aging,0.212729104,,,,,,,,,,,
0,0.013942615,2,5,GO:1901873,regulation of post-translational protein modification,0.212729104,,,,,,,,,,,
0,0.013748681,6,28,GO:1902683,regulation of receptor localization to synapse,0.212729104,,,,,,,,,,,
0,0.013942615,2,5,GO:1904204,regulation of skeletal muscle hypertrophy,0.212729104,,,,,,,,,,,
0,0.013942615,9,5,GO:1905435;GO:1905437,regulation of histone H3-K4 trimethylation,0.212729104,,,,,,,,,,,
0,0.013942615,2,5,GO:1905891;GO:1905894,regulation of cellular response to thapsigargin,0.212729104,,,,,,,,,,,
0,0.014010494,3,702,GO:0060560,developmental growth involved in morphogenesis,0.213410256,,,,,,,,,,,
0,0.014069834,6,188,GO:0007413;GO:0106030,axonal fasciculation,0.213959309,,,,,,,,,,,
0,0.014145164,3,195,GO:0046622,positive regulation of organ growth,0.214749308,,,,,,,,,,,
0,0.014214965,6,223,GO:0014910,regulation of smooth muscle cell migration,0.215097953,,,,,,,,,,,
0,0.014195248,2,202,GO:0048747,muscle fiber development,0.215097953,,,,,,,,,,,
0,0.014370688,8,45,GO:0002042,cell migration involved in sprouting angiogenesis,0.215677721,,,,,,,,,,,
0,0.014289043,3,69,GO:0031579,membrane raft organization,0.215677721,,,,,,,,,,,
0,0.014370688,2,45,GO:0042743,hydrogen peroxide metabolic process,0.215677721,,,,,,,,,,,
0,0.014370688,5,45,GO:0045191,regulation of isotype switching,0.215677721,,,,,,,,,,,
0,0.014370688,7,45,GO:0050930,induction of positive chemotaxis,0.215677721,,,,,,,,,,,
0,0.014563843,10,23,GO:0002903,negative regulation of B cell apoptotic process,0.216474394,,,,,,,,,,,
0,0.014522555,2,88,GO:0007062,sister chromatid cohesion,0.216474394,,,,,,,,,,,
0,0.014588748,2,114,GO:0031057,negative regulation of histone modification,0.216474394,,,,,,,,,,,
0,0.014573292,2,63,GO:0060045,positive regulation of cardiac muscle cell proliferation,0.216474394,,,,,,,,,,,
0,0.014563843,2,23,GO:0061086,negative regulation of histone H3-K27 methylation,0.216474394,,,,,,,,,,,
0,0.014563843,2,23,GO:0061307;GO:0061308,cardiac neural crest cell differentiation involved in heart development,0.216474394,,,,,,,,,,,
0,0.014563843,2,23,GO:0090270,regulation of fibroblast growth factor production,0.216474394,,,,,,,,,,,
0,0.014673523,5,51,GO:0007064,mitotic sister chromatid cohesion,0.217017866,,,,,,,,,,,
0,0.014696256,4,500,GO:0030278,regulation of ossification,0.217017866,,,,,,,,,,,
0,0.014681319,3,18,GO:0033292,T-tubule organization,0.217017866,,,,,,,,,,,
0,0.014810463,4,463,GO:0061640;GO:0000910,cytokinesis,0.218003374,,,,,,,,,,,
0,0.014799255,2,168,GO:0070373,negative regulation of ERK1 and ERK2 cascade,0.218003374,,,,,,,,,,,
0,0.0149239,2,252,GO:0060070,canonical Wnt signaling pathway,0.219321637,,,,,,,,,,,
0,0.015329882,2,9,GO:0002265,astrocyte activation involved in immune response,0.221317717,,,,,,,,,,,
0,0.015144824,2,121,GO:0006026;GO:0006027,aminoglycan catabolic process,0.221317717,,,,,,,,,,,
0,0.015397063,2,34,GO:0006349,regulation of gene expression by genetic imprinting,0.221317717,,,,,,,,,,,
0,0.01514196,5,82,GO:0016126;GO:1902653,sterol biosynthetic process,0.221317717,,,,,,,,,,,
0,0.015329882,4,9,GO:0021847,ventricular zone neuroblast division,0.221317717,,,,,,,,,,,
0,0.015397063,2,34,GO:0035168,larval lymph gland hemocyte differentiation,0.221317717,,,,,,,,,,,
0,0.015329882,3,9,GO:0035544,negative regulation of SNARE complex assembly,0.221317717,,,,,,,,,,,
0,0.015329882,3,9,GO:0038189;GO:0038190;GO:1902336,neuropilin signaling pathway,0.221317717,,,,,,,,,,,
0,0.015329882,2,9,GO:0071259,cellular response to magnetism,0.221317717,,,,,,,,,,,
0,0.015329882,8,9,GO:0072244,metanephric glomerular epithelium development,0.221317717,,,,,,,,,,,
0,0.015329882,3,9,GO:0090258,negative regulation of mitochondrial fission,0.221317717,,,,,,,,,,,
0,0.015329882,2,9,GO:0090315,negative regulation of protein targeting to membrane,0.221317717,,,,,,,,,,,
0,0.015397063,6,34,GO:1903054,negative regulation of extracellular matrix organization,0.221317717,,,,,,,,,,,
0,0.015329882,2,9,GO:2001286,regulation of caveolin-mediated endocytosis,0.221317717,,,,,,,,,,,
0,0.015634818,3,267,GO:0002576,platelet degranulation,0.224034011,,,,,,,,,,,
0,0.01562952,2,361,GO:0009411,response to UV,0.224034011,,,,,,,,,,,
0,0.015722854,6,76,GO:0051290,protein heterotetramerization,0.224944574,,,,,,,,,,,
0,0.016042733,2,135,GO:0008078,mesodermal cell migration,0.229164075,,,,,,,,,,,
0,0.01623805,3,89,GO:2001244,positive regulation of intrinsic apoptotic signaling pathway,0.231593929,,,,,,,,,,,
0,0.016345123,2,197,GO:0010611;GO:0014743,regulation of muscle hypertrophy,0.232759614,,,,,,,,,,,
0,0.016397035,4,40,GO:1902004;GO:1902993,positive regulation of amyloid precursor protein catabolic process,0.233137406,,,,,,,,,,,
0,0.016711269,4,488,GO:0060173,limb development,0.237238029,,,,,,,,,,,
0,0.016992526,3,83,GO:0010614;GO:0014741,negative regulation of muscle hypertrophy,0.240801929,,,,,,,,,,,
0,0.017053548,2,29,GO:0034142,toll-like receptor 4 signaling pathway,0.240801929,,,,,,,,,,,
0,0.017067181,3,52,GO:0048611;GO:0048613,embryonic ectodermal digestive tract development,0.240801929,,,,,,,,,,,
0,0.017053548,3,29,GO:0071362,cellular response to ether,0.240801929,,,,,,,,,,,
0,0.017133103,2,163,GO:0031670,cellular response to nutrient,0.24136127,,,,,,,,,,,
0,0.017401275,2,177,GO:0035019,somatic stem cell population maintenance,0.244763729,,,,,,,,,,,
0,0.017670546,2,116,GO:0042273,ribosomal large subunit biogenesis,0.2481712,,,,,,,,,,,
0,0.017718733,2,77,GO:0002200;GO:0002562;GO:0016444,somatic diversification of immune receptors,0.248468033,,,,,,,,,,,
0,0.017885023,2,512,GO:0031032,actomyosin structure organization,0.250417584,,,,,,,,,,,
0,0.018112445,5,460,GO:0006470,protein dephosphorylation,0.252447354,,,,,,,,,,,
0,0.01807028,2,320,GO:0010771,negative regulation of cell morphogenesis involved in differentiation,0.252447354,,,,,,,,,,,
0,0.018107052,2,90,GO:1903747,regulation of establishment of protein localization to mitochondrion,0.252447354,,,,,,,,,,,
0,0.018235397,2,490,GO:0030178;GO:0090090,negative regulation of Wnt signaling pathway,0.253775947,,,,,,,,,,,
0,0.018341938,2,157,GO:0007419,ventral cord development,0.254487461,,,,,,,,,,,
0,0.018341938,3,157,GO:0060688,regulation of morphogenesis of a branching structure,0.254487461,,,,,,,,,,,
0,0.018393719,4,71,GO:0043537,negative regulation of blood vessel endothelial cell migration,0.254820982,,,,,,,,,,,
0,0.018517967,3,164,GO:0032506,cytokinetic process,0.255691628,,,,,,,,,,,
0,0.018497657,3,24,GO:0033601,positive regulation of mammary gland epithelial cell proliferation,0.255691628,,,,,,,,,,,
0,0.018595755,2,35,GO:0042219,cellular modified amino acid catabolic process,0.255691628,,,,,,,,,,,
0,0.018595755,2,35,GO:0046500,S-adenosylmethionine metabolic process,0.255691628,,,,,,,,,,,
0,0.018595755,3,35,GO:2001267,regulation of cysteine-type endopeptidase activity involved in apoptotic signaling pathway,0.255691628,,,,,,,,,,,
0,0.018636094,3,1119,GO:0002164,larval development,0.255863268,,,,,,,,,,,
0,0.018715766,2,270,GO:0043112,receptor metabolic process,0.256573599,,,,,,,,,,,
0,0.018812786,3,14,GO:0032640,tumor necrosis factor production,0.257136069,,,,,,,,,,,
0,0.018812786,2,14,GO:0035170,lymph gland crystal cell differentiation,0.257136069,,,,,,,,,,,
0,0.018941899,2,856,GO:0045862,positive regulation of proteolysis,0.258516114,,,,,,,,,,,
0,0.019013057,2,84,GO:0007526,larval somatic muscle development,0.25910227,,,,,,,,,,,
0,0.019114559,6,256,GO:0045747,positive regulation of Notch signaling pathway,0.260099591,,,,,,,,,,,
0,0.019342626,3,19,GO:0001913,T cell mediated cytotoxicity,0.260868842,,,,,,,,,,,
0,0.019455107,2,59,GO:0006695,cholesterol biosynthetic process,0.260868842,,,,,,,,,,,
0,0.019437604,2,41,GO:0014874,response to stimulus involved in regulation of muscle adaptation,0.260868842,,,,,,,,,,,
0,0.019379134,3,144,GO:0030858,positive regulation of epithelial cell differentiation,0.260868842,,,,,,,,,,,
0,0.019342626,2,19,GO:0033034,positive regulation of myeloid cell apoptotic process,0.260868842,,,,,,,,,,,
0,0.019455107,4,59,GO:0040035,hermaphrodite genitalia development,0.260868842,,,,,,,,,,,
0,0.019266654,2,574,GO:0043393,regulation of protein binding,0.260868842,,,,,,,,,,,
0,0.019455107,3,59,GO:0048668,collateral sprouting,0.260868842,,,,,,,,,,,
0,0.019342626,3,19,GO:1902965;GO:1902966;GO:1905668,regulation of protein localization to early endosome,0.260868842,,,,,,,,,,,
0,0.019342626,5,19,GO:1903589,positive regulation of blood vessel endothelial cell proliferation involved in sprouting angiogenesis,0.260868842,,,,,,,,,,,
0,0.019524592,2,1035,GO:0006979,response to oxidative stress,0.26141892,,,,,,,,,,,
0,0.019629233,7,235,GO:0043507;GO:0043506,regulation of JUN kinase activity,0.262437411,,,,,,,,,,,
0,0.019772063,3,47,GO:0090140,regulation of mitochondrial fission,0.26319768,,,,,,,,,,,
0,0.019772063,2,47,GO:1900015,regulation of cytokine production involved in inflammatory response,0.26319768,,,,,,,,,,,
0,0.019838328,3,158,GO:0008354,germ cell migration,0.263697597,,,,,,,,,,,
0,0.019935223,2,1680,GO:0007346,regulation of mitotic cell cycle,0.26460264,,,,,,,,,,,
0,0.020085932,2,827,GO:1903829,positive regulation of cellular protein localization,0.266218299,,,,,,,,,,,
0,0.020115671,2,322,GO:0051262,protein tetramerization,0.266228293,,,,,,,,,,,
0,0.020252565,2,1760,GO:0034330,cell junction organization,0.267654408,,,,,,,,,,,
0,0.020755829,5,72,GO:0031581,hemidesmosome assembly,0.273126491,,,,,,,,,,,
0,0.020755829,2,72,GO:0035066;GO:2000758,positive regulation of peptidyl-lysine acetylation,0.273126491,,,,,,,,,,,
0,0.020755829,2,72,GO:1904707,positive regulation of vascular associated smooth muscle cell proliferation,0.273126491,,,,,,,,,,,
0,0.020892739,3,30,GO:0045875,negative regulation of sister chromatid cohesion,0.273361549,,,,,,,,,,,
0,0.020892739,5,30,GO:0048012,hepatocyte growth factor receptor signaling pathway,0.273361549,,,,,,,,,,,
0,0.020834999,4,1674,GO:0048732,gland development,0.273361549,,,,,,,,,,,
0,0.020892739,3,30,GO:0051450,myoblast proliferation,0.273361549,,,,,,,,,,,
0,0.021033824,2,1225,GO:0045786,negative regulation of cell cycle,0.274816039,,,,,,,,,,,
0,0.021212898,2,85,GO:0016246,RNA interference,0.276762024,,,,,,,,,,,
0,0.021551873,3,449,GO:0071559;GO:0071560,response to transforming growth factor beta,0.280785746,,,,,,,,,,,
0,0.021630336,2,194,GO:0003382,epithelial cell morphogenesis,0.281408839,,,,,,,,,,,
0,0.022215859,4,405,GO:0007519,skeletal muscle tissue development,0.286628116,,,,,,,,,,,
0,0.022249956,4,36,GO:0014819,regulation of skeletal muscle contraction,0.286628116,,,,,,,,,,,
0,0.022249956,6,36,GO:0022028,tangential migration from the subventricular zone to the olfactory bulb,0.286628116,,,,,,,,,,,
0,0.022249956,2,36,GO:0031937,positive regulation of chromatin silencing,0.286628116,,,,,,,,,,,
0,0.022249956,3,36,GO:0034755,iron ion transmembrane transport,0.286628116,,,,,,,,,,,
0,0.022249956,2,36,GO:0046011,regulation of oskar mRNA translation,0.286628116,,,,,,,,,,,
0,0.022213248,2,60,GO:1904752,regulation of vascular associated smooth muscle cell migration,0.286628116,,,,,,,,,,,
0,0.022352302,3,420,GO:0000075;GO:0007093,cell cycle checkpoint,0.287543265,,,,,,,,,,,
0,0.022914805,2,428,GO:0001704,formation of primary germ layer,0.287640438,,,,,,,,,,,
0,0.022974814,2,48,GO:0003381;GO:0003384,epithelial cell morphogenesis involved in gastrulation,0.287640438,,,,,,,,,,,
0,0.023177339,2,10,GO:0006620,posttranslational protein targeting to endoplasmic reticulum membrane,0.287640438,,,,,,,,,,,
0,0.022999248,5,503,GO:0007051,spindle organization,0.287640438,,,,,,,,,,,
0,0.022642228,2,361,GO:0007447,imaginal disc pattern formation,0.287640438,,,,,,,,,,,
0,0.023299345,2,99,GO:0007549,dosage compensation,0.287640438,,,,,,,,,,,
0,0.022974814,3,48,GO:0009414,response to water deprivation,0.287640438,,,,,,,,,,,
0,0.022870888,3,42,GO:0021561;GO:0021610;GO:0021612,facial nerve development,0.287640438,,,,,,,,,,,
0,0.023177339,3,10,GO:0021814;GO:0021815,cell motility involved in cerebral cortex radial glia guided migration,0.287640438,,,,,,,,,,,
0,0.023119932,2,25,GO:0021979,hypothalamus cell differentiation,0.287640438,,,,,,,,,,,
0,0.022642228,3,361,GO:0021987,cerebral cortex development,0.287640438,,,,,,,,,,,
0,0.023209603,6,167,GO:0031113,regulation of microtubule polymerization,0.287640438,,,,,,,,,,,
0,0.022870888,3,42,GO:0032875,regulation of DNA endoreduplication,0.287640438,,,,,,,,,,,
0,0.023177339,2,10,GO:0035822,gene conversion,0.287640438,,,,,,,,,,,
0,0.022838669,5,259,GO:0042306;GO:1904589,regulation of protein import,0.287640438,,,,,,,,,,,
0,0.022870888,3,42,GO:0043129;GO:0048875,chemical homeostasis within a tissue,0.287640438,,,,,,,,,,,
0,0.023222119,2,119,GO:0048662,negative regulation of smooth muscle cell proliferation,0.287640438,,,,,,,,,,,
0,0.022870888,4,42,GO:0048799,animal organ maturation,0.287640438,,,,,,,,,,,
0,0.022718333,2,54,GO:0048843;GO:1902668,negative regulation of axon guidance,0.287640438,,,,,,,,,,,
0,0.023299345,5,99,GO:0060251,regulation of glial cell proliferation,0.287640438,,,,,,,,,,,
0,0.023299345,2,99,GO:0072499,photoreceptor cell axon guidance,0.287640438,,,,,,,,,,,
0,0.023177339,3,10,GO:0090272,negative regulation of fibroblast growth factor production,0.287640438,,,,,,,,,,,
0,0.023177339,2,10,GO:0090403,oxidative stress-induced premature senescence,0.287640438,,,,,,,,,,,
0,0.023299345,3,99,GO:1902893,regulation of pri-miRNA transcription by RNA polymerase II,0.287640438,,,,,,,,,,,
0,0.023177339,4,10,GO:1903406,regulation of sodium:potassium-exchanging ATPase activity,0.287640438,,,,,,,,,,,
0,0.023177339,5,10,GO:1903684;GO:1903688,positive regulation of border follicle cell migration,0.287640438,,,,,,,,,,,
0,0.023119932,2,25,GO:1904667,negative regulation of ubiquitin protein ligase activity,0.287640438,,,,,,,,,,,
0,0.022718333,4,54,GO:1904837,beta-catenin-TCF complex assembly,0.287640438,,,,,,,,,,,
0,0.022870888,2,42,GO:2000104,negative regulation of DNA-dependent DNA replication,0.287640438,,,,,,,,,,,
0,0.022636437,6,112,GO:2000826,regulation of heart morphogenesis,0.287640438,,,,,,,,,,,
0,0.023374375,2,245,GO:0050673,epithelial cell proliferation,0.288179375,,,,,,,,,,,
0,0.023625085,5,238,GO:0046580;GO:0051058,negative regulation of small GTPase mediated signal transduction,0.290879897,,,,,,,,,,,
0,0.023828359,4,1167,GO:0002065;GO:0002066;GO:0030707,columnar/cuboidal epithelial cell differentiation,0.292989927,,,,,,,,,,,
0,0.023937636,6,610,GO:0120032;GO:0060491,regulation of cell projection assembly,0.293940093,,,,,,,,,,,
0,0.025512148,3,15,GO:0000423,mitophagy,0.29475356,,,,,,,,,,,
0,0.025433314,3,6,GO:0001507;GO:0006581,acetylcholine catabolic process in synaptic cleft,0.29475356,,,,,,,,,,,
0,0.025512148,3,15,GO:0002634,regulation of germinal center formation,0.29475356,,,,,,,,,,,
0,0.025433314,6,6,GO:0002840,regulation of T cell mediated immune response to tumor cell,0.29475356,,,,,,,,,,,
0,0.025433314,2,6,GO:0003169,coronary vein morphogenesis,0.29475356,,,,,,,,,,,
0,0.024917423,6,20,GO:0003347,epicardial cell to mesenchymal cell transition,0.29475356,,,,,,,,,,,
0,0.025433314,6,6,GO:0006001;GO:0061624,fructose catabolic process to hydroxyacetone phosphate and glyceraldehyde-3-phosphate,0.29475356,,,,,,,,,,,
0,0.024917423,5,20,GO:0006266;GO:0051103,DNA ligation,0.29475356,,,,,,,,,,,
0,0.02434204,2,67,GO:0006356,regulation of transcription by RNA polymerase I,0.29475356,,,,,,,,,,,
0,0.02434204,2,67,GO:0006779;GO:0033014;GO:0006783,tetrapyrrole biosynthetic process,0.29475356,,,,,,,,,,,
0,0.025184263,5,619,GO:0007162,negative regulation of cell adhesion,0.29475356,,,,,,,,,,,
0,0.025433314,3,6,GO:0007181,transforming growth factor beta receptor complex assembly,0.29475356,,,,,,,,,,,
0,0.024917423,3,20,GO:0007312,oocyte nucleus migration involved in oocyte dorsal/ventral axis specification,0.29475356,,,,,,,,,,,
0,0.025433314,2,6,GO:0007375,anterior midgut invagination,0.29475356,,,,,,,,,,,
0,0.025433314,4,6,GO:0007393;GO:0035028;GO:0035027;GO:0035029,leading edge cell fate determination,0.29475356,,,,,,,,,,,
0,0.025415618,3,513,GO:0010970;GO:0030705;GO:0099111,cytoskeleton-dependent intracellular transport,0.29475356,,,,,,,,,,,
0,0.025433314,5,6,GO:0014717,regulation of satellite cell activation involved in skeletal muscle regeneration,0.29475356,,,,,,,,,,,
0,0.025433314,7,6,GO:0014908,myotube differentiation involved in skeletal muscle regeneration,0.29475356,,,,,,,,,,,
0,0.025433314,4,6,GO:0021812,neuronal-glial interaction involved in cerebral cortex radial glia guided migration,0.29475356,,,,,,,,,,,
0,0.025433314,2,6,GO:0031064,negative regulation of histone deacetylation,0.29475356,,,,,,,,,,,
0,0.024917423,2,20,GO:0032909,regulation of transforming growth factor beta2 production,0.29475356,,,,,,,,,,,
0,0.025512148,3,15,GO:0034086;GO:0034088,maintenance of sister chromatid cohesion,0.29475356,,,,,,,,,,,
0,0.024917423,2,20,GO:0035358;GO:0035360,regulation of peroxisome proliferator activated receptor signaling pathway,0.29475356,,,,,,,,,,,
0,0.024917423,5,20,GO:0035721,intraciliary retrograde transport,0.29475356,,,,,,,,,,,
0,0.025433314,2,6,GO:0042062,long-term strengthening of neuromuscular junction,0.29475356,,,,,,,,,,,
0,0.025512148,2,15,GO:0042473,outer ear morphogenesis,0.29475356,,,,,,,,,,,
0,0.025305817,3,31,GO:0043984,histone H4-K16 acetylation,0.29475356,,,,,,,,,,,
0,0.024917423,4,20,GO:0045162,clustering of voltage-gated sodium channels,0.29475356,,,,,,,,,,,
0,0.025433314,4,6,GO:0045764,positive regulation of cellular amino acid metabolic process,0.29475356,,,,,,,,,,,
0,0.024917423,4,20,GO:0046543,development of secondary female sexual characteristics,0.29475356,,,,,,,,,,,
0,0.025512148,2,15,GO:0048133,male germ-line stem cell asymmetric division,0.29475356,,,,,,,,,,,
0,0.025433314,2,6,GO:0051316,attachment of spindle microtubules to kinetochore involved in meiotic chromosome segregation,0.29475356,,,,,,,,,,,
0,0.025433314,2,6,GO:0051595,response to methylglyoxal,0.29475356,,,,,,,,,,,
0,0.025305817,4,31,GO:0060742,epithelial cell differentiation involved in prostate gland development,0.29475356,,,,,,,,,,,
0,0.025433314,7,6,GO:0070494;GO:0070495,negative regulation of thrombin-activated receptor signaling pathway,0.29475356,,,,,,,,,,,
0,0.025512148,3,15,GO:0071000,response to magnetism,0.29475356,,,,,,,,,,,
0,0.025251759,3,61,GO:0071480,cellular response to gamma radiation,0.29475356,,,,,,,,,,,
0,0.0248808,5,80,GO:0085029,extracellular matrix assembly,0.29475356,,,,,,,,,,,
0,0.024917423,2,20,GO:0090045,positive regulation of deacetylase activity,0.29475356,,,,,,,,,,,
0,0.024949769,3,363,GO:0097193,intrinsic apoptotic signaling pathway,0.29475356,,,,,,,,,,,
0,0.025433314,2,6,GO:0097298,regulation of nucleus size,0.29475356,,,,,,,,,,,
0,0.025251759,2,61,GO:0097320,plasma membrane tubulation,0.29475356,,,,,,,,,,,
0,0.025512148,3,15,GO:1900748,positive regulation of vascular endothelial growth factor signaling pathway,0.29475356,,,,,,,,,,,
0,0.025305817,2,31,GO:1901203,positive regulation of extracellular matrix assembly,0.29475356,,,,,,,,,,,
0,0.025433314,5,6,GO:1902464,regulation of histone H3-K27 trimethylation,0.29475356,,,,,,,,,,,
0,0.025305817,6,31,GO:1904355,positive regulation of telomere capping,0.29475356,,,,,,,,,,,
0,0.025512148,4,15,GO:2000617,positive regulation of histone H3-K9 acetylation,0.29475356,,,,,,,,,,,
0,0.02558703,2,551,GO:1903034,regulation of response to wounding,0.29524732,,,,,,,,,,,
0,0.026011604,2,55,GO:0061548,ganglion development,0.299394218,,,,,,,,,,,
0,0.026011604,4,55,GO:0097374,sensory neuron axon guidance,0.299394218,,,,,,,,,,,
0,0.026221166,2,944,GO:1903706,regulation of hemopoiesis,0.301428543,,,,,,,,,,,
0,0.026390435,4,37,GO:0032703,negative regulation of interleukin-2 production,0.301863191,,,,,,,,,,,
0,0.026317295,2,529,GO:0048738,cardiac muscle tissue development,0.301863191,,,,,,,,,,,
0,0.026390435,2,37,GO:0061085,regulation of histone H3-K27 methylation,0.301863191,,,,,,,,,,,
0,0.026390435,2,37,GO:0070831,basement membrane assembly,0.301863191,,,,,,,,,,,
0,0.026540185,4,49,GO:0000027,ribosomal large subunit assembly,0.302071372,,,,,,,,,,,
0,0.026540185,5,49,GO:0032780,negative regulation of ATPase activity,0.302071372,,,,,,,,,,,
0,0.026540185,2,49,GO:0060143;GO:1901741,positive regulation of syncytium formation by plasma membrane fusion,0.302071372,,,,,,,,,,,
0,0.026444859,2,107,GO:1900242;GO:1903421,regulation of synaptic vesicle recycling,0.302071372,,,,,,,,,,,
0,0.026715794,2,424,GO:0010950;GO:0010952,positive regulation of peptidase activity,0.303012048,,,,,,,,,,,
0,0.026721803,5,43,GO:0014857;GO:0014842,regulation of skeletal muscle cell proliferation,0.303012048,,,,,,,,,,,
0,0.026721803,2,43,GO:0061900,glial cell activation,0.303012048,,,,,,,,,,,
0,0.02680601,2,162,GO:0007614,short-term memory,0.303218231,,,,,,,,,,,
0,0.02680601,3,162,GO:0032943;GO:0070661;GO:0046651,leukocyte proliferation,0.303218231,,,,,,,,,,,
0,0.027089438,4,114,GO:0036092,phosphatidylinositol-3-phosphate biosynthetic process,0.306047341,,,,,,,,,,,
0,0.027152126,4,492,GO:0043409,negative regulation of MAPK cascade,0.306378715,,,,,,,,,,,
0,0.027459385,5,306,GO:0000082;GO:0044843,cell cycle G1/S phase transition,0.30908634,,,,,,,,,,,
0,0.027459385,2,306,GO:0050680,negative regulation of epithelial cell proliferation,0.30908634,,,,,,,,,,,
0,0.027819057,2,576,GO:0045807,positive regulation of endocytosis,0.312751577,,,,,,,,,,,
0,0.027906279,3,425,GO:0044242;GO:0016042,lipid catabolic process,0.313348625,,,,,,,,,,,
0,0.028198305,7,101,GO:0055026,negative regulation of cardiac muscle tissue development,0.316241068,,,,,,,,,,,
0,0.028479666,7,26,GO:0010739,positive regulation of protein kinase A signaling,0.317073614,,,,,,,,,,,
0,0.028479666,3,26,GO:0032042,mitochondrial DNA metabolic process,0.317073614,,,,,,,,,,,
0,0.028479666,4,26,GO:0032070;GO:0032071,regulation of deoxyribonuclease activity,0.317073614,,,,,,,,,,,
0,0.028397566,2,314,GO:0045667,regulation of osteoblast differentiation,0.317073614,,,,,,,,,,,
0,0.028443949,3,403,GO:0050772,positive regulation of axonogenesis,0.317073614,,,,,,,,,,,
0,0.028479666,2,26,GO:0060600,dichotomous subdivision of an epithelial terminal unit,0.317073614,,,,,,,,,,,
0,0.028583467,4,184,GO:0010830,regulation of myotube differentiation,0.317459672,,,,,,,,,,,
0,0.028559,2,142,GO:0044091;GO:0071709,membrane biogenesis,0.317459672,,,,,,,,,,,
0,0.028708604,2,149,GO:0007569,cell aging,0.318464403,,,,,,,,,,,
0,0.028812243,2,163,GO:0001706;GO:0035987,endoderm formation,0.31908557,,,,,,,,,,,
0,0.02883408,2,1135,GO:0044283,small molecule biosynthetic process,0.31908557,,,,,,,,,,,
0,0.028980587,7,88,GO:0051568,histone H3-K4 methylation,0.320320927,,,,,,,,,,,
0,0.029221573,4,75,GO:0042098,T cell proliferation,0.322209064,,,,,,,,,,,
0,0.029221573,2,75,GO:0060977,coronary vasculature morphogenesis,0.322209064,,,,,,,,,,,
0,0.029513259,4,249,GO:0051053,negative regulation of DNA metabolic process,0.325035118,,,,,,,,,,,
0,0.029639583,2,56,GO:0061050,regulation of cell growth involved in cardiac muscle cell development,0.326035408,,,,,,,,,,,
0,0.029763898,3,434,GO:0016054;GO:0046395,organic acid catabolic process,0.327011247,,,,,,,,,,,
0,0.030047139,3,95,GO:2000369,regulation of clathrin-dependent endocytosis,0.329728759,,,,,,,,,,,
0,0.030107255,2,670,GO:1903046;GO:0140013;GO:0051321,meiotic cell cycle,0.329994201,,,,,,,,,,,
0,0.030351227,3,701,GO:0007264;GO:0007265,small GTPase mediated signal transduction,0.33043055,,,,,,,,,,,
0,0.03031942,4,235,GO:0008347,glial cell migration,0.33043055,,,,,,,,,,,
0,0.030329223,2,32,GO:0035970,peptidyl-threonine dephosphorylation,0.33043055,,,,,,,,,,,
0,0.030329223,4,32,GO:0038066,p38MAPK cascade,0.33043055,,,,,,,,,,,
0,0.030362916,2,397,GO:0048675;GO:1990138,neuron projection extension,0.33043055,,,,,,,,,,,
0,0.031013906,4,44,GO:0002639;GO:0045830,positive regulation of immunoglobulin production,0.330808411,,,,,,,,,,,
0,0.030925796,4,518,GO:0008360,regulation of cell shape,0.330808411,,,,,,,,,,,
0,0.031045928,2,38,GO:0014009,glial cell proliferation,0.330808411,,,,,,,,,,,
0,0.030474004,3,655,GO:0016311,dephosphorylation,0.330808411,,,,,,,,,,,
0,0.030920136,2,102,GO:0030199,collagen fibril organization,0.330808411,,,,,,,,,,,
0,0.030745252,5,69,GO:0030890,positive regulation of B cell proliferation,0.330808411,,,,,,,,,,,
0,0.030960483,3,157,GO:0031623,receptor internalization,0.330808411,,,,,,,,,,,
0,0.030830337,2,143,GO:0035330,regulation of hippo signaling,0.330808411,,,,,,,,,,,
0,0.030706101,2,533,GO:0048640,negative regulation of developmental growth,0.330808411,,,,,,,,,,,
0,0.030745252,2,69,GO:0048670,regulation of collateral sprouting,0.330808411,,,,,,,,,,,
0,0.030960483,4,157,GO:0050919,negative chemotaxis,0.330808411,,,,,,,,,,,
0,0.031013906,3,44,GO:0051444,negative regulation of ubiquitin-protein transferase activity,0.330808411,,,,,,,,,,,
0,0.031045928,2,38,GO:0055003,cardiac myofibril assembly,0.330808411,,,,,,,,,,,
0,0.031045928,2,38,GO:0060378,regulation of brood size,0.330808411,,,,,,,,,,,
0,0.030920136,5,102,GO:0060612,adipose tissue development,0.330808411,,,,,,,,,,,
0,0.030488012,4,50,GO:0071514,genetic imprinting,0.330808411,,,,,,,,,,,
0,0.030739103,3,360,GO:1903076;GO:1904375,regulation of protein localization to cell periphery,0.330808411,,,,,,,,,,,
0,0.03073697,2,82,GO:1903077;GO:1904376;GO:1905476,negative regulation of protein localization to membrane,0.330808411,,,,,,,,,,,
0,0.031266496,3,880,GO:0050770,regulation of axonogenesis,0.332772612,,,,,,,,,,,
0,0.031467728,3,21,GO:0030422,production of siRNA involved in RNA interference,0.33298512,,,,,,,,,,,
0,0.031467728,2,21,GO:0033539,fatty acid beta-oxidation using acyl-CoA dehydrogenase,0.33298512,,,,,,,,,,,
0,0.031467728,2,21,GO:0043416,regulation of skeletal muscle tissue regeneration,0.33298512,,,,,,,,,,,
0,0.031467728,2,21,GO:0048021;GO:1900376;GO:0048023;GO:1900378,regulation of secondary metabolite biosynthetic process,0.33298512,,,,,,,,,,,
0,0.031354768,2,1597,GO:1902532,negative regulation of intracellular signal transduction,0.33298512,,,,,,,,,,,
0,0.031682427,3,243,GO:0043401;GO:0030518,steroid hormone mediated signaling pathway,0.334871217,,,,,,,,,,,
0,0.031852104,3,1789,GO:0043009,chordate embryonic development,0.336277669,,,,,,,,,,,
0,0.031989241,2,89,GO:0001953,negative regulation of cell-matrix adhesion,0.336950896,,,,,,,,,,,
0,0.031982008,2,309,GO:0071322;GO:0071326;GO:0001678;GO:0071331;GO:0071333,cellular response to carbohydrate stimulus,0.336950896,,,,,,,,,,,
0,0.032177053,2,116,GO:0008154,actin polymerization or depolymerization,0.338540932,,,,,,,,,,,
0,0.033056268,3,11,GO:0000430;GO:0000432,regulation of transcription from RNA polymerase II promoter by glucose,0.341916464,,,,,,,,,,,
0,0.033011507,2,96,GO:0001569,branching involved in blood vessel morphogenesis,0.341916464,,,,,,,,,,,
0,0.033056268,2,11,GO:0006564,L-serine biosynthetic process,0.341916464,,,,,,,,,,,
0,0.032616368,2,657,GO:0006790,sulfur compound metabolic process,0.341916464,,,,,,,,,,,
0,0.032908575,2,130,GO:0010823,negative regulation of mitochondrion organization,0.341916464,,,,,,,,,,,
0,0.032626206,4,186,GO:0014068,positive regulation of phosphatidylinositol 3-kinase signaling,0.341916464,,,,,,,,,,,
0,0.033056268,2,11,GO:0014744,positive regulation of muscle adaptation,0.341916464,,,,,,,,,,,
0,0.032939009,2,874,GO:0016331,morphogenesis of embryonic epithelium,0.341916464,,,,,,,,,,,
0,0.03304872,6,619,GO:0032271,regulation of protein polymerization,0.341916464,,,,,,,,,,,
0,0.033056268,2,11,GO:0035426,extracellular matrix-cell signaling,0.341916464,,,,,,,,,,,
0,0.033056268,4,11,GO:0042685;GO:0050925,cardioblast cell fate specification,0.341916464,,,,,,,,,,,
0,0.033056268,2,11,GO:0061552,ganglion morphogenesis,0.341916464,,,,,,,,,,,
0,0.033056268,3,11,GO:0071923;GO:0120186,negative regulation of cohesin loading,0.341916464,,,,,,,,,,,
0,0.033056268,7,11,GO:1903347,negative regulation of bicellular tight junction assembly,0.341916464,,,,,,,,,,,
0,0.033056268,2,11,GO:2001198;GO:2001200,regulation of dendritic cell differentiation,0.341916464,,,,,,,,,,,
0,0.033618502,2,57,GO:0000022;GO:0051231,spindle elongation,0.342842805,,,,,,,,,,,
0,0.033562565,6,16,GO:0000733,DNA strand renaturation,0.342842805,,,,,,,,,,,
0,0.033631069,2,452,GO:0001503,ossification,0.342842805,,,,,,,,,,,
0,0.033562565,2,16,GO:0010512,negative regulation of phosphatidylinositol biosynthetic process,0.342842805,,,,,,,,,,,
0,0.033562565,6,16,GO:0014859;GO:1902723;GO:1902725,negative regulation of skeletal muscle cell proliferation,0.342842805,,,,,,,,,,,
0,0.033562565,3,16,GO:0019695;GO:0042426,choline metabolic process,0.342842805,,,,,,,,,,,
0,0.033562565,4,16,GO:0021823;GO:0021827;GO:0021836,postnatal olfactory bulb interneuron migration,0.342842805,,,,,,,,,,,
0,0.033562565,3,16,GO:0030174,regulation of DNA-dependent DNA replication initiation,0.342842805,,,,,,,,,,,
0,0.033562565,6,16,GO:0090241;GO:2000619,negative regulation of histone H4 acetylation,0.342842805,,,,,,,,,,,
0,0.033562565,4,16,GO:1902255,positive regulation of intrinsic apoptotic signaling pathway by p53 class mediator,0.342842805,,,,,,,,,,,
0,0.033562565,5,16,GO:1904528,positive regulation of microtubule binding,0.342842805,,,,,,,,,,,
0,0.033522578,3,244,GO:2000134;GO:1902807,negative regulation of cell cycle G1/S phase transition,0.342842805,,,,,,,,,,,
0,0.034371045,4,70,GO:0043534,blood vessel endothelial cell migration,0.349997833,,,,,,,,,,,
0,0.034619908,5,27,GO:0006265,DNA topological change,0.35214159,,,,,,,,,,,
0,0.034679121,2,736,GO:0009953,dorsal/ventral pattern formation,0.35235368,,,,,,,,,,,
0,0.034836996,3,51,GO:0042478,regulation of eye photoreceptor cell development,0.352787001,,,,,,,,,,,
0,0.034836996,2,51,GO:0048132;GO:0098728,germline stem cell asymmetric division,0.352787001,,,,,,,,,,,
0,0.03517274,2,814,GO:0007369,gastrulation,0.355794728,,,,,,,,,,,
0,0.03522208,2,90,GO:1902116,negative regulation of organelle assembly,0.355901876,,,,,,,,,,,
0,0.035335128,4,124,GO:0060412,ventricular septum morphogenesis,0.356651813,,,,,,,,,,,
0,0.035580417,3,131,GO:0038095,Fc-epsilon receptor signaling pathway,0.358340057,,,,,,,,,,,
0,0.035551724,2,289,GO:0055007,cardiac muscle cell differentiation,0.358340057,,,,,,,,,,,
0,0.035769111,3,45,GO:0010663;GO:0010666,positive regulation of striated muscle cell apoptotic process,0.359059324,,,,,,,,,,,
0,0.035769111,2,45,GO:0031101,fin regeneration,0.359059324,,,,,,,,,,,
0,0.035769111,8,45,GO:2000105,positive regulation of DNA-dependent DNA replication,0.359059324,,,,,,,,,,,
0,0.03599569,2,33,GO:0007516,hemocyte development,0.359370013,,,,,,,,,,,
0,0.03599569,5,33,GO:0030205;GO:0030208;GO:0050651;GO:0050655,dermatan sulfate proteoglycan metabolic process,0.359370013,,,,,,,,,,,
0,0.03599569,2,33,GO:0031643,positive regulation of myelination,0.359370013,,,,,,,,,,,
0,0.03599569,2,33,GO:0045603,positive regulation of endothelial cell differentiation,0.359370013,,,,,,,,,,,
0,0.03599569,2,33,GO:0097720;GO:0033173,calcineurin-mediated signaling,0.359370013,,,,,,,,,,,
0,0.036242745,6,39,GO:0060044,negative regulation of cardiac muscle cell proliferation,0.36027014,,,,,,,,,,,
0,0.036242745,6,39,GO:0060215,primitive hemopoiesis,0.36027014,,,,,,,,,,,
0,0.036242745,2,39,GO:1900150,regulation of defense response to fungus,0.36027014,,,,,,,,,,,
0,0.036194849,6,64,GO:1903055,positive regulation of extracellular matrix organization,0.36027014,,,,,,,,,,,
0,0.036839727,3,477,GO:0008582;GO:1904396,regulation of neuromuscular junction development,0.36580853,,,,,,,,,,,
0,0.037550089,5,84,GO:0014037,Schwann cell differentiation,0.372459575,,,,,,,,,,,
0,0.037963653,2,58,GO:0043567,regulation of insulin-like growth factor receptor signaling pathway,0.375369504,,,,,,,,,,,
0,0.037966061,4,600,GO:0048872,homeostasis of number of cells,0.375369504,,,,,,,,,,,
0,0.037963653,4,58,GO:0050849,negative regulation of calcium-mediated signaling,0.375369504,,,,,,,,,,,
0,0.038468019,3,146,GO:0045880,positive regulation of smoothened signaling pathway,0.379923396,,,,,,,,,,,
0,0.038881986,5,486,GO:0030308,negative regulation of cell growth,0.382730667,,,,,,,,,,,
0,0.039043945,2,22,GO:0032429,regulation of phospholipase A2 activity,0.382730667,,,,,,,,,,,
0,0.039043945,2,22,GO:0070199,establishment of protein localization to chromosome,0.382730667,,,,,,,,,,,
0,0.039043945,5,22,GO:0070922,small RNA loading onto RISC,0.382730667,,,,,,,,,,,
0,0.039043945,2,22,GO:0090343,positive regulation of cell aging,0.382730667,,,,,,,,,,,
0,0.039043945,3,22,GO:0097402,neuroblast migration,0.382730667,,,,,,,,,,,
0,0.039043945,3,22,GO:1902231,positive regulation of intrinsic apoptotic signaling pathway in response to DNA damage,0.382730667,,,,,,,,,,,
0,0.03913891,2,328,GO:0044272,sulfur compound biosynthetic process,0.383252548,,,,,,,,,,,
0,0.039247433,2,225,GO:0010324;GO:0099024,membrane invagination,0.383905932,,,,,,,,,,,
0,0.03971769,2,904,GO:0001701,in utero embryonic development,0.38504531,,,,,,,,,,,
0,0.040621547,3,7,GO:0001744,optic lobe placode formation,0.38504531,,,,,,,,,,,
0,0.040621547,2,7,GO:0002328,pro-B cell differentiation,0.38504531,,,,,,,,,,,
0,0.04049694,7,65,GO:0006376,mRNA splice site selection,0.38504531,,,,,,,,,,,
0,0.040621547,5,7,GO:0014835,myoblast differentiation involved in skeletal muscle regeneration,0.38504531,,,,,,,,,,,
0,0.040621547,4,7,GO:0016259,selenocysteine metabolic process,0.38504531,,,,,,,,,,,
0,0.040621547,4,7,GO:0019045;GO:0019046,latent virus replication,0.38504531,,,,,,,,,,,
0,0.040621547,4,7,GO:0019240,citrulline biosynthetic process,0.38504531,,,,,,,,,,,
0,0.040621547,3,7,GO:0021649;GO:1904835,dorsal root ganglion morphogenesis,0.38504531,,,,,,,,,,,
0,0.039425712,3,373,GO:0031589,cell-substrate adhesion,0.38504531,,,,,,,,,,,
0,0.040621547,5,7,GO:0032423,regulation of mismatch repair,0.38504531,,,,,,,,,,,
0,0.040621547,4,7,GO:0035479,angioblast cell migration from lateral mesoderm to midline,0.38504531,,,,,,,,,,,
0,0.040621547,7,7,GO:0035711,T-helper 1 cell activation,0.38504531,,,,,,,,,,,
0,0.040621547,3,7,GO:0043056,forward locomotion,0.38504531,,,,,,,,,,,
0,0.040621547,2,7,GO:0043314;GO:0060313,negative regulation of neutrophil degranulation,0.38504531,,,,,,,,,,,
0,0.040621547,3,7,GO:0043654,recognition of apoptotic cell,0.38504531,,,,,,,,,,,
0,0.04049694,4,65,GO:0051570,regulation of histone H3-K9 methylation,0.38504531,,,,,,,,,,,
0,0.040621547,2,7,GO:0060327,cytoplasmic actin-based contraction involved in cell motility,0.38504531,,,,,,,,,,,
0,0.040621547,2,7,GO:0061443,endocardial cushion cell differentiation,0.38504531,,,,,,,,,,,
0,0.040621547,2,7,GO:0070541,response to platinum ion,0.38504531,,,,,,,,,,,
0,0.040583102,3,510,GO:0071229,cellular response to acid chemical,0.38504531,,,,,,,,,,,
0,0.040621547,5,7,GO:0072584,caveolin-mediated endocytosis,0.38504531,,,,,,,,,,,
0,0.040621547,2,7,GO:0072658;GO:0072660,maintenance of protein location in membrane,0.38504531,,,,,,,,,,,
0,0.040621547,2,7,GO:1903463,regulation of mitotic cell cycle DNA replication,0.38504531,,,,,,,,,,,
0,0.040621547,2,7,GO:1904027,negative regulation of collagen fibril organization,0.38504531,,,,,,,,,,,
0,0.040621547,5,7,GO:1904116;GO:1904117,cellular response to vasopressin,0.38504531,,,,,,,,,,,
0,0.040621547,3,7,GO:1905304,regulation of cardiac myofibril assembly,0.38504531,,,,,,,,,,,
0,0.040621547,9,7,GO:2000669,negative regulation of dendritic cell apoptotic process,0.38504531,,,,,,,,,,,
0,0.040621547,5,7,GO:2000819,regulation of nucleotide-excision repair,0.38504531,,,,,,,,,,,
0,0.040759338,3,112,GO:0009064,glutamine family amino acid metabolic process,0.385953111,,,,,,,,,,,
0,0.041007426,2,46,GO:0034104,negative regulation of tissue remodeling,0.386707606,,,,,,,,,,,
0,0.041007426,7,46,GO:0045911,positive regulation of DNA recombination,0.386707606,,,,,,,,,,,
0,0.041007426,2,46,GO:0070168;GO:0110150,negative regulation of biomineral tissue development,0.386707606,,,,,,,,,,,
0,0.040901641,2,161,GO:2001022,positive regulation of response to DNA damage stimulus,0.386707606,,,,,,,,,,,
0,0.041134335,4,154,GO:0036314,response to sterol,0.387109497,,,,,,,,,,,
0,0.041102603,2,119,GO:0051438,regulation of ubiquitin-protein transferase activity,0.387109497,,,,,,,,,,,
0,0.041576984,5,28,GO:0009070,serine family amino acid biosynthetic process,0.388932087,,,,,,,,,,,
0,0.041624414,3,307,GO:0010508,positive regulation of autophagy,0.388932087,,,,,,,,,,,
0,0.041624414,4,307,GO:0014031;GO:0014032;GO:0048864;GO:0014033,stem cell development,0.388932087,,,,,,,,,,,
0,0.041576984,5,28,GO:0032486,Rap protein signal transduction,0.388932087,,,,,,,,,,,
0,0.041576984,2,28,GO:0043455,regulation of secondary metabolic process,0.388932087,,,,,,,,,,,
0,0.041576984,3,28,GO:0043568,positive regulation of insulin-like growth factor receptor signaling pathway,0.388932087,,,,,,,,,,,
0,0.041576984,3,28,GO:0043931;GO:0070977,bone maturation,0.388932087,,,,,,,,,,,
0,0.042004402,2,40,GO:0031054,pre-miRNA processing,0.391288474,,,,,,,,,,,
0,0.042004402,2,40,GO:0061298,retina vasculature development in camera-type eye,0.391288474,,,,,,,,,,,
0,0.042004402,-1,40,GO:2001273,obsolete regulation of glucose import in response to insulin stimulus,0.391288474,,,,,,,,,,,
0,0.042405243,2,797,GO:0000165,MAPK cascade,0.392405463,,,,,,,,,,,
0,0.043021481,2,17,GO:0002566;GO:0016446,somatic diversification of immune receptors via somatic mutation,0.392405463,,,,,,,,,,,
0,0.042528965,3,72,GO:0006749,glutathione metabolic process,0.392405463,,,,,,,,,,,
0,0.043021481,2,17,GO:0007253,cytoplasmic sequestering of NF-kappaB,0.392405463,,,,,,,,,,,
0,0.04277479,5,704,GO:0007424,open tracheal system development,0.392405463,,,,,,,,,,,
0,0.043021481,6,17,GO:0010624;GO:0010626,regulation of Schwann cell proliferation,0.392405463,,,,,,,,,,,
0,0.043021481,3,17,GO:0010756,positive regulation of plasminogen activation,0.392405463,,,,,,,,,,,
0,0.042333729,2,34,GO:0031272;GO:0031274,regulation of pseudopodium assembly,0.392405463,,,,,,,,,,,
0,0.043021481,2,17,GO:0031339,negative regulation of vesicle fusion,0.392405463,,,,,,,,,,,
0,0.043021481,2,17,GO:0042338,cuticle development involved in collagen and cuticulin-based cuticle molting cycle,0.392405463,,,,,,,,,,,
0,0.043021481,3,17,GO:0042464,dosage compensation by hypoactivation of X chromosome,0.392405463,,,,,,,,,,,
0,0.043021481,7,17,GO:0044026;GO:0044027,DNA hypermethylation,0.392405463,,,,,,,,,,,
0,0.042333729,4,34,GO:0044827,modulation by host of viral genome replication,0.392405463,,,,,,,,,,,
0,0.043021481,3,17,GO:0046060,dATP metabolic process,0.392405463,,,,,,,,,,,
0,0.043021481,4,17,GO:0051095,regulation of helicase activity,0.392405463,,,,,,,,,,,
0,0.042333729,6,34,GO:0071786,endoplasmic reticulum tubular network organization,0.392405463,,,,,,,,,,,
0,0.043007005,4,345,GO:1901655,cellular response to ketone,0.392405463,,,,,,,,,,,
0,0.043021481,6,17,GO:1903978;GO:0150077;GO:1903980;GO:0150078,regulation of microglial cell activation,0.392405463,,,,,,,,,,,
0,0.043021481,2,17,GO:1905050,positive regulation of metallopeptidase activity,0.392405463,,,,,,,,,,,
0,0.04268924,2,59,GO:2001026,regulation of endothelial cell chemotaxis,0.392405463,,,,,,,,,,,
0,0.043021481,4,17,GO:2001228,regulation of response to gamma radiation,0.392405463,,,,,,,,,,,
0,0.043435906,2,205,GO:0060411,cardiac septum morphogenesis,0.395792458,,,,,,,,,,,
0,0.043483161,2,413,GO:0017148;GO:0034249,negative regulation of cellular amide metabolic process,0.395830356,,,,,,,,,,,
0,0.043942429,2,1597,GO:0007568,aging,0.399615063,,,,,,,,,,,
0,0.045026138,2,12,GO:0002322,B cell proliferation involved in immune response,0.401038156,,,,,,,,,,,
0,0.045026138,5,12,GO:0002905;GO:0002906,regulation of mature B cell apoptotic process,0.401038156,,,,,,,,,,,
0,0.044194318,2,113,GO:0003197,endocardial cushion development,0.401038156,,,,,,,,,,,
0,0.045026138,4,12,GO:0010735,positive regulation of transcription via serum response element binding,0.401038156,,,,,,,,,,,
0,0.044445445,3,120,GO:0010765,positive regulation of sodium ion transport,0.401038156,,,,,,,,,,,
0,0.045026138,3,12,GO:0017182;GO:0018202;GO:0017183,peptidyl-histidine modification,0.401038156,,,,,,,,,,,
0,0.04514681,2,66,GO:0035329,hippo signaling,0.401038156,,,,,,,,,,,
0,0.045026138,2,12,GO:0038063,collagen-activated tyrosine kinase receptor signaling pathway,0.401038156,,,,,,,,,,,
0,0.04514681,2,66,GO:0040009,regulation of growth rate,0.401038156,,,,,,,,,,,
0,0.045026138,2,12,GO:0042695;GO:0060744,thelarche,0.401038156,,,,,,,,,,,
0,0.045026138,2,12,GO:0046100;GO:0046101,hypoxanthine metabolic process,0.401038156,,,,,,,,,,,
0,0.045026138,3,12,GO:0046844,chorion micropyle formation,0.401038156,,,,,,,,,,,
0,0.04514681,-1,66,GO:0051187,obsolete cofactor catabolic process,0.401038156,,,,,,,,,,,
0,0.045026138,2,12,GO:0051257,meiotic spindle midzone assembly,0.401038156,,,,,,,,,,,
0,0.044806398,3,53,GO:0051304,chromosome separation,0.401038156,,,,,,,,,,,
0,0.045026138,4,12,GO:0051791,medium-chain fatty acid metabolic process,0.401038156,,,,,,,,,,,
0,0.045026138,4,12,GO:0060594,mammary gland specification,0.401038156,,,,,,,,,,,
0,0.04514681,2,66,GO:0070193,synaptonemal complex organization,0.401038156,,,,,,,,,,,
0,0.045026138,2,12,GO:0071265;GO:0071267;GO:0043102,L-methionine biosynthetic process,0.401038156,,,,,,,,,,,
0,0.045026138,3,12,GO:0072716;GO:0072717,response to actinomycin D,0.401038156,,,,,,,,,,,
0,0.045026138,4,12,GO:1901727,positive regulation of histone deacetylase activity,0.401038156,,,,,,,,,,,
0,0.045026138,2,12,GO:1904684;GO:1905049,negative regulation of metallopeptidase activity,0.401038156,,,,,,,,,,,
0,0.045026138,2,12,GO:2000774,positive regulation of cellular senescence,0.401038156,,,,,,,,,,,
0,0.04519567,2,184,GO:0003281,ventricular septum development,0.401084276,,,,,,,,,,,
0,0.046027307,2,206,GO:1903035,negative regulation of response to wounding,0.407676776,,,,,,,,,,,
0,0.046303259,3,552,GO:0045637,regulation of myeloid cell differentiation,0.409712323,,,,,,,,,,,
0,0.046346337,3,93,GO:0061318,renal filtration cell differentiation,0.409712323,,,,,,,,,,,
0,0.046707966,6,302,GO:0001841;GO:0001843;GO:0060606;GO:0014020,neural tube formation,0.411272568,,,,,,,,,,,
0,0.046746713,3,47,GO:0001909,leukocyte mediated cytotoxicity,0.411272568,,,,,,,,,,,
0,0.046701732,2,1584,GO:0030335;GO:2000147;GO:0040017;GO:0051272,positive regulation of locomotion,0.411272568,,,,,,,,,,,
0,0.046746713,5,47,GO:0051782,negative regulation of cell division,0.411272568,,,,,,,,,,,
0,0.046746713,2,47,GO:1904353,regulation of telomere capping,0.411272568,,,,,,,,,,,
0,0.04684262,3,491,GO:0007297;GO:0007298,ovarian follicle cell migration,0.411721979,,,,,,,,,,,
0,0.047683981,2,23,GO:0003207;GO:0003211,cardiac chamber formation,0.412202957,,,,,,,,,,,
0,0.047683981,3,23,GO:0006600,creatine metabolic process,0.412202957,,,,,,,,,,,
0,0.047683981,2,23,GO:0014745,negative regulation of muscle adaptation,0.412202957,,,,,,,,,,,
0,0.047683981,2,23,GO:0021873,forebrain neuroblast division,0.412202957,,,,,,,,,,,
0,0.047705143,2,142,GO:0042074,cell migration involved in gastrulation,0.412202957,,,,,,,,,,,
0,0.047400085,2,400,GO:0042254,ribosome biogenesis,0.412202957,,,,,,,,,,,
0,0.047683981,3,23,GO:0044829,positive regulation by host of viral genome replication,0.412202957,,,,,,,,,,,
0,0.047082239,6,73,GO:0045616,regulation of keratinocyte differentiation,0.412202957,,,,,,,,,,,
0,0.047380284,2,280,GO:0048645,animal organ formation,0.412202957,,,,,,,,,,,
0,0.047683981,8,23,GO:0051490,negative regulation of filopodium assembly,0.412202957,,,,,,,,,,,
0,0.047683981,6,23,GO:0051573,negative regulation of histone H3-K9 methylation,0.412202957,,,,,,,,,,,
0,0.047162847,3,221,GO:0060021,roof of mouth development,0.412202957,,,,,,,,,,,
0,0.047683981,2,23,GO:0060982,coronary artery morphogenesis,0.412202957,,,,,,,,,,,
0,0.047382786,2,192,GO:1902692,regulation of neuroblast proliferation,0.412202957,,,,,,,,,,,
0,0.047683981,5,23,GO:1903011,negative regulation of bone development,0.412202957,,,,,,,,,,,
0,0.04742985,5,149,GO:1903201,regulation of oxidative stress-induced cell death,0.412202957,,,,,,,,,,,
0,0.047124714,5,1377,GO:1903827,regulation of cellular protein localization,0.412202957,,,,,,,,,,,
0,0.04795109,2,214,GO:0030330;GO:0042770,signal transduction in response to DNA damage,0.413938688,,,,,,,,,,,
0,0.04858282,2,80,GO:0009069,serine family amino acid metabolic process,0.418605256,,,,,,,,,,,
0,0.048787823,4,251,GO:0045773,positive regulation of axon extension,0.419977648,,,,,,,,,,,
0,0.049367203,3,35,GO:0014870;GO:0014877;GO:0014894,response to muscle inactivity,0.421911011,,,,,,,,,,,
0,0.049379895,2,29,GO:0021914;GO:0021919,negative regulation of smoothened signaling pathway involved in ventral spinal cord patterning,0.421911011,,,,,,,,,,,
0,0.049331834,3,266,GO:0031110,regulation of microtubule polymerization or depolymerization,0.421911011,,,,,,,,,,,
0,0.049367203,2,35,GO:0042088,T-helper 1 type immune response,0.421911011,,,,,,,,,,,
0,0.049367203,2,35,GO:0043519,regulation of myosin II filament organization,0.421911011,,,,,,,,,,,
0,0.049367203,2,35,GO:0060693,regulation of branching involved in salivary gland morphogenesis,0.421911011,,,,,,,,,,,
0,0.049097094,3,333,GO:0061982,meiosis I cell cycle process,0.421911011,,,,,,,,,,,
0,0.049379895,2,29,GO:0071072,negative regulation of phospholipid biosynthetic process,0.421911011,,,,,,,,,,,
0,0.04962328,2,639,GO:0001763;GO:0048754;GO:0061138,morphogenesis of a branching structure,0.42359649,,,,,,,,,,,
0,0.050456834,4,54,GO:0060973,cell migration involved in heart development,0.430311994,,,,,,,,,,,
0,0.050729937,3,150,GO:0003170;GO:0003179,heart valve development,0.432239768,,,,,,,,,,,
0,0.05095752,4,501,GO:0001764,neuron migration,0.433453099,,,,,,,,,,,
0,0.050966723,4,417,GO:0051965;GO:1901890,positive regulation of cell junction assembly,0.433453099,,,,,,,,,,,
0,0.051048418,2,827,GO:0016358;GO:0048813,dendrite development,0.433746272,,,,,,,,,,,
0,0.051550838,2,208,GO:0043648,dicarboxylic acid metabolic process,0.437610393,,,,,,,,,,,
0,0.052713402,3,456,GO:0045931,positive regulation of mitotic cell cycle,0.447066111,,,,,,,,,,,
0,0.052823874,6,641,GO:0045930,negative regulation of mitotic cell cycle,0.447589748,,,,,,,,,,,
0,0.053002476,2,48,GO:0014854,response to inactivity,0.448276009,,,,,,,,,,,
0,0.053002476,2,48,GO:0097094,craniofacial suture morphogenesis,0.448276009,,,,,,,,,,,
0,0.053254016,-1,441,GO:0009108;GO:0051188,obsolete cofactor biosynthetic process,0.449393146,,,,,,,,,,,
0,0.053270709,2,275,GO:0010522;GO:0051279,regulation of calcium ion transport into cytosol,0.449393146,,,,,,,,,,,
0,0.05333027,4,81,GO:0021846,cell proliferation in forebrain,0.449393146,,,,,,,,,,,
0,0.053296232,3,1057,GO:0030031;GO:0120031,cell projection assembly,0.449393146,,,,,,,,,,,
0,0.053921543,4,18,GO:0002043,blood vessel endothelial cell proliferation involved in sprouting angiogenesis,0.449835942,,,,,,,,,,,
0,0.05376731,2,1479,GO:0007283;GO:0048232,male gamete generation,0.449835942,,,,,,,,,,,
0,0.053921543,2,18,GO:0018206,peptidyl-methionine modification,0.449835942,,,,,,,,,,,
0,0.053921543,3,18,GO:0021869,forebrain ventricular zone progenitor cell division,0.449835942,,,,,,,,,,,
0,0.053921543,3,18,GO:0038033;GO:0038089,positive regulation of cell migration by vascular endothelial growth factor signaling pathway,0.449835942,,,,,,,,,,,
0,0.053921543,5,18,GO:0042684,cardioblast cell fate commitment,0.449835942,,,,,,,,,,,
0,0.053921543,3,18,GO:0060912,cardiac cell fate specification,0.449835942,,,,,,,,,,,
0,0.053921543,3,18,GO:0090043,regulation of tubulin deacetylation,0.449835942,,,,,,,,,,,
0,0.053750396,3,696,GO:0090068,positive regulation of cell cycle process,0.449835942,,,,,,,,,,,
0,0.053921543,3,18,GO:0097753,membrane bending,0.449835942,,,,,,,,,,,
0,0.053921543,2,18,GO:1902950,regulation of dendritic spine maintenance,0.449835942,,,,,,,,,,,
0,0.054072117,3,472,GO:0022618;GO:0071826,ribonucleoprotein complex subunit organization,0.450682755,,,,,,,,,,,
0,0.054329387,5,88,GO:0003383,apical constriction,0.451597665,,,,,,,,,,,
0,0.054329387,4,88,GO:1901797,negative regulation of signal transduction by p53 class mediator,0.451597665,,,,,,,,,,,
0,0.054329387,3,88,GO:1901985,positive regulation of protein acetylation,0.451597665,,,,,,,,,,,
0,0.055099071,4,137,GO:0008637,apoptotic mitochondrial changes,0.456755389,,,,,,,,,,,
0,0.055071812,5,246,GO:0031532,actin cytoskeleton reorganization,0.456755389,,,,,,,,,,,
0,0.055099071,2,137,GO:1903432,regulation of TORC1 signaling,0.456755389,,,,,,,,,,,
0,0.055300521,3,42,GO:0010766,negative regulation of sodium ion transport,0.45677634,,,,,,,,,,,
0,0.055300521,5,42,GO:0097503,sialylation,0.45677634,,,,,,,,,,,
0,0.055300521,2,42,GO:1902175,regulation of oxidative stress-induced intrinsic apoptotic signaling pathway,0.45677634,,,,,,,,,,,
0,0.055300521,3,42,GO:2000726,negative regulation of cardiac muscle cell differentiation,0.45677634,,,,,,,,,,,
0,0.055426725,4,130,GO:0035017,cuticle pattern formation,0.456996834,,,,,,,,,,,
0,0.055426725,2,130,GO:0055023;GO:0060421;GO:0055025,positive regulation of cardiac muscle tissue development,0.456996834,,,,,,,,,,,
0,0.05555763,4,1890,GO:0006915;GO:0012501;GO:0008219,cell death,0.457665319,,,,,,,,,,,
0,0.055694556,2,109,GO:2000725,regulation of cardiac muscle cell differentiation,0.458382162,,,,,,,,,,,
0,0.055746329,2,116,GO:0061383,trabecula morphogenesis,0.458397519,,,,,,,,,,,
0,0.058388471,2,82,GO:0002377,immunoglobulin production,0.464007896,,,,,,,,,,,
0,0.059089945,2,13,GO:0002467,germinal center formation,0.464007896,,,,,,,,,,,
0,0.058049899,2,30,GO:0002643,regulation of tolerance induction,0.464007896,,,,,,,,,,,
0,0.057728053,3,405,GO:0003206;GO:0003231,cardiac chamber morphogenesis,0.464007896,,,,,,,,,,,
0,0.059358658,2,8,GO:0003219,cardiac right ventricle formation,0.464007896,,,,,,,,,,,
0,0.059358658,2,8,GO:0003250,regulation of cell proliferation involved in heart valve morphogenesis,0.464007896,,,,,,,,,,,
0,0.058049899,5,30,GO:0003318;GO:0003313;GO:0003314,cell migration to the midline involved in heart development,0.464007896,,,,,,,,,,,
0,0.059358658,6,8,GO:0006290,pyrimidine dimer repair,0.464007896,,,,,,,,,,,
0,0.05848679,-1,621,GO:0006732,obsolete coenzyme metabolic process,0.464007896,,,,,,,,,,,
0,0.058388471,3,82,GO:0007300,ovarian nurse cell to oocyte transport,0.464007896,,,,,,,,,,,
0,0.058692818,2,699,GO:0007584,response to nutrient,0.464007896,,,,,,,,,,,
0,0.059225857,2,89,GO:0007585,respiratory gaseous exchange by respiratory system,0.464007896,,,,,,,,,,,
0,0.057152607,3,159,GO:0010828;GO:1903961;GO:0046326,positive regulation of anion transmembrane transport,0.464007896,,,,,,,,,,,
0,0.058049899,2,30,GO:0010935,regulation of macrophage cytokine production,0.464007896,,,,,,,,,,,
0,0.059271508,2,62,GO:0014002,astrocyte development,0.464007896,,,,,,,,,,,
0,0.059358658,2,8,GO:0014816,skeletal muscle satellite cell differentiation,0.464007896,,,,,,,,,,,
0,0.058551437,2,277,GO:0017015;GO:1903844,regulation of cellular response to transforming growth factor beta stimulus,0.464007896,,,,,,,,,,,
0,0.059358658,2,8,GO:0019509,L-methionine salvage from methylthioadenosine,0.464007896,,,,,,,,,,,
0,0.057152607,3,159,GO:0030901,midbrain development,0.464007896,,,,,,,,,,,
0,0.059358658,2,8,GO:0033552,response to vitamin B3,0.464007896,,,,,,,,,,,
0,0.059358658,2,8,GO:0034085;GO:0071921,establishment of sister chromatid cohesion,0.464007896,,,,,,,,,,,
0,0.059089945,2,13,GO:0034134,toll-like receptor 2 signaling pathway,0.464007896,,,,,,,,,,,
0,0.059358658,7,8,GO:0035063,nuclear speck organization,0.464007896,,,,,,,,,,,
0,0.057412756,2,24,GO:0035118;GO:0035138,pectoral fin morphogenesis,0.464007896,,,,,,,,,,,
0,0.059225857,4,89,GO:0035331,negative regulation of hippo signaling,0.464007896,,,,,,,,,,,
0,0.059358658,4,8,GO:0035795;GO:1905709,negative regulation of mitochondrial membrane permeability,0.464007896,,,,,,,,,,,
0,0.057114988,2,36,GO:0042104,positive regulation of activated T cell proliferation,0.464007896,,,,,,,,,,,
0,0.059358658,2,8,GO:0043096;GO:0043103,purine nucleobase salvage,0.464007896,,,,,,,,,,,
0,0.059358658,5,8,GO:0044830,modulation by host of viral RNA genome replication,0.464007896,,,,,,,,,,,
0,0.057412756,3,24,GO:0045657,positive regulation of monocyte differentiation,0.464007896,,,,,,,,,,,
0,0.056854333,2,886,GO:0048565;GO:0055123,digestive system development,0.464007896,,,,,,,,,,,
0,0.058049899,6,30,GO:0048671,negative regulation of collateral sprouting,0.464007896,,,,,,,,,,,
0,0.058049899,6,30,GO:0048739,cardiac muscle fiber development,0.464007896,,,,,,,,,,,
0,0.059089945,2,13,GO:0048794,swim bladder development,0.464007896,,,,,,,,,,,
0,0.059089945,6,13,GO:0050798,activated T cell proliferation,0.464007896,,,,,,,,,,,
0,0.057188358,2,512,GO:0051302,regulation of cell division,0.464007896,,,,,,,,,,,
0,0.058735343,2,482,GO:0051896,regulation of protein kinase B signaling,0.464007896,,,,,,,,,,,
0,0.058049899,4,30,GO:0060363,cranial suture morphogenesis,0.464007896,,,,,,,,,,,
0,0.059358658,2,8,GO:0060466,activation of meiosis involved in egg activation,0.464007896,,,,,,,,,,,
0,0.059089945,2,13,GO:0060907,positive regulation of macrophage cytokine production,0.464007896,,,,,,,,,,,
0,0.059089945,2,13,GO:0061156,pulmonary artery morphogenesis,0.464007896,,,,,,,,,,,
0,0.058049899,4,30,GO:0061614,pri-miRNA transcription by RNA polymerase II,0.464007896,,,,,,,,,,,
0,0.059358658,3,8,GO:0070829,heterochromatin maintenance,0.464007896,,,,,,,,,,,
0,0.057323966,2,1771,GO:0070925,organelle assembly,0.464007896,,,,,,,,,,,
0,0.058049899,6,30,GO:0070932,histone H3 deacetylation,0.464007896,,,,,,,,,,,
0,0.059358658,2,8,GO:0090297;GO:1901860,positive regulation of mitochondrial DNA metabolic process,0.464007896,,,,,,,,,,,
0,0.059089945,2,13,GO:0098711,iron ion import across plasma membrane,0.464007896,,,,,,,,,,,
0,0.057412756,4,24,GO:1900038,negative regulation of cellular response to hypoxia,0.464007896,,,,,,,,,,,
0,0.058435712,3,225,GO:1901019,regulation of calcium ion transmembrane transporter activity,0.464007896,,,,,,,,,,,
0,0.058435712,6,225,GO:1902117,positive regulation of organelle assembly,0.464007896,,,,,,,,,,,
0,0.059358658,2,8,GO:1902498,regulation of protein autoubiquitination,0.464007896,,,,,,,,,,,
0,0.059358658,5,8,GO:1904428,negative regulation of tubulin deacetylation,0.464007896,,,,,,,,,,,
0,0.059358658,4,8,GO:1904995;GO:1903237,negative regulation of leukocyte adhesion to vascular endothelial cell,0.464007896,,,,,,,,,,,
0,0.059358658,8,8,GO:1990164,histone H2A phosphorylation,0.464007896,,,,,,,,,,,
0,0.057412756,4,24,GO:2000426;GO:0060101;GO:1905154,negative regulation of membrane invagination,0.464007896,,,,,,,,,,,
0,0.057412756,2,24,GO:2000615,regulation of histone H3-K9 acetylation,0.464007896,,,,,,,,,,,
0,0.059089945,3,13,GO:2000739,regulation of mesenchymal stem cell differentiation,0.464007896,,,,,,,,,,,
0,0.057412756,5,24,GO:2001212,regulation of vasculogenesis,0.464007896,,,,,,,,,,,
0,0.05955372,3,255,GO:0003158;GO:0045446,endothelium development,0.464741647,,,,,,,,,,,
0,0.05955372,2,255,GO:0035222,wing disc pattern formation,0.464741647,,,,,,,,,,,
0,0.059786523,2,825,GO:0007350;GO:0009880,embryonic pattern specification,0.465775941,,,,,,,,,,,
0,0.059787679,2,49,GO:0016445;GO:0016447,somatic diversification of immunoglobulins,0.465775941,,,,,,,,,,,
0,0.059841781,3,270,GO:0016319,mushroom body development,0.465802336,,,,,,,,,,,
0,0.060029302,2,117,GO:1904705,regulation of vascular associated smooth muscle cell proliferation,0.466866332,,,,,,,,,,,
0,0.060124021,3,110,GO:0006096;GO:0006757;GO:0046031;GO:0042866,ADP metabolic process,0.467207386,,,,,,,,,,,
0,0.060226339,4,452,GO:0007368;GO:0009855;GO:0009799,specification of symmetry,0.467606869,,,,,,,,,,,
0,0.060719209,2,630,GO:0010927,cellular component assembly involved in morphogenesis,0.470266908,,,,,,,,,,,
0,0.060722542,2,211,GO:0048260,positive regulation of receptor-mediated endocytosis,0.470266908,,,,,,,,,,,
0,0.060674253,2,189,GO:0072593,reactive oxygen species metabolic process,0.470266908,,,,,,,,,,,
0,0.060826158,4,160,GO:0008630,intrinsic apoptotic signaling pathway in response to DNA damage,0.470276315,,,,,,,,,,,
0,0.060826158,4,160,GO:0010172,embryonic body morphogenesis,0.470276315,,,,,,,,,,,
0,0.061166641,2,818,GO:0002119,nematode larval development,0.472113947,,,,,,,,,,,
0,0.061156393,2,263,GO:0007160,cell-matrix adhesion,0.472113947,,,,,,,,,,,
0,0.061286579,2,69,GO:0007439;GO:0048567,ectodermal digestive tract development,0.472642507,,,,,,,,,,,
0,0.061368351,2,293,GO:0051489,regulation of filopodium assembly,0.472876096,,,,,,,,,,,
0,0.061464734,2,1222,GO:0071900,regulation of protein serine/threonine kinase activity,0.473221782,,,,,,,,,,,
0,0.061534909,3,226,GO:0016571;GO:0018022;GO:0034968,histone methylation,0.473365278,,,,,,,,,,,
0,0.061628852,6,468,GO:2001234,negative regulation of apoptotic signaling pathway,0.473691222,,,,,,,,,,,
0,0.061701185,2,182,GO:0002702,positive regulation of production of molecular mediator of immune response,0.473850655,,,,,,,,,,,
0,0.062770689,2,286,GO:0007179,transforming growth factor beta receptor signaling pathway,0.479982877,,,,,,,,,,,
0,0.062865476,2,43,GO:0007509,mesoderm migration involved in gastrulation,0.479982877,,,,,,,,,,,
0,0.062865476,2,43,GO:0017001,antibiotic catabolic process,0.479982877,,,,,,,,,,,
0,0.062705803,4,271,GO:0033273,response to vitamin,0.479982877,,,,,,,,,,,
0,0.062705803,2,271,GO:0048771,tissue remodeling,0.479982877,,,,,,,,,,,
0,0.062865476,2,43,GO:2001028,positive regulation of endothelial cell chemotaxis,0.479982877,,,,,,,,,,,
0,0.063036806,2,139,GO:0048149,behavioral response to ethanol,0.480891247,,,,,,,,,,,
0,0.063150678,2,56,GO:0003176;GO:0003180,aortic valve development,0.481360144,,,,,,,,,,,
0,0.063418139,2,339,GO:1905477,positive regulation of protein localization to membrane,0.482998012,,,,,,,,,,,
0,0.063505543,2,377,GO:0030856,regulation of epithelial cell differentiation,0.483262976,,,,,,,,,,,
0,0.06376404,7,83,GO:0090199,regulation of release of cytochrome c from mitochondria,0.484828401,,,,,,,,,,,
0,0.063950455,2,423,GO:0072330,monocarboxylic acid biosynthetic process,0.485843613,,,,,,,,,,,
0,0.064203581,2,279,GO:0002700,regulation of production of molecular mediator of immune response,0.487363547,,,,,,,,,,,
0,0.064535849,2,118,GO:0010662;GO:0010665,regulation of striated muscle cell apoptotic process,0.488271639,,,,,,,,,,,
0,0.064520415,3,347,GO:0042471;GO:0042472,ear morphogenesis,0.488271639,,,,,,,,,,,
0,0.064535849,2,118,GO:0048542,lymph gland development,0.488271639,,,,,,,,,,,
0,0.064535849,4,118,GO:0050918,positive chemotaxis,0.488271639,,,,,,,,,,,
0,0.064881534,2,104,GO:1901532,regulation of hematopoietic progenitor cell differentiation,0.490483036,,,,,,,,,,,
0,0.065267801,2,317,GO:0030510,regulation of BMP signaling pathway,0.492997329,,,,,,,,,,,
0,0.065408881,5,578,GO:0032388,positive regulation of intracellular transport,0.493657002,,,,,,,,,,,
0,0.065634539,2,63,GO:0035332,positive regulation of hippo signaling,0.494953397,,,,,,,,,,,
0,0.066271156,4,19,GO:0007415,defasciculation of motor neuron axon,0.495684503,,,,,,,,,,,
0,0.066271156,2,19,GO:0008065,establishment of blood-nerve barrier,0.495684503,,,,,,,,,,,
0,0.066271156,6,19,GO:0016479,negative regulation of transcription by RNA polymerase I,0.495684503,,,,,,,,,,,
0,0.066271156,3,19,GO:0021855,hypothalamus cell migration,0.495684503,,,,,,,,,,,
0,0.066271156,2,19,GO:0033212,iron import into cell,0.495684503,,,,,,,,,,,
0,0.066271156,2,19,GO:0042664;GO:1903225,negative regulation of endodermal cell differentiation,0.495684503,,,,,,,,,,,
0,0.066271156,5,19,GO:0045654,positive regulation of megakaryocyte differentiation,0.495684503,,,,,,,,,,,
0,0.066271156,3,19,GO:0051342,regulation of cyclic-nucleotide phosphodiesterase activity,0.495684503,,,,,,,,,,,
0,0.066271156,4,19,GO:1900084;GO:1900086,regulation of peptidyl-tyrosine autophosphorylation,0.495684503,,,,,,,,,,,
0,0.066271156,2,19,GO:2001015,negative regulation of skeletal muscle cell differentiation,0.495684503,,,,,,,,,,,
0,0.066816456,4,310,GO:0043280;GO:2001056,positive regulation of cysteine-type endopeptidase activity,0.499356507,,,,,,,,,,,
0,0.067112596,2,50,GO:0010738,regulation of protein kinase A signaling,0.499942576,,,,,,,,,,,
0,0.067112596,6,50,GO:0033145,positive regulation of intracellular steroid hormone receptor signaling pathway,0.499942576,,,,,,,,,,,
0,0.067112596,5,50,GO:0048009,insulin-like growth factor receptor signaling pathway,0.499942576,,,,,,,,,,,
0,0.067112596,2,50,GO:2000136,regulation of cell proliferation involved in heart morphogenesis,0.499942576,,,,,,,,,,,
0,0.067452715,4,213,GO:0007097;GO:0051647,nucleus localization,0.500732546,,,,,,,,,,,
0,0.067600257,2,31,GO:0010692,regulation of alkaline phosphatase activity,0.500732546,,,,,,,,,,,
0,0.067425209,2,70,GO:0010954;GO:1903319,positive regulation of protein maturation,0.500732546,,,,,,,,,,,
0,0.06729087,2,140,GO:0042078,germ-line stem cell division,0.500732546,,,,,,,,,,,
0,0.067600257,8,31,GO:0090239,regulation of histone H4 acetylation,0.500732546,,,,,,,,,,,
0,0.067600257,6,31,GO:1905523;GO:0010759,positive regulation of macrophage migration,0.500732546,,,,,,,,,,,
0,0.067600257,3,31,GO:2001224,positive regulation of neuron migration,0.500732546,,,,,,,,,,,
0,0.068242069,2,25,GO:0001774,microglial cell activation,0.502649079,,,,,,,,,,,
0,0.068242069,2,25,GO:0003348;GO:0060956,cardiac endothelial cell differentiation,0.502649079,,,,,,,,,,,
0,0.068242069,4,25,GO:0007436,larval salivary gland morphogenesis,0.502649079,,,,,,,,,,,
0,0.068083601,2,228,GO:0048145,regulation of fibroblast proliferation,0.502649079,,,,,,,,,,,
0,0.068242069,5,25,GO:0061052,negative regulation of cell growth involved in cardiac muscle cell development,0.502649079,,,,,,,,,,,
0,0.068242069,6,25,GO:1902686,mitochondrial outer membrane permeabilization involved in programmed cell death,0.502649079,,,,,,,,,,,
0,0.068242069,3,25,GO:2000576,positive regulation of microtubule motor activity,0.502649079,,,,,,,,,,,
0,0.068664741,5,77,GO:0002312,B cell activation involved in immune response,0.504472617,,,,,,,,,,,
0,0.068664741,2,77,GO:0002637,regulation of immunoglobulin production,0.504472617,,,,,,,,,,,
0,0.068709335,5,126,GO:0010332,response to gamma radiation,0.504472617,,,,,,,,,,,
0,0.068664741,2,77,GO:0033137,negative regulation of peptidyl-serine phosphorylation,0.504472617,,,,,,,,,,,
0,0.069701418,2,112,GO:0034260,negative regulation of GTPase activity,0.510159637,,,,,,,,,,,
0,0.069701418,2,112,GO:0042661;GO:1905770;GO:1905902;GO:2000380,regulation of mesoderm development,0.510159637,,,,,,,,,,,
0,0.069733471,2,155,GO:0045138,nematode male tail tip morphogenesis,0.510159637,,,,,,,,,,,
0,0.069761623,2,902,GO:0045926,negative regulation of growth,0.510159637,,,,,,,,,,,
0,0.069701418,2,112,GO:0060026,convergent extension,0.510159637,,,,,,,,,,,
0,0.069975661,3,105,GO:0002784;GO:0002759,regulation of antimicrobial humoral response,0.511317777,,,,,,,,,,,
0,0.07021272,3,57,GO:0007446,imaginal disc growth,0.511828436,,,,,,,,,,,
0,0.07021272,2,57,GO:0045910,negative regulation of DNA recombination,0.511828436,,,,,,,,,,,
0,0.07021272,3,57,GO:0060343,trabecula formation,0.511828436,,,,,,,,,,,
0,0.07033183,4,441,GO:0040014,regulation of multicellular organism growth,0.512000177,,,,,,,,,,,
0,0.070347765,2,177,GO:2001243,negative regulation of intrinsic apoptotic signaling pathway,0.512000177,,,,,,,,,,,
0,0.07076103,2,148,GO:0051402;GO:0070997,neuron death,0.514600209,,,,,,,,,,,
0,0.07105588,3,44,GO:0032288,myelin assembly,0.515519954,,,,,,,,,,,
0,0.070982158,5,357,GO:2000177,regulation of neural precursor cell proliferation,0.515519954,,,,,,,,,,,
0,0.071600765,7,192,GO:0010822,positive regulation of mitochondrion organization,0.51865938,,,,,,,,,,,
0,0.071601534,2,170,GO:0071230,cellular response to amino acid stimulus,0.51865938,,,,,,,,,,,
0,0.071836455,3,244,GO:0090598,male anatomical structure morphogenesis,0.519951017,,,,,,,,,,,
0,0.072006422,5,1062,GO:0043405;GO:0043406;GO:0071902,positive regulation of protein serine/threonine kinase activity,0.520593488,,,,,,,,,,,
0,0.072038576,4,777,GO:0051346,negative regulation of hydrolase activity,0.520593488,,,,,,,,,,,
0,0.072428313,2,64,GO:0060307;GO:0099623,regulation of cardiac muscle cell membrane repolarization,0.522587632,,,,,,,,,,,
0,0.072428313,2,64,GO:0072375,medium-term memory,0.522587632,,,,,,,,,,,
0,0.072998545,7,185,GO:0048010,vascular endothelial growth factor receptor signaling pathway,0.526288567,,,,,,,,,,,
0,0.073229217,2,535,GO:0022409,positive regulation of cell-cell adhesion,0.527537535,,,,,,,,,,,
0,0.073605371,3,252,GO:0000768;GO:0006949;GO:0140253;GO:0007520,syncytium formation,0.529831767,,,,,,,,,,,
0,0.07388098,2,621,GO:0007059;GO:0098813,chromosome segregation,0.531399219,,,,,,,,,,,
0,0.073954327,3,71,GO:0060148;GO:2000637,positive regulation of posttranscriptional gene silencing,0.531510557,,,,,,,,,,,
0,0.075200809,2,14,GO:0008335,female germline ring canal stabilization,0.531731662,,,,,,,,,,,
0,0.074234716,2,120,GO:0009649,entrainment of circadian clock,0.531731662,,,,,,,,,,,
0,0.074991797,2,466,GO:0018108;GO:0018212,peptidyl-tyrosine modification,0.531731662,,,,,,,,,,,
0,0.075200809,2,14,GO:0019083;GO:0019086,viral transcription,0.531731662,,,,,,,,,,,
0,0.075200809,3,14,GO:0034983,peptidyl-lysine deacetylation,0.531731662,,,,,,,,,,,
0,0.075200809,2,14,GO:0035511,oxidative DNA demethylation,0.531731662,,,,,,,,,,,
0,0.075200809,2,14,GO:0045636;GO:0050942,positive regulation of pigment cell differentiation,0.531731662,,,,,,,,,,,
0,0.074693064,4,215,GO:0048678,response to axon injury,0.531731662,,,,,,,,,,,
0,0.074802673,2,38,GO:0051571,positive regulation of histone H3-K4 methylation,0.531731662,,,,,,,,,,,
0,0.075200809,2,14,GO:0070431,nucleotide-binding oligomerization domain containing 2 signaling pathway,0.531731662,,,,,,,,,,,
0,0.075200809,2,14,GO:0071863;GO:0071864,regulation of cell proliferation in bone marrow,0.531731662,,,,,,,,,,,
0,0.075200809,2,14,GO:1900113,negative regulation of histone H3-K9 trimethylation,0.531731662,,,,,,,,,,,
0,0.074984694,7,51,GO:1900739;GO:1900740,positive regulation of protein insertion into mitochondrial membrane involved in apoptotic signaling pathway,0.531731662,,,,,,,,,,,
0,0.075200809,2,14,GO:1902177,positive regulation of oxidative stress-induced intrinsic apoptotic signaling pathway,0.531731662,,,,,,,,,,,
0,0.075200809,4,14,GO:1902856,negative regulation of non-motile cilium assembly,0.531731662,,,,,,,,,,,
0,0.075200809,3,14,GO:1904849;GO:2000546,positive regulation of endothelial cell chemotaxis to fibroblast growth factor,0.531731662,,,,,,,,,,,
0,0.075200809,2,14,GO:1904885,beta-catenin destruction complex assembly,0.531731662,,,,,,,,,,,
0,0.075200809,2,14,GO:1905937;GO:2000254,regulation of male germ cell proliferation,0.531731662,,,,,,,,,,,
0,0.075200809,6,14,GO:2000481,positive regulation of cAMP-dependent protein kinase activity,0.531731662,,,,,,,,,,,
0,0.075489361,2,85,GO:0030511;GO:1903846,positive regulation of transforming growth factor beta receptor signaling pathway,0.533361372,,,,,,,,,,,
0,0.075696543,5,92,GO:1904645;GO:1904646,response to amyloid-beta,0.5344141,,,,,,,,,,,
0,0.075794965,2,171,GO:0016239,positive regulation of macroautophagy,0.534697964,,,,,,,,,,,
0,0.07640901,2,677,GO:0046661,male sex differentiation,0.538616087,,,,,,,,,,,
0,0.080055734,3,20,GO:0000052,citrulline metabolic process,0.541742174,,,,,,,,,,,
0,0.080878559,3,72,GO:0001502;GO:0098743,cell aggregation,0.541742174,,,,,,,,,,,
0,0.081373047,6,9,GO:0002788;GO:0002804;GO:0002810;GO:0006967,regulation of antifungal peptide production,0.541742174,,,,,,,,,,,
0,0.081373047,2,9,GO:0003011;GO:0002086,involuntary skeletal muscle contraction,0.541742174,,,,,,,,,,,
0,0.08017079,4,26,GO:0003146,heart jogging,0.541742174,,,,,,,,,,,
0,0.08017079,6,26,GO:0003264;GO:0003266,regulation of cardioblast proliferation,0.541742174,,,,,,,,,,,
0,0.078036146,2,32,GO:0007113,endomitotic cell cycle,0.541742174,,,,,,,,,,,
0,0.080055734,3,20,GO:0008628,hormone-mediated apoptotic signaling pathway,0.541742174,,,,,,,,,,,
0,0.081401878,2,554,GO:0010001,glial cell differentiation,0.541742174,,,,,,,,,,,
0,0.077945612,2,201,GO:0010470,regulation of gastrulation,0.541742174,,,,,,,,,,,
0,0.080055734,2,20,GO:0010571,positive regulation of nuclear cell cycle DNA replication,0.541742174,,,,,,,,,,,
0,0.081570977,3,79,GO:0010922,positive regulation of phosphatase activity,0.541742174,,,,,,,,,,,
0,0.081373047,2,9,GO:0016576,histone dephosphorylation,0.541742174,,,,,,,,,,,
0,0.08017079,4,26,GO:0019732,antifungal humoral response,0.541742174,,,,,,,,,,,
0,0.081373047,2,9,GO:0021775;GO:0021910;GO:0021776,smoothened signaling pathway involved in ventral spinal cord patterning,0.541742174,,,,,,,,,,,
0,0.081400492,3,330,GO:0030239;GO:0045214,myofibril assembly,0.541742174,,,,,,,,,,,
0,0.078036146,2,32,GO:0030708,germarium-derived female germ-line cyst encapsulation,0.541742174,,,,,,,,,,,
0,0.081480229,7,100,GO:0030888,regulation of B cell proliferation,0.541742174,,,,,,,,,,,
0,0.081373047,2,9,GO:0030997,regulation of centriole-centriole cohesion,0.541742174,,,,,,,,,,,
0,0.0802618,3,114,GO:0031952,regulation of protein autophosphorylation,0.541742174,,,,,,,,,,,
0,0.077760373,3,58,GO:0032332,positive regulation of chondrocyte differentiation,0.541742174,,,,,,,,,,,
0,0.077474849,2,135,GO:0032922,circadian regulation of gene expression,0.541742174,,,,,,,,,,,
0,0.078497195,2,128,GO:0033013,tetrapyrrole metabolic process,0.541742174,,,,,,,,,,,
0,0.078036146,3,32,GO:0033151,V(D)J recombination,0.541742174,,,,,,,,,,,
0,0.077474849,3,135,GO:0033627,cell adhesion mediated by integrin,0.541742174,,,,,,,,,,,
0,0.081373047,5,9,GO:0035630,bone mineralization involved in bone maturation,0.541742174,,,,,,,,,,,
0,0.080055734,2,20,GO:0035791,platelet-derived growth factor receptor-beta signaling pathway,0.541742174,,,,,,,,,,,
0,0.080055734,8,20,GO:0036289,peptidyl-serine autophosphorylation,0.541742174,,,,,,,,,,,
0,0.079877573,2,45,GO:0042023,DNA endoreduplication,0.541742174,,,,,,,,,,,
0,0.080055734,2,20,GO:0042688,crystal cell differentiation,0.541742174,,,,,,,,,,,
0,0.079877573,4,45,GO:0042994,cytoplasmic sequestering of transcription factor,0.541742174,,,,,,,,,,,
0,0.081260864,2,1815,GO:0043408,regulation of MAPK cascade,0.541742174,,,,,,,,,,,
0,0.081373047,2,9,GO:0043974,histone H3-K27 acetylation,0.541742174,,,,,,,,,,,
0,0.079877573,2,45,GO:0045655,regulation of monocyte differentiation,0.541742174,,,,,,,,,,,
0,0.08061362,2,224,GO:0045844;GO:0048636;GO:1901863,positive regulation of muscle organ development,0.541742174,,,,,,,,,,,
0,0.081373047,7,9,GO:0046038,GMP catabolic process,0.541742174,,,,,,,,,,,
0,0.078036146,4,32,GO:0046040,IMP metabolic process,0.541742174,,,,,,,,,,,
0,0.081373047,5,9,GO:0046368,GDP-L-fucose metabolic process,0.541742174,,,,,,,,,,,
0,0.079877573,7,45,GO:0048096,chromatin-mediated maintenance of transcription,0.541742174,,,,,,,,,,,
0,0.080055734,2,20,GO:0048251,elastic fiber assembly,0.541742174,,,,,,,,,,,
0,0.077760373,2,58,GO:0048485,sympathetic nervous system development,0.541742174,,,,,,,,,,,
0,0.078711894,5,375,GO:0048660,regulation of smooth muscle cell proliferation,0.541742174,,,,,,,,,,,
0,0.0802618,2,114,GO:0048680;GO:0070572,positive regulation of neuron projection regeneration,0.541742174,,,,,,,,,,,
0,0.081373047,2,9,GO:0050747;GO:1903059;GO:1903061,regulation of protein lipidation,0.541742174,,,,,,,,,,,
0,0.080055734,2,20,GO:0051256,mitotic spindle midzone assembly,0.541742174,,,,,,,,,,,
0,0.078036146,2,32,GO:0060174,limb bud formation,0.541742174,,,,,,,,,,,
0,0.080055734,5,20,GO:0060373,regulation of ventricular cardiac muscle cell membrane depolarization,0.541742174,,,,,,,,,,,
0,0.077760373,3,58,GO:0060445,branching involved in salivary gland morphogenesis,0.541742174,,,,,,,,,,,
0,0.080055734,2,20,GO:0060484,lung-associated mesenchyme development,0.541742174,,,,,,,,,,,
0,0.08017079,2,26,GO:0060638,mesenchymal-epithelial cell signaling,0.541742174,,,,,,,,,,,
0,0.080055734,2,20,GO:0060978,angiogenesis involved in coronary vascular morphogenesis,0.541742174,,,,,,,,,,,
0,0.078497195,2,128,GO:0061077,chaperone-mediated protein folding,0.541742174,,,,,,,,,,,
0,0.081373047,6,9,GO:0061084;GO:1903333,negative regulation of protein folding,0.541742174,,,,,,,,,,,
0,0.080055734,6,20,GO:0061321,garland nephrocyte differentiation,0.541742174,,,,,,,,,,,
0,0.081373047,2,9,GO:0061373,mammillary axonal complex development,0.541742174,,,,,,,,,,,
0,0.078036146,2,32,GO:0070544,histone H3-K36 demethylation,0.541742174,,,,,,,,,,,
0,0.08017079,6,26,GO:0070885;GO:0106057,negative regulation of calcineurin-NFAT signaling cascade,0.541742174,,,,,,,,,,,
0,0.080055734,3,20,GO:0070933,histone H4 deacetylation,0.541742174,,,,,,,,,,,
0,0.081373047,3,9,GO:0071640;GO:0071642,regulation of macrophage inflammatory protein 1 alpha production,0.541742174,,,,,,,,,,,
0,0.080055734,2,20,GO:0071706,tumor necrosis factor superfamily cytokine production,0.541742174,,,,,,,,,,,
0,0.081373047,7,9,GO:0071865;GO:0071866,regulation of apoptotic process in bone marrow cell,0.541742174,,,,,,,,,,,
0,0.079658058,4,65,GO:0090103,cochlea morphogenesis,0.541742174,,,,,,,,,,,
0,0.081570977,2,79,GO:0090398,cellular senescence,0.541742174,,,,,,,,,,,
0,0.08017079,5,26,GO:0097084,vascular associated smooth muscle cell development,0.541742174,,,,,,,,,,,
0,0.081373047,2,9,GO:0097155,fasciculation of sensory neuron axon,0.541742174,,,,,,,,,,,
0,0.080055734,2,20,GO:0099010,modification of postsynaptic structure,0.541742174,,,,,,,,,,,
0,0.081373047,6,9,GO:0150003,regulation of spontaneous synaptic transmission,0.541742174,,,,,,,,,,,
0,0.078036146,5,32,GO:0150105,protein localization to cell-cell junction,0.541742174,,,,,,,,,,,
0,0.08017079,9,26,GO:1900112,regulation of histone H3-K9 trimethylation,0.541742174,,,,,,,,,,,
0,0.077945612,2,201,GO:1900407;GO:1902882,regulation of response to oxidative stress,0.541742174,,,,,,,,,,,
0,0.081373047,4,9,GO:1902845,negative regulation of mitotic spindle elongation,0.541742174,,,,,,,,,,,
0,0.081373047,2,9,GO:1903860,negative regulation of dendrite extension,0.541742174,,,,,,,,,,,
0,0.08017079,2,26,GO:1904526,regulation of microtubule binding,0.541742174,,,,,,,,,,,
0,0.081373047,5,9,GO:1905051;GO:1905053,regulation of base-excision repair,0.541742174,,,,,,,,,,,
0,0.08017079,2,26,GO:1905666,regulation of protein localization to endosome,0.541742174,,,,,,,,,,,
0,0.081373047,3,9,GO:1905905,pharyngeal gland morphogenesis,0.541742174,,,,,,,,,,,
0,0.080055734,5,20,GO:2000172,regulation of branching morphogenesis of a nerve,0.541742174,,,,,,,,,,,
0,0.081373047,5,9,GO:2000828,regulation of parathyroid hormone secretion,0.541742174,,,,,,,,,,,
0,0.080955174,3,107,GO:2001222,regulation of neuron migration,0.541742174,,,,,,,,,,,
0,0.081847829,2,86,GO:0007096,regulation of exit from mitosis,0.542795891,,,,,,,,,,,
0,0.081795287,4,93,GO:0044319;GO:0090504;GO:0090505,epiboly,0.542795891,,,,,,,,,,,
0,0.082181232,2,315,GO:0051101,regulation of DNA binding,0.54461372,,,,,,,,,,,
0,0.082316718,5,664,GO:0090092,regulation of transmembrane receptor protein serine/threonine kinase signaling pathway,0.545118284,,,,,,,,,,,
0,0.08254106,3,1727,GO:0002520;GO:0030097;GO:0048534,immune system development,0.546210113,,,,,,,,,,,
0,0.082628639,4,384,GO:0008584;GO:0046546,development of primary male sexual characteristics,0.546396005,,,,,,,,,,,
0,0.083408548,2,52,GO:0042474,middle ear morphogenesis,0.550364591,,,,,,,,,,,
0,0.083408548,2,52,GO:0046856,phosphatidylinositol dephosphorylation,0.550364591,,,,,,,,,,,
0,0.083408548,2,52,GO:1904666,regulation of ubiquitin protein ligase activity,0.550364591,,,,,,,,,,,
0,0.083724102,4,129,GO:0006334,nucleosome assembly,0.552050163,,,,,,,,,,,
0,0.084753622,2,39,GO:0033334,fin morphogenesis,0.55745914,,,,,,,,,,,
0,0.084753622,5,39,GO:0043584,nose development,0.55745914,,,,,,,,,,,
0,0.084753622,5,39,GO:0060979,vasculogenesis involved in coronary vascular morphogenesis,0.55745914,,,,,,,,,,,
0,0.084787198,4,354,GO:2001242,regulation of intrinsic apoptotic signaling pathway,0.55745914,,,,,,,,,,,
0,0.084868695,2,122,GO:2001169,regulation of ATP biosynthetic process,0.557595822,,,,,,,,,,,
0,0.08494369,2,293,GO:0002262;GO:0030218;GO:0034101,myeloid cell homeostasis,0.557689628,,,,,,,,,,,
0,0.085797508,2,59,GO:0035909,aorta morphogenesis,0.562892938,,,,,,,,,,,
0,0.086104343,5,887,GO:0022407,regulation of cell-cell adhesion,0.56450278,,,,,,,,,,,
0,0.086946166,4,424,GO:0030522,intracellular receptor signaling pathway,0.569615215,,,,,,,,,,,
0,0.087327224,2,66,GO:0009415,response to water,0.57129669,,,,,,,,,,,
0,0.087327224,2,66,GO:1903010,regulation of bone development,0.57129669,,,,,,,,,,,
0,0.087576626,4,1047,GO:0060249,anatomical structure homeostasis,0.572520504,,,,,,,,,,,
0,0.087642013,2,627,GO:0051924,regulation of calcium ion transport,0.572540463,,,,,,,,,,,
0,0.088201095,2,73,GO:0007432,salivary gland boundary specification,0.574167578,,,,,,,,,,,
0,0.088203642,3,94,GO:0033046;GO:0051985,negative regulation of chromosome segregation,0.574167578,,,,,,,,,,,
0,0.087994883,3,635,GO:0043583;GO:0048839,ear development,0.574167578,,,,,,,,,,,
0,0.088201095,2,73,GO:0048147,negative regulation of fibroblast proliferation,0.574167578,,,,,,,,,,,
0,0.088201095,3,73,GO:0070868,heterochromatin organization involved in chromatin silencing,0.574167578,,,,,,,,,,,
0,0.088568465,4,80,GO:0003148,outflow tract septum morphogenesis,0.574506606,,,,,,,,,,,
0,0.08854102,3,87,GO:0010762,regulation of fibroblast migration,0.574506606,,,,,,,,,,,
0,0.08854102,3,87,GO:0060306,regulation of membrane repolarization,0.574506606,,,,,,,,,,,
0,0.08854102,2,87,GO:0071470,cellular response to osmotic stress,0.574506606,,,,,,,,,,,
0,0.088568465,2,80,GO:1901030;GO:1903749,positive regulation of establishment of protein localization to mitochondrion,0.574506606,,,,,,,,,,,
0,0.08935473,4,33,GO:0008348,negative regulation of antimicrobial humoral response,0.576874205,,,,,,,,,,,
0,0.08935473,2,33,GO:0021785,branchiomotor neuron axon guidance,0.576874205,,,,,,,,,,,
0,0.08912987,6,340,GO:0031333,negative regulation of protein-containing complex assembly,0.576874205,,,,,,,,,,,
0,0.089373108,3,174,GO:0034103,regulation of tissue remodeling,0.576874205,,,,,,,,,,,
0,0.08935473,3,33,GO:0035385,Roundabout signaling pathway,0.576874205,,,,,,,,,,,
0,0.089373108,-1,174,GO:0051193,obsolete regulation of cofactor metabolic process,0.576874205,,,,,,,,,,,
0,0.08935473,2,33,GO:0090254,cell elongation involved in imaginal disc-derived wing morphogenesis,0.576874205,,,,,,,,,,,
0,0.090617631,2,204,GO:0050864,regulation of B cell activation,0.584496445,,,,,,,,,,,
0,0.090754069,2,219,GO:2000379,positive regulation of reactive oxygen species metabolic process,0.5849657,,,,,,,,,,,
0,0.091523919,5,145,GO:0001755,neural crest cell migration,0.588688512,,,,,,,,,,,
0,0.091523919,5,145,GO:0001885,endothelial cell development,0.588688512,,,,,,,,,,,
0,0.091470209,3,272,GO:0009950,dorsal/ventral axis specification,0.588688512,,,,,,,,,,,
0,0.091900177,2,613,GO:0033157,regulation of intracellular protein transport,0.590694977,,,,,,,,,,,
0,0.093269413,2,15,GO:0006264,mitochondrial DNA replication,0.590813487,,,,,,,,,,,
0,0.093269413,4,15,GO:0009092;GO:0019346;GO:0070813;GO:0009403;GO:0070814,homoserine metabolic process,0.590813487,,,,,,,,,,,
0,0.092385792,6,53,GO:0010758;GO:1905521,regulation of macrophage migration,0.590813487,,,,,,,,,,,
0,0.093205258,2,138,GO:0032330,regulation of chondrocyte differentiation,0.590813487,,,,,,,,,,,
0,0.093269413,2,15,GO:0032489,regulation of Cdc42 protein signal transduction,0.590813487,,,,,,,,,,,
0,0.093269413,2,15,GO:0035280,miRNA loading onto RISC involved in gene silencing by miRNA,0.590813487,,,,,,,,,,,
0,0.093269413,2,15,GO:0038030;GO:0038031,non-canonical Wnt signaling pathway via MAPK cascade,0.590813487,,,,,,,,,,,
0,0.093269413,4,15,GO:0045991;GO:0045990;GO:0000429;GO:0000436;GO:0046016,carbon catabolite regulation of transcription,0.590813487,,,,,,,,,,,
0,0.093269413,3,15,GO:0048136,male germ-line cyst formation,0.590813487,,,,,,,,,,,
0,0.092385792,4,53,GO:0051016;GO:0051693,actin filament capping,0.590813487,,,,,,,,,,,
0,0.092385792,2,53,GO:0055115;GO:0043053,entry into diapause,0.590813487,,,,,,,,,,,
0,0.093185327,2,27,GO:0060052,neurofilament cytoskeleton organization,0.590813487,,,,,,,,,,,
0,0.093185327,2,27,GO:0060346;GO:0061430,bone trabecula morphogenesis,0.590813487,,,,,,,,,,,
0,0.093269413,2,15,GO:0060971,embryonic heart tube left/right pattern formation,0.590813487,,,,,,,,,,,
0,0.093185327,3,27,GO:0061051,positive regulation of cell growth involved in cardiac muscle cell development,0.590813487,,,,,,,,,,,
0,0.093269413,7,15,GO:0061309,cardiac neural crest cell development involved in outflow tract morphogenesis,0.590813487,,,,,,,,,,,
0,0.093269413,5,15,GO:0061419,positive regulation of transcription from RNA polymerase II promoter in response to hypoxia,0.590813487,,,,,,,,,,,
0,0.093185327,2,27,GO:0071676,negative regulation of mononuclear cell migration,0.590813487,,,,,,,,,,,
0,0.093269413,2,15,GO:1903376,regulation of oxidative stress-induced neuron intrinsic apoptotic signaling pathway,0.590813487,,,,,,,,,,,
0,0.093269413,2,15,GO:1904529;GO:1904616;GO:1904531;GO:1904618,regulation of actin filament binding,0.590813487,,,,,,,,,,,
0,0.093269413,2,15,GO:1990169,stress response to copper ion,0.590813487,,,,,,,,,,,
0,0.093767829,2,265,GO:0072331,signal transduction by p53 class mediator,0.593561346,,,,,,,,,,,
0,0.094325712,2,60,GO:0002691,regulation of cellular extravasation,0.595860842,,,,,,,,,,,
0,0.094325712,3,60,GO:0021783;GO:0048486,parasympathetic nervous system development,0.595860842,,,,,,,,,,,
0,0.094236893,7,175,GO:0043618;GO:0043620,regulation of DNA-templated transcription in response to stress,0.595860842,,,,,,,,,,,
0,0.095347363,2,1051,GO:0001655;GO:0072001,urogenital system development,0.595938079,,,,,,,,,,,
0,0.095239486,4,21,GO:0007319,negative regulation of oskar mRNA translation,0.595938079,,,,,,,,,,,
0,0.095440927,4,40,GO:0010511,regulation of phosphatidylinositol biosynthetic process,0.595938079,,,,,,,,,,,
0,0.095440927,2,40,GO:0010715,regulation of extracellular matrix disassembly,0.595938079,,,,,,,,,,,
0,0.095105865,5,220,GO:0010923;GO:0035305,negative regulation of dephosphorylation,0.595938079,,,,,,,,,,,
0,0.095131165,2,205,GO:0021795;GO:0022029;GO:0021885,forebrain cell migration,0.595938079,,,,,,,,,,,
0,0.095239486,2,21,GO:0034162,toll-like receptor 9 signaling pathway,0.595938079,,,,,,,,,,,
0,0.095440927,3,40,GO:0060602,branch elongation of an epithelium,0.595938079,,,,,,,,,,,
0,0.095239486,2,21,GO:0070099;GO:0070100,regulation of chemokine-mediated signaling pathway,0.595938079,,,,,,,,,,,
0,0.095239486,7,21,GO:0080111,DNA demethylation,0.595938079,,,,,,,,,,,
0,0.095440927,2,40,GO:0090200,positive regulation of release of cytochrome c from mitochondria,0.595938079,,,,,,,,,,,
0,0.095239486,2,21,GO:0090399,replicative senescence,0.595938079,,,,,,,,,,,
0,0.095239486,4,21,GO:0093002;GO:1901244;GO:1902097,obsolete positive regulation of transcription from RNA polymerase II promoter involved in defense response to fungus,0.595938079,,,,,,,,,,,
0,0.095239486,3,21,GO:0097345;GO:1902110,positive regulation of mitochondrial membrane permeability involved in apoptotic process,0.595938079,,,,,,,,,,,
0,0.095239486,2,21,GO:1902959;GO:1905245;GO:1902961;GO:1905247,regulation of aspartic-type endopeptidase activity involved in amyloid precursor protein catabolic process,0.595938079,,,,,,,,,,,
0,0.095239486,6,21,GO:1904847;GO:2000544,regulation of endothelial cell chemotaxis to fibroblast growth factor,0.595938079,,,,,,,,,,,
0,0.095239486,2,21,GO:1990000,amyloid fibril formation,0.595938079,,,,,,,,,,,
0,0.095570807,4,88,GO:0010613;GO:0014742,positive regulation of cardiac muscle hypertrophy,0.595938807,,,,,,,,,,,
0,0.095570807,2,88,GO:0044273,sulfur compound catabolic process,0.595938807,,,,,,,,,,,
0,0.09592365,3,74,GO:0002052,positive regulation of neuroblast proliferation,0.597327951,,,,,,,,,,,
0,0.09592365,2,74,GO:1901046,positive regulation of oviposition,0.597327951,,,,,,,,,,,
0,0.096259007,2,860,GO:0030100,regulation of endocytosis,0.599010147,,,,,,,,,,,
0,0.097641431,2,381,GO:0003015,heart process,0.607201454,,,,,,,,,,,
0,0.098382514,2,289,GO:0007272;GO:0008366;GO:0042552,ensheathment of neurons,0.611396069,,,,,,,,,,,
0,0.098752521,2,742,GO:0001822,kidney development,0.612452333,,,,,,,,,,,
0,0.098752521,2,742,GO:0002697,regulation of immune effector process,0.612452333,,,,,,,,,,,
0,0.098675364,2,655,GO:0016049;GO:0048588,cell growth,0.612452333,,,,,,,,,,,
0,0.098877959,4,139,GO:0006110;GO:0030811;GO:0051196,obsolete regulation of coenzyme metabolic process,0.612816498,,,,,,,,,,,
0,0.09946171,4,553,GO:0007178,transmembrane receptor protein serine/threonine kinase signaling pathway,0.613124703,,,,,,,,,,,
0,0.099178715,3,366,GO:0032273,positive regulation of protein polymerization,0.613124703,,,,,,,,,,,
0,0.099418574,3,47,GO:0032928;GO:0032930,regulation of superoxide anion generation,0.613124703,,,,,,,,,,,
0,0.099418574,5,47,GO:0038084,vascular endothelial growth factor signaling pathway,0.613124703,,,,,,,,,,,
0,0.099271517,3,176,GO:0046902;GO:0090559,regulation of membrane permeability,0.613124703,,,,,,,,,,,
0,0.099215801,3,1949,GO:0090066,regulation of anatomical structure size,0.613124703,,,,,,,,,,,
0,0.099442305,3,110,GO:1900026,positive regulation of substrate adhesion-dependent cell spreading,0.613124703,,,,,,,,,,,
0,0.099418574,4,47,GO:1903726,negative regulation of phospholipid metabolic process,0.613124703,,,,,,,,,,,
0,0.100388457,5,830,GO:2000027,regulation of animal organ morphogenesis,0.618422521,,,,,,,,,,,
0,0.101843051,2,421,GO:0001838;GO:0072175,epithelial tube formation,0.622650492,,,,,,,,,,,
0,0.1019151,2,54,GO:0002225;GO:0002760,positive regulation of antimicrobial humoral response,0.622650492,,,,,,,,,,,
0,0.10154536,2,34,GO:0021891,olfactory bulb interneuron development,0.622650492,,,,,,,,,,,
0,0.10154536,2,34,GO:0030502,negative regulation of bone mineralization,0.622650492,,,,,,,,,,,
0,0.1019151,4,54,GO:0042402;GO:0009310,cellular biogenic amine catabolic process,0.622650492,,,,,,,,,,,
0,0.1019151,4,54,GO:0046528;GO:0046529,imaginal disc fusion,0.622650492,,,,,,,,,,,
0,0.10154536,2,34,GO:0051574,positive regulation of histone H3-K9 methylation,0.622650492,,,,,,,,,,,
0,0.1019151,2,54,GO:0060278,regulation of ovulation,0.622650492,,,,,,,,,,,
0,0.10154536,2,34,GO:0060347,heart trabecula formation,0.622650492,,,,,,,,,,,
0,0.101956052,2,96,GO:0060856;GO:0060857,establishment of blood-brain barrier,0.622650492,,,,,,,,,,,
0,0.1019151,5,54,GO:0072578,neurotransmitter-gated ion channel clustering,0.622650492,,,,,,,,,,,
0,0.10154536,7,34,GO:0097201,negative regulation of transcription from RNA polymerase II promoter in response to stress,0.622650492,,,,,,,,,,,
0,0.10154536,5,34,GO:1902459,positive regulation of stem cell population maintenance,0.622650492,,,,,,,,,,,
0,0.102636379,4,147,GO:0007044;GO:0150115,cell-substrate junction assembly,0.626388797,,,,,,,,,,,
0,0.103344269,2,61,GO:0051569,regulation of histone H3-K4 methylation,0.629872001,,,,,,,,,,,
0,0.103344269,2,61,GO:1901522,positive regulation of transcription from RNA polymerase II promoter involved in cellular response to chemical stimulus,0.629872001,,,,,,,,,,,
0,0.103988526,4,68,GO:0000038,very long-chain fatty acid metabolic process,0.629971381,,,,,,,,,,,
0,0.104046444,2,75,GO:0010661,positive regulation of muscle cell apoptotic process,0.629971381,,,,,,,,,,,
0,0.104046444,2,75,GO:0060027,convergent extension involved in gastrulation,0.629971381,,,,,,,,,,,
0,0.103757151,5,298,GO:0060047;GO:0060048,heart contraction,0.629971381,,,,,,,,,,,
0,0.104046444,3,75,GO:0070884;GO:0106056,regulation of calcineurin-mediated signaling,0.629971381,,,,,,,,,,,
0,0.103664146,3,321,GO:1900006,positive regulation of dendrite development,0.629971381,,,,,,,,,,,
0,0.103661152,5,82,GO:1902473;GO:1902474,regulation of protein localization to synapse,0.629971381,,,,,,,,,,,
0,0.103988526,2,68,GO:2000331,regulation of terminal button organization,0.629971381,,,,,,,,,,,
0,0.103624006,2,237,GO:2000736,regulation of stem cell differentiation,0.629971381,,,,,,,,,,,
0,0.103672584,2,375,GO:2001020,regulation of response to DNA damage stimulus,0.629971381,,,,,,,,,,,
0,0.109007604,2,126,GO:0000245,spliceosomal complex assembly,0.63003781,,,,,,,,,,,
0,0.108160688,2,945,GO:0000280;GO:0048285,organelle fission,0.63003781,,,,,,,,,,,
0,0.106314064,3,10,GO:0001928;GO:0106020,regulation of vesicle docking,0.63003781,,,,,,,,,,,
0,0.110631173,2,5,GO:0002154,thyroid hormone mediated signaling pathway,0.63003781,,,,,,,,,,,
0,0.110631173,2,5,GO:0006014,D-ribose metabolic process,0.63003781,,,,,,,,,,,
0,0.110631173,2,5,GO:0007285,primary spermatocyte growth,0.63003781,,,,,,,,,,,
0,0.110631173,2,5,GO:0007504,larval fat body development,0.63003781,,,,,,,,,,,
0,0.10619649,2,268,GO:0007525,somatic muscle development,0.63003781,,,,,,,,,,,
0,0.104670713,2,2156,GO:0008284,positive regulation of cell population proliferation,0.63003781,,,,,,,,,,,
0,0.110631173,3,5,GO:0009256,10-formyltetrahydrofolate metabolic process,0.63003781,,,,,,,,,,,
0,0.110631173,2,5,GO:0009441,glycolate metabolic process,0.63003781,,,,,,,,,,,
0,0.109790982,5,1098,GO:0009896;GO:0031331,positive regulation of catabolic process,0.63003781,,,,,,,,,,,
0,0.110631173,7,5,GO:0010732;GO:0010734,regulation of protein glutathionylation,0.63003781,,,,,,,,,,,
0,0.110631173,4,5,GO:0010767,regulation of transcription from RNA polymerase II promoter in response to UV-induced DNA damage,0.63003781,,,,,,,,,,,
0,0.110631173,2,5,GO:0014734,skeletal muscle hypertrophy,0.63003781,,,,,,,,,,,
0,0.110631173,2,5,GO:0018985,pronuclear envelope synthesis,0.63003781,,,,,,,,,,,
0,0.106314064,4,10,GO:0019889,pteridine metabolic process,0.63003781,,,,,,,,,,,
0,0.110631173,2,5,GO:0021577,hindbrain structural organization,0.63003781,,,,,,,,,,,
0,0.106314064,3,10,GO:0021678,third ventricle development,0.63003781,,,,,,,,,,,
0,0.10726033,3,28,GO:0021683;GO:0021684;GO:0021707,cerebellar granular layer morphogenesis,0.63003781,,,,,,,,,,,
0,0.110631173,2,5,GO:0021817,nucleokinesis involved in cell motility in cerebral cortex radial glia guided migration,0.63003781,,,,,,,,,,,
0,0.109897824,2,675,GO:0030307,positive regulation of cell growth,0.63003781,,,,,,,,,,,
0,0.10726033,4,28,GO:0032075,positive regulation of nuclease activity,0.63003781,,,,,,,,,,,
0,0.110631173,4,5,GO:0032185,septin cytoskeleton organization,0.63003781,,,,,,,,,,,
0,0.106314064,4,10,GO:0032487,regulation of Rap protein signal transduction,0.63003781,,,,,,,,,,,
0,0.110642459,2,90,GO:0032648,regulation of interferon-beta production,0.63003781,,,,,,,,,,,
0,0.106314064,2,10,GO:0033211,adiponectin-activated signaling pathway,0.63003781,,,,,,,,,,,
0,0.106314064,2,10,GO:0034378,chylomicron assembly,0.63003781,,,,,,,,,,,
0,0.110631173,2,5,GO:0035513,oxidative RNA demethylation,0.63003781,,,,,,,,,,,
0,0.104414162,3,118,GO:0035914,skeletal muscle cell differentiation,0.63003781,,,,,,,,,,,
0,0.110631173,2,5,GO:0036363;GO:0071604,transforming growth factor beta activation,0.63003781,,,,,,,,,,,
0,0.106148892,5,111,GO:0040026,positive regulation of vulval development,0.63003781,,,,,,,,,,,
0,0.10726033,2,28,GO:0042118,endothelial cell activation,0.63003781,,,,,,,,,,,
0,0.110631173,4,5,GO:0042350,GDP-L-fucose biosynthetic process,0.63003781,,,,,,,,,,,
0,0.110631173,2,5,GO:0043132,NAD transport,0.63003781,,,,,,,,,,,
0,0.109438762,4,163,GO:0043331,response to dsRNA,0.63003781,,,,,,,,,,,
0,0.106150295,2,155,GO:0043470,regulation of carbohydrate catabolic process,0.63003781,,,,,,,,,,,
0,0.108501443,3,148,GO:0043550;GO:0043551,regulation of lipid kinase activity,0.63003781,,,,,,,,,,,
0,0.10726033,3,28,GO:0043923,positive regulation by host of viral transcription,0.63003781,,,,,,,,,,,
0,0.110129982,2,48,GO:0044030,regulation of DNA methylation,0.63003781,,,,,,,,,,,
0,0.106314064,3,10,GO:0044866;GO:0044867;GO:1903015;GO:0044868;GO:0044869;GO:0052403;GO:1903016;GO:0052199;GO:0052422;GO:0052203;GO:0044870;GO:0044871,modulation by host of viral molecular function,0.63003781,,,,,,,,,,,
0,0.107789089,3,104,GO:0045739,positive regulation of DNA repair,0.63003781,,,,,,,,,,,
0,0.110631173,3,5,GO:0045901,positive regulation of translational elongation,0.63003781,,,,,,,,,,,
0,0.110631173,2,5,GO:0045967,negative regulation of growth rate,0.63003781,,,,,,,,,,,
0,0.106314064,2,10,GO:0046946;GO:0046947,hydroxylysine metabolic process,0.63003781,,,,,,,,,,,
0,0.110129982,4,48,GO:0048139,female germ-line cyst encapsulation,0.63003781,,,,,,,,,,,
0,0.110631173,5,5,GO:0048899,anterior lateral line development,0.63003781,,,,,,,,,,,
0,0.106148892,2,111,GO:0051145,smooth muscle cell differentiation,0.63003781,,,,,,,,,,,
0,0.110631173,6,5,GO:0051176,positive regulation of sulfur metabolic process,0.63003781,,,,,,,,,,,
0,0.110129982,2,48,GO:0051354,negative regulation of oxidoreductase activity,0.63003781,,,,,,,,,,,
0,0.10726033,4,28,GO:0051597,response to methylmercury,0.63003781,,,,,,,,,,,
0,0.10726033,4,28,GO:0051663,oocyte nucleus localization involved in oocyte dorsal/ventral axis specification,0.63003781,,,,,,,,,,,
0,0.110631173,3,5,GO:0060051,negative regulation of protein glycosylation,0.63003781,,,,,,,,,,,
0,0.10726033,5,28,GO:0060192,negative regulation of lipase activity,0.63003781,,,,,,,,,,,
0,0.109007604,4,126,GO:0061005;GO:0035850,cell differentiation involved in kidney development,0.63003781,,,,,,,,,,,
0,0.110631173,3,5,GO:0061444,endocardial cushion cell development,0.63003781,,,,,,,,,,,
0,0.110631173,4,5,GO:0070318,positive regulation of G0 to G1 transition,0.63003781,,,,,,,,,,,
0,0.106314064,4,10,GO:0070602,regulation of centromeric sister chromatid cohesion,0.63003781,,,,,,,,,,,
0,0.106314064,5,10,GO:0071638,negative regulation of monocyte chemotactic protein-1 production,0.63003781,,,,,,,,,,,
0,0.106314064,5,10,GO:0072131;GO:0072133,kidney mesenchyme morphogenesis,0.63003781,,,,,,,,,,,
0,0.10726033,2,28,GO:0072224,metanephric glomerulus development,0.63003781,,,,,,,,,,,
0,0.106314064,2,10,GO:0072513,positive regulation of secondary heart field cardioblast proliferation,0.63003781,,,,,,,,,,,
0,0.110631173,3,5,GO:0090210,regulation of establishment of blood-brain barrier,0.63003781,,,,,,,,,,,
0,0.106314064,4,10,GO:0090271,positive regulation of fibroblast growth factor production,0.63003781,,,,,,,,,,,
0,0.106856591,6,41,GO:0090335;GO:0090336,regulation of brown fat cell differentiation,0.63003781,,,,,,,,,,,
0,0.10726033,3,28,GO:0090557,establishment of endothelial intestinal barrier,0.63003781,,,,,,,,,,,
0,0.106314064,8,10,GO:0097296;GO:2001269,activation of cysteine-type endopeptidase activity involved in apoptotic signaling pathway,0.63003781,,,,,,,,,,,
0,0.110631173,3,5,GO:0098884;GO:0140239,postsynaptic neurotransmitter receptor internalization,0.63003781,,,,,,,,,,,
0,0.106314064,3,10,GO:0098885,modification of postsynaptic actin cytoskeleton,0.63003781,,,,,,,,,,,
0,0.106314064,9,10,GO:0150018;GO:0150019;GO:0150020,basal dendrite arborization,0.63003781,,,,,,,,,,,
0,0.110631173,2,5,GO:1900246,positive regulation of RIG-I signaling pathway,0.63003781,,,,,,,,,,,
0,0.106314064,2,10,GO:1901355;GO:0072752,response to rapamycin,0.63003781,,,,,,,,,,,
0,0.106314064,2,10,GO:1901648,regulation of actomyosin contractile ring localization,0.63003781,,,,,,,,,,,
0,0.110631173,4,5,GO:1902109,negative regulation of mitochondrial membrane permeability involved in apoptotic process,0.63003781,,,,,,,,,,,
0,0.106314064,7,10,GO:1902724,positive regulation of skeletal muscle satellite cell proliferation,0.63003781,,,,,,,,,,,
0,0.106314064,6,10,GO:1903031;GO:1903033,positive regulation of microtubule plus-end binding,0.63003781,,,,,,,,,,,
0,0.110631173,3,5,GO:1903045,neural crest cell migration involved in sympathetic nervous system development,0.63003781,,,,,,,,,,,
0,0.110631173,5,5,GO:1903048,regulation of acetylcholine-gated cation channel activity,0.63003781,,,,,,,,,,,
0,0.110631173,2,5,GO:1903526,negative regulation of membrane tubulation,0.63003781,,,,,,,,,,,
0,0.104414162,3,118,GO:1903533,regulation of protein targeting,0.63003781,,,,,,,,,,,
0,0.110631173,3,5,GO:1903610,regulation of calcium-dependent ATPase activity,0.63003781,,,,,,,,,,,
0,0.110631173,2,5,GO:1903613,regulation of protein tyrosine phosphatase activity,0.63003781,,,,,,,,,,,
0,0.110631173,5,5,GO:1904020,regulation of G protein-coupled receptor internalization,0.63003781,,,,,,,,,,,
0,0.110631173,3,5,GO:1904323;GO:1904325,regulation of inhibitory G protein-coupled receptor phosphorylation,0.63003781,,,,,,,,,,,
0,0.110631173,2,5,GO:1904643,response to curcumin,0.63003781,,,,,,,,,,,
0,0.110631173,2,5,GO:1904760,regulation of myofibroblast differentiation,0.63003781,,,,,,,,,,,
0,0.106314064,2,10,GO:1904800,negative regulation of neuron remodeling,0.63003781,,,,,,,,,,,
0,0.110631173,2,5,GO:1905696,regulation of polysome binding,0.63003781,,,,,,,,,,,
0,0.106314064,2,10,GO:1905908,positive regulation of amyloid fibril formation,0.63003781,,,,,,,,,,,
0,0.110631173,2,5,GO:1990264,peptidyl-tyrosine dephosphorylation involved in inactivation of protein kinase activity,0.63003781,,,,,,,,,,,
0,0.110631173,2,5,GO:2000111,positive regulation of macrophage apoptotic process,0.63003781,,,,,,,,,,,
0,0.110631173,2,5,GO:2000329,negative regulation of T-helper 17 cell lineage commitment,0.63003781,,,,,,,,,,,
0,0.110631173,10,5,GO:2000620,positive regulation of histone H4-K16 acetylation,0.63003781,,,,,,,,,,,
0,0.110631173,5,5,GO:2001229,negative regulation of response to gamma radiation,0.63003781,,,,,,,,,,,
0,0.108150112,3,937,GO:2001233,regulation of apoptotic signaling pathway,0.63003781,,,,,,,,,,,
0,0.110873077,2,141,GO:0045069,regulation of viral genome replication,0.630959858,,,,,,,,,,,
0,0.113171695,3,16,GO:0001957;GO:0036072,direct ossification,0.631136625,,,,,,,,,,,
0,0.113171695,3,16,GO:0002664,regulation of T cell tolerance induction,0.631136625,,,,,,,,,,,
0,0.111992202,3,55,GO:0002921,negative regulation of humoral immune response,0.631136625,,,,,,,,,,,
0,0.113171695,4,16,GO:0006563,L-serine metabolic process,0.631136625,,,,,,,,,,,
0,0.113074068,2,692,GO:0008037,cell recognition,0.631136625,,,,,,,,,,,
0,0.112978409,6,69,GO:0008363;GO:0042337;GO:0035293,larval chitin-based cuticle development,0.631136625,,,,,,,,,,,
0,0.111756584,2,1965,GO:0009057;GO:0044265,macromolecule catabolic process,0.631136625,,,,,,,,,,,
0,0.111992202,5,55,GO:0009786,regulation of asymmetric cell division,0.631136625,,,,,,,,,,,
0,0.113171695,2,16,GO:0021769,orbitofrontal cortex development,0.631136625,,,,,,,,,,,
0,0.113171695,2,16,GO:0031053,primary miRNA processing,0.631136625,,,,,,,,,,,
0,0.111992202,2,55,GO:0033301;GO:0035186,cell cycle comprising mitosis without cytokinesis,0.631136625,,,,,,,,,,,
0,0.112568184,2,76,GO:0034629,cellular protein-containing complex localization,0.631136625,,,,,,,,,,,
0,0.111767586,8,22,GO:0034720,histone H3-K4 demethylation,0.631136625,,,,,,,,,,,
0,0.111767586,5,22,GO:0035989,tendon development,0.631136625,,,,,,,,,,,
0,0.113171695,2,16,GO:0042364,water-soluble vitamin biosynthetic process,0.631136625,,,,,,,,,,,
0,0.112920337,2,362,GO:0045185,maintenance of protein location,0.631136625,,,,,,,,,,,
0,0.113171695,2,16,GO:0046015,regulation of transcription by glucose,0.631136625,,,,,,,,,,,
0,0.113171695,2,16,GO:0048302;GO:0048304,regulation of isotype switching to IgG isotypes,0.631136625,,,,,,,,,,,
0,0.111756219,3,83,GO:0061384,heart trabecula morphogenesis,0.631136625,,,,,,,,,,,
0,0.112850158,2,62,GO:0070229,negative regulation of lymphocyte apoptotic process,0.631136625,,,,,,,,,,,
0,0.113171695,2,16,GO:0070841;GO:0070842,inclusion body assembly,0.631136625,,,,,,,,,,,
0,0.111992202,2,55,GO:0071243,cellular response to arsenic-containing substance,0.631136625,,,,,,,,,,,
0,0.113171695,2,16,GO:0071475,cellular hyperosmotic salinity response,0.631136625,,,,,,,,,,,
0,0.111091583,4,119,GO:0072332,intrinsic apoptotic signaling pathway by p53 class mediator,0.631136625,,,,,,,,,,,
0,0.111767586,2,22,GO:0072383;GO:0072386,plus-end-directed organelle transport along microtubule,0.631136625,,,,,,,,,,,
0,0.113171695,3,16,GO:1900019;GO:1900020,regulation of protein kinase C activity,0.631136625,,,,,,,,,,,
0,0.113171695,2,16,GO:1900223,positive regulation of amyloid-beta clearance,0.631136625,,,,,,,,,,,
0,0.113076286,2,479,GO:1902115,regulation of organelle assembly,0.631136625,,,,,,,,,,,
0,0.112978409,2,69,GO:1902895,positive regulation of pri-miRNA transcription by RNA polymerase II,0.631136625,,,,,,,,,,,
0,0.113171695,6,16,GO:1903236,regulation of leukocyte tethering or rolling,0.631136625,,,,,,,,,,,
0,0.113171695,3,16,GO:1904636;GO:1904637,cellular response to ionomycin,0.631136625,,,,,,,,,,,
0,0.113171695,2,16,GO:1990791,dorsal root ganglion development,0.631136625,,,,,,,,,,,
0,0.111767586,6,22,GO:2000138,positive regulation of cell proliferation involved in heart morphogenesis,0.631136625,,,,,,,,,,,
0,0.113329024,6,605,GO:1901215,negative regulation of neuron death,0.631630513,,,,,,,,,,,
0,0.1145899,2,35,GO:0009047,dosage compensation by hyperactivation of X chromosome,0.63634113,,,,,,,,,,,
0,0.1145899,2,35,GO:0010225,response to UV-C,0.63634113,,,,,,,,,,,
0,0.1145899,2,35,GO:0035202,tracheal pit formation in open tracheal system,0.63634113,,,,,,,,,,,
0,0.114518065,5,316,GO:0042659;GO:0010453,regulation of cell fate commitment,0.63634113,,,,,,,,,,,
0,0.1145899,2,35,GO:0045061,thymic T cell selection,0.63634113,,,,,,,,,,,
0,0.1145899,2,35,GO:0048318,axial mesoderm development,0.63634113,,,,,,,,,,,
0,0.115093956,2,105,GO:0032663,regulation of interleukin-2 production,0.638754068,,,,,,,,,,,
0,0.116465096,4,255,GO:0007492,endoderm development,0.64558353,,,,,,,,,,,
0,0.116465096,2,255,GO:0045778,positive regulation of ossification,0.64558353,,,,,,,,,,,
0,0.116562506,2,278,GO:0016525;GO:2000181;GO:1901343,negative regulation of vasculature development,0.645733788,,,,,,,,,,,
0,0.117540935,2,309,GO:0035264,multicellular organism growth,0.650761595,,,,,,,,,,,
0,0.118117509,2,187,GO:0002011,morphogenesis of an epithelial sheet,0.65238083,,,,,,,,,,,
0,0.118017779,2,157,GO:0014911,positive regulation of smooth muscle cell migration,0.65238083,,,,,,,,,,,
0,0.118025053,2,120,GO:0033077,T cell differentiation in thymus,0.65238083,,,,,,,,,,,
0,0.11810304,2,263,GO:0051225,spindle assembly,0.65238083,,,,,,,,,,,
0,0.118282884,3,172,GO:0030500;GO:0070167;GO:0110149,regulation of biomineral tissue development,0.652509486,,,,,,,,,,,
0,0.118282884,2,172,GO:0046165,alcohol biosynthetic process,0.652509486,,,,,,,,,,,
0,0.118469405,2,1255,GO:0043410,positive regulation of MAPK cascade,0.653146149,,,,,,,,,,,
0,0.118903763,2,348,GO:0009755,hormone-mediated signaling pathway,0.655147611,,,,,,,,,,,
0,0.11939621,2,607,GO:0002696;GO:0050867;GO:0051251,positive regulation of cell activation,0.657072613,,,,,,,,,,,
0,0.119360074,2,294,GO:0048259,regulation of receptor-mediated endocytosis,0.657072613,,,,,,,,,,,
0,0.119906201,4,481,GO:0007422,peripheral nervous system development,0.659484107,,,,,,,,,,,
0,0.120241088,5,926,GO:1901214,regulation of neuron death,0.660930215,,,,,,,,,,,
0,0.12037956,2,113,GO:1900408;GO:1902883;GO:1903202,negative regulation of response to oxidative stress,0.661295607,,,,,,,,,,,
0,0.120884652,2,497,GO:0000302,response to reactive oxygen species,0.663673356,,,,,,,,,,,
0,0.122403209,4,70,GO:0003171;GO:0003181,atrioventricular valve development,0.665250579,,,,,,,,,,,
0,0.122359574,4,29,GO:0006525,arginine metabolic process,0.665250579,,,,,,,,,,,
0,0.1222766,4,2617,GO:0007420;GO:0060322,head development,0.665250579,,,,,,,,,,,
0,0.121457,2,49,GO:0010560;GO:1903020,positive regulation of glycoprotein metabolic process,0.665250579,,,,,,,,,,,
0,0.122022129,2,719,GO:0022613,ribonucleoprotein complex biogenesis,0.665250579,,,,,,,,,,,
0,0.122403209,5,70,GO:0030041,actin filament polymerization,0.665250579,,,,,,,,,,,
0,0.121486071,3,77,GO:0030206;GO:0050650,chondroitin sulfate proteoglycan biosynthetic process,0.665250579,,,,,,,,,,,
0,0.121486071,2,77,GO:0030903,notochord development,0.665250579,,,,,,,,,,,
0,0.122359574,2,29,GO:0033169,histone H3-K9 demethylation,0.665250579,,,,,,,,,,,
0,0.122359574,6,29,GO:0035542,regulation of SNARE complex assembly,0.665250579,,,,,,,,,,,
0,0.122359574,5,29,GO:0043501,skeletal muscle adaptation,0.665250579,,,,,,,,,,,
0,0.122359574,2,29,GO:0045618,positive regulation of keratinocyte differentiation,0.665250579,,,,,,,,,,,
0,0.122022129,2,719,GO:0045765;GO:1901342,regulation of vasculature development,0.665250579,,,,,,,,,,,
0,0.122359574,2,29,GO:0071472,cellular response to salt stress,0.665250579,,,,,,,,,,,
0,0.122359574,4,29,GO:0099563,modification of synaptic structure,0.665250579,,,,,,,,,,,
0,0.122066171,2,218,GO:1903725,regulation of phospholipid metabolic process,0.665250579,,,,,,,,,,,
0,0.122403209,2,70,GO:1904263,positive regulation of TORC1 signaling,0.665250579,,,,,,,,,,,
0,0.122609925,3,56,GO:0048036,central complex development,0.665586385,,,,,,,,,,,
0,0.122609925,2,56,GO:1900120,regulation of receptor binding,0.665586385,,,,,,,,,,,
0,0.1230555,2,203,GO:0060415;GO:0055008,muscle tissue morphogenesis,0.667610615,,,,,,,,,,,
0,0.123735465,2,143,GO:0007406;GO:2000178,negative regulation of neural precursor cell proliferation,0.670852244,,,,,,,,,,,
0,0.12379908,4,656,GO:0044772;GO:0044770,cell cycle phase transition,0.670852244,,,,,,,,,,,
0,0.124226411,2,173,GO:0002168,instar larval development,0.672770982,,,,,,,,,,,
0,0.124376734,3,272,GO:0006661,phosphatidylinositol biosynthetic process,0.673188154,,,,,,,,,,,
0,0.126258763,4,420,GO:0071478,cellular response to radiation,0.682972166,,,,,,,,,,,
0,0.127722074,2,265,GO:0007052,mitotic spindle organization,0.690481018,,,,,,,,,,,
0,0.12790164,3,114,GO:0032481,positive regulation of type I interferon production,0.690638777,,,,,,,,,,,
0,0.12790164,4,114,GO:0048708,astrocyte differentiation,0.690638777,,,,,,,,,,,
0,0.129568587,2,23,GO:0010612;GO:1903242,regulation of cardiac muscle adaptation,0.69555083,,,,,,,,,,,
0,0.129568587,2,23,GO:0010761,fibroblast migration,0.69555083,,,,,,,,,,,
0,0.129568587,7,23,GO:0014012,peripheral nervous system axon regeneration,0.69555083,,,,,,,,,,,
0,0.129568587,3,23,GO:0044342,type B pancreatic cell proliferation,0.69555083,,,,,,,,,,,
0,0.129568587,4,23,GO:0045819,positive regulation of glycogen catabolic process,0.69555083,,,,,,,,,,,
0,0.129034041,2,85,GO:0051154,negative regulation of striated muscle cell differentiation,0.69555083,,,,,,,,,,,
0,0.129568587,4,23,GO:0051352,negative regulation of ligase activity,0.69555083,,,,,,,,,,,
0,0.129568587,2,23,GO:0060056,mammary gland involution,0.69555083,,,,,,,,,,,
0,0.129568587,3,23,GO:0060430,lung saccule development,0.69555083,,,,,,,,,,,
0,0.129568587,2,23,GO:0071896,protein localization to adherens junction,0.69555083,,,,,,,,,,,
0,0.129984056,2,658,GO:0048705,skeletal system morphogenesis,0.697373571,,,,,,,,,,,
0,0.130906793,2,312,GO:0000077;GO:0031570,DNA integrity checkpoint,0.700473865,,,,,,,,,,,
0,0.132655957,2,122,GO:0000212,meiotic spindle organization,0.700473865,,,,,,,,,,,
0,0.133758267,2,57,GO:0001782,B cell homeostasis,0.700473865,,,,,,,,,,,
0,0.133785738,3,11,GO:0002191,cap-dependent translational initiation,0.700473865,,,,,,,,,,,
0,0.133785738,5,11,GO:0002667;GO:0002911,regulation of lymphocyte anergy,0.700473865,,,,,,,,,,,
0,0.134756377,7,17,GO:0003373;GO:0003374,dynamin family protein polymerization involved in mitochondrial fission,0.700473865,,,,,,,,,,,
0,0.131257324,2,579,GO:0008593,regulation of Notch signaling pathway,0.700473865,,,,,,,,,,,
0,0.133785738,2,11,GO:0009396,folic acid-containing compound biosynthetic process,0.700473865,,,,,,,,,,,
0,0.134756377,3,17,GO:0010193,response to ozone,0.700473865,,,,,,,,,,,
0,0.133785738,2,11,GO:0010360,negative regulation of anion channel activity,0.700473865,,,,,,,,,,,
0,0.133386259,2,50,GO:0010586,miRNA metabolic process,0.700473865,,,,,,,,,,,
0,0.133785738,2,11,GO:0010693,negative regulation of alkaline phosphatase activity,0.700473865,,,,,,,,,,,
0,0.133300482,2,64,GO:0014850,response to muscle activity,0.700473865,,,,,,,,,,,
0,0.133785738,5,11,GO:0015074,DNA integration,0.700473865,,,,,,,,,,,
0,0.134756377,2,17,GO:0015936,coenzyme A metabolic process,0.700473865,,,,,,,,,,,
0,0.132866611,2,643,GO:0022898;GO:0032409;GO:0032412,regulation of transporter activity,0.700473865,,,,,,,,,,,
0,0.133386259,2,50,GO:0031453;GO:0045799;GO:0120263,positive regulation of chromatin assembly or disassembly,0.700473865,,,,,,,,,,,
0,0.133785738,4,11,GO:0032049,cardiolipin biosynthetic process,0.700473865,,,,,,,,,,,
0,0.131815306,4,43,GO:0032516,positive regulation of phosphoprotein phosphatase activity,0.700473865,,,,,,,,,,,
0,0.133785738,5,11,GO:0034163;GO:0034165,positive regulation of toll-like receptor 9 signaling pathway,0.700473865,,,,,,,,,,,
0,0.133386259,5,50,GO:0035290,trunk segmentation,0.700473865,,,,,,,,,,,
0,0.130795803,3,78,GO:0042634,regulation of hair cycle,0.700473865,,,,,,,,,,,
0,0.133785738,3,11,GO:0046672,positive regulation of compound eye retinal cell programmed cell death,0.700473865,,,,,,,,,,,
0,0.132655957,4,122,GO:0048483,autonomic nervous system development,0.700473865,,,,,,,,,,,
0,0.134756377,2,17,GO:0048688;GO:0048692,negative regulation of sprouting of injured axon,0.700473865,,,,,,,,,,,
0,0.133785738,4,11,GO:0051096,positive regulation of helicase activity,0.700473865,,,,,,,,,,,
0,0.133785738,6,11,GO:0051105;GO:0051106,regulation of DNA ligation,0.700473865,,,,,,,,,,,
0,0.133386259,2,50,GO:0051769;GO:0051770,regulation of nitric-oxide synthase biosynthetic process,0.700473865,,,,,,,,,,,
0,0.131214326,6,794,GO:0052548;GO:0052547,regulation of peptidase activity,0.700473865,,,,,,,,,,,
0,0.133785738,2,11,GO:0060030,dorsal convergence,0.700473865,,,,,,,,,,,
0,0.134756377,2,17,GO:0060371,regulation of atrial cardiac muscle cell membrane depolarization,0.700473865,,,,,,,,,,,
0,0.130795803,3,78,GO:0060512;GO:0060740,prostate gland morphogenesis,0.700473865,,,,,,,,,,,
0,0.133785738,2,11,GO:0060737,prostate gland morphogenetic growth,0.700473865,,,,,,,,,,,
0,0.134756377,4,17,GO:0060770,negative regulation of epithelial cell proliferation involved in prostate gland development,0.700473865,,,,,,,,,,,
0,0.133785738,2,11,GO:0071440,regulation of histone H3-K14 acetylation,0.700473865,,,,,,,,,,,
0,0.134756377,2,17,GO:0071557,histone H3-K27 demethylation,0.700473865,,,,,,,,,,,
0,0.133785738,2,11,GO:0071787,endoplasmic reticulum tubular network formation,0.700473865,,,,,,,,,,,
0,0.134756377,3,17,GO:0090647,modulation of age-related behavioral decline,0.700473865,,,,,,,,,,,
0,0.133785738,3,11,GO:0097187,dentinogenesis,0.700473865,,,,,,,,,,,
0,0.133785738,2,11,GO:0097350,neutrophil clearance,0.700473865,,,,,,,,,,,
0,0.133785738,2,11,GO:0097359,UDP-glucosylation,0.700473865,,,,,,,,,,,
0,0.134022053,1,152,GO:0098754;GO:0098869;GO:1990748,detoxification,0.700473865,,,,,,,,,,,
0,0.134756377,2,17,GO:1900272,negative regulation of long-term synaptic potentiation,0.700473865,,,,,,,,,,,
0,0.133785738,3,11,GO:1901075,negative regulation of engulfment of apoptotic cell,0.700473865,,,,,,,,,,,
0,0.133785738,5,11,GO:1901552;GO:1903142,positive regulation of endothelial cell development,0.700473865,,,,,,,,,,,
0,0.134756377,4,17,GO:1902407;GO:1903475,assembly of actomyosin apparatus involved in mitotic cytokinesis,0.700473865,,,,,,,,,,,
0,0.133785738,2,11,GO:1902564,negative regulation of neutrophil activation,0.700473865,,,,,,,,,,,
0,0.13195723,2,289,GO:1903036,positive regulation of response to wounding,0.700473865,,,,,,,,,,,
0,0.134756377,4,17,GO:1903265,positive regulation of tumor necrosis factor-mediated signaling pathway,0.700473865,,,,,,,,,,,
0,0.133785738,4,11,GO:1903297;GO:1903298,negative regulation of hypoxia-induced intrinsic apoptotic signaling pathway,0.700473865,,,,,,,,,,,
0,0.133785738,3,11,GO:1903748,negative regulation of establishment of protein localization to mitochondrion,0.700473865,,,,,,,,,,,
0,0.133785738,2,11,GO:1904177,regulation of adipose tissue development,0.700473865,,,,,,,,,,,
0,0.134756377,2,17,GO:1905459,regulation of vascular associated smooth muscle cell apoptotic process,0.700473865,,,,,,,,,,,
0,0.133386259,3,50,GO:1905489,regulation of sensory neuron axon guidance,0.700473865,,,,,,,,,,,
0,0.133785738,2,11,GO:2000343,positive regulation of chemokine (C-X-C motif) ligand 2 production,0.700473865,,,,,,,,,,,
0,0.135564959,3,313,GO:0021675,nerve development,0.704278366,,,,,,,,,,,
0,0.135760907,5,93,GO:0006778;GO:0042168,porphyrin-containing compound metabolic process,0.704897643,,,,,,,,,,,
0,0.136324908,4,259,GO:0007304;GO:0030703;GO:0007306;GO:0045229,eggshell formation,0.707118585,,,,,,,,,,,
0,0.136342625,4,454,GO:0060348,bone development,0.707118585,,,,,,,,,,,
0,0.136827303,2,462,GO:0051604,protein maturation,0.709231819,,,,,,,,,,,
0,0.137002633,2,130,GO:0045599,negative regulation of fat cell differentiation,0.709340015,,,,,,,,,,,
0,0.13696422,4,407,GO:1901988;GO:1901991,negative regulation of cell cycle phase transition,0.709340015,,,,,,,,,,,
0,0.137460311,6,145,GO:0048841,regulation of axon extension involved in axon guidance,0.711308707,,,,,,,,,,,
0,0.138436993,2,30,GO:0007562;GO:0008062,eclosion,0.712748754,,,,,,,,,,,
0,0.138436993,2,30,GO:0010737,protein kinase A signaling,0.712748754,,,,,,,,,,,
0,0.138436993,3,30,GO:0030038;GO:0043149,stress fiber assembly,0.712748754,,,,,,,,,,,
0,0.138436993,2,30,GO:0030948,negative regulation of vascular endothelial growth factor receptor signaling pathway,0.712748754,,,,,,,,,,,
0,0.138436993,2,30,GO:0035510,DNA dealkylation,0.712748754,,,,,,,,,,,
0,0.138436993,2,30,GO:0040016,embryonic cleavage,0.712748754,,,,,,,,,,,
0,0.138436993,2,30,GO:0045144,meiotic sister chromatid segregation,0.712748754,,,,,,,,,,,
0,0.138436993,3,30,GO:0071637,regulation of monocyte chemotactic protein-1 production,0.712748754,,,,,,,,,,,
0,0.138436993,4,30,GO:0090527,actin filament reorganization,0.712748754,,,,,,,,,,,
0,0.138740358,5,108,GO:0046688,response to copper ion,0.713910467,,,,,,,,,,,
0,0.138901362,4,502,GO:0008064;GO:0030832;GO:0030833,regulation of actin filament length,0.714338753,,,,,,,,,,,
0,0.139223661,2,275,GO:0097306,cellular response to alcohol,0.715595592,,,,,,,,,,,
0,0.140491602,2,79,GO:0060441,epithelial tube branching involved in lung morphogenesis,0.721708819,,,,,,,,,,,
0,0.140985563,2,138,GO:1902017,regulation of cilium assembly,0.723841474,,,,,,,,,,,
0,0.143133387,3,37,GO:0007295,growth of a germarium-derived egg chamber,0.730341738,,,,,,,,,,,
0,0.142389313,2,214,GO:0010160;GO:0048859,formation of anatomical boundary,0.730341738,,,,,,,,,,,
0,0.143133387,2,37,GO:0021559,trigeminal nerve development,0.730341738,,,,,,,,,,,
0,0.142532951,3,72,GO:0045070,positive regulation of viral genome replication,0.730341738,,,,,,,,,,,
0,0.143133387,2,37,GO:0045779;GO:0046851,negative regulation of bone remodeling,0.730341738,,,,,,,,,,,
0,0.143205821,2,991,GO:0045787,positive regulation of cell cycle,0.730341738,,,,,,,,,,,
0,0.143133387,3,37,GO:0045955,negative regulation of calcium ion-dependent exocytosis,0.730341738,,,,,,,,,,,
0,0.143133387,4,37,GO:0046599,regulation of centriole replication,0.730341738,,,,,,,,,,,
0,0.143132014,2,686,GO:0051260,protein homooligomerization,0.730341738,,,,,,,,,,,
0,0.143133387,2,37,GO:0061327,anterior Malpighian tubule development,0.730341738,,,,,,,,,,,
0,0.142532951,4,72,GO:1905314,semi-lunar valve development,0.730341738,,,,,,,,,,,
0,0.143133387,4,37,GO:1905710;GO:0035794,positive regulation of membrane permeability,0.730341738,,,,,,,,,,,
0,0.145017618,4,354,GO:0000070;GO:0000819,sister chromatid segregation,0.732648874,,,,,,,,,,,
0,0.145959007,3,992,GO:0001101,response to acid chemical,0.732648874,,,,,,,,,,,
0,0.153032681,4,1213,GO:0001501,skeletal system development,0.732648874,,,,,,,,,,,
0,0.147190827,3,109,GO:0001941,postsynaptic membrane organization,0.732648874,,,,,,,,,,,
0,0.144227642,3,65,GO:0001945,lymph vessel development,0.732648874,,,,,,,,,,,
0,0.147734531,2,87,GO:0003009,skeletal muscle contraction,0.732648874,,,,,,,,,,,
0,0.153230102,2,6,GO:0005991,trehalose metabolic process,0.732648874,,,,,,,,,,,
0,0.148556964,4,24,GO:0006000,fructose metabolic process,0.732648874,,,,,,,,,,,
0,0.144103046,2,161,GO:0006090,pyruvate metabolic process,0.732648874,,,,,,,,,,,
0,0.153230102,2,6,GO:0006561,proline biosynthetic process,0.732648874,,,,,,,,,,,
0,0.153230102,3,6,GO:0006599;GO:0006603,phosphocreatine metabolic process,0.732648874,,,,,,,,,,,
0,0.145424495,3,58,GO:0006921;GO:0030262,cellular component disassembly involved in execution phase of apoptosis,0.732648874,,,,,,,,,,,
0,0.150279872,6,223,GO:0007140,male meiotic nuclear division,0.732648874,,,,,,,,,,,
0,0.147734531,4,87,GO:0007475,apposition of dorsal and ventral imaginal disc-derived wing surfaces,0.732648874,,,,,,,,,,,
0,0.153230102,4,6,GO:0009436,glyoxylate catabolic process,0.732648874,,,,,,,,,,,
0,0.153230102,2,6,GO:0010424,DNA methylation on cytosine within a CG sequence,0.732648874,,,,,,,,,,,
0,0.153230102,2,6,GO:0010520,regulation of reciprocal meiotic recombination,0.732648874,,,,,,,,,,,
0,0.146342078,2,207,GO:0010660,regulation of muscle cell apoptotic process,0.732648874,,,,,,,,,,,
0,0.1453174,2,44,GO:0010801,negative regulation of peptidyl-threonine phosphorylation,0.732648874,,,,,,,,,,,
0,0.153230102,5,6,GO:0010908;GO:0010909;GO:1902730,positive regulation of proteoglycan biosynthetic process,0.732648874,,,,,,,,,,,
0,0.14712838,2,936,GO:0010959,regulation of metal ion transport,0.732648874,,,,,,,,,,,
0,0.14690105,2,292,GO:0014066,regulation of phosphatidylinositol 3-kinase signaling,0.732648874,,,,,,,,,,,
0,0.153230102,2,6,GO:0014735;GO:0014737,regulation of muscle atrophy,0.732648874,,,,,,,,,,,
0,0.153230102,3,6,GO:0014873,response to muscle activity involved in regulation of muscle adaptation,0.732648874,,,,,,,,,,,
0,0.153230102,2,6,GO:0015880;GO:0035349;GO:0080121,coenzyme A transport,0.732648874,,,,,,,,,,,
0,0.151107848,4,162,GO:0019359;GO:0019363;GO:0072525,pyridine-containing compound biosynthetic process,0.732648874,,,,,,,,,,,
0,0.153230102,2,6,GO:0019853,L-ascorbic acid biosynthetic process,0.732648874,,,,,,,,,,,
0,0.147734531,2,87,GO:0021511;GO:0021513,spinal cord patterning,0.732648874,,,,,,,,,,,
0,0.14590088,4,51,GO:0021889,olfactory bulb interneuron differentiation,0.732648874,,,,,,,,,,,
0,0.145424495,3,58,GO:0030949,positive regulation of vascular endothelial growth factor receptor signaling pathway,0.732648874,,,,,,,,,,,
0,0.153230102,2,6,GO:0031048;GO:0070923,heterochromatin assembly by small RNA,0.732648874,,,,,,,,,,,
0,0.1453174,4,44,GO:0032483,regulation of Rab protein signal transduction,0.732648874,,,,,,,,,,,
0,0.153230102,2,6,GO:0032621,interleukin-18 production,0.732648874,,,,,,,,,,,
0,0.144596947,2,131,GO:0032768;GO:0050999,regulation of monooxygenase activity,0.732648874,,,,,,,,,,,
0,0.153230102,5,6,GO:0032912,negative regulation of transforming growth factor beta2 production,0.732648874,,,,,,,,,,,
0,0.153230102,2,6,GO:0033484,nitric oxide homeostasis,0.732648874,,,,,,,,,,,
0,0.153230102,2,6,GO:0033615;GO:0043461,proton-transporting ATP synthase complex assembly,0.732648874,,,,,,,,,,,
0,0.153230102,2,6,GO:0034436,glycoprotein transport,0.732648874,,,,,,,,,,,
0,0.153230102,3,6,GO:0035191,nuclear axial expansion,0.732648874,,,,,,,,,,,
0,0.153230102,2,6,GO:0035609,C-terminal protein deglutamylation,0.732648874,,,,,,,,,,,
0,0.153230102,2,6,GO:0035928,rRNA import into mitochondrion,0.732648874,,,,,,,,,,,
0,0.148556964,3,24,GO:0035988,chondrocyte proliferation,0.732648874,,,,,,,,,,,
0,0.148556964,3,24,GO:0038092,nodal signaling pathway,0.732648874,,,,,,,,,,,
0,0.144227642,2,65,GO:0040037,negative regulation of fibroblast growth factor receptor signaling pathway,0.732648874,,,,,,,,,,,
0,0.153230102,4,6,GO:0042126,nitrate metabolic process,0.732648874,,,,,,,,,,,
0,0.153230102,2,6,GO:0042365,water-soluble vitamin catabolic process,0.732648874,,,,,,,,,,,
0,0.152035883,2,147,GO:0042733,embryonic digit morphogenesis,0.732648874,,,,,,,,,,,
0,0.152058707,5,1164,GO:0043254,regulation of protein-containing complex assembly,0.732648874,,,,,,,,,,,
0,0.153230102,2,6,GO:0043988,histone H3-S28 phosphorylation,0.732648874,,,,,,,,,,,
0,0.148292435,2,124,GO:0045604,regulation of epidermal cell differentiation,0.732648874,,,,,,,,,,,
0,0.14705293,2,169,GO:0045669,positive regulation of osteoblast differentiation,0.732648874,,,,,,,,,,,
0,0.148486125,2,568,GO:0045732,positive regulation of protein catabolic process,0.732648874,,,,,,,,,,,
0,0.153230102,2,6,GO:0046110,xanthine metabolic process,0.732648874,,,,,,,,,,,
0,0.14590088,4,51,GO:0046112,nucleobase biosynthetic process,0.732648874,,,,,,,,,,,
0,0.153230102,2,6,GO:0046340,diacylglycerol catabolic process,0.732648874,,,,,,,,,,,
0,0.153230102,2,6,GO:0046370,fructose biosynthetic process,0.732648874,,,,,,,,,,,
0,0.148556964,5,24,GO:0048319,axial mesoderm morphogenesis,0.732648874,,,,,,,,,,,
0,0.153230102,2,6,GO:0048378,regulation of lateral mesodermal cell fate specification,0.732648874,,,,,,,,,,,
0,0.153230102,2,6,GO:0048549,positive regulation of pinocytosis,0.732648874,,,,,,,,,,,
0,0.153230102,2,6,GO:0048677,axon extension involved in regeneration,0.732648874,,,,,,,,,,,
0,0.153230102,5,6,GO:0048817,negative regulation of hair follicle maturation,0.732648874,,,,,,,,,,,
0,0.148556964,2,24,GO:0048845,venous blood vessel morphogenesis,0.732648874,,,,,,,,,,,
0,0.153230102,6,6,GO:0048895;GO:0048897;GO:0048931;GO:0048932;GO:0048937;GO:0048938;GO:0048941;GO:0048942,posterior lateral line nerve glial cell differentiation,0.732648874,,,,,,,,,,,
0,0.14590088,2,51,GO:0050765,negative regulation of phagocytosis,0.732648874,,,,,,,,,,,
0,0.153230102,2,6,GO:0051097,negative regulation of helicase activity,0.732648874,,,,,,,,,,,
0,0.144227642,2,65,GO:0051220,cytoplasmic sequestering of protein,0.732648874,,,,,,,,,,,
0,0.14817133,3,192,GO:0051491,positive regulation of filopodium assembly,0.732648874,,,,,,,,,,,
0,0.153230102,2,6,GO:0051563,smooth endoplasmic reticulum calcium ion homeostasis,0.732648874,,,,,,,,,,,
0,0.153230102,3,6,GO:0051684,maintenance of Golgi location,0.732648874,,,,,,,,,,,
0,0.146188611,2,323,GO:0051983;GO:0033045,regulation of chromosome segregation,0.732648874,,,,,,,,,,,
0,0.148556964,2,24,GO:0060049,regulation of protein glycosylation,0.732648874,,,,,,,,,,,
0,0.153221185,2,73,GO:0060117,auditory receptor cell development,0.732648874,,,,,,,,,,,
0,0.153230102,6,6,GO:0060177,regulation of angiotensin metabolic process,0.732648874,,,,,,,,,,,
0,0.153230102,2,6,GO:0060264,regulation of respiratory burst involved in inflammatory response,0.732648874,,,,,,,,,,,
0,0.153230102,4,6,GO:0060595;GO:0060615;GO:0060667;GO:0060915,mesenchymal cell differentiation involved in lung development,0.732648874,,,,,,,,,,,
0,0.148556964,2,24,GO:0060717;GO:1903867,extraembryonic membrane development,0.732648874,,,,,,,,,,,
0,0.148556964,5,24,GO:0061081,positive regulation of myeloid leukocyte cytokine production involved in immune response,0.732648874,,,,,,,,,,,
0,0.145424495,2,58,GO:0062009,secondary palate development,0.732648874,,,,,,,,,,,
0,0.153230102,5,6,GO:0070086,ubiquitin-dependent endocytosis,0.732648874,,,,,,,,,,,
0,0.148007254,5,154,GO:0070206,protein trimerization,0.732648874,,,,,,,,,,,
0,0.153230102,3,6,GO:0070242,thymocyte apoptotic process,0.732648874,,,,,,,,,,,
0,0.153230102,2,6,GO:0070427,nucleotide-binding oligomerization domain containing 1 signaling pathway,0.732648874,,,,,,,,,,,
0,0.148556964,4,24,GO:0071698;GO:0030910;GO:0071699,olfactory placode development,0.732648874,,,,,,,,,,,
0,0.14590088,2,51,GO:0071850,mitotic cell cycle arrest,0.732648874,,,,,,,,,,,
0,0.153230102,2,6,GO:0072139,glomerular parietal epithelial cell differentiation,0.732648874,,,,,,,,,,,
0,0.153230102,2,6,GO:0072194,kidney smooth muscle tissue development,0.732648874,,,,,,,,,,,
0,0.14464276,2,146,GO:0086001,cardiac muscle cell action potential,0.732648874,,,,,,,,,,,
0,0.152068406,6,117,GO:0086002;GO:0086003,cardiac muscle cell contraction,0.732648874,,,,,,,,,,,
0,0.153230102,2,6,GO:0090256,regulation of cell proliferation involved in imaginal disc-derived wing morphogenesis,0.732648874,,,,,,,,,,,
0,0.153230102,3,6,GO:1900158,negative regulation of bone mineralization involved in bone maturation,0.732648874,,,,,,,,,,,
0,0.148556964,3,24,GO:1900221,regulation of amyloid-beta clearance,0.732648874,,,,,,,,,,,
0,0.151107466,2,324,GO:1901136,carbohydrate derivative catabolic process,0.732648874,,,,,,,,,,,
0,0.148556964,3,24,GO:1902176,negative regulation of oxidative stress-induced intrinsic apoptotic signaling pathway,0.732648874,,,,,,,,,,,
0,0.148556964,3,24,GO:1902514,regulation of calcium ion transmembrane transport via high voltage-gated calcium channel,0.732648874,,,,,,,,,,,
0,0.153230102,2,6,GO:1902728,positive regulation of growth factor dependent skeletal muscle satellite cell proliferation,0.732648874,,,,,,,,,,,
0,0.153230102,3,6,GO:1902822;GO:1903335,regulation of vacuolar transport,0.732648874,,,,,,,,,,,
0,0.1453174,2,44,GO:1902894,negative regulation of pri-miRNA transcription by RNA polymerase II,0.732648874,,,,,,,,,,,
0,0.153230102,2,6,GO:1902908,regulation of melanosome transport,0.732648874,,,,,,,,,,,
0,0.153230102,3,6,GO:1902962;GO:1902963,negative regulation of metalloendopeptidase activity involved in amyloid precursor protein catabolic process,0.732648874,,,,,,,,,,,
0,0.1453174,2,44,GO:1903358,regulation of Golgi organization,0.732648874,,,,,,,,,,,
0,0.153230102,2,6,GO:1903394,protein localization to kinetochore involved in kinetochore assembly,0.732648874,,,,,,,,,,,
0,0.147137896,2,331,GO:1903828,negative regulation of cellular protein localization,0.732648874,,,,,,,,,,,
0,0.153230102,2,6,GO:1904046,negative regulation of vascular endothelial growth factor production,0.732648874,,,,,,,,,,,
0,0.153230102,4,6,GO:1904638,response to resveratrol,0.732648874,,,,,,,,,,,
0,0.153230102,2,6,GO:1904978,regulation of endosome organization,0.732648874,,,,,,,,,,,
0,0.148556964,2,24,GO:1905456;GO:2000973,regulation of lymphoid progenitor cell differentiation,0.732648874,,,,,,,,,,,
0,0.153230102,10,6,GO:1905460,negative regulation of vascular associated smooth muscle cell apoptotic process,0.732648874,,,,,,,,,,,
0,0.153230102,4,6,GO:1905616;GO:1905618,positive regulation of miRNA mediated inhibition of translation,0.732648874,,,,,,,,,,,
0,0.153230102,2,6,GO:1905804,positive regulation of cellular response to manganese ion,0.732648874,,,,,,,,,,,
0,0.153230102,2,6,GO:1990401,embryonic lung development,0.732648874,,,,,,,,,,,
0,0.153230102,3,6,GO:1990481,mRNA pseudouridine synthesis,0.732648874,,,,,,,,,,,
0,0.153230102,3,6,GO:1990790;GO:1990792,response to glial cell derived neurotrophic factor,0.732648874,,,,,,,,,,,
0,0.148556964,5,24,GO:2000035,regulation of stem cell division,0.732648874,,,,,,,,,,,
0,0.153230102,4,6,GO:2000275,regulation of oxidative phosphorylation uncoupler activity,0.732648874,,,,,,,,,,,
0,0.153230102,3,6,GO:2000346,negative regulation of hepatocyte proliferation,0.732648874,,,,,,,,,,,
0,0.153230102,2,6,GO:2000394,positive regulation of lamellipodium morphogenesis,0.732648874,,,,,,,,,,,
0,0.153230102,2,6,GO:2000435,negative regulation of protein neddylation,0.732648874,,,,,,,,,,,
0,0.150661129,3,102,GO:2000648,positive regulation of stem cell proliferation,0.732648874,,,,,,,,,,,
0,0.153230102,2,6,GO:2001256,regulation of store-operated calcium entry,0.732648874,,,,,,,,,,,
0,0.154140871,2,95,GO:2000107,negative regulation of leukocyte apoptotic process,0.736620137,,,,,,,,,,,
0,0.154231672,2,309,GO:1903959,regulation of anion transmembrane transport,0.736670778,,,,,,,,,,,
0,0.154509517,3,216,GO:0042067,establishment of ommatidial planar polarity,0.737614298,,,,,,,,,,,
0,0.155061261,2,971,GO:0097305,response to alcohol,0.73986373,,,,,,,,,,,
0,0.155437809,2,31,GO:0007252,I-kappaB phosphorylation,0.740122488,,,,,,,,,,,
0,0.155437809,3,31,GO:0042953;GO:0044872,lipoprotein localization,0.740122488,,,,,,,,,,,
0,0.155437809,3,31,GO:0045136,development of secondary sexual characteristics,0.740122488,,,,,,,,,,,
0,0.155300512,6,155,GO:1900024,regulation of substrate adhesion-dependent cell spreading,0.740122488,,,,,,,,,,,
0,0.155607725,2,66,GO:0090322,regulation of superoxide metabolic process,0.740164142,,,,,,,,,,,
0,0.155607725,3,66,GO:1902003;GO:1902991,regulation of amyloid precursor protein catabolic process,0.740164142,,,,,,,,,,,
0,0.158562904,3,38,GO:0003157,endocardium development,0.740793627,,,,,,,,,,,
0,0.158562904,4,38,GO:0006298,mismatch repair,0.740793627,,,,,,,,,,,
0,0.157593267,6,59,GO:0006693;GO:0006692,prostaglandin metabolic process,0.740793627,,,,,,,,,,,
0,0.156409448,3,1948,GO:0007167,enzyme linked receptor protein signaling pathway,0.740793627,,,,,,,,,,,
0,0.157852043,3,18,GO:0007172,signal complex assembly,0.740793627,,,,,,,,,,,
0,0.158562904,3,38,GO:0009200,deoxyribonucleoside triphosphate metabolic process,0.740793627,,,,,,,,,,,
0,0.157603343,3,88,GO:0010559;GO:1903018,regulation of glycoprotein metabolic process,0.740793627,,,,,,,,,,,
0,0.158562904,2,38,GO:0010566,regulation of ketone biosynthetic process,0.740793627,,,,,,,,,,,
0,0.158562904,2,38,GO:0010649,regulation of cell communication by electrical coupling,0.740793627,,,,,,,,,,,
0,0.158562904,2,38,GO:0021681,cerebellar granular layer development,0.740793627,,,,,,,,,,,
0,0.157852043,2,18,GO:0022417,protein maturation by protein folding,0.740793627,,,,,,,,,,,
0,0.157852043,2,18,GO:0030037,actin filament reorganization involved in cell cycle,0.740793627,,,,,,,,,,,
0,0.155919052,4,110,GO:0031112;GO:0031116,positive regulation of microtubule polymerization or depolymerization,0.740793627,,,,,,,,,,,
0,0.157593267,2,59,GO:0032735,positive regulation of interleukin-12 production,0.740793627,,,,,,,,,,,
0,0.157603343,5,88,GO:0035166;GO:0035167,post-embryonic hemopoiesis,0.740793627,,,,,,,,,,,
0,0.157852043,2,18,GO:0036109,alpha-linolenic acid metabolic process,0.740793627,,,,,,,,,,,
0,0.157852043,3,18,GO:0038065,collagen-activated signaling pathway,0.740793627,,,,,,,,,,,
0,0.156615118,2,178,GO:0042737,drug catabolic process,0.740793627,,,,,,,,,,,
0,0.158562904,3,38,GO:0045161,neuronal ion channel clustering,0.740793627,,,,,,,,,,,
0,0.158562904,4,38,GO:0045314,regulation of compound eye photoreceptor development,0.740793627,,,,,,,,,,,
0,0.158562904,2,38,GO:0048642,negative regulation of skeletal muscle tissue development,0.740793627,,,,,,,,,,,
0,0.157603343,5,88,GO:0050926;GO:0050927,regulation of positive chemotaxis,0.740793627,,,,,,,,,,,
0,0.157852043,7,18,GO:0051561,positive regulation of mitochondrial calcium ion concentration,0.740793627,,,,,,,,,,,
0,0.157852043,2,18,GO:0060353;GO:0060355,regulation of cell adhesion molecule production,0.740793627,,,,,,,,,,,
0,0.157852043,2,18,GO:0071284,cellular response to lead ion,0.740793627,,,,,,,,,,,
0,0.157852043,5,18,GO:0090244,Wnt signaling pathway involved in somitogenesis,0.740793627,,,,,,,,,,,
0,0.157852043,2,18,GO:0097368,establishment of Sertoli cell barrier,0.740793627,,,,,,,,,,,
0,0.157593267,3,59,GO:1901071,glucosamine-containing compound metabolic process,0.740793627,,,,,,,,,,,
0,0.156289004,2,286,GO:1901216,positive regulation of neuron death,0.740793627,,,,,,,,,,,
0,0.157852043,3,18,GO:1901685;GO:1901687,glutathione derivative metabolic process,0.740793627,,,,,,,,,,,
0,0.157852043,2,18,GO:1904683,regulation of metalloendopeptidase activity,0.740793627,,,,,,,,,,,
0,0.157852043,2,18,GO:1904781,positive regulation of protein localization to centrosome,0.740793627,,,,,,,,,,,
0,0.157852043,2,18,GO:1905802;GO:1905803,regulation of cellular response to manganese ion,0.740793627,,,,,,,,,,,
0,0.159063468,2,186,GO:0007442;GO:0061525,hindgut development,0.741247058,,,,,,,,,,,
0,0.159063468,2,186,GO:0035162,embryonic hemopoiesis,0.741247058,,,,,,,,,,,
0,0.158980671,3,52,GO:0048016,inositol phosphate-mediated signaling,0.741247058,,,,,,,,,,,
0,0.158980671,2,52,GO:0051340,regulation of ligase activity,0.741247058,,,,,,,,,,,
0,0.159466552,3,45,GO:0005981;GO:0043471,regulation of cellular carbohydrate catabolic process,0.741620394,,,,,,,,,,,
0,0.159466552,3,45,GO:0006379,mRNA cleavage,0.741620394,,,,,,,,,,,
0,0.159466552,3,45,GO:0032069,regulation of nuclease activity,0.741620394,,,,,,,,,,,
0,0.159466552,2,45,GO:0090201,negative regulation of release of cytochrome c from mitochondria,0.741620394,,,,,,,,,,,
0,0.159835524,2,103,GO:0002931,response to ischemia,0.742584366,,,,,,,,,,,
0,0.159835524,2,103,GO:0034198;GO:1990928,response to amino acid starvation,0.742584366,,,,,,,,,,,
0,0.160232099,2,619,GO:0001700,embryonic development via the syncytial blastoderm,0.744050472,,,,,,,,,,,
0,0.16064617,2,118,GO:0006165;GO:0046939,nucleotide phosphorylation,0.745219735,,,,,,,,,,,
0,0.16064617,6,118,GO:2000008,regulation of protein localization to cell surface,0.745219735,,,,,,,,,,,
0,0.161011085,3,81,GO:0060317,cardiac epithelial to mesenchymal transition,0.746043679,,,,,,,,,,,
0,0.161067459,2,171,GO:0071675,regulation of mononuclear cell migration,0.746043679,,,,,,,,,,,
0,0.161011085,4,81,GO:0090313;GO:0090314,regulation of protein targeting to membrane,0.746043679,,,,,,,,,,,
0,0.163372271,2,12,GO:0000395,mRNA 5'-splice site recognition,0.746104552,,,,,,,,,,,
0,0.163372271,2,12,GO:0001306;GO:0007571,age-dependent response to oxidative stress,0.746104552,,,,,,,,,,,
0,0.163436294,4,202,GO:0007455;GO:0035214,eye-antennal disc development,0.746104552,,,,,,,,,,,
0,0.163372271,2,12,GO:0009204,deoxyribonucleoside triphosphate catabolic process,0.746104552,,,,,,,,,,,
0,0.163372271,2,12,GO:0010637,negative regulation of mitochondrial fusion,0.746104552,,,,,,,,,,,
0,0.163372271,3,12,GO:0019470,4-hydroxyproline catabolic process,0.746104552,,,,,,,,,,,
0,0.163372271,3,12,GO:0021592,fourth ventricle development,0.746104552,,,,,,,,,,,
0,0.163372271,2,12,GO:0031991,regulation of actomyosin contractile ring contraction,0.746104552,,,,,,,,,,,
0,0.163372271,2,12,GO:0046629,gamma-delta T cell activation,0.746104552,,,,,,,,,,,
0,0.162564795,2,256,GO:0048644,muscle organ morphogenesis,0.746104552,,,,,,,,,,,
0,0.163372271,5,12,GO:0048696,regulation of collateral sprouting in absence of injury,0.746104552,,,,,,,,,,,
0,0.163372271,2,12,GO:0051029,rRNA transport,0.746104552,,,,,,,,,,,
0,0.163372271,4,12,GO:0051306,mitotic sister chromatid separation,0.746104552,,,,,,,,,,,
0,0.163372271,3,12,GO:0060268,negative regulation of respiratory burst,0.746104552,,,,,,,,,,,
0,0.163372271,2,12,GO:0061073,ciliary body morphogenesis,0.746104552,,,,,,,,,,,
0,0.163372271,5,12,GO:0072385,minus-end-directed organelle transport along microtubule,0.746104552,,,,,,,,,,,
0,0.163372271,2,12,GO:0072656,maintenance of protein location in mitochondrion,0.746104552,,,,,,,,,,,
0,0.163372271,4,12,GO:0090238,positive regulation of arachidonic acid secretion,0.746104552,,,,,,,,,,,
0,0.163372271,2,12,GO:0090240,positive regulation of histone H4 acetylation,0.746104552,,,,,,,,,,,
0,0.163372271,5,12,GO:0090427,activation of meiosis,0.746104552,,,,,,,,,,,
0,0.163372271,2,12,GO:0097324,melanocyte migration,0.746104552,,,,,,,,,,,
0,0.163372271,5,12,GO:0099590,neurotransmitter receptor internalization,0.746104552,,,,,,,,,,,
0,0.163372271,2,12,GO:1900368,regulation of RNA interference,0.746104552,,,,,,,,,,,
0,0.163372271,3,12,GO:1902172,regulation of keratinocyte apoptotic process,0.746104552,,,,,,,,,,,
0,0.163372271,3,12,GO:1903276;GO:1903278,regulation of sodium ion export across plasma membrane,0.746104552,,,,,,,,,,,
0,0.163249449,5,413,GO:1905330,regulation of morphogenesis of an epithelium,0.746104552,,,,,,,,,,,
0,0.163372271,2,12,GO:1905490,negative regulation of sensory neuron axon guidance,0.746104552,,,,,,,,,,,
0,0.163372271,2,12,GO:1990441,negative regulation of transcription from RNA polymerase II promoter in response to endoplasmic reticulum stress,0.746104552,,,,,,,,,,,
0,0.163372271,3,12,GO:2000223,regulation of BMP signaling pathway involved in heart jogging,0.746104552,,,,,,,,,,,
0,0.163617758,2,179,GO:0034644,cellular response to UV,0.746561903,,,,,,,,,,,
0,0.163804727,5,96,GO:0010882,regulation of cardiac muscle contraction by calcium ion signaling,0.746673159,,,,,,,,,,,
0,0.163804727,2,96,GO:0021799,cerebral cortex radially oriented cell migration,0.746673159,,,,,,,,,,,
0,0.164124232,6,141,GO:0045879,negative regulation of smoothened signaling pathway,0.74775847,,,,,,,,,,,
0,0.164311031,2,74,GO:0048311,mitochondrion distribution,0.748238384,,,,,,,,,,,
0,0.164910392,6,126,GO:0015909,long-chain fatty acid transport,0.749481422,,,,,,,,,,,
0,0.164910392,4,126,GO:0030513,positive regulation of BMP signaling pathway,0.749481422,,,,,,,,,,,
0,0.164910392,3,126,GO:0034446,substrate adhesion-dependent cell spreading,0.749481422,,,,,,,,,,,
0,0.164910392,2,126,GO:0045124;GO:0046850,regulation of bone remodeling,0.749481422,,,,,,,,,,,
0,0.165684649,6,164,GO:0045793,positive regulation of cell size,0.752627843,,,,,,,,,,,
0,0.168635687,6,25,GO:0001746;GO:0055034,Bolwig's organ development,0.758901904,,,,,,,,,,,
0,0.168635687,2,25,GO:0003140,determination of left/right asymmetry in lateral mesoderm,0.758901904,,,,,,,,,,,
0,0.168635687,2,25,GO:0010359,regulation of anion channel activity,0.758901904,,,,,,,,,,,
0,0.168614701,2,351,GO:0010389;GO:1902749,regulation of cell cycle G2/M phase transition,0.758901904,,,,,,,,,,,
0,0.168635687,2,25,GO:0016584,nucleosome positioning,0.758901904,,,,,,,,,,,
0,0.167328639,2,288,GO:0035265,organ growth,0.758901904,,,,,,,,,,,
0,0.168635687,6,25,GO:0035751,regulation of lysosomal lumen pH,0.758901904,,,,,,,,,,,
0,0.167426887,2,67,GO:0036335,intestinal stem cell homeostasis,0.758901904,,,,,,,,,,,
0,0.168635687,4,25,GO:0042447,hormone catabolic process,0.758901904,,,,,,,,,,,
0,0.168635687,2,25,GO:0042689,regulation of crystal cell differentiation,0.758901904,,,,,,,,,,,
0,0.168635687,2,25,GO:0043497,regulation of protein heterodimerization activity,0.758901904,,,,,,,,,,,
0,0.168635687,3,25,GO:0045717,negative regulation of fatty acid biosynthetic process,0.758901904,,,,,,,,,,,
0,0.168635687,5,25,GO:0048263,determination of dorsal identity,0.758901904,,,,,,,,,,,
0,0.168635687,4,25,GO:0060525,prostate glandular acinus development,0.758901904,,,,,,,,,,,
0,0.167807536,2,89,GO:0061036,positive regulation of cartilage development,0.758901904,,,,,,,,,,,
0,0.168635687,2,25,GO:0072044,collecting duct development,0.758901904,,,,,,,,,,,
0,0.168635687,2,25,GO:0090308,regulation of DNA methylation-dependent heterochromatin assembly,0.758901904,,,,,,,,,,,
0,0.168635687,2,25,GO:1905097,regulation of guanyl-nucleotide exchange factor activity,0.758901904,,,,,,,,,,,
0,0.169477681,4,119,GO:0002440,production of molecular mediator of immune response,0.762317581,,,,,,,,,,,
0,0.169743762,2,265,GO:0018107;GO:0018210,peptidyl-threonine modification,0.763140702,,,,,,,,,,,
0,0.170476012,3,157,GO:0060443,mammary gland morphogenesis,0.765683214,,,,,,,,,,,
0,0.170476012,2,157,GO:2001021,negative regulation of response to DNA damage stimulus,0.765683214,,,,,,,,,,,
0,0.171303569,5,662,GO:0050773,regulation of dendrite development,0.769024086,,,,,,,,,,,
0,0.171696863,2,2489,GO:0043066;GO:0043069;GO:0060548,negative regulation of cell death,0.770036957,,,,,,,,,,,
0,0.171613566,2,1285,GO:0071407,cellular response to organic cyclic compound,0.770036957,,,,,,,,,,,
0,0.172033486,2,211,GO:0016203,muscle attachment,0.771170119,,,,,,,,,,,
0,0.172244287,2,407,GO:0090288,negative regulation of cellular response to growth factor stimulus,0.771738427,,,,,,,,,,,
0,0.17260235,5,53,GO:0048312,intracellular distribution of mitochondria,0.77296567,,,,,,,,,,,
0,0.172984679,3,423,GO:0017145,stem cell division,0.774300329,,,,,,,,,,,
0,0.173251531,2,165,GO:0001541,ovarian follicle development,0.774578119,,,,,,,,,,,
0,0.173299732,2,32,GO:0007615,anesthesia-resistant memory,0.774578119,,,,,,,,,,,
0,0.173299732,2,32,GO:0060947,cardiac vascular smooth muscle cell differentiation,0.774578119,,,,,,,,,,,
0,0.174231621,2,46,GO:0006688,glycosphingolipid biosynthetic process,0.77751655,,,,,,,,,,,
0,0.174231621,5,46,GO:0030225,macrophage differentiation,0.77751655,,,,,,,,,,,
0,0.174295762,5,711,GO:0032868,response to insulin,0.77751655,,,,,,,,,,,
0,0.174231621,4,46,GO:0046835,carbohydrate phosphorylation,0.77751655,,,,,,,,,,,
0,0.174708684,3,39,GO:0003016,respiratory system process,0.777847437,,,,,,,,,,,
0,0.174708684,2,39,GO:0050434,positive regulation of viral transcription,0.777847437,,,,,,,,,,,
0,0.174708684,3,39,GO:0051639,actin filament network formation,0.777847437,,,,,,,,,,,
0,0.174708684,5,39,GO:0090051,negative regulation of cell migration involved in sprouting angiogenesis,0.777847437,,,,,,,,,,,
0,0.174842702,5,305,GO:0007254;GO:0051403,stress-activated MAPK cascade,0.778066965,,,,,,,,,,,
0,0.175125912,2,196,GO:0051341,regulation of oxidoreductase activity,0.77894988,,,,,,,,,,,
0,0.17545081,2,631,GO:0097190,apoptotic signaling pathway,0.780017275,,,,,,,,,,,
0,0.17579,2,75,GO:0071276,cellular response to cadmium ion,0.781147146,,,,,,,,,,,
0,0.17685935,3,235,GO:0010827;GO:0046324,regulation of glucose transmembrane transport,0.785518921,,,,,,,,,,,
0,0.177046583,2,204,GO:0045132,meiotic chromosome segregation,0.785970453,,,,,,,,,,,
0,0.177820497,2,337,GO:0006022;GO:0030203,aminoglycan metabolic process,0.789024764,,,,,,,,,,,
0,0.177977905,3,712,GO:0002521,leukocyte differentiation,0.789341892,,,,,,,,,,,
0,0.178352175,2,158,GO:0045887;GO:1904398,positive regulation of neuromuscular junction development,0.789857632,,,,,,,,,,,
0,0.178352175,5,158,GO:0048844,artery morphogenesis,0.789857632,,,,,,,,,,,
0,0.178337945,2,90,GO:1901028,regulation of mitochondrial outer membrane permeabilization involved in apoptotic signaling pathway,0.789857632,,,,,,,,,,,
0,0.178557556,2,120,GO:0035206,regulation of hemocyte proliferation,0.790386099,,,,,,,,,,,
0,0.179641454,3,608,GO:0034599;GO:0062197,cellular response to chemical stress,0.793587785,,,,,,,,,,,
0,0.179669378,2,68,GO:0035735,intraciliary transport involved in cilium assembly,0.793587785,,,,,,,,,,,
0,0.179712857,2,1590,GO:0071417;GO:1901699,cellular response to nitrogen compound,0.793587785,,,,,,,,,,,
0,0.179669378,2,68,GO:0072010;GO:0072112;GO:0072311,glomerular epithelium development,0.793587785,,,,,,,,,,,
0,0.179669378,4,68,GO:0072148,epithelial cell fate commitment,0.793587785,,,,,,,,,,,
0,0.179893864,2,544,GO:0008654;GO:0046474;GO:0045017,phospholipid biosynthetic process,0.794005352,,,,,,,,,,,
0,0.18027918,2,189,GO:0030279,negative regulation of ossification,0.795323854,,,,,,,,,,,
0,0.1806229,2,143,GO:0046621,negative regulation of organ growth,0.796457677,,,,,,,,,,,
0,0.181061483,6,1566,GO:0030162,regulation of proteolysis,0.798008503,,,,,,,,,,,
0,0.182273613,3,19,GO:0002347,response to tumor cell,0.799132763,,,,,,,,,,,
0,0.182273613,2,19,GO:0014858,positive regulation of skeletal muscle cell proliferation,0.799132763,,,,,,,,,,,
0,0.182273613,2,19,GO:0019835,cytolysis,0.799132763,,,,,,,,,,,
0,0.182273613,5,19,GO:0034397;GO:0045141;GO:0090220,telomere localization,0.799132763,,,,,,,,,,,
0,0.182273613,4,19,GO:0043313;GO:1902563,regulation of neutrophil activation,0.799132763,,,,,,,,,,,
0,0.182273613,2,19,GO:0043619,regulation of transcription from RNA polymerase II promoter in response to oxidative stress,0.799132763,,,,,,,,,,,
0,0.182273613,-1,19,GO:0051182,obsolete coenzyme transport,0.799132763,,,,,,,,,,,
0,0.182273613,5,19,GO:0060315,negative regulation of ryanodine-sensitive calcium-release channel activity,0.799132763,,,,,,,,,,,
0,0.182273613,3,19,GO:0060462;GO:0060463,lung lobe development,0.799132763,,,,,,,,,,,
0,0.182273613,6,19,GO:0060753;GO:0060754,regulation of mast cell chemotaxis,0.799132763,,,,,,,,,,,
0,0.182273613,4,19,GO:1990001,inhibition of cysteine-type endopeptidase activity involved in apoptotic process,0.799132763,,,,,,,,,,,
0,0.182443349,2,681,GO:0042594,response to starvation,0.799258362,,,,,,,,,,,
0,0.182476297,2,128,GO:0060425,lung morphogenesis,0.799258362,,,,,,,,,,,
0,0.183364918,2,61,GO:0000083,regulation of transcription involved in G1/S transition of mitotic cell cycle,0.801621498,,,,,,,,,,,
0,0.183364918,3,61,GO:0009299,mRNA transcription,0.801621498,,,,,,,,,,,
0,0.183364918,4,61,GO:0032728,positive regulation of interferon-beta production,0.801621498,,,,,,,,,,,
0,0.183716639,4,113,GO:0097066,response to thyroid hormone,0.802777037,,,,,,,,,,,
0,0.184042859,2,98,GO:0072583,clathrin-dependent endocytosis,0.803820097,,,,,,,,,,,
0,0.186001763,4,136,GO:0040003,chitin-based cuticle development,0.811989635,,,,,,,,,,,
0,0.193306634,4,183,GO:0001676,long-chain fatty acid metabolic process,0.814100276,,,,,,,,,,,
0,0.189698758,5,26,GO:0001881,receptor recycling,0.814100276,,,,,,,,,,,
0,0.194656969,5,13,GO:0002638,negative regulation of immunoglobulin production,0.814100276,,,,,,,,,,,
0,0.191523057,4,40,GO:0002902,regulation of B cell apoptotic process,0.814100276,,,,,,,,,,,
0,0.187644091,5,76,GO:0003203,endocardial cushion morphogenesis,0.814100276,,,,,,,,,,,
0,0.194656969,5,13,GO:0003284,septum primum development,0.814100276,,,,,,,,,,,
0,0.194656969,3,13,GO:0003408,optic cup formation involved in camera-type eye development,0.814100276,,,,,,,,,,,
0,0.189577887,4,47,GO:0005978;GO:0009250,glycogen biosynthetic process,0.814100276,,,,,,,,,,,
0,0.188724552,2,229,GO:0006023;GO:0006024,aminoglycan biosynthetic process,0.814100276,,,,,,,,,,,
0,0.198273524,4,7,GO:0006031;GO:0006034;GO:0006035,chitin biosynthetic process,0.814100276,,,,,,,,,,,
0,0.198273524,3,7,GO:0006166,purine ribonucleoside salvage,0.814100276,,,,,,,,,,,
0,0.198273524,4,7,GO:0006526,arginine biosynthetic process,0.814100276,,,,,,,,,,,
0,0.191523057,2,40,GO:0006541,glutamine metabolic process,0.814100276,,,,,,,,,,,
0,0.198273524,6,7,GO:0006716,juvenile hormone metabolic process,0.814100276,,,,,,,,,,,
0,0.194460523,-1,84,GO:0007016,obsolete cytoskeletal anchoring at plasma membrane,0.814100276,,,,,,,,,,,
0,0.192991873,2,459,GO:0009746;GO:0034284;GO:0009749,response to monosaccharide,0.814100276,,,,,,,,,,,
0,0.197036062,2,404,GO:0010171,body morphogenesis,0.814100276,,,,,,,,,,,
0,0.194460523,3,84,GO:0010996,response to auditory stimulus,0.814100276,,,,,,,,,,,
0,0.189877056,2,284,GO:0016051,carbohydrate biosynthetic process,0.814100276,,,,,,,,,,,
0,0.198273524,4,7,GO:0016107,sesquiterpenoid catabolic process,0.814100276,,,,,,,,,,,
0,0.191601759,2,129,GO:0016318,ommatidial rotation,0.814100276,,,,,,,,,,,
0,0.192821497,3,214,GO:0019730,antimicrobial humoral response,0.814100276,,,,,,,,,,,
0,0.191954176,3,33,GO:0021670,lateral ventricle development,0.814100276,,,,,,,,,,,
0,0.198273524,-1,7,GO:0021882,obsolete regulation of transcription from RNA polymerase II promoter involved in forebrain neuron fate commitment,0.814100276,,,,,,,,,,,
0,0.188611572,4,506,GO:0021915,neural tube development,0.814100276,,,,,,,,,,,
0,0.198273524,2,7,GO:0030103,vasopressin secretion,0.814100276,,,,,,,,,,,
0,0.189877056,6,284,GO:0030183;GO:0042113,B cell activation,0.814100276,,,,,,,,,,,
0,0.189698758,4,26,GO:0030207,chondroitin sulfate catabolic process,0.814100276,,,,,,,,,,,
0,0.194656969,4,13,GO:0030423,targeting of mRNA for destruction involved in RNA interference,0.814100276,,,,,,,,,,,
0,0.193306634,6,183,GO:0030808;GO:1900371,regulation of nucleotide biosynthetic process,0.814100276,,,,,,,,,,,
0,0.189577887,3,47,GO:0030809;GO:1900372;GO:0030812;GO:0045820;GO:0051198,negative regulation of purine nucleotide biosynthetic process,0.814100276,,,,,,,,,,,
0,0.192317665,6,69,GO:0030835,negative regulation of actin filament depolymerization,0.814100276,,,,,,,,,,,
0,0.194460523,6,84,GO:0031000;GO:0036270,response to caffeine,0.814100276,,,,,,,,,,,
0,0.188982165,2,1610,GO:0031667;GO:0009991,response to extracellular stimulus,0.814100276,,,,,,,,,,,
0,0.194656969,3,13,GO:0032053,ciliary basal body organization,0.814100276,,,,,,,,,,,
0,0.192328395,2,740,GO:0032102,negative regulation of response to external stimulus,0.814100276,,,,,,,,,,,
0,0.189770902,4,699,GO:0032886;GO:0070507,regulation of microtubule-based process,0.814100276,,,,,,,,,,,
0,0.189577887,8,47,GO:0034314,Arp2/3 complex-mediated actin nucleation,0.814100276,,,,,,,,,,,
0,0.198273524,2,7,GO:0034447,very-low-density lipoprotein particle clearance,0.814100276,,,,,,,,,,,
0,0.194460523,4,84,GO:0035020,regulation of Rac protein signal transduction,0.814100276,,,,,,,,,,,
0,0.191523057,2,40,GO:0035067,negative regulation of histone acetylation,0.814100276,,,,,,,,,,,
0,0.194656969,2,13,GO:0035156,fusion cell fate specification,0.814100276,,,,,,,,,,,
0,0.198273524,3,7,GO:0035185,preblastoderm mitotic cell cycle,0.814100276,,,,,,,,,,,
0,0.194863403,2,348,GO:0035315,hair cell differentiation,0.814100276,,,,,,,,,,,
0,0.194656969,3,13,GO:0035321,maintenance of imaginal disc-derived wing hair orientation,0.814100276,,,,,,,,,,,
0,0.194656969,2,13,GO:0035720,intraciliary anterograde transport,0.814100276,,,,,,,,,,,
0,0.198273524,2,7,GO:0035801;GO:0035802,adrenal cortex development,0.814100276,,,,,,,,,,,
0,0.194363576,5,269,GO:0036445;GO:0055057;GO:0055059;GO:0098722,asymmetric stem cell division,0.814100276,,,,,,,,,,,
0,0.198273524,2,7,GO:0036493,positive regulation of translation in response to endoplasmic reticulum stress,0.814100276,,,,,,,,,,,
0,0.198273524,5,7,GO:0038026,reelin-mediated signaling pathway,0.814100276,,,,,,,,,,,
0,0.198273524,4,7,GO:0038098,sequestering of BMP from receptor via BMP binding,0.814100276,,,,,,,,,,,
0,0.198273524,6,7,GO:0039533;GO:0039534,negative regulation of MDA-5 signaling pathway,0.814100276,,,,,,,,,,,
0,0.189577887,4,47,GO:0040039,inductive cell migration,0.814100276,,,,,,,,,,,
0,0.189771215,3,355,GO:0042058;GO:1901184,regulation of ERBB signaling pathway,0.814100276,,,,,,,,,,,
0,0.197907526,2,468,GO:0042303,molting cycle,0.814100276,,,,,,,,,,,
0,0.194656969,2,13,GO:0042758,long-chain fatty acid catabolic process,0.814100276,,,,,,,,,,,
0,0.191954176,5,33,GO:0042762,regulation of sulfur metabolic process,0.814100276,,,,,,,,,,,
0,0.194656969,2,13,GO:0042822;GO:0042816,vitamin B6 metabolic process,0.814100276,,,,,,,,,,,
0,0.198273524,2,7,GO:0042823;GO:0042819,vitamin B6 biosynthetic process,0.814100276,,,,,,,,,,,
0,0.191523057,3,40,GO:0044090,positive regulation of vacuole organization,0.814100276,,,,,,,,,,,
0,0.194656969,3,13,GO:0044154,histone H3-K14 acetylation,0.814100276,,,,,,,,,,,
0,0.190650641,2,2210,GO:0044255;GO:0006629,lipid metabolic process,0.814100276,,,,,,,,,,,
0,0.191954176,2,33,GO:0044539,long-chain fatty acid import into cell,0.814100276,,,,,,,,,,,
0,0.187879788,3,121,GO:0045668,negative regulation of osteoblast differentiation,0.814100276,,,,,,,,,,,
0,0.18918433,5,91,GO:0045792,negative regulation of cell size,0.814100276,,,,,,,,,,,
0,0.19599301,6,372,GO:0046822,regulation of nucleocytoplasmic transport,0.814100276,,,,,,,,,,,
0,0.198273524,2,7,GO:0048144,fibroblast proliferation,0.814100276,,,,,,,,,,,
0,0.191523057,3,40,GO:0048742,regulation of skeletal muscle fiber development,0.814100276,,,,,,,,,,,
0,0.189698758,3,26,GO:0048755,branching morphogenesis of a nerve,0.814100276,,,,,,,,,,,
0,0.194656969,2,13,GO:0048769,sarcomerogenesis,0.814100276,,,,,,,,,,,
0,0.194656969,3,13,GO:0048892,lateral line nerve development,0.814100276,,,,,,,,,,,
0,0.198273524,6,7,GO:0048898,anterior lateral line system development,0.814100276,,,,,,,,,,,
0,0.195217041,3,191,GO:0050775,positive regulation of dendrite morphogenesis,0.814100276,,,,,,,,,,,
0,0.19349865,2,114,GO:0051055,negative regulation of lipid biosynthetic process,0.814100276,,,,,,,,,,,
0,0.192408431,2,587,GO:0051235,maintenance of location,0.814100276,,,,,,,,,,,
0,0.198273524,2,7,GO:0051344,negative regulation of cyclic-nucleotide phosphodiesterase activity,0.814100276,,,,,,,,,,,
0,0.194656969,6,13,GO:0051382,kinetochore assembly,0.814100276,,,,,,,,,,,
0,0.188395169,2,474,GO:0051494;GO:1902904,negative regulation of cytoskeleton organization,0.814100276,,,,,,,,,,,
0,0.198273524,6,7,GO:0051583;GO:0051934,dopamine uptake involved in synaptic transmission,0.814100276,,,,,,,,,,,
0,0.191523057,2,40,GO:0060232,delamination,0.814100276,,,,,,,,,,,
0,0.194656969,2,13,GO:0060304,regulation of phosphatidylinositol dephosphorylation,0.814100276,,,,,,,,,,,
0,0.194656969,2,13,GO:0060364,frontal suture morphogenesis,0.814100276,,,,,,,,,,,
0,0.194656969,2,13,GO:0060447,bud outgrowth involved in lung branching,0.814100276,,,,,,,,,,,
0,0.189698758,2,26,GO:0060768,regulation of epithelial cell proliferation involved in prostate gland development,0.814100276,,,,,,,,,,,
0,0.198273524,2,7,GO:0060876;GO:0060879,semicircular canal formation,0.814100276,,,,,,,,,,,
0,0.18918433,4,91,GO:0060969,negative regulation of gene silencing,0.814100276,,,,,,,,,,,
0,0.198273524,2,7,GO:0061010,gall bladder development,0.814100276,,,,,,,,,,,
0,0.198273524,4,7,GO:0061774;GO:0061781,cohesin unloading,0.814100276,,,,,,,,,,,
0,0.198273524,5,7,GO:0061890,positive regulation of astrocyte activation,0.814100276,,,,,,,,,,,
0,0.198273524,3,7,GO:0061901;GO:0061903,positive regulation of 1-phosphatidylinositol-3-kinase activity,0.814100276,,,,,,,,,,,
0,0.198273524,2,7,GO:0070094,positive regulation of glucagon secretion,0.814100276,,,,,,,,,,,
0,0.198273524,8,7,GO:0070236,negative regulation of activation-induced cell death of T cells,0.814100276,,,,,,,,,,,
0,0.198273524,3,7,GO:0070370,cellular heat acclimation,0.814100276,,,,,,,,,,,
0,0.198273524,2,7,GO:0070650,actin filament bundle distribution,0.814100276,,,,,,,,,,,
0,0.194656969,3,13,GO:0070827,chromatin maintenance,0.814100276,,,,,,,,,,,
0,0.198273524,3,7,GO:0071442,positive regulation of histone H3-K14 acetylation,0.814100276,,,,,,,,,,,
0,0.198273524,3,7,GO:0071461,cellular response to redox state,0.814100276,,,,,,,,,,,
0,0.194656969,2,13,GO:0071476,cellular hypotonic response,0.814100276,,,,,,,,,,,
0,0.1867398,5,54,GO:0071679,commissural neuron axon guidance,0.814100276,,,,,,,,,,,
0,0.194656969,4,13,GO:0071800,podosome assembly,0.814100276,,,,,,,,,,,
0,0.194656969,3,13,GO:0071873,response to norepinephrine,0.814100276,,,,,,,,,,,
0,0.198273524,2,7,GO:0071874,cellular response to norepinephrine stimulus,0.814100276,,,,,,,,,,,
0,0.194656969,2,13,GO:0072007;GO:0072008;GO:0072143;GO:0072144,mesangial cell differentiation,0.814100276,,,,,,,,,,,
0,0.198273524,4,7,GO:0072076;GO:0072134,nephrogenic mesenchyme development,0.814100276,,,,,,,,,,,
0,0.189698758,4,26,GO:0086036,regulation of cardiac muscle cell membrane potential,0.814100276,,,,,,,,,,,
0,0.191954176,4,33,GO:0090038,negative regulation of protein kinase C signaling,0.814100276,,,,,,,,,,,
0,0.191601759,3,129,GO:0090102,cochlea development,0.814100276,,,,,,,,,,,
0,0.189577887,2,47,GO:0090128;GO:0090129,regulation of synapse maturation,0.814100276,,,,,,,,,,,
0,0.191954176,2,33,GO:0090141,positive regulation of mitochondrial fission,0.814100276,,,,,,,,,,,
0,0.198273524,7,7,GO:0090170,regulation of Golgi inheritance,0.814100276,,,,,,,,,,,
0,0.189577887,7,47,GO:0090280,positive regulation of calcium ion import,0.814100276,,,,,,,,,,,
0,0.198273524,2,7,GO:1900369,negative regulation of RNA interference,0.814100276,,,,,,,,,,,
0,0.198273524,2,7,GO:1901187,regulation of ephrin receptor signaling pathway,0.814100276,,,,,,,,,,,
0,0.198273524,2,7,GO:1901382,regulation of chorionic trophoblast cell proliferation,0.814100276,,,,,,,,,,,
0,0.194656969,2,13,GO:1901535;GO:1901537,regulation of DNA demethylation,0.814100276,,,,,,,,,,,
0,0.198273524,2,7,GO:1902261,positive regulation of delayed rectifier potassium channel activity,0.814100276,,,,,,,,,,,
0,0.196925448,3,62,GO:1902855,regulation of non-motile cilium assembly,0.814100276,,,,,,,,,,,
0,0.191954176,2,33,GO:1903209,positive regulation of oxidative stress-induced cell death,0.814100276,,,,,,,,,,,
0,0.194656969,4,13,GO:1903223,positive regulation of oxidative stress-induced neuron death,0.814100276,,,,,,,,,,,
0,0.196925448,2,62,GO:1903306,negative regulation of regulated secretory pathway,0.814100276,,,,,,,,,,,
0,0.191954176,2,33,GO:1903587,regulation of blood vessel endothelial cell proliferation involved in sprouting angiogenesis,0.814100276,,,,,,,,,,,
0,0.198273524,3,7,GO:1903630,regulation of aminoacyl-tRNA ligase activity,0.814100276,,,,,,,,,,,
0,0.1867398,2,54,GO:1904886,beta-catenin destruction complex disassembly,0.814100276,,,,,,,,,,,
0,0.198273524,2,7,GO:2000017,positive regulation of determination of dorsal identity,0.814100276,,,,,,,,,,,
0,0.194656969,2,13,GO:2000173,negative regulation of branching morphogenesis of a nerve,0.814100276,,,,,,,,,,,
0,0.198273524,2,7,GO:2000328,regulation of T-helper 17 cell lineage commitment,0.814100276,,,,,,,,,,,
0,0.194656969,6,13,GO:2000589;GO:0035793;GO:1900238;GO:2000591,regulation of metanephric mesenchymal cell migration,0.814100276,,,,,,,,,,,
0,0.191954176,2,33,GO:2000650;GO:1902306,negative regulation of sodium ion transmembrane transport,0.814100276,,,,,,,,,,,
0,0.194656969,2,13,GO:2001260,regulation of semaphorin-plexin signaling pathway,0.814100276,,,,,,,,,,,
0,0.199470461,4,2783,GO:0015031;GO:0015833;GO:0045184;GO:0042886,establishment of protein localization,0.818648877,,,,,,,,,,,
0,0.199857879,3,77,GO:0007538,primary sex determination,0.819140837,,,,,,,,,,,
0,0.199857879,2,77,GO:0097150,neuronal stem cell population maintenance,0.819140837,,,,,,,,,,,
0,0.200028729,2,215,GO:0007474,imaginal disc-derived wing vein specification,0.819475414,,,,,,,,,,,
0,0.20033543,2,92,GO:0003401,axis elongation,0.820365993,,,,,,,,,,,
0,0.201364331,3,55,GO:0006103,2-oxoglutarate metabolic process,0.823477906,,,,,,,,,,,
0,0.201364331,4,55,GO:0006277;GO:0007307,DNA amplification,0.823477906,,,,,,,,,,,
0,0.201364331,2,55,GO:0007289,spermatid nucleus differentiation,0.823477906,,,,,,,,,,,
0,0.202247966,3,686,GO:0031668;GO:0031669,cellular response to extracellular stimulus,0.82672344,,,,,,,,,,,
0,0.203090049,2,161,GO:0048582;GO:0061063,positive regulation of post-embryonic development,0.829796306,,,,,,,,,,,
0,0.203526264,4,115,GO:1902669,positive regulation of axon guidance,0.831208864,,,,,,,,,,,
0,0.205467468,5,48,GO:0000303;GO:0000305,response to oxygen radical,0.836904077,,,,,,,,,,,
0,0.205467468,2,48,GO:0007216,G protein-coupled glutamate receptor signaling pathway,0.836904077,,,,,,,,,,,
0,0.205352564,3,70,GO:0042116,macrophage activation,0.836904077,,,,,,,,,,,
0,0.205467468,2,48,GO:0051043;GO:0051044,regulation of membrane protein ectodomain proteolysis,0.836904077,,,,,,,,,,,
0,0.205352564,3,70,GO:0071071,regulation of phospholipid biosynthetic process,0.836904077,,,,,,,,,,,
0,0.207167797,2,518,GO:0001709,cell fate determination,0.840555237,,,,,,,,,,,
0,0.207828083,3,20,GO:0006750;GO:0019184,nonribosomal peptide biosynthetic process,0.840555237,,,,,,,,,,,
0,0.206895565,2,146,GO:0007310,oocyte dorsal/ventral axis specification,0.840555237,,,,,,,,,,,
0,0.207828083,2,20,GO:0010694,positive regulation of alkaline phosphatase activity,0.840555237,,,,,,,,,,,
0,0.207828083,7,20,GO:0018095,protein polyglutamylation,0.840555237,,,,,,,,,,,
0,0.206556626,3,263,GO:0030838,positive regulation of actin filament polymerization,0.840555237,,,,,,,,,,,
0,0.207828083,2,20,GO:0033338;GO:0035141,medial fin development,0.840555237,,,,,,,,,,,
0,0.207828083,2,20,GO:0035171;GO:0042387,lamellocyte differentiation,0.840555237,,,,,,,,,,,
0,0.207828083,3,20,GO:0035405,histone-threonine phosphorylation,0.840555237,,,,,,,,,,,
0,0.207828083,8,20,GO:0043046,DNA methylation involved in gamete generation,0.840555237,,,,,,,,,,,
0,0.207828083,3,20,GO:0045634,regulation of melanocyte differentiation,0.840555237,,,,,,,,,,,
0,0.207828083,2,20,GO:0046600,negative regulation of centriole replication,0.840555237,,,,,,,,,,,
0,0.207828083,2,20,GO:0048682,sprouting of injured axon,0.840555237,,,,,,,,,,,
0,0.207828083,4,20,GO:0090186;GO:0090188,regulation of pancreatic juice secretion,0.840555237,,,,,,,,,,,
0,0.207828083,4,20,GO:1902510;GO:1903624,regulation of DNA catabolic process,0.840555237,,,,,,,,,,,
0,0.208954388,2,41,GO:0003215,cardiac right ventricle morphogenesis,0.843624639,,,,,,,,,,,
0,0.208954388,5,41,GO:0012502;GO:0035072;GO:0035078;GO:0035081,ecdysone-mediated induction of salivary gland cell autophagic cell death,0.843624639,,,,,,,,,,,
0,0.208954388,3,41,GO:0042451;GO:0046129,purine nucleoside biosynthetic process,0.843624639,,,,,,,,,,,
0,0.208954388,4,41,GO:0060841,venous blood vessel development,0.843624639,,,,,,,,,,,
0,0.20942011,6,154,GO:0010812,negative regulation of cell-substrate adhesion,0.84513344,,,,,,,,,,,
0,0.209885664,2,108,GO:0045648,positive regulation of erythrocyte differentiation,0.846640239,,,,,,,,,,,
0,0.211633629,2,27,GO:0006595;GO:0006596,polyamine metabolic process,0.847577457,,,,,,,,,,,
0,0.21169142,5,162,GO:0007229,integrin-mediated signaling pathway,0.847577457,,,,,,,,,,,
0,0.211633629,2,27,GO:0007564;GO:0048082,regulation of chitin-based cuticle tanning,0.847577457,,,,,,,,,,,
0,0.211327494,10,34,GO:0021957,corticospinal tract morphogenesis,0.847577457,,,,,,,,,,,
0,0.210904197,6,63,GO:0033081,regulation of T cell differentiation in thymus,0.847577457,,,,,,,,,,,
0,0.211327494,2,34,GO:0035172,hemocyte proliferation,0.847577457,,,,,,,,,,,
0,0.211633629,4,27,GO:0035563,positive regulation of chromatin binding,0.847577457,,,,,,,,,,,
0,0.210904197,5,63,GO:0042771,intrinsic apoptotic signaling pathway in response to DNA damage by p53 class mediator,0.847577457,,,,,,,,,,,
0,0.211633629,2,27,GO:0043622,cortical microtubule organization,0.847577457,,,,,,,,,,,
0,0.211327494,4,34,GO:0048672,positive regulation of collateral sprouting,0.847577457,,,,,,,,,,,
0,0.211633629,2,27,GO:0070734,histone H3-K27 methylation,0.847577457,,,,,,,,,,,
0,0.211633629,2,27,GO:0086067,AV node cell to bundle of His cell communication,0.847577457,,,,,,,,,,,
0,0.211633629,2,27,GO:0097475,motor neuron migration,0.847577457,,,,,,,,,,,
0,0.211633629,2,27,GO:0110096;GO:1904044;GO:1904045,cellular response to aldehyde,0.847577457,,,,,,,,,,,
0,0.211779016,2,93,GO:0120033,negative regulation of plasma membrane bounded cell projection assembly,0.847577457,,,,,,,,,,,
0,0.211633629,2,27,GO:1901550;GO:1903140,regulation of endothelial cell development,0.847577457,,,,,,,,,,,
0,0.211633629,4,27,GO:1905936,regulation of germ cell proliferation,0.847577457,,,,,,,,,,,
0,0.211633629,2,27,GO:1990416,cellular response to brain-derived neurotrophic factor stimulus,0.847577457,,,,,,,,,,,
0,0.212256508,3,201,GO:0001649,osteoblast differentiation,0.849011437,,,,,,,,,,,
0,0.21241462,2,78,GO:0045010,actin nucleation,0.849011437,,,,,,,,,,,
0,0.21241462,2,78,GO:0070371,ERK1 and ERK2 cascade,0.849011437,,,,,,,,,,,
0,0.21266614,2,375,GO:1900180,regulation of protein localization to nucleus,0.84964702,,,,,,,,,,,
0,0.213064072,3,407,GO:0051100,negative regulation of binding,0.850866739,,,,,,,,,,,
0,0.213791025,2,116,GO:0019320;GO:0046365,monosaccharide catabolic process,0.853398768,,,,,,,,,,,
0,0.213992639,2,272,GO:0048103,somatic stem cell division,0.85383249,,,,,,,,,,,
0,0.214141773,4,600,GO:0048863,stem cell differentiation,0.854056527,,,,,,,,,,,
0,0.216444961,2,56,GO:0007019,microtubule depolymerization,0.862110107,,,,,,,,,,,
0,0.216536529,2,101,GO:0008258,head involution,0.862110107,,,,,,,,,,,
0,0.216444961,5,56,GO:0033688,regulation of osteoblast proliferation,0.862110107,,,,,,,,,,,
0,0.216444961,4,56,GO:0071295,cellular response to vitamin,0.862110107,,,,,,,,,,,
0,0.216973504,2,233,GO:0070613;GO:1903317,regulation of protein maturation,0.863475579,,,,,,,,,,,
0,0.217522733,2,336,GO:0043200,response to amino acid,0.865286402,,,,,,,,,,,
0,0.217647257,2,714,GO:0044282,small molecule catabolic process,0.865406949,,,,,,,,,,,
0,0.218394713,4,86,GO:0001737,establishment of imaginal disc-derived wing hair orientation,0.866877891,,,,,,,,,,,
0,0.218394713,3,86,GO:0009629,response to gravity,0.866877891,,,,,,,,,,,
0,0.218394713,2,86,GO:0045920,negative regulation of exocytosis,0.866877891,,,,,,,,,,,
0,0.218394713,2,86,GO:2000647,negative regulation of stem cell proliferation,0.866877891,,,,,,,,,,,
0,0.219553071,4,885,GO:0002683,negative regulation of immune system process,0.870937787,,,,,,,,,,,
0,0.219607176,2,1146,GO:0008610,lipid biosynthetic process,0.870937787,,,,,,,,,,,
0,0.220112635,2,202,GO:0009132;GO:0009135;GO:0009179;GO:0009185,nucleoside diphosphate metabolic process,0.872565624,,,,,,,,,,,
0,0.220462455,2,163,GO:0043113,receptor clustering,0.873575345,,,,,,,,,,,
0,0.220671872,2,109,GO:0032515;GO:0035308,negative regulation of protein dephosphorylation,0.874028093,,,,,,,,,,,
0,0.221427819,2,2380,GO:1901701,cellular response to oxygen-containing compound,0.876644187,,,,,,,,,,,
0,0.221859755,2,49,GO:0008631;GO:0036473,cell death in response to oxidative stress,0.877219908,,,,,,,,,,,
0,0.221859755,4,49,GO:0034508,centromere complex assembly,0.877219908,,,,,,,,,,,
0,0.221859755,4,49,GO:0071474,cellular hyperosmotic response,0.877219908,,,,,,,,,,,
0,0.22224842,2,2207,GO:0030855,epithelial cell differentiation,0.878378545,,,,,,,,,,,
0,0.222969372,3,140,GO:0006767,water-soluble vitamin metabolic process,0.880848896,,,,,,,,,,,
0,0.224125162,3,369,GO:0097164,ammonium ion metabolic process,0.884653895,,,,,,,,,,,
0,0.224125162,2,369,GO:1903169,regulation of calcium ion transmembrane transport,0.884653895,,,,,,,,,,,
0,0.227235922,8,14,GO:0000414,regulation of histone H3-K36 methylation,0.885140773,,,,,,,,,,,
0,0.227111553,2,1091,GO:0001666;GO:0036293;GO:0070482,response to oxygen levels,0.885140773,,,,,,,,,,,
0,0.227235922,7,14,GO:0006307,DNA dealkylation involved in DNA repair,0.885140773,,,,,,,,,,,
0,0.227235922,2,14,GO:0006714,sesquiterpenoid metabolic process,0.885140773,,,,,,,,,,,
0,0.227235922,5,14,GO:0006853,carnitine shuttle,0.885140773,,,,,,,,,,,
0,0.22694778,2,42,GO:0007135,meiosis II,0.885140773,,,,,,,,,,,
0,0.227235922,3,14,GO:0007183,SMAD protein complex assembly,0.885140773,,,,,,,,,,,
0,0.22694778,3,42,GO:0007296,vitellogenesis,0.885140773,,,,,,,,,,,
0,0.227235922,3,14,GO:0007374,posterior midgut invagination,0.885140773,,,,,,,,,,,
0,0.227235922,3,14,GO:0008291;GO:1900619,acetate ester metabolic process,0.885140773,,,,,,,,,,,
0,0.227235922,3,14,GO:0021767,mammillary body development,0.885140773,,,,,,,,,,,
0,0.225275256,2,64,GO:0021801;GO:0022030,cerebral cortex radial glia guided migration,0.885140773,,,,,,,,,,,
0,0.227235922,2,14,GO:0022605,mammalian oogenesis stage,0.885140773,,,,,,,,,,,
0,0.227235922,4,14,GO:0031268,pseudopodium organization,0.885140773,,,,,,,,,,,
0,0.227235922,2,14,GO:0032466,negative regulation of cytokinesis,0.885140773,,,,,,,,,,,
0,0.225275256,4,64,GO:0033333;GO:0033339,fin development,0.885140773,,,,,,,,,,,
0,0.227235922,2,14,GO:0035207,negative regulation of hemocyte proliferation,0.885140773,,,,,,,,,,,
0,0.227235922,3,14,GO:0042092,type 2 immune response,0.885140773,,,,,,,,,,,
0,0.227235922,2,14,GO:0042636;GO:0051799,negative regulation of hair cycle,0.885140773,,,,,,,,,,,
0,0.227235922,3,14,GO:0043415,positive regulation of skeletal muscle tissue regeneration,0.885140773,,,,,,,,,,,
0,0.227235922,2,14,GO:0043615,astrocyte cell migration,0.885140773,,,,,,,,,,,
0,0.227235922,3,14,GO:0044501;GO:0051343;GO:0052470;GO:0052525;GO:0075205;GO:0075206,modulation of signal transduction in other organism,0.885140773,,,,,,,,,,,
0,0.227235922,5,14,GO:0045500,sevenless signaling pathway,0.885140773,,,,,,,,,,,
0,0.227235922,4,14,GO:0046476;GO:0006682;GO:0019375,glycosylceramide biosynthetic process,0.885140773,,,,,,,,,,,
0,0.227235922,6,14,GO:0048386,positive regulation of retinoic acid receptor signaling pathway,0.885140773,,,,,,,,,,,
0,0.227235922,4,14,GO:0060526;GO:0060527,prostate epithelial cord arborization involved in prostate glandular acinus morphogenesis,0.885140773,,,,,,,,,,,
0,0.22694778,5,42,GO:0061319,nephrocyte differentiation,0.885140773,,,,,,,,,,,
0,0.225785046,2,643,GO:0070372,regulation of ERK1 and ERK2 cascade,0.885140773,,,,,,,,,,,
0,0.227235922,3,14,GO:1904901,positive regulation of myosin II filament organization,0.885140773,,,,,,,,,,,
0,0.227235922,2,14,GO:1990418,response to insulin-like growth factor stimulus,0.885140773,,,,,,,,,,,
0,0.228728985,2,458,GO:0010921;GO:0035303,regulation of dephosphorylation,0.890578944,,,,,,,,,,,
0,0.229397842,3,164,GO:0016322,neuron remodeling,0.892804736,,,,,,,,,,,
0,0.229687097,2,1149,GO:0010608,posttranscriptional regulation of gene expression,0.89355188,,,,,,,,,,,
0,0.229831132,2,563,GO:0043281;GO:2000116,regulation of cysteine-type endopeptidase activity,0.893733678,,,,,,,,,,,
0,0.22993143,2,394,GO:0007391,dorsal closure,0.893745319,,,,,,,,,,,
0,0.234319518,2,21,GO:0001780,neutrophil homeostasis,0.894167482,,,,,,,,,,,
0,0.234323476,2,28,GO:0001886,endothelial cell morphogenesis,0.894167482,,,,,,,,,,,
0,0.234323476,5,28,GO:0003174;GO:0003183,mitral valve development,0.894167482,,,,,,,,,,,
0,0.234323476,6,28,GO:0003418;GO:0003433,growth plate cartilage chondrocyte differentiation,0.894167482,,,,,,,,,,,
0,0.233953717,5,188,GO:0006919,activation of cysteine-type endopeptidase activity involved in apoptotic process,0.894167482,,,,,,,,,,,
0,0.234319518,2,21,GO:0007508,larval heart development,0.894167482,,,,,,,,,,,
0,0.231342169,3,35,GO:0009235,cobalamin metabolic process,0.894167482,,,,,,,,,,,
0,0.234323476,3,28,GO:0009750,response to fructose,0.894167482,,,,,,,,,,,
0,0.234319518,2,21,GO:0010032,meiotic chromosome condensation,0.894167482,,,,,,,,,,,
0,0.231342169,7,35,GO:0010875,positive regulation of cholesterol efflux,0.894167482,,,,,,,,,,,
0,0.234319518,10,21,GO:0021540,corpus callosum morphogenesis,0.894167482,,,,,,,,,,,
0,0.231644397,3,523,GO:0021543,pallium development,0.894167482,,,,,,,,,,,
0,0.234323476,2,28,GO:0033240,positive regulation of cellular amine metabolic process,0.894167482,,,,,,,,,,,
0,0.234323476,2,28,GO:0034349,glial cell apoptotic process,0.894167482,,,,,,,,,,,
0,0.231210609,3,1084,GO:0034762;GO:0034765,regulation of transmembrane transport,0.894167482,,,,,,,,,,,
0,0.231948717,2,57,GO:0035561,regulation of chromatin binding,0.894167482,,,,,,,,,,,
0,0.230237991,6,133,GO:0042491,inner ear auditory receptor cell differentiation,0.894167482,,,,,,,,,,,
0,0.231342169,2,35,GO:0042663;GO:1903224,regulation of endodermal cell differentiation,0.894167482,,,,,,,,,,,
0,0.230332561,2,717,GO:0044782;GO:0060271,cilium organization,0.894167482,,,,,,,,,,,
0,0.231342169,4,35,GO:0044794,positive regulation by host of viral process,0.894167482,,,,,,,,,,,
0,0.234319518,2,21,GO:0045542;GO:0090205;GO:0106120,positive regulation of cholesterol metabolic process,0.894167482,,,,,,,,,,,
0,0.234319518,2,21,GO:0045602,negative regulation of endothelial cell differentiation,0.894167482,,,,,,,,,,,
0,0.234319518,3,21,GO:0046719,regulation by virus of viral protein levels in host cell,0.894167482,,,,,,,,,,,
0,0.231342169,7,35,GO:0051126,negative regulation of actin nucleation,0.894167482,,,,,,,,,,,
0,0.234319518,2,21,GO:0051177,meiotic sister chromatid cohesion,0.894167482,,,,,,,,,,,
0,0.231342169,2,35,GO:0055070,copper ion homeostasis,0.894167482,,,,,,,,,,,
0,0.234319518,2,21,GO:0061038,uterus morphogenesis,0.894167482,,,,,,,,,,,
0,0.234319518,3,21,GO:0070071,proton-transporting two-sector ATPase complex assembly,0.894167482,,,,,,,,,,,
0,0.231092735,3,172,GO:0071300,cellular response to retinoic acid,0.894167482,,,,,,,,,,,
0,0.231826485,2,1166,GO:0071396,cellular response to lipid,0.894167482,,,,,,,,,,,
0,0.234319518,4,21,GO:0072425,signal transduction involved in G2 DNA damage checkpoint,0.894167482,,,,,,,,,,,
0,0.234319518,2,21,GO:0086042,cardiac muscle cell-cardiac muscle cell adhesion,0.894167482,,,,,,,,,,,
0,0.233099679,3,1150,GO:0090407,organophosphate biosynthetic process,0.894167482,,,,,,,,,,,
0,0.234323476,2,28,GO:0099612,protein localization to axon,0.894167482,,,,,,,,,,,
0,0.234323476,5,28,GO:1900121,negative regulation of receptor binding,0.894167482,,,,,,,,,,,
0,0.231342169,4,35,GO:1903214,regulation of protein targeting to mitochondrion,0.894167482,,,,,,,,,,,
0,0.234319518,2,21,GO:1903385,regulation of homophilic cell adhesion,0.894167482,,,,,,,,,,,
0,0.234319518,2,21,GO:1905906,regulation of amyloid fibril formation,0.894167482,,,,,,,,,,,
0,0.234323476,2,28,GO:2000018;GO:2000020,regulation of male gonad development,0.894167482,,,,,,,,,,,
0,0.234319518,3,21,GO:2000288,positive regulation of myoblast proliferation,0.894167482,,,,,,,,,,,
0,0.231342169,3,35,GO:2000574,regulation of microtubule motor activity,0.894167482,,,,,,,,,,,
0,0.231948717,3,57,GO:2000757;GO:1901984,negative regulation of protein acetylation,0.894167482,,,,,,,,,,,
0,0.234319518,3,21,GO:2001270,regulation of cysteine-type endopeptidase activity involved in execution phase of apoptosis,0.894167482,,,,,,,,,,,
0,0.234995166,2,118,GO:1903901,negative regulation of viral life cycle,0.896358224,,,,,,,,,,,
0,0.235490296,7,95,GO:0061065,regulation of dauer larval development,0.89787396,,,,,,,,,,,
0,0.235850128,2,315,GO:0051928,positive regulation of calcium ion transport,0.898872792,,,,,,,,,,,
0,0.238484021,4,80,GO:0038128,ERBB2 signaling pathway,0.908387074,,,,,,,,,,,
0,0.238544325,2,484,GO:0071383,cellular response to steroid hormone stimulus,0.908387074,,,,,,,,,,,
0,0.238711849,4,50,GO:0010763,positive regulation of fibroblast migration,0.908648293,,,,,,,,,,,
0,0.244578479,5,8,GO:0000019;GO:0045950,regulation of mitotic recombination,0.909495276,,,,,,,,,,,
0,0.244578479,2,8,GO:0001834,trophectodermal cell proliferation,0.909495276,,,,,,,,,,,
0,0.244578479,2,8,GO:0006172,ADP biosynthetic process,0.909495276,,,,,,,,,,,
0,0.244578479,5,8,GO:0006228;GO:0046051,UTP metabolic process,0.909495276,,,,,,,,,,,
0,0.240011186,6,65,GO:0006284,base-excision repair,0.909495276,,,,,,,,,,,
0,0.240011186,2,65,GO:0007390,germ-band shortening,0.909495276,,,,,,,,,,,
0,0.243558107,2,197,GO:0010717,regulation of epithelial to mesenchymal transition,0.909495276,,,,,,,,,,,
0,0.244578479,2,8,GO:0014834,skeletal muscle satellite cell maintenance involved in skeletal muscle regeneration,0.909495276,,,,,,,,,,,
0,0.244578479,2,8,GO:0015854,guanine transport,0.909495276,,,,,,,,,,,
0,0.244578479,2,8,GO:0018171,peptidyl-cysteine oxidation,0.909495276,,,,,,,,,,,
0,0.242216043,2,793,GO:0022411,cellular component disassembly,0.909495276,,,,,,,,,,,
0,0.244578479,2,8,GO:0030242,autophagy of peroxisome,0.909495276,,,,,,,,,,,
0,0.244578479,2,8,GO:0030638;GO:0030647;GO:0044597;GO:0044598,aminoglycoside antibiotic metabolic process,0.909495276,,,,,,,,,,,
0,0.244578479,4,8,GO:0031959,mineralocorticoid receptor signaling pathway,0.909495276,,,,,,,,,,,
0,0.244578479,4,8,GO:0032345;GO:0032348;GO:2000065,negative regulation of aldosterone metabolic process,0.909495276,,,,,,,,,,,
0,0.240011186,7,65,GO:0033032,regulation of myeloid cell apoptotic process,0.909495276,,,,,,,,,,,
0,0.244578479,2,8,GO:0034384,high-density lipoprotein particle clearance,0.909495276,,,,,,,,,,,
0,0.244578479,2,8,GO:0035847,uterine epithelium development,0.909495276,,,,,,,,,,,
0,0.244578479,2,8,GO:0042492,gamma-delta T cell differentiation,0.909495276,,,,,,,,,,,
0,0.244578479,2,8,GO:0044691,tooth eruption,0.909495276,,,,,,,,,,,
0,0.244578479,-1,8,GO:0045716,obsolete positive regulation of low-density lipoprotein particle receptor biosynthetic process,0.909495276,,,,,,,,,,,
0,0.240011186,3,65,GO:0045980;GO:1903579;GO:1900543,negative regulation of nucleotide metabolic process,0.909495276,,,,,,,,,,,
0,0.244578479,2,8,GO:0046098,guanine metabolic process,0.909495276,,,,,,,,,,,
0,0.244578479,4,8,GO:0046654,tetrahydrofolate biosynthetic process,0.909495276,,,,,,,,,,,
0,0.244578479,2,8,GO:0046725,negative regulation by virus of viral protein levels in host cell,0.909495276,,,,,,,,,,,
0,0.244578479,8,8,GO:0048388,endosomal lumen acidification,0.909495276,,,,,,,,,,,
0,0.243496794,3,88,GO:0048821,erythrocyte development,0.909495276,,,,,,,,,,,
0,0.240756306,2,1185,GO:0051259,protein complex oligomerization,0.909495276,,,,,,,,,,,
0,0.244578479,6,8,GO:0060332;GO:0060335,positive regulation of response to interferon-gamma,0.909495276,,,,,,,,,,,
0,0.243496794,2,88,GO:0060419;GO:0055017,heart growth,0.909495276,,,,,,,,,,,
0,0.243558107,2,197,GO:0061035,regulation of cartilage development,0.909495276,,,,,,,,,,,
0,0.244578479,2,8,GO:0061092,positive regulation of phospholipid translocation,0.909495276,,,,,,,,,,,
0,0.244578479,4,8,GO:0061334;GO:0061352;GO:0061353,cell chemotaxis involved in Malpighian tubule morphogenesis,0.909495276,,,,,,,,,,,
0,0.244578479,4,8,GO:0070315,G1 to G0 transition involved in cell differentiation,0.909495276,,,,,,,,,,,
0,0.244578479,3,8,GO:0070350;GO:0070352,regulation of white fat cell proliferation,0.909495276,,,,,,,,,,,
0,0.244578479,5,8,GO:0070601,centromeric sister chromatid cohesion,0.909495276,,,,,,,,,,,
0,0.244578479,2,8,GO:0071109,superior temporal gyrus development,0.909495276,,,,,,,,,,,
0,0.244578479,2,8,GO:0072071;GO:0072141,kidney interstitial fibroblast differentiation,0.909495276,,,,,,,,,,,
0,0.244578479,3,8,GO:0072190,ureter urothelium development,0.909495276,,,,,,,,,,,
0,0.244578479,5,8,GO:0072708,response to sorbitol,0.909495276,,,,,,,,,,,
0,0.244578479,5,8,GO:0086021;GO:0086053,AV node cell to bundle of His cell communication by electrical coupling,0.909495276,,,,,,,,,,,
0,0.244578479,-1,8,GO:0090286;GO:0043578;GO:0090292,obsolete cytoskeletal anchoring at nuclear membrane,0.909495276,,,,,,,,,,,
0,0.244578479,3,8,GO:0097532;GO:0097533,cellular stress response to acid chemical,0.909495276,,,,,,,,,,,
0,0.243496794,3,88,GO:1900117,regulation of execution phase of apoptosis,0.909495276,,,,,,,,,,,
0,0.244578479,3,8,GO:1902349;GO:1902350;GO:1904515,response to chloroquine,0.909495276,,,,,,,,,,,
0,0.244578479,3,8,GO:1902544,regulation of DNA N-glycosylase activity,0.909495276,,,,,,,,,,,
0,0.244578479,2,8,GO:1902618,cellular response to fluoride,0.909495276,,,,,,,,,,,
0,0.244578479,4,8,GO:1903377,negative regulation of oxidative stress-induced neuron intrinsic apoptotic signaling pathway,0.909495276,,,,,,,,,,,
0,0.244578479,2,8,GO:1903644,regulation of chaperone-mediated protein folding,0.909495276,,,,,,,,,,,
0,0.244578479,3,8,GO:1903797,positive regulation of inorganic anion transmembrane transport,0.909495276,,,,,,,,,,,
0,0.244578479,5,8,GO:1903896,positive regulation of IRE1-mediated unfolded protein response,0.909495276,,,,,,,,,,,
0,0.244578479,2,8,GO:1904170,regulation of bleb assembly,0.909495276,,,,,,,,,,,
0,0.244578479,2,8,GO:1904179,positive regulation of adipose tissue development,0.909495276,,,,,,,,,,,
0,0.244578479,4,8,GO:1904880,response to hydrogen sulfide,0.909495276,,,,,,,,,,,
0,0.244578479,2,8,GO:1990386,mitotic cleavage furrow ingression,0.909495276,,,,,,,,,,,
0,0.244578479,2,8,GO:2000825,positive regulation of androgen receptor activity,0.909495276,,,,,,,,,,,
0,0.245445761,2,43,GO:0009084,glutamine family amino acid biosynthetic process,0.911981922,,,,,,,,,,,
0,0.245445761,5,43,GO:0048368,lateral mesoderm development,0.911981922,,,,,,,,,,,
0,0.245914747,4,119,GO:0060142;GO:1901739,regulation of syncytium formation by plasma membrane fusion,0.913355016,,,,,,,,,,,
0,0.246563293,2,73,GO:0046037;GO:0046710,GMP metabolic process,0.915172713,,,,,,,,,,,
0,0.246603426,2,229,GO:0048701;GO:1904888,cranial skeletal system development,0.915172713,,,,,,,,,,,
0,0.247185693,2,729,GO:0031647,regulation of protein stability,0.91696308,,,,,,,,,,,
0,0.247582795,2,397,GO:0022408,negative regulation of cell-cell adhesion,0.918065391,,,,,,,,,,,
0,0.247729296,3,96,GO:0010940,positive regulation of necrotic cell death,0.918237926,,,,,,,,,,,
0,0.248492782,5,127,GO:0000271;GO:0033692;GO:0034637,cellular carbohydrate biosynthetic process,0.920560201,,,,,,,,,,,
0,0.248556266,5,269,GO:0032436;GO:2000060,positive regulation of ubiquitin-dependent protein catabolic process,0.920560201,,,,,,,,,,,
0,0.249052121,2,174,GO:0051881,regulation of mitochondrial membrane potential,0.922024881,,,,,,,,,,,
0,0.250584944,6,462,GO:0046488,phosphatidylinositol metabolic process,0.927105203,,,,,,,,,,,
0,0.250626262,2,551,GO:0061448,connective tissue development,0.927105203,,,,,,,,,,,
0,0.251326212,5,104,GO:0001702,gastrulation with mouth forming second,0.929320152,,,,,,,,,,,
0,0.251917972,2,36,GO:0009048,dosage compensation by inactivation of X chromosome,0.930010679,,,,,,,,,,,
0,0.251917972,6,36,GO:0030224,monocyte differentiation,0.930010679,,,,,,,,,,,
0,0.251917972,6,36,GO:0033008;GO:0043306,positive regulation of mast cell degranulation,0.930010679,,,,,,,,,,,
0,0.251917972,3,36,GO:0070528,protein kinase C signaling,0.930010679,,,,,,,,,,,
0,0.252088005,2,198,GO:0035316;GO:0035317,non-sensory hair organization,0.930264494,,,,,,,,,,,
0,0.253507602,3,214,GO:0002244,hematopoietic progenitor cell differentiation,0.935127438,,,,,,,,,,,
0,0.253740651,2,1699,GO:0007155;GO:0022610,biological adhesion,0.935611354,,,,,,,,,,,
0,0.254070993,2,222,GO:0014823,response to activity,0.93645348,,,,,,,,,,,
0,0.254222789,2,382,GO:0031098,stress-activated protein kinase signaling cascade,0.936637111,,,,,,,,,,,
0,0.254375115,2,151,GO:0001776;GO:0002260,leukocyte homeostasis,0.936822548,,,,,,,,,,,
0,0.254549006,3,230,GO:0006900,vesicle budding from membrane,0.937087224,,,,,,,,,,,
0,0.255083232,2,66,GO:0061003,positive regulation of dendritic spine morphogenesis,0.938301757,,,,,,,,,,,
0,0.255247265,6,350,GO:0071901,negative regulation of protein serine/threonine kinase activity,0.938529276,,,,,,,,,,,
0,0.255544708,7,254,GO:0032946;GO:0070665;GO:0050671,positive regulation of leukocyte proliferation,0.939246956,,,,,,,,,,,
0,0.255751157,2,262,GO:0007622;GO:0045475;GO:0048512,rhythmic behavior,0.939254048,,,,,,,,,,,
0,0.255751157,2,262,GO:0060349,bone morphogenesis,0.939254048,,,,,,,,,,,
0,0.255979006,2,51,GO:0002093;GO:0060088,auditory receptor cell morphogenesis,0.93933966,,,,,,,,,,,
0,0.255979006,4,51,GO:0061067,negative regulation of dauer larval development,0.93933966,,,,,,,,,,,
0,0.261553281,2,22,GO:0001561,fatty acid alpha-oxidation,0.939893147,,,,,,,,,,,
0,0.257649289,2,29,GO:0002204;GO:0002208;GO:0045190,somatic recombination of immunoglobulin genes involved in immune response,0.939893147,,,,,,,,,,,
0,0.261553281,4,22,GO:0002315,marginal zone B cell differentiation,0.939893147,,,,,,,,,,,
0,0.260727549,2,15,GO:0006527,arginine catabolic process,0.939893147,,,,,,,,,,,
0,0.260727549,4,15,GO:0006702,androgen biosynthetic process,0.939893147,,,,,,,,,,,
0,0.257649289,4,29,GO:0007100,mitotic centrosome separation,0.939893147,,,,,,,,,,,
0,0.261553281,2,22,GO:0007301,female germline ring canal formation,0.939893147,,,,,,,,,,,
0,0.260727549,3,15,GO:0009812,flavonoid metabolic process,0.939893147,,,,,,,,,,,
0,0.261553281,3,22,GO:0010668,ectodermal cell differentiation,0.939893147,,,,,,,,,,,
0,0.257649289,2,29,GO:0010867,positive regulation of triglyceride biosynthetic process,0.939893147,,,,,,,,,,,
0,0.261553281,7,22,GO:0014043,negative regulation of neuron maturation,0.939893147,,,,,,,,,,,
0,0.257649289,2,29,GO:0018027,peptidyl-lysine dimethylation,0.939893147,,,,,,,,,,,
0,0.260727549,2,15,GO:0019388,galactose catabolic process,0.939893147,,,,,,,,,,,
0,0.261553281,3,22,GO:0021562;GO:0021648,vestibulocochlear nerve development,0.939893147,,,,,,,,,,,
0,0.260727549,3,15,GO:0021798,forebrain dorsal/ventral pattern formation,0.939893147,,,,,,,,,,,
0,0.260727549,2,15,GO:0031335,regulation of sulfur amino acid metabolic process,0.939893147,,,,,,,,,,,
0,0.260727549,5,15,GO:0031887,lipid droplet transport along microtubule,0.939893147,,,,,,,,,,,
0,0.257649289,2,29,GO:0031958,corticosteroid receptor signaling pathway,0.939893147,,,,,,,,,,,
0,0.261553281,2,22,GO:0032808,lacrimal gland development,0.939893147,,,,,,,,,,,
0,0.260727549,2,15,GO:0032877,positive regulation of DNA endoreduplication,0.939893147,,,,,,,,,,,
0,0.257649289,2,29,GO:0033089,positive regulation of T cell differentiation in thymus,0.939893147,,,,,,,,,,,
0,0.260727549,2,15,GO:0033278,cell proliferation in midbrain,0.939893147,,,,,,,,,,,
0,0.261553281,2,22,GO:0035092,sperm chromatin condensation,0.939893147,,,,,,,,,,,
0,0.260727549,2,15,GO:0035476,angioblast cell migration,0.939893147,,,,,,,,,,,
0,0.260727549,3,15,GO:0035726,common myeloid progenitor cell proliferation,0.939893147,,,,,,,,,,,
0,0.260727549,5,15,GO:0036015;GO:0036016,response to interleukin-3,0.939893147,,,,,,,,,,,
0,0.261553281,5,22,GO:0036444,calcium import into the mitochondrion,0.939893147,,,,,,,,,,,
0,0.261553281,4,22,GO:0042340,keratan sulfate catabolic process,0.939893147,,,,,,,,,,,
0,0.260727549,2,15,GO:0044387,negative regulation of protein kinase activity by regulation of protein phosphorylation,0.939893147,,,,,,,,,,,
0,0.260727549,2,15,GO:0044828,negative regulation by host of viral genome replication,0.939893147,,,,,,,,,,,
0,0.257649289,2,29,GO:0045476,nurse cell apoptotic process,0.939893147,,,,,,,,,,,
0,0.261553281,4,22,GO:0046607,positive regulation of centrosome cycle,0.939893147,,,,,,,,,,,
0,0.257649289,2,29,GO:0050923,regulation of negative chemotaxis,0.939893147,,,,,,,,,,,
0,0.261553281,6,22,GO:0051001,negative regulation of nitric-oxide synthase activity,0.939893147,,,,,,,,,,,
0,0.257649289,2,29,GO:0051383,kinetochore organization,0.939893147,,,,,,,,,,,
0,0.259205959,2,183,GO:0055072,iron ion homeostasis,0.939893147,,,,,,,,,,,
0,0.261553281,3,22,GO:0060242;GO:0060245,detection of cell density,0.939893147,,,,,,,,,,,
0,0.260727549,2,15,GO:0060250,germ-line stem-cell niche homeostasis,0.939893147,,,,,,,,,,,
0,0.261553281,5,22,GO:0060312,regulation of blood vessel remodeling,0.939893147,,,,,,,,,,,
0,0.260727549,3,15,GO:0060440,trachea formation,0.939893147,,,,,,,,,,,
0,0.257649289,2,29,GO:0070344,regulation of fat cell proliferation,0.939893147,,,,,,,,,,,
0,0.260727549,4,15,GO:0072047;GO:0072081,proximal/distal pattern formation involved in nephron development,0.939893147,,,,,,,,,,,
0,0.257649289,2,29,GO:0090031,positive regulation of steroid hormone biosynthetic process,0.939893147,,,,,,,,,,,
0,0.260727549,3,15,GO:0099011;GO:0099525,presynaptic dense core vesicle exocytosis,0.939893147,,,,,,,,,,,
0,0.261553281,3,22,GO:1900029,positive regulation of ruffle assembly,0.939893147,,,,,,,,,,,
0,0.260727549,2,15,GO:1900045;GO:1902915,negative regulation of protein polyubiquitination,0.939893147,,,,,,,,,,,
0,0.261553281,2,22,GO:1900122,positive regulation of receptor binding,0.939893147,,,,,,,,,,,
0,0.260203537,2,97,GO:1901385,regulation of voltage-gated calcium channel activity,0.939893147,,,,,,,,,,,
0,0.260727549,6,15,GO:1901858,regulation of mitochondrial DNA metabolic process,0.939893147,,,,,,,,,,,
0,0.257649289,3,29,GO:1903025,regulation of RNA polymerase II regulatory region sequence-specific DNA binding,0.939893147,,,,,,,,,,,
0,0.260924799,3,74,GO:2000300,regulation of synaptic vesicle exocytosis,0.939893147,,,,,,,,,,,
0,0.260727549,4,15,GO:2000323,negative regulation of glucocorticoid receptor signaling pathway,0.939893147,,,,,,,,,,,
0,0.261553281,2,22,GO:2000345,regulation of hepatocyte proliferation,0.939893147,,,,,,,,,,,
0,0.264085498,3,59,GO:0002456,T cell mediated immunity,0.943805921,,,,,,,,,,,
0,0.263373389,2,105,GO:0007129;GO:0045143,homologous chromosome segregation,0.943805921,,,,,,,,,,,
0,0.262921372,3,144,GO:0007249,I-kappaB kinase/NF-kappaB signaling,0.943805921,,,,,,,,,,,
0,0.264085498,2,59,GO:0016540,protein autoprocessing,0.943805921,,,,,,,,,,,
0,0.264388964,2,44,GO:0032305;GO:0032306;GO:0032308,positive regulation of icosanoid secretion,0.943805921,,,,,,,,,,,
0,0.264085498,2,59,GO:0033002,muscle cell proliferation,0.943805921,,,,,,,,,,,
0,0.264388964,2,44,GO:0033058,directional locomotion,0.943805921,,,,,,,,,,,
0,0.263302949,4,263,GO:0036465;GO:0048488;GO:0140238,synaptic vesicle recycling,0.943805921,,,,,,,,,,,
0,0.264085498,3,59,GO:0040038,polar body extrusion after meiotic divisions,0.943805921,,,,,,,,,,,
0,0.262921372,2,144,GO:0043388,positive regulation of DNA binding,0.943805921,,,,,,,,,,,
0,0.263373389,2,105,GO:0045740,positive regulation of DNA replication,0.943805921,,,,,,,,,,,
0,0.264085498,3,59,GO:0050884,neuromuscular process controlling posture,0.943805921,,,,,,,,,,,
0,0.264388964,5,44,GO:0072202,cell differentiation involved in metanephros development,0.943805921,,,,,,,,,,,
0,0.264085498,2,59,GO:1900745,positive regulation of p38MAPK cascade,0.943805921,,,,,,,,,,,
0,0.264388964,5,44,GO:1905516,positive regulation of fertilization,0.943805921,,,,,,,,,,,
0,0.264388964,2,44,GO:2000047,regulation of cell-cell adhesion mediated by cadherin,0.943805921,,,,,,,,,,,
0,0.264388964,3,44,GO:2000406,positive regulation of T cell migration,0.943805921,,,,,,,,,,,
0,0.264613973,2,505,GO:0007286;GO:0048515,spermatid differentiation,0.944242169,,,,,,,,,,,
0,0.26495778,2,2381,GO:0044092,negative regulation of molecular function,0.945101828,,,,,,,,,,,
0,0.265153653,2,733,GO:0046649,lymphocyte activation,0.945433348,,,,,,,,,,,
0,0.265696106,2,82,GO:0016572,histone phosphorylation,0.946999897,,,,,,,,,,,
0,0.26666628,2,168,GO:0006690;GO:0033559,icosanoid metabolic process,0.95008913,,,,,,,,,,,
0,0.267498714,3,538,GO:0034767;GO:0034764,positive regulation of transmembrane transport,0.952685418,,,,,,,,,,,
0,0.269049723,7,336,GO:0006364;GO:0016072,rRNA metabolic process,0.957466761,,,,,,,,,,,
0,0.268979542,3,192,GO:0008586,imaginal disc-derived wing vein morphogenesis,0.957466761,,,,,,,,,,,
0,0.269630316,2,90,GO:0001825,blastocyst formation,0.958418906,,,,,,,,,,,
0,0.269630316,2,90,GO:0031146,SCF-dependent proteasomal ubiquitin-dependent protein catabolic process,0.958418906,,,,,,,,,,,
0,0.269630316,2,90,GO:0043552;GO:0090218,positive regulation of lipid kinase activity,0.958418906,,,,,,,,,,,
0,0.27027284,2,129,GO:0030837,negative regulation of actin filament polymerization,0.960331155,,,,,,,,,,,
0,0.270461538,6,67,GO:0009262;GO:0009394;GO:0019692,deoxyribonucleotide metabolic process,0.960383679,,,,,,,,,,,
0,0.27056087,2,224,GO:0042551,neuron maturation,0.960383679,,,,,,,,,,,
0,0.270601302,2,288,GO:0045598,regulation of fat cell differentiation,0.960383679,,,,,,,,,,,
0,0.273055398,2,2965,GO:0001934;GO:0031401;GO:0042327;GO:0045937;GO:0010562,positive regulation of protein modification process,0.964620705,,,,,,,,,,,
0,0.272973053,4,37,GO:0030725;GO:0043063,intercellular bridge organization,0.964620705,,,,,,,,,,,
0,0.272973053,6,37,GO:0033262,regulation of nuclear cell cycle DNA replication,0.964620705,,,,,,,,,,,
0,0.272973053,3,37,GO:0035728;GO:0035729,response to hepatocyte growth factor,0.964620705,,,,,,,,,,,
0,0.272896984,4,98,GO:0043124,negative regulation of I-kappaB kinase/NF-kappaB signaling,0.964620705,,,,,,,,,,,
0,0.272896984,3,98,GO:0045570,regulation of imaginal disc growth,0.964620705,,,,,,,,,,,
0,0.272973053,5,37,GO:0051593,response to folic acid,0.964620705,,,,,,,,,,,
0,0.271919834,3,137,GO:0051926,negative regulation of calcium ion transport,0.964620705,,,,,,,,,,,
0,0.272973053,2,37,GO:0060218,hematopoietic stem cell differentiation,0.964620705,,,,,,,,,,,
0,0.272973053,2,37,GO:0070296,sarcoplasmic reticulum calcium ion transport,0.964620705,,,,,,,,,,,
0,0.272973053,3,37,GO:0070886;GO:0106058,positive regulation of calcineurin-mediated signaling,0.964620705,,,,,,,,,,,
0,0.273615067,2,52,GO:0007076,mitotic chromosome condensation,0.964742568,,,,,,,,,,,
0,0.273615067,3,52,GO:0035886,vascular associated smooth muscle cell differentiation,0.964742568,,,,,,,,,,,
0,0.273615067,6,52,GO:0060297,regulation of sarcomere organization,0.964742568,,,,,,,,,,,
0,0.273318169,6,145,GO:0071277,cellular response to calcium ion,0.964742568,,,,,,,,,,,
0,0.273615067,2,52,GO:2000352,negative regulation of endothelial cell apoptotic process,0.964742568,,,,,,,,,,,
0,0.274626123,2,450,GO:0001736;GO:0007164;GO:0001738,morphogenesis of a polarized epithelium,0.967935893,,,,,,,,,,,
0,0.274996174,2,353,GO:0061041,regulation of wound healing,0.968868375,,,,,,,,,,,
0,0.275622569,2,106,GO:0046849,bone remodeling,0.969587628,,,,,,,,,,,
0,0.275622569,2,106,GO:0051298,centrosome duplication,0.969587628,,,,,,,,,,,
0,0.275440841,2,345,GO:0051592,response to calcium ion,0.969587628,,,,,,,,,,,
0,0.275557342,2,75,GO:0098868;GO:0003416;GO:0003417,bone growth,0.969587628,,,,,,,,,,,
0,0.276116352,3,973,GO:0006417;GO:0034248,regulation of cellular amide metabolic process,0.970952791,,,,,,,,,,,
0,0.280645272,2,60,GO:0000002,mitochondrial genome maintenance,0.974988908,,,,,,,,,,,
0,0.291208603,4,9,GO:0000012,single strand break repair,0.974988908,,,,,,,,,,,
0,0.282750685,4,138,GO:0000018,regulation of DNA recombination,0.974988908,,,,,,,,,,,
0,0.283716777,2,45,GO:0000470,maturation of LSU-rRNA,0.974988908,,,,,,,,,,,
0,0.291208603,6,9,GO:0001514,selenocysteine incorporation,0.974988908,,,,,,,,,,,
0,0.291208603,4,9,GO:0001660,fever generation,0.974988908,,,,,,,,,,,
0,0.284355024,4,1156,GO:0001817,regulation of cytokine production,0.974988908,,,,,,,,,,,
0,0.293880867,4,84,GO:0002712;GO:0002714;GO:0002889;GO:0002891,regulation of immunoglobulin mediated immune response,0.974988908,,,,,,,,,,,
0,0.283716777,3,45,GO:0002719,negative regulation of cytokine production involved in immune response,0.974988908,,,,,,,,,,,
0,0.281491748,4,30,GO:0002807,positive regulation of antimicrobial peptide biosynthetic process,0.974988908,,,,,,,,,,,
0,0.281491748,2,30,GO:0003149,membranous septum morphogenesis,0.974988908,,,,,,,,,,,
0,0.293726473,6,139,GO:0003156,regulation of animal organ formation,0.974988908,,,,,,,,,,,
0,0.291572883,2,53,GO:0003177;GO:0003184,pulmonary valve development,0.974988908,,,,,,,,,,,
0,0.291208603,2,9,GO:0003289,atrial septum primum morphogenesis,0.974988908,,,,,,,,,,,
0,0.2947789,3,16,GO:0006030,chitin metabolic process,0.974988908,,,,,,,,,,,
0,0.294424955,6,38,GO:0006044,N-acetylglucosamine metabolic process,0.974988908,,,,,,,,,,,
0,0.291208603,5,9,GO:0006069,ethanol oxidation,0.974988908,,,,,,,,,,,
0,0.286115359,2,68,GO:0006418;GO:0043039;GO:0043038,amino acid activation,0.974988908,,,,,,,,,,,
0,0.294424955,4,38,GO:0006534,cysteine metabolic process,0.974988908,,,,,,,,,,,
0,0.2947789,2,16,GO:0006651,diacylglycerol biosynthetic process,0.974988908,,,,,,,,,,,
0,0.279677961,5,83,GO:0006654;GO:0046473,phosphatidic acid metabolic process,0.974988908,,,,,,,,,,,
0,0.289339532,3,23,GO:0006655,phosphatidylglycerol biosynthetic process,0.974988908,,,,,,,,,,,
0,0.2947789,5,16,GO:0006723;GO:0120251,cuticle hydrocarbon biosynthetic process,0.974988908,,,,,,,,,,,
0,0.292709383,2,131,GO:0006879,cellular iron ion homeostasis,0.974988908,,,,,,,,,,,
0,0.286600201,6,178,GO:0006977;GO:0072431;GO:1902400;GO:1902402;GO:0072422;GO:0072401;GO:0072395;GO:1902403;GO:0072413;GO:0031571;GO:0044783;GO:0044819,mitotic G1/S transition checkpoint,0.974988908,,,,,,,,,,,
0,0.2947789,3,16,GO:0007057,spindle assembly involved in female meiosis I,0.974988908,,,,,,,,,,,
0,0.278484403,3,273,GO:0007173;GO:0038127,ERBB signaling pathway,0.974988908,,,,,,,,,,,
0,0.287501281,3,218,GO:0007224,smoothened signaling pathway,0.974988908,,,,,,,,,,,
0,0.291572883,2,53,GO:0007512,adult heart development,0.974988908,,,,,,,,,,,
0,0.291208603,5,9,GO:0007553;GO:0007554;GO:0045966;GO:0045998,positive regulation of ecdysteroid biosynthetic process,0.974988908,,,,,,,,,,,
0,0.284777955,4,154,GO:0008049,male courtship behavior,0.974988908,,,,,,,,,,,
0,0.278677016,5,265,GO:0008203;GO:0016125;GO:1902652,sterol metabolic process,0.974988908,,,,,,,,,,,
0,0.2947789,4,16,GO:0008611;GO:0046504;GO:0097384;GO:1901503,cellular lipid biosynthetic process,0.974988908,,,,,,,,,,,
0,0.291208603,4,9,GO:0009155;GO:0009217;GO:0009146;GO:0046061,purine deoxyribonucleotide catabolic process,0.974988908,,,,,,,,,,,
0,0.281491748,7,30,GO:0009215;GO:0009151,purine deoxyribonucleotide metabolic process,0.974988908,,,,,,,,,,,
0,0.2947789,3,16,GO:0010510;GO:0050812,regulation of acetyl-CoA biosynthetic process from pyruvate,0.974988908,,,,,,,,,,,
0,0.2947789,2,16,GO:0010616;GO:1903243,negative regulation of cardiac muscle adaptation,0.974988908,,,,,,,,,,,
0,0.291208603,2,9,GO:0010764,negative regulation of fibroblast migration,0.974988908,,,,,,,,,,,
0,0.281491748,3,30,GO:0010839,negative regulation of keratinocyte proliferation,0.974988908,,,,,,,,,,,
0,0.289339532,5,23,GO:0010988,regulation of low-density lipoprotein particle clearance,0.974988908,,,,,,,,,,,
0,0.291208603,3,9,GO:0014005,microglia development,0.974988908,,,,,,,,,,,
0,0.285793057,5,99,GO:0014065,phosphatidylinositol 3-kinase signaling,0.974988908,,,,,,,,,,,
0,0.281491748,3,30,GO:0014883,transition between fast and slow fiber,0.974988908,,,,,,,,,,,
0,0.293976059,3,1208,GO:0017144,drug metabolic process,0.974988908,,,,,,,,,,,
0,0.2947789,5,16,GO:0018158,protein oxidation,0.974988908,,,,,,,,,,,
0,0.287480757,2,210,GO:0018991,oviposition,0.974988908,,,,,,,,,,,
0,0.2947789,2,16,GO:0019100,male germ-line sex determination,0.974988908,,,,,,,,,,,
0,0.2947789,6,16,GO:0019430;GO:0071450;GO:0071451,cellular response to superoxide,0.974988908,,,,,,,,,,,
0,0.2947789,3,16,GO:0019800,peptide cross-linking via chondroitin 4-sulfate glycosaminoglycan,0.974988908,,,,,,,,,,,
0,0.291208603,2,9,GO:0021831,embryonic olfactory bulb interneuron precursor migration,0.974988908,,,,,,,,,,,
0,0.294424955,4,38,GO:0021877,forebrain neuron fate commitment,0.974988908,,,,,,,,,,,
0,0.289339532,5,23,GO:0022606;GO:0035320,establishment of proximal/distal cell polarity,0.974988908,,,,,,,,,,,
0,0.294424955,6,38,GO:0030382,sperm mitochondrion organization,0.974988908,,,,,,,,,,,
0,0.293880867,3,84,GO:0030536,larval feeding behavior,0.974988908,,,,,,,,,,,
0,0.2947789,3,16,GO:0030913,paranodal junction assembly,0.974988908,,,,,,,,,,,
0,0.294424955,4,38,GO:0031055;GO:0034080;GO:0061641,chromatin remodeling at centromere,0.974988908,,,,,,,,,,,
0,0.294424955,2,38,GO:0031536,positive regulation of exit from mitosis,0.974988908,,,,,,,,,,,
0,0.2947789,2,16,GO:0032077;GO:0032079,positive regulation of deoxyribonuclease activity,0.974988908,,,,,,,,,,,
0,0.285793057,3,99,GO:0032210;GO:1904356,regulation of telomere maintenance via telomere lengthening,0.974988908,,,,,,,,,,,
0,0.286959682,2,186,GO:0032272,negative regulation of protein polymerization,0.974988908,,,,,,,,,,,
0,0.291208603,3,9,GO:0032304,negative regulation of icosanoid secretion,0.974988908,,,,,,,,,,,
0,0.281491748,2,30,GO:0032769,negative regulation of monooxygenase activity,0.974988908,,,,,,,,,,,
0,0.290937096,4,526,GO:0032869,cellular response to insulin stimulus,0.974988908,,,,,,,,,,,
0,0.291572883,2,53,GO:0032924,activin receptor signaling pathway,0.974988908,,,,,,,,,,,
0,0.2947789,6,16,GO:0033239;GO:0045914;GO:0045963,negative regulation of cellular amine metabolic process,0.974988908,,,,,,,,,,,
0,0.2947789,2,16,GO:0033483,gas homeostasis,0.974988908,,,,,,,,,,,
0,0.291208603,2,9,GO:0033686,positive regulation of luteinizing hormone secretion,0.974988908,,,,,,,,,,,
0,0.2947789,3,16,GO:0035480;GO:0035481,regulation of Notch signaling pathway involved in heart induction,0.974988908,,,,,,,,,,,
0,0.291208603,8,9,GO:0035521;GO:0035522,monoubiquitinated histone deubiquitination,0.974988908,,,,,,,,,,,
0,0.291208603,4,9,GO:0035927,RNA import into mitochondrion,0.974988908,,,,,,,,,,,
0,0.291208603,4,9,GO:0035990;GO:0035992,tendon cell differentiation,0.974988908,,,,,,,,,,,
0,0.277903436,3,114,GO:0038083,peptidyl-tyrosine autophosphorylation,0.974988908,,,,,,,,,,,
0,0.291208603,3,9,GO:0038086;GO:0038091,positive regulation of cell proliferation by VEGF-activated platelet derived growth factor receptor signaling pathway,0.974988908,,,,,,,,,,,
0,0.291208603,5,9,GO:0038107;GO:1900094;GO:1900164,nodal signaling pathway involved in determination of lateral mesoderm left/right asymmetry,0.974988908,,,,,,,,,,,
0,0.291208603,3,9,GO:0042483;GO:0110111,negative regulation of odontogenesis,0.974988908,,,,,,,,,,,
0,0.291208603,2,9,GO:0043490,malate-aspartate shuttle,0.974988908,,,,,,,,,,,
0,0.291208603,2,9,GO:0043686,co-translational protein modification,0.974988908,,,,,,,,,,,
0,0.291208603,2,9,GO:0044208,'de novo' AMP biosynthetic process,0.974988908,,,,,,,,,,,
0,0.291208603,3,9,GO:0044337,canonical Wnt signaling pathway involved in positive regulation of apoptotic process,0.974988908,,,,,,,,,,,
0,0.285464968,2,290,GO:0044344;GO:0071774,response to fibroblast growth factor,0.974988908,,,,,,,,,,,
0,0.294424955,3,38,GO:0045683,negative regulation of epidermis development,0.974988908,,,,,,,,,,,
0,0.289339532,2,23,GO:0046479;GO:0019377,glycolipid catabolic process,0.974988908,,,,,,,,,,,
0,0.2947789,2,16,GO:0046487,glyoxylate metabolic process,0.974988908,,,,,,,,,,,
0,0.277590048,2,185,GO:0046662,regulation of oviposition,0.974988908,,,,,,,,,,,
0,0.291572883,2,53,GO:0046666;GO:0046667,retinal cell programmed cell death,0.974988908,,,,,,,,,,,
0,0.285526103,2,162,GO:0046843,dorsal appendage formation,0.974988908,,,,,,,,,,,
0,0.285793057,5,99,GO:0048008,platelet-derived growth factor receptor signaling pathway,0.974988908,,,,,,,,,,,
0,0.291208603,6,9,GO:0048296;GO:0048298,regulation of isotype switching to IgA isotypes,0.974988908,,,,,,,,,,,
0,0.294424955,4,38,GO:0048711,positive regulation of astrocyte differentiation,0.974988908,,,,,,,,,,,
0,0.2947789,2,16,GO:0048815,hermaphrodite genitalia morphogenesis,0.974988908,,,,,,,,,,,
0,0.291208603,4,9,GO:0048918,posterior lateral line nerve development,0.974988908,,,,,,,,,,,
0,0.286127468,2,170,GO:0050688,regulation of defense response to virus,0.974988908,,,,,,,,,,,
0,0.29043497,2,76,GO:0051150,regulation of smooth muscle cell differentiation,0.974988908,,,,,,,,,,,
0,0.284201064,3,314,GO:0051282,regulation of sequestering of calcium ion,0.974988908,,,,,,,,,,,
0,0.284201064,2,314,GO:0051651;GO:0032507,maintenance of location in cell,0.974988908,,,,,,,,,,,
0,0.283861439,2,146,GO:0051851;GO:0051702,biological process involved in interaction with symbiont,0.974988908,,,,,,,,,,,
0,0.2947789,3,16,GO:0060022,hard palate development,0.974988908,,,,,,,,,,,
0,0.281414404,4,130,GO:0060333,interferon-gamma-mediated signaling pathway,0.974988908,,,,,,,,,,,
0,0.291208603,3,9,GO:0060369,positive regulation of Fc receptor mediated stimulatory signaling pathway,0.974988908,,,,,,,,,,,
0,0.286115359,2,68,GO:0060444,branching involved in mammary gland duct morphogenesis,0.974988908,,,,,,,,,,,
0,0.2947789,4,16,GO:0060449,bud elongation involved in lung branching,0.974988908,,,,,,,,,,,
0,0.291208603,2,9,GO:0060523;GO:0060916,prostate epithelial cord elongation,0.974988908,,,,,,,,,,,
0,0.291208603,4,9,GO:0060743,epithelial cell maturation involved in prostate gland development,0.974988908,,,,,,,,,,,
0,0.2947789,4,16,GO:0060831,smoothened signaling pathway involved in dorsal/ventral neural tube patterning,0.974988908,,,,,,,,,,,
0,0.291208603,2,9,GO:0060974,cell migration involved in heart formation,0.974988908,,,,,,,,,,,
0,0.27901013,4,233,GO:0060998,regulation of dendritic spine development,0.974988908,,,,,,,,,,,
0,0.281491748,2,30,GO:0061029,eyelid development in camera-type eye,0.974988908,,,,,,,,,,,
0,0.277590048,3,185,GO:0061180,mammary gland epithelium development,0.974988908,,,,,,,,,,,
0,0.291208603,2,9,GO:0061833;GO:1901483;GO:1901485,protein localization to tricellular tight junction,0.974988908,,,,,,,,,,,
0,0.2947789,2,16,GO:0070391;GO:0071223,response to lipoteichoic acid,0.974988908,,,,,,,,,,,
0,0.291208603,2,9,GO:0070483,detection of hypoxia,0.974988908,,,,,,,,,,,
0,0.2947789,4,16,GO:0070654;GO:1990399,epithelium regeneration,0.974988908,,,,,,,,,,,
0,0.291208603,3,9,GO:0071233,cellular response to leucine,0.974988908,,,,,,,,,,,
0,0.294424955,6,38,GO:0071313;GO:0071415,cellular response to purine-containing compound,0.974988908,,,,,,,,,,,
0,0.291208603,7,9,GO:0071332,cellular response to fructose stimulus,0.974988908,,,,,,,,,,,
0,0.2947789,2,16,GO:0071671,regulation of smooth muscle cell chemotaxis,0.974988908,,,,,,,,,,,
0,0.2947789,2,16,GO:0071680;GO:0071681,response to indole-3-methanol,0.974988908,,,,,,,,,,,
0,0.291208603,3,9,GO:0071694;GO:0035583,maintenance of protein location in extracellular region,0.974988908,,,,,,,,,,,
0,0.291208603,3,9,GO:0072086,specification of loop of Henle identity,0.974988908,,,,,,,,,,,
0,0.291208603,6,9,GO:0072191;GO:0072193,ureter smooth muscle development,0.974988908,,,,,,,,,,,
0,0.291208603,6,9,GO:0090296,regulation of mitochondrial DNA replication,0.974988908,,,,,,,,,,,
0,0.28595557,2,387,GO:0097237,cellular response to toxic substance,0.974988908,,,,,,,,,,,
0,0.278960861,2,225,GO:0098693,regulation of synaptic vesicle cycle,0.974988908,,,,,,,,,,,
0,0.291208603,2,9,GO:0098706,iron ion import across cell outer membrane,0.974988908,,,,,,,,,,,
0,0.291208603,2,9,GO:0099004,calmodulin dependent kinase signaling pathway,0.974988908,,,,,,,,,,,
0,0.28745839,2,226,GO:0099173,postsynapse organization,0.974988908,,,,,,,,,,,
0,0.291208603,5,9,GO:0120009,intermembrane lipid transfer,0.974988908,,,,,,,,,,,
0,0.289339532,3,23,GO:0140058,neuron projection arborization,0.974988908,,,,,,,,,,,
0,0.2947789,2,16,GO:0140059,dendrite arborization,0.974988908,,,,,,,,,,,
0,0.291208603,2,9,GO:1901073,glucosamine-containing compound biosynthetic process,0.974988908,,,,,,,,,,,
0,0.281491748,2,30,GO:1901387,positive regulation of voltage-gated calcium channel activity,0.974988908,,,,,,,,,,,
0,0.284834862,4,770,GO:1901654,response to ketone,0.974988908,,,,,,,,,,,
0,0.291208603,2,9,GO:1901668;GO:1901671;GO:1904833,regulation of superoxide dismutase activity,0.974988908,,,,,,,,,,,
0,0.289339532,2,23,GO:1901844,regulation of cell communication by electrical coupling involved in cardiac conduction,0.974988908,,,,,,,,,,,
0,0.286115359,2,68,GO:1902036,regulation of hematopoietic stem cell differentiation,0.974988908,,,,,,,,,,,
0,0.27866189,3,209,GO:1902106,negative regulation of leukocyte differentiation,0.974988908,,,,,,,,,,,
0,0.281491748,2,30,GO:1902415;GO:1905214,regulation of RNA binding,0.974988908,,,,,,,,,,,
0,0.281491748,6,30,GO:1903019;GO:0010561,negative regulation of glycoprotein metabolic process,0.974988908,,,,,,,,,,,
0,0.289339532,4,23,GO:1903147;GO:1901525,negative regulation of autophagy of mitochondrion,0.974988908,,,,,,,,,,,
0,0.291208603,4,9,GO:1903251,multi-ciliated epithelial cell differentiation,0.974988908,,,,,,,,,,,
0,0.291208603,3,9,GO:1903753,negative regulation of p38MAPK cascade,0.974988908,,,,,,,,,,,
0,0.291208603,6,9,GO:1903847;GO:1903849;GO:1905653,positive regulation of artery morphogenesis,0.974988908,,,,,,,,,,,
0,0.28661189,3,754,GO:1904062,regulation of cation transmembrane transport,0.974988908,,,,,,,,,,,
0,0.2947789,3,16,GO:1904259;GO:1904261,positive regulation of basement membrane assembly involved in embryonic body morphogenesis,0.974988908,,,,,,,,,,,
0,0.291208603,4,9,GO:1904393,regulation of skeletal muscle acetylcholine-gated channel clustering,0.974988908,,,,,,,,,,,
0,0.291208603,2,9,GO:1905907,negative regulation of amyloid fibril formation,0.974988908,,,,,,,,,,,
0,0.286959682,3,186,GO:1990089;GO:1990090,response to nerve growth factor,0.974988908,,,,,,,,,,,
0,0.291208603,2,9,GO:1990253,cellular response to leucine starvation,0.974988908,,,,,,,,,,,
0,0.289339532,2,23,GO:1990535,neuron projection maintenance,0.974988908,,,,,,,,,,,
0,0.2947789,2,16,GO:2000152,regulation of ubiquitin-specific protease activity,0.974988908,,,,,,,,,,,
0,0.284777955,2,154,GO:2000179,positive regulation of neural precursor cell proliferation,0.974988908,,,,,,,,,,,
0,0.2947789,3,16,GO:2000301,negative regulation of synaptic vesicle exocytosis,0.974988908,,,,,,,,,,,
0,0.289339532,4,23,GO:2000302,positive regulation of synaptic vesicle exocytosis,0.974988908,,,,,,,,,,,
0,0.281491748,3,30,GO:2000316;GO:2000319,regulation of T-helper 17 type immune response,0.974988908,,,,,,,,,,,
0,0.291208603,2,9,GO:2000318,positive regulation of T-helper 17 type immune response,0.974988908,,,,,,,,,,,
0,0.291208603,7,9,GO:2000347,positive regulation of hepatocyte proliferation,0.974988908,,,,,,,,,,,
0,0.291208603,3,9,GO:2000402,negative regulation of lymphocyte migration,0.974988908,,,,,,,,,,,
0,0.289339532,8,23,GO:2000434,regulation of protein neddylation,0.974988908,,,,,,,,,,,
0,0.291208603,5,9,GO:2000437,regulation of monocyte extravasation,0.974988908,,,,,,,,,,,
0,0.289339532,6,23,GO:2000628,regulation of miRNA metabolic process,0.974988908,,,,,,,,,,,
0,0.289339532,3,23,GO:2000668,regulation of dendritic cell apoptotic process,0.974988908,,,,,,,,,,,
0,0.291208603,3,9,GO:2000741,positive regulation of mesenchymal stem cell differentiation,0.974988908,,,,,,,,,,,
0,0.295184823,3,155,GO:0002062,chondrocyte differentiation,0.975628859,,,,,,,,,,,
0,0.295165289,4,251,GO:0006006,glucose metabolic process,0.975628859,,,,,,,,,,,
0,0.296290103,3,179,GO:0046148,pigment biosynthetic process,0.978929711,,,,,,,,,,,
0,0.297283573,2,617,GO:0043523,regulation of neuron apoptotic process,0.981858906,,,,,,,,,,,
0,0.297482257,5,61,GO:0090306,spindle assembly involved in meiosis,0.982161944,,,,,,,,,,,
0,0.299218996,2,921,GO:0034329,cell junction assembly,0.987540957,,,,,,,,,,,
0,0.300667635,6,108,GO:0030049;GO:0033275,actin-myosin filament sliding,0.991609419,,,,,,,,,,,
0,0.300630778,6,292,GO:0032006,regulation of TOR signaling,0.991609419,,,,,,,,,,,
0,0.302105263,2,116,GO:0007566,embryo implantation,0.995590204,,,,,,,,,,,
0,0.302199836,2,422,GO:0008356,asymmetric cell division,0.995590204,,,,,,,,,,,
0,0.302105263,2,116,GO:2000273,positive regulation of signaling receptor activity,0.995590204,,,,,,,,,,,
0,0.303367959,2,46,GO:0009303,rRNA transcription,0.998119733,,,,,,,,,,,
0,0.303367959,2,46,GO:0016330,second mitotic wave involved in compound eye morphogenesis,0.998119733,,,,,,,,,,,
0,0.303367959,3,46,GO:0071318,cellular response to ATP,0.998119733,,,,,,,,,,,
0,0.303402318,2,252,GO:0090630,activation of GTPase activity,0.998119733,,,,,,,,,,,
0,0.305732891,3,31,GO:0001771,immunological synapse formation,0.998278208,,,,,,,,,,,
0,0.305531151,2,77,GO:0006007;GO:0006735;GO:0061615;GO:0061620;GO:0061621;GO:0061718,glucose catabolic process,0.998278208,,,,,,,,,,,
0,0.305350512,3,325,GO:0007219,Notch signaling pathway,0.998278208,,,,,,,,,,,
0,0.305732891,3,31,GO:0007496;GO:0031036;GO:0031038;GO:0060289,compartment boundary maintenance,0.998278208,,,,,,,,,,,
0,0.304146699,3,132,GO:0014014,negative regulation of gliogenesis,0.998278208,,,,,,,,,,,
0,0.305732891,4,31,GO:0014807,regulation of somitogenesis,0.998278208,,,,,,,,,,,
0,0.304146699,2,132,GO:0021772;GO:0021988,olfactory lobe development,0.998278208,,,,,,,,,,,
0,0.304321737,2,236,GO:0032465,regulation of cytokinesis,0.998278208,,,,,,,,,,,
0,0.305531151,3,77,GO:0032770,positive regulation of monooxygenase activity,0.998278208,,,,,,,,,,,
0,0.305531151,6,77,GO:0035722;GO:0070671;GO:0071349,response to interleukin-12,0.998278208,,,,,,,,,,,
0,0.304146699,4,132,GO:0043392,negative regulation of DNA binding,0.998278208,,,,,,,,,,,
0,0.305732891,4,31,GO:0044331,cell-cell adhesion mediated by cadherin,0.998278208,,,,,,,,,,,
0,0.305713963,4,156,GO:0045646,regulation of erythrocyte differentiation,0.998278208,,,,,,,,,,,
0,0.304837092,3,140,GO:0051124,synaptic growth at neuromuscular junction,0.998278208,,,,,,,,,,,
0,0.305676243,6,204,GO:0051289,protein homotetramerization,0.998278208,,,,,,,,,,,
0,0.305531151,3,77,GO:0060039,pericardium development,0.998278208,,,,,,,,,,,
0,0.305732891,2,31,GO:0097284,hepatocyte apoptotic process,0.998278208,,,,,,,,,,,
0,0.305732891,7,31,GO:0097340;GO:0097341,zymogen inhibition,0.998278208,,,,,,,,,,,
0,0.305732891,3,31,GO:1900102,negative regulation of endoplasmic reticulum unfolded protein response,0.998278208,,,,,,,,,,,
0,0.305732891,2,31,GO:1903044,protein localization to membrane raft,0.998278208,,,,,,,,,,,
0,0.305531151,2,77,GO:1904019,epithelial cell apoptotic process,0.998278208,,,,,,,,,,,
0,0.306066388,2,172,GO:0007143,female meiotic nuclear division,0.998437128,,,,,,,,,,,
0,0.30610767,2,317,GO:0022404,molting cycle process,0.998437128,,,,,,,,,,,
0,0.306066388,2,172,GO:2000106,regulation of leukocyte apoptotic process,0.998437128,,,,,,,,,,,
0,0.975384146,3,244,GO:0000041,transition metal ion transport,1,,,,,,,,,,,
0,0.808549699,2,142,GO:0000045;GO:1905037,autophagosome organization,1,,,,,,,,,,,
0,0.875057532,3,29,GO:0000050;GO:0019627;GO:0071941,nitrogen cycle metabolic process,1,,,,,,,,,,,
0,0.897694922,3,31,GO:0000054;GO:0033750;GO:0071428,rRNA-containing ribonucleoprotein complex export from nucleus,1,,,,,,,,,,,
0,1,3,14,GO:0000055,ribosomal large subunit export from nucleus,1,,,,,,,,,,,
0,0.751576986,7,11,GO:0000056,ribosomal small subunit export from nucleus,1,,,,,,,,,,,
0,0.453435446,7,37,GO:0000076,DNA replication checkpoint,1,,,,,,,,,,,
0,0.474353918,2,305,GO:0000086;GO:0044839,cell cycle G2/M phase transition,1,,,,,,,,,,,
0,0.458219008,5,29,GO:0000098,sulfur amino acid catabolic process,1,,,,,,,,,,,
0,1,2,14,GO:0000101,sulfur amino acid transport,1,,,,,,,,,,,
0,1,4,14,GO:0000117;GO:0090282,regulation of transcription involved in G2/M transition of mitotic cell cycle,1,,,,,,,,,,,
0,0.931007677,2,242,GO:0000132;GO:0051294,establishment of spindle orientation,1,,,,,,,,,,,
0,0.999171554,2,56,GO:0000154,rRNA modification,1,,,,,,,,,,,
0,0.64880604,2,18,GO:0000183,rDNA heterochromatin assembly,1,,,,,,,,,,,
0,0.363651766,2,49,GO:0000185,activation of MAPKKK activity,1,,,,,,,,,,,
0,0.853557072,6,129,GO:0000186,activation of MAPKK activity,1,,,,,,,,,,,
0,0.446525055,6,360,GO:0000187,activation of MAPK activity,1,,,,,,,,,,,
0,0.575409053,2,51,GO:0000188,inactivation of MAPK activity,1,,,,,,,,,,,
0,0.94549571,9,568,GO:0000209,protein polyubiquitination,1,,,,,,,,,,,
0,0.957824569,5,25,GO:0000244,spliceosomal tri-snRNP complex assembly,1,,,,,,,,,,,
0,0.679980604,3,9,GO:0000255,allantoin metabolic process,1,,,,,,,,,,,
0,0.365666331,2,57,GO:0000266,mitochondrial fission,1,,,,,,,,,,,
0,0.400732874,6,75,GO:0000272;GO:0005980;GO:0009251;GO:0044247;GO:0044275,cellular carbohydrate catabolic process,1,,,,,,,,,,,
0,0.946538046,3,50,GO:0000289,nuclear-transcribed mRNA poly(A) tail shortening,1,,,,,,,,,,,
0,0.64880604,3,18,GO:0000290,deadenylation-dependent decapping of nuclear-transcribed mRNA,1,,,,,,,,,,,
0,0.426549964,2,12,GO:0000320,re-entry into mitotic cell cycle,1,,,,,,,,,,,
0,1,7,24,GO:0000338,protein deneddylation,1,,,,,,,,,,,
0,0.532117413,2,6,GO:0000349,generation of catalytic spliceosome for first transesterification step,1,,,,,,,,,,,
0,0.928395721,2,894,GO:0000375;GO:0008380;GO:0000377;GO:0000398;GO:0006397,mRNA processing,1,,,,,,,,,,,
0,0.993071367,2,71,GO:0000387,spliceosomal snRNP assembly,1,,,,,,,,,,,
0,1,2,13,GO:0000389,mRNA 3'-splice site recognition,1,,,,,,,,,,,
0,0.679980604,5,9,GO:0000393,spliceosomal conformational changes to generate catalytic conformation,1,,,,,,,,,,,
0,1,2,5,GO:0000416,positive regulation of histone H3-K36 methylation,1,,,,,,,,,,,
0,0.790346847,2,93,GO:0000422;GO:0061726,autophagy of mitochondrion,1,,,,,,,,,,,
0,1,4,6,GO:0000451,rRNA 2'-O-methylation,1,,,,,,,,,,,
0,0.636783715,2,8,GO:0000454,snoRNA guided rRNA pseudouridine synthesis,1,,,,,,,,,,,
0,1,4,5,GO:0000455,enzyme-directed rRNA pseudouridine synthesis,1,,,,,,,,,,,
0,0.99113533,2,54,GO:0000460,maturation of 5.8S rRNA,1,,,,,,,,,,,
0,0.99444874,3,41,GO:0000469,cleavage involved in rRNA processing,1,,,,,,,,,,,
0,0.962843573,2,26,GO:0000479;GO:0000478,endonucleolytic cleavage involved in rRNA processing,1,,,,,,,,,,,
0,0.883805177,2,17,GO:0000491;GO:0000492,small nucleolar ribonucleoprotein complex assembly,1,,,,,,,,,,,
0,1,9,7,GO:0000495;GO:0034964;GO:0033979,box H/ACA RNA metabolic process,1,,,,,,,,,,,
0,0.920853626,4,482,GO:0000578;GO:0007351;GO:0008595,embryonic axis specification,1,,,,,,,,,,,
0,0.781124897,6,12,GO:0000706,meiotic DNA double-strand break processing,1,,,,,,,,,,,
0,1,6,8,GO:0000707,meiotic DNA recombinase assembly,1,,,,,,,,,,,
0,0.807159278,5,13,GO:0000711,meiotic DNA repair synthesis,1,,,,,,,,,,,
0,0.77686618,2,23,GO:0000712,resolution of meiotic recombination intermediates,1,,,,,,,,,,,
0,0.909808028,3,19,GO:0000722,telomere maintenance via recombination,1,,,,,,,,,,,
0,0.675531511,2,155,GO:0000723;GO:0032200,telomere organization,1,,,,,,,,,,,
0,0.685865362,2,156,GO:0000724;GO:0000725,recombinational repair,1,,,,,,,,,,,
0,0.427827234,3,93,GO:0000726;GO:0006303,non-recombinational repair,1,,,,,,,,,,,
0,1,2,7,GO:0000727,double-strand break repair via break-induced replication,1,,,,,,,,,,,
0,0.537993292,5,32,GO:0000729,DNA double-strand break processing,1,,,,,,,,,,,
0,1,5,11,GO:0000730;GO:0090735;GO:0042148,DNA recombinase assembly,1,,,,,,,,,,,
0,0.727260598,6,115,GO:0000731;GO:0006301;GO:0019985,postreplication repair,1,,,,,,,,,,,
0,0.770979963,5,53,GO:0000737;GO:0006308,DNA catabolic process,1,,,,,,,,,,,
0,1,4,8,GO:0000741;GO:0007344,karyogamy,1,,,,,,,,,,,
0,0.781124897,3,12,GO:0000820,regulation of glutamine family amino acid metabolic process,1,,,,,,,,,,,
0,0.334413558,2,71,GO:0000912;GO:0000915,assembly of actomyosin apparatus involved in cytokinesis,1,,,,,,,,,,,
0,0.838201699,5,48,GO:0000916;GO:0036213,actomyosin contractile ring contraction,1,,,,,,,,,,,
0,0.963685607,2,41,GO:0000920,septum digestion after cytokinesis,1,,,,,,,,,,,
0,1,5,6,GO:0000957;GO:0000958;GO:0000960,mitochondrial RNA catabolic process,1,,,,,,,,,,,
0,0.962167716,2,66,GO:0000959,mitochondrial RNA metabolic process,1,,,,,,,,,,,
0,0.977617426,7,30,GO:0000963,mitochondrial RNA processing,1,,,,,,,,,,,
0,1,2,8,GO:0000964;GO:0097745,mitochondrial RNA 5'-end processing,1,,,,,,,,,,,
0,1,2,13,GO:0000965,mitochondrial RNA 3'-end processing,1,,,,,,,,,,,
0,1,2,30,GO:0000966;GO:0099116;GO:0034471,RNA 5'-end processing,1,,,,,,,,,,,
0,1,4,14,GO:0000972,transcription-dependent tethering of RNA polymerase II gene DNA at nuclear periphery,1,,,,,,,,,,,
0,1,2,6,GO:0000973,posttranscriptional tethering of RNA polymerase II gene DNA at nuclear periphery,1,,,,,,,,,,,
0,0.636783715,4,8,GO:0001109;GO:0001111;GO:0001112;GO:0001120;GO:0001113,promoter clearance from RNA polymerase II promoter,1,,,,,,,,,,,
0,0.317496046,2,24,GO:0001178,regulation of transcriptional start site selection at RNA polymerase II promoter,1,,,,,,,,,,,
0,0.830097807,6,14,GO:0001188,RNA polymerase I preinitiation complex assembly,1,,,,,,,,,,,
0,0.587758061,-1,7,GO:0001302,obsolete replicative cell aging,1,,,,,,,,,,,
0,0.850308525,5,15,GO:0001325;GO:0090656;GO:0090737,formation of extrachromosomal circular DNA,1,,,,,,,,,,,
0,0.569621016,2,42,GO:0001504,neurotransmitter uptake,1,,,,,,,,,,,
0,0.999552823,3,1104,GO:0001505,regulation of neurotransmitter levels,1,,,,,,,,,,,
0,0.433468376,4,350,GO:0001508,action potential,1,,,,,,,,,,,
0,0.999815746,6,88,GO:0001510,RNA methylation,1,,,,,,,,,,,
0,0.547354234,4,41,GO:0001516;GO:0046457,prostanoid biosynthetic process,1,,,,,,,,,,,
0,0.612091,2,26,GO:0001522,pseudouridine synthesis,1,,,,,,,,,,,
0,0.584646839,2,25,GO:0001542,ovulation from ovarian follicle,1,,,,,,,,,,,
0,1,2,8,GO:0001545,primary ovarian follicle growth,1,,,,,,,,,,,
0,0.920538784,2,20,GO:0001547,antral ovarian follicle growth,1,,,,,,,,,,,
0,1,4,8,GO:0001550;GO:0048165,fused antrum stage,1,,,,,,,,,,,
0,1,2,5,GO:0001552,ovarian follicle atresia,1,,,,,,,,,,,
0,0.652533491,2,46,GO:0001553,luteinization,1,,,,,,,,,,,
0,0.705923662,3,20,GO:0001554,luteolysis,1,,,,,,,,,,,
0,0.847874426,2,27,GO:0001555,oocyte growth,1,,,,,,,,,,,
0,0.446763738,3,86,GO:0001556,oocyte maturation,1,,,,,,,,,,,
0,1,2,10,GO:0001560,regulation of cell growth by extracellular stimulus,1,,,,,,,,,,,
0,0.802958258,2,35,GO:0001562;GO:0042832,response to protozoan,1,,,,,,,,,,,
0,0.490698271,3,223,GO:0001570,vasculogenesis,1,,,,,,,,,,,
0,0.485407817,2,30,GO:0001573,ganglioside metabolic process,1,,,,,,,,,,,
0,0.64880604,3,18,GO:0001574,ganglioside biosynthetic process,1,,,,,,,,,,,
0,0.889287584,3,240,GO:0001578,microtubule bundle formation,1,,,,,,,,,,,
0,0.971161259,3,28,GO:0001580;GO:0050912,detection of chemical stimulus involved in sensory perception of taste,1,,,,,,,,,,,
0,0.778473004,3,2124,GO:0001654,eye development,1,,,,,,,,,,,
0,0.477191758,5,230,GO:0001656,metanephros development,1,,,,,,,,,,,
0,0.794354441,5,250,GO:0001657;GO:0072164;GO:0072163;GO:0001823,mesonephros development,1,,,,,,,,,,,
0,0.680792638,2,111,GO:0001658,branching involved in ureteric bud morphogenesis,1,,,,,,,,,,,
0,0.574317381,2,77,GO:0001659,temperature homeostasis,1,,,,,,,,,,,
0,0.612091,2,26,GO:0001661,conditioned taste aversion,1,,,,,,,,,,,
0,0.990159255,2,130,GO:0001662;GO:0002209;GO:0042596,fear response,1,,,,,,,,,,,
0,1,4,30,GO:0001675,acrosome assembly,1,,,,,,,,,,,
0,1,2,17,GO:0001682,tRNA 5'-leader removal,1,,,,,,,,,,,
0,1,3,7,GO:0001692,histamine metabolic process,1,,,,,,,,,,,
0,1,5,18,GO:0001696,gastric acid secretion,1,,,,,,,,,,,
0,0.366447888,5,105,GO:0001703;GO:0010004,gastrulation with mouth forming first,1,,,,,,,,,,,
0,0.64880604,4,18,GO:0001705,ectoderm formation,1,,,,,,,,,,,
0,0.595741434,3,294,GO:0001707;GO:0048332,mesoderm morphogenesis,1,,,,,,,,,,,
0,0.609721287,2,621,GO:0001708,cell fate specification,1,,,,,,,,,,,
0,0.34927038,2,64,GO:0001710;GO:0007501,mesodermal cell fate commitment,1,,,,,,,,,,,
0,0.96320274,2,54,GO:0001711;GO:0001714,endodermal cell fate commitment,1,,,,,,,,,,,
0,0.337432237,2,10,GO:0001712,ectodermal cell fate commitment,1,,,,,,,,,,,
0,0.532117413,4,6,GO:0001715,ectodermal cell fate specification,1,,,,,,,,,,,
0,0.81540649,4,25,GO:0001731,formation of translation preinitiation complex,1,,,,,,,,,,,
0,0.834766,3,58,GO:0001742,oenocyte differentiation,1,,,,,,,,,,,
0,0.547147755,3,15,GO:0001743,optic placode formation,1,,,,,,,,,,,
0,0.883893529,2,1102,GO:0001745;GO:0048749,compound eye development,1,,,,,,,,,,,
0,1,2,6,GO:0001748,optic lobe placode development,1,,,,,,,,,,,
0,0.960016519,2,475,GO:0001751,compound eye photoreceptor cell differentiation,1,,,,,,,,,,,
0,0.809554711,2,170,GO:0001752;GO:0042706;GO:0046552,photoreceptor cell fate commitment,1,,,,,,,,,,,
0,0.617084583,2,17,GO:0001757,somite specification,1,,,,,,,,,,,
0,0.707573689,3,49,GO:0001759,organ induction,1,,,,,,,,,,,
0,1,2,22,GO:0001766;GO:0031580;GO:0051665,membrane raft localization,1,,,,,,,,,,,
0,1,3,13,GO:0001767,establishment of lymphocyte polarity,1,,,,,,,,,,,
0,1,5,9,GO:0001768,establishment of T cell polarity,1,,,,,,,,,,,
0,0.575409053,2,51,GO:0001773;GO:0043011,myeloid dendritic cell activation,1,,,,,,,,,,,
0,0.871432178,2,1952,GO:0001775;GO:0045321,cell activation,1,,,,,,,,,,,
0,0.967265464,4,27,GO:0001779,natural killer cell differentiation,1,,,,,,,,,,,
0,0.830097807,7,14,GO:0001783,B cell apoptotic process,1,,,,,,,,,,,
0,0.549406922,2,297,GO:0001816,cytokine production,1,,,,,,,,,,,
0,0.432772522,2,483,GO:0001818,negative regulation of cytokine production,1,,,,,,,,,,,
0,0.456877374,2,704,GO:0001819,positive regulation of cytokine production,1,,,,,,,,,,,
0,0.952127845,2,24,GO:0001820;GO:0006837,serotonin transport,1,,,,,,,,,,,
0,0.575989923,3,189,GO:0001824,blastocyst development,1,,,,,,,,,,,
0,0.547147755,3,15,GO:0001826,inner cell mass cell differentiation,1,,,,,,,,,,,
0,0.532117413,4,6,GO:0001827,inner cell mass cell fate commitment,1,,,,,,,,,,,
0,0.532117413,2,6,GO:0001828,inner cell mass cellular morphogenesis,1,,,,,,,,,,,
0,0.422296687,3,60,GO:0001829,trophectodermal cell differentiation,1,,,,,,,,,,,
0,0.532117413,2,6,GO:0001830,trophectodermal cell fate commitment,1,,,,,,,,,,,
0,1,4,9,GO:0001831,trophectodermal cellular morphogenesis,1,,,,,,,,,,,
0,0.724494632,2,50,GO:0001832,blastocyst growth,1,,,,,,,,,,,
0,0.897694922,2,31,GO:0001833,inner cell mass cell proliferation,1,,,,,,,,,,,
0,1,4,8,GO:0001835,blastocyst hatching,1,,,,,,,,,,,
0,0.470883049,2,46,GO:0001836,release of cytochrome c from mitochondria,1,,,,,,,,,,,
0,0.991879948,2,38,GO:0001839;GO:0001840,neural plate development,1,,,,,,,,,,,
0,0.583200448,2,16,GO:0001842,neural fold formation,1,,,,,,,,,,,
0,0.636783715,6,8,GO:0001844,protein insertion into mitochondrial membrane involved in apoptotic signaling pathway,1,,,,,,,,,,,
0,0.915859196,3,45,GO:0001845,phagolysosome assembly,1,,,,,,,,,,,
0,1,8,5,GO:0001865,NK T cell differentiation,1,,,,,,,,,,,
0,0.632788878,2,45,GO:0001878,response to yeast,1,,,,,,,,,,,
0,1,3,8,GO:0001879;GO:0016046;GO:0097323,detection of fungus,1,,,,,,,,,,,
0,0.532117413,3,6,GO:0001880,Mullerian duct regression,1,,,,,,,,,,,
0,0.587758061,2,7,GO:0001887,selenium compound metabolic process,1,,,,,,,,,,,
0,0.377995196,3,384,GO:0001890,placenta development,1,,,,,,,,,,,
0,0.665297529,2,233,GO:0001892,embryonic placenta development,1,,,,,,,,,,,
0,0.861509807,3,91,GO:0001893,maternal placenta development,1,,,,,,,,,,,
0,0.711332644,5,588,GO:0001894,tissue homeostasis,1,,,,,,,,,,,
0,0.382090216,2,163,GO:0001895;GO:0045494,retina homeostasis,1,,,,,,,,,,,
0,0.771935675,2,110,GO:0001906,cell killing,1,,,,,,,,,,,
0,1,2,11,GO:0001907,killing by symbiont of host cells,1,,,,,,,,,,,
0,0.963339092,2,165,GO:0001910;GO:0031341,regulation of cell killing,1,,,,,,,,,,,
0,0.886900705,2,30,GO:0001911;GO:0031342;GO:0002716;GO:0045953,negative regulation of cell killing,1,,,,,,,,,,,
0,0.931584136,6,113,GO:0001912;GO:0031343,positive regulation of cell killing,1,,,,,,,,,,,
0,0.838201699,2,48,GO:0001914;GO:0001916,regulation of T cell mediated cytotoxicity,1,,,,,,,,,,,
0,0.834766,4,58,GO:0001919,regulation of receptor recycling,1,,,,,,,,,,,
0,0.750287097,5,32,GO:0001921,positive regulation of receptor recycling,1,,,,,,,,,,,
0,0.337432237,3,10,GO:0001922,B-1 B cell homeostasis,1,,,,,,,,,,,
0,1,2,9,GO:0001923;GO:0002337,B-1 B cell differentiation,1,,,,,,,,,,,
0,0.482714986,4,105,GO:0001937,negative regulation of endothelial cell proliferation,1,,,,,,,,,,,
0,0.587135608,2,233,GO:0001942;GO:0022405;GO:0042633;GO:0098773,hair cycle,1,,,,,,,,,,,
0,0.677051526,2,38,GO:0001946;GO:0036303,lymph vessel morphogenesis,1,,,,,,,,,,,
0,1,3,7,GO:0001951,intestinal D-glucose absorption,1,,,,,,,,,,,
0,0.329069441,4,17,GO:0001955,blood vessel maturation,1,,,,,,,,,,,
0,0.831188792,2,126,GO:0001956,positive regulation of neurotransmitter secretion,1,,,,,,,,,,,
0,0.455166368,4,70,GO:0001958;GO:0036075,endochondral ossification,1,,,,,,,,,,,
0,0.895334169,5,307,GO:0001959;GO:0060759,regulation of response to cytokine stimulus,1,,,,,,,,,,,
0,0.759100923,3,118,GO:0001960;GO:0060761,negative regulation of response to cytokine stimulus,1,,,,,,,,,,,
0,0.337586444,3,87,GO:0001961;GO:0060760,positive regulation of response to cytokine stimulus,1,,,,,,,,,,,
0,0.995935517,4,61,GO:0001964,startle response,1,,,,,,,,,,,
0,1,2,12,GO:0001966,thigmotaxis,1,,,,,,,,,,,
0,0.768991806,2,33,GO:0001967,suckling behavior,1,,,,,,,,,,,
0,0.718041534,6,10,GO:0001969,regulation of activation of membrane attack complex,1,,,,,,,,,,,
0,1,4,7,GO:0001970,positive regulation of activation of membrane attack complex,1,,,,,,,,,,,
0,0.897694922,4,31,GO:0001973;GO:0035588,G protein-coupled purinergic receptor signaling pathway,1,,,,,,,,,,,
0,0.482714986,3,105,GO:0001974,blood vessel remodeling,1,,,,,,,,,,,
0,0.771935675,2,110,GO:0001975,response to amphetamine,1,,,,,,,,,,,
0,0.849813078,2,49,GO:0001976,nervous system process involved in regulation of systemic arterial blood pressure,1,,,,,,,,,,,
0,0.547354234,3,41,GO:0001977;GO:0003093,renal system process involved in regulation of blood volume,1,,,,,,,,,,,
0,0.64880604,2,18,GO:0001978;GO:0003025,regulation of systemic arterial blood pressure by baroreceptor feedback,1,,,,,,,,,,,
0,1,2,12,GO:0001980,regulation of systemic arterial blood pressure by ischemic conditions,1,,,,,,,,,,,
0,0.636783715,5,8,GO:0001982,baroreceptor response to decreased systemic arterial blood pressure,1,,,,,,,,,,,
0,0.636783715,5,8,GO:0001983,baroreceptor response to increased systemic arterial blood pressure,1,,,,,,,,,,,
0,0.814660987,5,105,GO:0001990;GO:0003044,regulation of systemic arterial blood pressure mediated by a chemical signal,1,,,,,,,,,,,
0,0.402521256,3,27,GO:0001991,regulation of systemic arterial blood pressure by circulatory renin-angiotensin,1,,,,,,,,,,,
0,1,2,12,GO:0001992,regulation of systemic arterial blood pressure by vasopressin,1,,,,,,,,,,,
0,0.952127845,4,24,GO:0001993;GO:0003321,regulation of systemic arterial blood pressure by norepinephrine-epinephrine,1,,,,,,,,,,,
0,0.781124897,2,12,GO:0001994,norepinephrine-epinephrine vasoconstriction involved in regulation of systemic arterial blood pressure,1,,,,,,,,,,,
0,0.807159278,5,13,GO:0001996,positive regulation of heart rate by epinephrine-norepinephrine,1,,,,,,,,,,,
0,0.830097807,4,14,GO:0001997;GO:0003099,positive regulation of the force of heart contraction by chemical signal,1,,,,,,,,,,,
0,1,3,8,GO:0001998,angiotensin-mediated vasoconstriction involved in regulation of systemic arterial blood pressure,1,,,,,,,,,,,
0,0.532117413,2,6,GO:0001999;GO:0002001,renal response to blood flow involved in circulatory renin-angiotensin regulation of systemic arterial blood pressure,1,,,,,,,,,,,
0,0.430686562,4,20,GO:0002002;GO:0002003,regulation of angiotensin levels in blood,1,,,,,,,,,,,
0,0.495287212,3,22,GO:0002016,regulation of blood volume by renin-angiotensin,1,,,,,,,,,,,
0,1,2,5,GO:0002018,renin-angiotensin regulation of aldosterone production,1,,,,,,,,,,,
0,0.532117413,2,6,GO:0002019,regulation of renal output by angiotensin,1,,,,,,,,,,,
0,0.870924015,2,51,GO:0002021,response to dietary excess,1,,,,,,,,,,,
0,1,4,6,GO:0002023,reduction of food intake in response to dietary excess,1,,,,,,,,,,,
0,1,3,24,GO:0002024,diet induced thermogenesis,1,,,,,,,,,,,
0,1,3,7,GO:0002025,norepinephrine-epinephrine-mediated vasodilation involved in regulation of systemic arterial blood pressure,1,,,,,,,,,,,
0,0.843853252,2,79,GO:0002026,regulation of the force of heart contraction,1,,,,,,,,,,,
0,0.42370016,5,299,GO:0002027,regulation of heart rate,1,,,,,,,,,,,
0,0.346898946,4,56,GO:0002029;GO:0022401,negative adaptation of signaling pathway,1,,,,,,,,,,,
0,0.429048636,4,36,GO:0002031,G protein-coupled receptor internalization,1,,,,,,,,,,,
0,1,5,8,GO:0002032,desensitization of G protein-coupled receptor signaling pathway by arrestin,1,,,,,,,,,,,
0,1,5,15,GO:0002034;GO:0003072,renal control of peripheral vascular resistance involved in regulation of systemic arterial blood pressure,1,,,,,,,,,,,
0,0.426549964,2,12,GO:0002035,brain renin-angiotensin system,1,,,,,,,,,,,
0,0.920538784,2,20,GO:0002036,regulation of L-glutamate import across plasma membrane,1,,,,,,,,,,,
0,1,3,8,GO:0002037,negative regulation of L-glutamate import across plasma membrane,1,,,,,,,,,,,
0,1,2,6,GO:0002038,positive regulation of L-glutamate import across plasma membrane,1,,,,,,,,,,,
0,0.468712327,3,13,GO:0002051,osteoblast fate commitment,1,,,,,,,,,,,
0,0.585734945,4,69,GO:0002063,chondrocyte development,1,,,,,,,,,,,
0,0.827360613,2,116,GO:0002067,glandular epithelial cell differentiation,1,,,,,,,,,,,
0,0.937106898,2,60,GO:0002068,glandular epithelial cell development,1,,,,,,,,,,,
0,1,5,12,GO:0002069,columnar/cuboidal epithelial cell maturation,1,,,,,,,,,,,
0,0.768991806,3,33,GO:0002070,epithelial cell maturation,1,,,,,,,,,,,
0,1,2,7,GO:0002071,glandular epithelial cell maturation,1,,,,,,,,,,,
0,0.870924015,2,51,GO:0002072;GO:0060900,embryonic camera-type eye formation,1,,,,,,,,,,,
0,0.751576986,3,11,GO:0002074,extraocular skeletal muscle development,1,,,,,,,,,,,
0,0.328262663,2,55,GO:0002076,osteoblast development,1,,,,,,,,,,,
0,0.874637877,3,62,GO:0002082,regulation of oxidative phosphorylation,1,,,,,,,,,,,
0,1,3,19,GO:0002084;GO:0098734,macromolecule depalmitoylation,1,,,,,,,,,,,
0,0.382687015,2,11,GO:0002085;GO:0045608,inhibition of neuroepithelial cell differentiation,1,,,,,,,,,,,
0,0.677051526,2,38,GO:0002087;GO:0044065,regulation of respiratory system process,1,,,,,,,,,,,
0,0.522858152,2,184,GO:0002088,lens development in camera-type eye,1,,,,,,,,,,,
0,0.309804724,2,54,GO:0002089,lens morphogenesis in camera-type eye,1,,,,,,,,,,,
0,0.704589049,3,113,GO:0002090,regulation of receptor internalization,1,,,,,,,,,,,
0,1,5,18,GO:0002091,negative regulation of receptor internalization,1,,,,,,,,,,,
0,0.585734945,4,69,GO:0002092,positive regulation of receptor internalization,1,,,,,,,,,,,
0,0.897628656,3,18,GO:0002097;GO:0002098,tRNA wobble base modification,1,,,,,,,,,,,
0,0.86811573,2,16,GO:0002115,store-operated calcium entry,1,,,,,,,,,,,
0,0.988542959,2,66,GO:0002118,aggressive behavior,1,,,,,,,,,,,
0,1,3,30,GO:0002121,inter-male aggressive behavior,1,,,,,,,,,,,
0,1,2,12,GO:0002125,maternal aggressive behavior,1,,,,,,,,,,,
0,0.617084583,3,17,GO:0002138,retinoic acid biosynthetic process,1,,,,,,,,,,,
0,1,2,5,GO:0002143,tRNA wobble position uridine thiolation,1,,,,,,,,,,,
0,0.718041534,2,10,GO:0002155,regulation of thyroid hormone mediated signaling pathway,1,,,,,,,,,,,
0,0.382687015,2,11,GO:0002159,desmosome assembly,1,,,,,,,,,,,
0,0.508958394,2,14,GO:0002175,protein localization to paranode region of axon,1,,,,,,,,,,,
0,1,3,5,GO:0002176,male germ cell proliferation,1,,,,,,,,,,,
0,0.492483316,2,47,GO:0002183,cytoplasmic translational initiation,1,,,,,,,,,,,
0,0.636783715,4,8,GO:0002190;GO:0002192;GO:0110017,cap-independent translational initiation of linear mRNA,1,,,,,,,,,,,
0,0.468278863,4,321,GO:0002218;GO:0002758,activation of innate immune response,1,,,,,,,,,,,
0,0.806319817,3,123,GO:0002220;GO:0002223,innate immune response activating cell surface receptor signaling pathway,1,,,,,,,,,,,
0,0.881284531,2,191,GO:0002221;GO:0002224,pattern recognition receptor signaling pathway,1,,,,,,,,,,,
0,0.508958394,2,14,GO:0002227,innate immune response in mucosa,1,,,,,,,,,,,
0,0.463414403,5,21,GO:0002228;GO:0042267,natural killer cell mediated cytotoxicity,1,,,,,,,,,,,
0,0.444951411,4,53,GO:0002230,positive regulation of defense response to virus by host,1,,,,,,,,,,,
0,1,2,8,GO:0002232,leukocyte chemotaxis involved in inflammatory response,1,,,,,,,,,,,
0,0.790356487,3,710,GO:0002237;GO:0032496,response to molecule of bacterial origin,1,,,,,,,,,,,
0,1,2,7,GO:0002238,response to molecule of fungal origin,1,,,,,,,,,,,
0,1,5,15,GO:0002246;GO:0090594,inflammatory response to wounding,1,,,,,,,,,,,
0,1,4,8,GO:0002248;GO:0097709,connective tissue replacement involved in inflammatory response wound healing,1,,,,,,,,,,,
0,0.380506715,3,261,GO:0002250;GO:0002460,adaptive immune response,1,,,,,,,,,,,
0,0.952301164,2,1671,GO:0002252,immune effector process,1,,,,,,,,,,,
0,0.737715506,3,741,GO:0002253;GO:0002757;GO:0002764,activation of immune response,1,,,,,,,,,,,
0,0.955665783,2,1283,GO:0002263;GO:0002274;GO:0002275;GO:0002366;GO:0002283;GO:0042119;GO:0036230;GO:0002443;GO:0002444;GO:0002446;GO:0043299;GO:0043312,cell activation involved in immune response,1,,,,,,,,,,,
0,0.971161259,2,28,GO:0002279;GO:0002448;GO:0043303,mast cell mediated immunity,1,,,,,,,,,,,
0,0.730384553,2,31,GO:0002281,macrophage activation involved in immune response,1,,,,,,,,,,,
0,0.377091031,2,187,GO:0002285,lymphocyte activation involved in immune response,1,,,,,,,,,,,
0,0.748779234,4,117,GO:0002286,T cell activation involved in immune response,1,,,,,,,,,,,
0,0.754614468,6,71,GO:0002287;GO:0002292;GO:0002293;GO:0002294;GO:0042093,T cell differentiation involved in immune response,1,,,,,,,,,,,
0,0.508958394,2,14,GO:0002291,T cell activation via T cell receptor contact with antigen bound to MHC molecule on antigen presenting cell,1,,,,,,,,,,,
0,1,3,16,GO:0002295;GO:0043373;GO:0072540,T-helper cell lineage commitment,1,,,,,,,,,,,
0,0.429048636,2,36,GO:0002313,mature B cell differentiation involved in immune response,1,,,,,,,,,,,
0,0.532117413,3,6,GO:0002314,germinal center B cell differentiation,1,,,,,,,,,,,
0,1,2,5,GO:0002317,plasma cell differentiation,1,,,,,,,,,,,
0,0.426549964,2,12,GO:0002318,myeloid progenitor cell differentiation,1,,,,,,,,,,,
0,0.638287218,4,27,GO:0002320,lymphoid progenitor cell differentiation,1,,,,,,,,,,,
0,0.945661923,5,23,GO:0002323,natural killer cell activation involved in immune response,1,,,,,,,,,,,
0,0.382687015,2,11,GO:0002326,B cell lineage commitment,1,,,,,,,,,,,
0,0.678399952,2,19,GO:0002327,immature B cell differentiation,1,,,,,,,,,,,
0,0.751576986,2,11,GO:0002329,pre-B cell differentiation,1,,,,,,,,,,,
0,0.724494632,2,50,GO:0002335,mature B cell differentiation,1,,,,,,,,,,,
0,1,2,6,GO:0002339,B cell selection,1,,,,,,,,,,,
0,1,6,8,GO:0002349;GO:0002441;GO:0002553,histamine secretion by mast cell,1,,,,,,,,,,,
0,1,3,13,GO:0002351;GO:0002442,serotonin production involved in inflammatory response,1,,,,,,,,,,,
0,0.426549964,2,12,GO:0002357,defense response to tumor cell,1,,,,,,,,,,,
0,0.944693832,2,37,GO:0002360,T cell lineage commitment,1,,,,,,,,,,,
0,1,2,24,GO:0002363,alpha-beta T cell lineage commitment,1,,,,,,,,,,,
0,0.931950822,2,35,GO:0002367,cytokine production involved in immune response,1,,,,,,,,,,,
0,1,3,12,GO:0002369;GO:0035743,T cell cytokine production,1,,,,,,,,,,,
0,0.612371587,3,44,GO:0002381,immunoglobulin production involved in immunoglobulin-mediated immune response,1,,,,,,,,,,,
0,0.382445642,4,90,GO:0002385;GO:0002251,organ or tissue specific immune response,1,,,,,,,,,,,
0,1,3,7,GO:0002396;GO:0002501,MHC protein complex assembly,1,,,,,,,,,,,
0,1,8,5,GO:0002397;GO:0002502,peptide antigen assembly with MHC class I protein complex,1,,,,,,,,,,,
0,1,5,9,GO:0002404;GO:0002406;GO:0002412,antigen transcytosis by M cells in mucosal-associated lymphoid tissue,1,,,,,,,,,,,
0,0.858357333,2,39,GO:0002407;GO:0036336,dendritic cell migration,1,,,,,,,,,,,
0,1,2,6,GO:0002408,myeloid dendritic cell chemotaxis,1,,,,,,,,,,,
0,1,6,5,GO:0002414;GO:0002415,immunoglobulin transcytosis in epithelial cells mediated by polymeric immunoglobulin receptor,1,,,,,,,,,,,
0,1,2,6,GO:0002426,immunoglobulin production in mucosal tissue,1,,,,,,,,,,,
0,1,2,10,GO:0002428;GO:0002477;GO:0002481;GO:0002480;GO:1904432;GO:1904434;GO:1904435;GO:1904437,antigen processing and presentation of peptide antigen via MHC class Ib,1,,,,,,,,,,,
0,0.668884573,3,172,GO:0002431;GO:0002433;GO:0038094;GO:0038096,immune response-regulating cell surface receptor signaling pathway involved in phagocytosis,1,,,,,,,,,,,
0,0.459888995,3,62,GO:0002437,inflammatory response to antigenic stimulus,1,,,,,,,,,,,
0,0.686868582,2,29,GO:0002438,acute inflammatory response to antigenic stimulus,1,,,,,,,,,,,
0,1,2,13,GO:0002439,chronic inflammatory response to antigenic stimulus,1,,,,,,,,,,,
0,0.483374555,2,172,GO:0002449,lymphocyte mediated immunity,1,,,,,,,,,,,
0,0.962843573,5,26,GO:0002455,humoral immune response mediated by circulating immunoglobulin,1,,,,,,,,,,,
0,0.807159278,2,13,GO:0002457,T cell antigen processing and presentation,1,,,,,,,,,,,
0,0.948830927,2,74,GO:0002474,antigen processing and presentation of peptide antigen via MHC class I,1,,,,,,,,,,,
0,1,2,12,GO:0002475,antigen processing and presentation via MHC class Ib,1,,,,,,,,,,,
0,0.990133014,2,261,GO:0002478;GO:0019884;GO:0048002,antigen processing and presentation of peptide antigen,1,,,,,,,,,,,
0,0.941388384,2,49,GO:0002479;GO:0042590,antigen processing and presentation of exogenous peptide antigen via MHC class I,1,,,,,,,,,,,
0,0.929885312,2,193,GO:0002495;GO:0002504;GO:0019886,antigen processing and presentation of peptide antigen via MHC class II,1,,,,,,,,,,,
0,1,2,28,GO:0002507,tolerance induction,1,,,,,,,,,,,
0,1,2,6,GO:0002513,tolerance induction to self antigen,1,,,,,,,,,,,
0,1,5,5,GO:0002519;GO:0032832;GO:0032834;GO:0043322;GO:0070239;GO:0070241;GO:2001190,negative regulation of natural killer cell degranulation,1,,,,,,,,,,,
0,1,2,8,GO:0002522,leukocyte migration involved in immune response,1,,,,,,,,,,,
0,0.755067327,2,22,GO:0002523,leukocyte migration involved in inflammatory response,1,,,,,,,,,,,
0,0.659381599,2,127,GO:0002526,acute inflammatory response,1,,,,,,,,,,,
0,0.825846271,2,47,GO:0002532,production of molecular mediator involved in inflammatory response,1,,,,,,,,,,,
0,1,2,6,GO:0002538,arachidonic acid metabolite production involved in inflammatory response,1,,,,,,,,,,,
0,1,6,5,GO:0002541,activation of plasma proteins involved in acute inflammatory response,1,,,,,,,,,,,
0,1,2,7,GO:0002543,activation of blood coagulation via clotting cascade,1,,,,,,,,,,,
0,0.768991806,2,33,GO:0002544,chronic inflammatory response,1,,,,,,,,,,,
0,0.955597328,2,52,GO:0002548,monocyte chemotaxis,1,,,,,,,,,,,
0,0.77686618,2,23,GO:0002551;GO:0097531,mast cell migration,1,,,,,,,,,,,
0,1,2,9,GO:0002554,serotonin secretion by platelet,1,,,,,,,,,,,
0,0.718041534,3,10,GO:0002568;GO:0002681;GO:0033153,somatic diversification of T cell receptor genes,1,,,,,,,,,,,
0,0.485431611,2,256,GO:0002573,myeloid leukocyte differentiation,1,,,,,,,,,,,
0,0.587758061,2,7,GO:0002574,thrombocyte differentiation,1,,,,,,,,,,,
0,0.731450953,2,21,GO:0002577,regulation of antigen processing and presentation,1,,,,,,,,,,,
0,0.547147755,2,15,GO:0002579,positive regulation of antigen processing and presentation,1,,,,,,,,,,,
0,0.468712327,3,13,GO:0002604;GO:0002606,regulation of dendritic cell antigen processing and presentation,1,,,,,,,,,,,
0,1,4,5,GO:0002635,negative regulation of germinal center formation,1,,,,,,,,,,,
0,0.617084583,2,17,GO:0002645,positive regulation of tolerance induction,1,,,,,,,,,,,
0,0.587758061,3,7,GO:0002649,regulation of tolerance induction to self antigen,1,,,,,,,,,,,
0,0.468969527,3,5,GO:0002651;GO:1905317;GO:1990428,positive regulation of tolerance induction to self antigen,1,,,,,,,,,,,
0,0.587758061,2,7,GO:0002661;GO:0002663,regulation of B cell tolerance induction,1,,,,,,,,,,,
0,0.382687015,6,11,GO:0002666,positive regulation of T cell tolerance induction,1,,,,,,,,,,,
0,0.532117413,2,6,GO:0002669;GO:0002913,positive regulation of T cell anergy,1,,,,,,,,,,,
0,0.954713668,4,151,GO:0002673,regulation of acute inflammatory response,1,,,,,,,,,,,
0,0.39725779,2,19,GO:0002674,negative regulation of acute inflammatory response,1,,,,,,,,,,,
0,0.994915087,2,59,GO:0002675,positive regulation of acute inflammatory response,1,,,,,,,,,,,
0,1,3,15,GO:0002676,regulation of chronic inflammatory response,1,,,,,,,,,,,
0,1,4,6,GO:0002677,negative regulation of chronic inflammatory response,1,,,,,,,,,,,
0,1,4,9,GO:0002678,positive regulation of chronic inflammatory response,1,,,,,,,,,,,
0,0.830097807,2,14,GO:0002679,respiratory burst involved in defense response,1,,,,,,,,,,,
0,0.795232798,2,1692,GO:0002684,positive regulation of immune system process,1,,,,,,,,,,,
0,0.413471868,3,364,GO:0002685,regulation of leukocyte migration,1,,,,,,,,,,,
0,0.584676982,5,267,GO:0002687,positive regulation of leukocyte migration,1,,,,,,,,,,,
0,0.401622186,2,214,GO:0002688;GO:0002690,regulation of leukocyte chemotaxis,1,,,,,,,,,,,
0,0.485407817,2,30,GO:0002689,negative regulation of leukocyte chemotaxis,1,,,,,,,,,,,
0,0.845956206,6,38,GO:0002693,positive regulation of cellular extravasation,1,,,,,,,,,,,
0,0.617067294,2,1006,GO:0002694;GO:0050865;GO:0051249,regulation of cell activation,1,,,,,,,,,,,
0,0.933806355,3,310,GO:0002695;GO:0051250,negative regulation of leukocyte activation,1,,,,,,,,,,,
0,0.480822926,2,222,GO:0002698,negative regulation of immune effector process,1,,,,,,,,,,,
0,0.312401437,3,391,GO:0002699,positive regulation of immune effector process,1,,,,,,,,,,,
0,0.384474102,3,66,GO:0002701,negative regulation of production of molecular mediator of immune response,1,,,,,,,,,,,
0,0.917249114,3,351,GO:0002703,regulation of leukocyte mediated immunity,1,,,,,,,,,,,
0,0.761681996,2,81,GO:0002704,negative regulation of leukocyte mediated immunity,1,,,,,,,,,,,
0,0.752095069,2,217,GO:0002705,positive regulation of leukocyte mediated immunity,1,,,,,,,,,,,
0,0.889287584,2,240,GO:0002706,regulation of lymphocyte mediated immunity,1,,,,,,,,,,,
0,0.855849892,3,60,GO:0002707,negative regulation of lymphocyte mediated immunity,1,,,,,,,,,,,
0,0.508940012,3,208,GO:0002708;GO:0002824;GO:0002821,positive regulation of adaptive immune response,1,,,,,,,,,,,
0,0.9432385,2,116,GO:0002709,regulation of T cell mediated immunity,1,,,,,,,,,,,
0,0.555991266,4,24,GO:0002710,negative regulation of T cell mediated immunity,1,,,,,,,,,,,
0,0.996619243,4,78,GO:0002711,positive regulation of T cell mediated immunity,1,,,,,,,,,,,
0,0.751576986,6,11,GO:0002713;GO:0002890,negative regulation of immunoglobulin mediated immune response,1,,,,,,,,,,,
0,0.948830927,3,74,GO:0002715;GO:0042269,regulation of natural killer cell mediated immunity,1,,,,,,,,,,,
0,0.923055105,7,46,GO:0002717;GO:0045954,positive regulation of natural killer cell mediated cytotoxicity,1,,,,,,,,,,,
0,0.316278706,3,149,GO:0002718,regulation of cytokine production involved in immune response,1,,,,,,,,,,,
0,0.458069639,2,95,GO:0002720,positive regulation of cytokine production involved in immune response,1,,,,,,,,,,,
0,0.993644362,5,57,GO:0002724,regulation of T cell cytokine production,1,,,,,,,,,,,
0,0.617084583,2,17,GO:0002725;GO:2000552,negative regulation of T cell cytokine production,1,,,,,,,,,,,
0,1,2,37,GO:0002726,positive regulation of T cell cytokine production,1,,,,,,,,,,,
0,0.807159278,5,13,GO:0002727;GO:0002729;GO:0033955,positive regulation of natural killer cell cytokine production,1,,,,,,,,,,,
0,1,3,6,GO:0002730,regulation of dendritic cell cytokine production,1,,,,,,,,,,,
0,0.650586886,2,64,GO:0002753;GO:0035872;GO:0070423,cytoplasmic pattern recognition receptor signaling pathway,1,,,,,,,,,,,
0,0.697142685,2,39,GO:0002755,MyD88-dependent toll-like receptor signaling pathway,1,,,,,,,,,,,
0,0.845956206,2,38,GO:0002756;GO:0035666,MyD88-independent toll-like receptor signaling pathway,1,,,,,,,,,,,
0,0.852031754,6,260,GO:0002761,regulation of myeloid leukocyte differentiation,1,,,,,,,,,,,
0,0.525385046,2,108,GO:0002762,negative regulation of myeloid leukocyte differentiation,1,,,,,,,,,,,
0,0.835515285,2,117,GO:0002763,positive regulation of myeloid leukocyte differentiation,1,,,,,,,,,,,
0,1,2,8,GO:0002765;GO:0002767;GO:0002769,immune response-inhibiting signal transduction,1,,,,,,,,,,,
0,0.895888689,2,500,GO:0002768;GO:0002429,immune response-regulating cell surface receptor signaling pathway,1,,,,,,,,,,,
0,0.468969527,2,5,GO:0002775,antimicrobial peptide production,1,,,,,,,,,,,
0,1,2,9,GO:0002785,negative regulation of antimicrobial peptide production,1,,,,,,,,,,,
0,0.847874426,2,27,GO:0002786;GO:0002803;GO:0002808;GO:0006963,regulation of antibacterial peptide production,1,,,,,,,,,,,
0,1,7,5,GO:0002787;GO:0002806;GO:0002809,negative regulation of antibacterial peptide production,1,,,,,,,,,,,
0,0.995653529,4,501,GO:0002790;GO:0009306;GO:0035592;GO:0071692,peptide secretion,1,,,,,,,,,,,
0,0.989812476,4,1133,GO:0002791;GO:0050708,regulation of peptide secretion,1,,,,,,,,,,,
0,0.688361263,2,332,GO:0002792;GO:0050709,negative regulation of peptide secretion,1,,,,,,,,,,,
0,0.970509741,3,662,GO:0002793;GO:0050714,positive regulation of peptide secretion,1,,,,,,,,,,,
0,0.465079641,4,54,GO:0002805,regulation of antimicrobial peptide biosynthetic process,1,,,,,,,,,,,
0,0.883805177,6,17,GO:0002813;GO:0006964,regulation of biosynthetic process of antibacterial peptides active against Gram-negative bacteria,1,,,,,,,,,,,
0,0.823311419,3,57,GO:0002820;GO:0002823,negative regulation of adaptive immune response,1,,,,,,,,,,,
0,0.404853393,2,272,GO:0002822;GO:0002819,regulation of adaptive immune response,1,,,,,,,,,,,
0,0.991879948,3,38,GO:0002825;GO:0002827,regulation of T-helper 1 type immune response,1,,,,,,,,,,,
0,0.632875278,5,54,GO:0002828,regulation of type 2 immune response,1,,,,,,,,,,,
0,0.58770963,3,34,GO:0002829,negative regulation of type 2 immune response,1,,,,,,,,,,,
0,0.796945718,2,24,GO:0002830;GO:0032754,positive regulation of type 2 immune response,1,,,,,,,,,,,
0,0.361144466,5,218,GO:0002832,negative regulation of response to biotic stimulus,1,,,,,,,,,,,
0,0.526179364,2,23,GO:0002834;GO:0002836;GO:0002837;GO:0002839,regulation of response to tumor cell,1,,,,,,,,,,,
0,1,8,15,GO:0002855;GO:0002857;GO:0002858;GO:0002860,positive regulation of natural killer cell mediated cytotoxicity directed against tumor cell target,1,,,,,,,,,,,
0,0.997055106,3,46,GO:0002861,regulation of inflammatory response to antigenic stimulus,1,,,,,,,,,,,
0,1,2,23,GO:0002862,negative regulation of inflammatory response to antigenic stimulus,1,,,,,,,,,,,
0,0.974593535,2,29,GO:0002863;GO:0002864;GO:0002866,regulation of acute inflammatory response to antigenic stimulus,1,,,,,,,,,,,
0,1,4,6,GO:0002865,negative regulation of acute inflammatory response to antigenic stimulus,1,,,,,,,,,,,
0,1,2,6,GO:0002874,regulation of chronic inflammatory response to antigenic stimulus,1,,,,,,,,,,,
0,1,2,5,GO:0002877,regulation of acute inflammatory response to non-antigenic stimulus,1,,,,,,,,,,,
0,1,7,13,GO:0002883;GO:0002885;GO:0001796;GO:0002892;GO:0001798;GO:0002894,regulation of hypersensitivity,1,,,,,,,,,,,
0,0.890445998,2,125,GO:0002886;GO:0043300,regulation of myeloid leukocyte mediated immunity,1,,,,,,,,,,,
0,0.584646839,3,25,GO:0002887;GO:0043301,negative regulation of myeloid leukocyte mediated immunity,1,,,,,,,,,,,
0,0.666921215,3,65,GO:0002888,positive regulation of myeloid leukocyte mediated immunity,1,,,,,,,,,,,
0,1,3,10,GO:0002904,positive regulation of B cell apoptotic process,1,,,,,,,,,,,
0,0.373840465,2,203,GO:0002920,regulation of humoral immune response,1,,,,,,,,,,,
0,0.337586444,2,87,GO:0002922,positive regulation of humoral immune response,1,,,,,,,,,,,
0,0.929993176,6,21,GO:0002923;GO:0002925,regulation of humoral immune response mediated by circulating immunoglobulin,1,,,,,,,,,,,
0,1,2,5,GO:0002924,negative regulation of humoral immune response mediated by circulating immunoglobulin,1,,,,,,,,,,,
0,1,2,7,GO:0002930,trabecular meshwork development,1,,,,,,,,,,,
0,1,2,20,GO:0002933;GO:0016098;GO:0042738,exogenous drug catabolic process,1,,,,,,,,,,,
0,0.430554219,4,28,GO:0002934,desmosome organization,1,,,,,,,,,,,
0,0.587758061,3,7,GO:0002943,tRNA dihydrouridine synthesis,1,,,,,,,,,,,
0,1,2,5,GO:0002946,tRNA C5-cytosine methylation,1,,,,,,,,,,,
0,0.532117413,4,6,GO:0003010;GO:0014721,twitch skeletal muscle contraction,1,,,,,,,,,,,
0,0.908617828,3,1079,GO:0003013;GO:0008015,circulatory system process,1,,,,,,,,,,,
0,0.989615401,3,332,GO:0003014,renal system process,1,,,,,,,,,,,
0,0.97406142,4,487,GO:0003018;GO:0035296;GO:0097746,vascular process in circulatory system,1,,,,,,,,,,,
0,1,4,7,GO:0003031,detection of carbon dioxide,1,,,,,,,,,,,
0,0.468712327,2,13,GO:0003032,detection of oxygen,1,,,,,,,,,,,
0,0.468969527,2,5,GO:0003050,regulation of systemic arterial blood pressure by atrial natriuretic peptide,1,,,,,,,,,,,
0,0.532117413,4,6,GO:0003051,angiotensin-mediated drinking behavior,1,,,,,,,,,,,
0,0.679980604,2,9,GO:0003053,circadian regulation of heart rate,1,,,,,,,,,,,
0,1,3,21,GO:0003056,regulation of vascular associated smooth muscle contraction,1,,,,,,,,,,,
0,0.64880604,2,18,GO:0003057,regulation of the force of heart contraction by chemical signal,1,,,,,,,,,,,
0,0.897628656,2,18,GO:0003062,regulation of heart rate by chemical signal,1,,,,,,,,,,,
0,0.718041534,7,10,GO:0003064,regulation of heart rate by hormone,1,,,,,,,,,,,
0,0.761578891,2,62,GO:0003071,renal system process involved in regulation of systemic arterial blood pressure,1,,,,,,,,,,,
0,0.981599205,2,229,GO:0003073,regulation of systemic arterial blood pressure,1,,,,,,,,,,,
0,0.485032117,2,55,GO:0003081,regulation of systemic arterial blood pressure by renin-angiotensin,1,,,,,,,,,,,
0,0.652533491,3,46,GO:0003084,positive regulation of systemic arterial blood pressure,1,,,,,,,,,,,
0,0.998226736,2,50,GO:0003085,negative regulation of systemic arterial blood pressure,1,,,,,,,,,,,
0,0.853564587,3,70,GO:0003091,renal water homeostasis,1,,,,,,,,,,,
0,0.984696369,2,33,GO:0003094,glomerular filtration,1,,,,,,,,,,,
0,0.832349448,2,26,GO:0003096,renal sodium ion transport,1,,,,,,,,,,,
0,0.39725779,2,19,GO:0003097,renal water transport,1,,,,,,,,,,,
0,1,2,11,GO:0003100,regulation of systemic arterial blood pressure by endothelin,1,,,,,,,,,,,
0,0.468712327,2,13,GO:0003104,positive regulation of glomerular filtration,1,,,,,,,,,,,
0,0.86811573,3,16,GO:0003105,negative regulation of glomerular filtration,1,,,,,,,,,,,
0,0.430686562,5,20,GO:0003128;GO:0003139,heart field specification,1,,,,,,,,,,,
0,0.468712327,3,13,GO:0003150,muscular septum morphogenesis,1,,,,,,,,,,,
0,0.832349448,2,26,GO:0003159;GO:0061154,morphogenesis of an endothelium,1,,,,,,,,,,,
0,0.583200448,3,16,GO:0003160,endocardium morphogenesis,1,,,,,,,,,,,
0,0.677051526,7,38,GO:0003161,cardiac conduction system development,1,,,,,,,,,,,
0,0.532117413,7,6,GO:0003162,atrioventricular node development,1,,,,,,,,,,,
0,0.583200448,2,16,GO:0003163,sinoatrial node development,1,,,,,,,,,,,
0,1,6,17,GO:0003164;GO:0003166,His-Purkinje system development,1,,,,,,,,,,,
0,1,6,6,GO:0003165,Purkinje myocyte development,1,,,,,,,,,,,
0,1,2,5,GO:0003167,atrioventricular bundle cell differentiation,1,,,,,,,,,,,
0,0.909808028,5,19,GO:0003175;GO:0003186,tricuspid valve development,1,,,,,,,,,,,
0,0.449033255,3,45,GO:0003188,heart valve formation,1,,,,,,,,,,,
0,0.402521256,2,27,GO:0003190,atrioventricular valve formation,1,,,,,,,,,,,
0,0.718041534,3,10,GO:0003192,mitral valve formation,1,,,,,,,,,,,
0,0.532117413,4,6,GO:0003193;GO:0035922,pulmonary valve formation,1,,,,,,,,,,,
0,1,2,8,GO:0003195,tricuspid valve formation,1,,,,,,,,,,,
0,0.485407817,4,30,GO:0003198,epithelial to mesenchymal transition involved in endocardial cushion formation,1,,,,,,,,,,,
0,1,2,13,GO:0003199;GO:0090500,endocardial cushion to mesenchymal transition,1,,,,,,,,,,,
0,0.533628968,2,185,GO:0003208,cardiac ventricle morphogenesis,1,,,,,,,,,,,
0,0.383341016,2,82,GO:0003209;GO:0003230,cardiac atrium development,1,,,,,,,,,,,
0,0.825846271,3,47,GO:0003214,cardiac left ventricle morphogenesis,1,,,,,,,,,,,
0,0.508958394,3,14,GO:0003220,left ventricular cardiac muscle tissue morphogenesis,1,,,,,,,,,,,
0,1,3,7,GO:0003221,right ventricular cardiac muscle tissue morphogenesis,1,,,,,,,,,,,
0,0.656049044,3,37,GO:0003222,ventricular trabecula myocardium morphogenesis,1,,,,,,,,,,,
0,0.731450953,3,21,GO:0003223,ventricular compact myocardium morphogenesis,1,,,,,,,,,,,
0,1,3,17,GO:0003228;GO:0055009,atrial cardiac muscle tissue development,1,,,,,,,,,,,
0,0.587758061,2,7,GO:0003241,growth involved in heart morphogenesis,1,,,,,,,,,,,
0,0.468969527,2,5,GO:0003253,cardiac neural crest cell migration involved in outflow tract morphogenesis,1,,,,,,,,,,,
0,0.830097807,2,14,GO:0003256,regulation of transcription from RNA polymerase II promoter involved in myocardial precursor cell differentiation,1,,,,,,,,,,,
0,1,5,7,GO:0003257,positive regulation of transcription from RNA polymerase II promoter involved in myocardial precursor cell differentiation,1,,,,,,,,,,,
0,1,6,6,GO:0003260;GO:0060975,cardioblast migration,1,,,,,,,,,,,
0,0.383990822,3,50,GO:0003272,endocardial cushion formation,1,,,,,,,,,,,
0,0.532117413,2,6,GO:0003273,cell migration involved in endocardial cushion formation,1,,,,,,,,,,,
0,0.382687015,2,11,GO:0003274,endocardial cushion fusion,1,,,,,,,,,,,
0,1,2,7,GO:0003278,apoptotic process involved in heart morphogenesis,1,,,,,,,,,,,
0,0.470883049,2,46,GO:0003283,atrial septum development,1,,,,,,,,,,,
0,1,3,5,GO:0003285,septum secundum development,1,,,,,,,,,,,
0,0.337432237,3,10,GO:0003294;GO:0010643;GO:0010645;GO:0010652,cell communication by chemical coupling,1,,,,,,,,,,,
0,0.768991806,3,33,GO:0003298;GO:0003301;GO:0061049,physiological muscle hypertrophy,1,,,,,,,,,,,
0,0.784033212,4,44,GO:0003299;GO:0014887;GO:0014898,muscle hypertrophy in response to stress,1,,,,,,,,,,,
0,0.352510272,2,112,GO:0003300;GO:0014897;GO:0014896,muscle hypertrophy,1,,,,,,,,,,,
0,1,2,15,GO:0003306,Wnt signaling pathway involved in heart development,1,,,,,,,,,,,
0,0.883805177,2,17,GO:0003307;GO:0003308,regulation of Wnt signaling pathway involved in heart development,1,,,,,,,,,,,
0,0.929993176,2,21,GO:0003310,pancreatic A cell differentiation,1,,,,,,,,,,,
0,1,2,5,GO:0003312;GO:0003326;GO:0003329,pancreatic PP cell differentiation,1,,,,,,,,,,,
0,0.587758061,2,7,GO:0003322,pancreatic A cell development,1,,,,,,,,,,,
0,0.955142603,3,39,GO:0003323,type B pancreatic cell development,1,,,,,,,,,,,
0,0.463414403,2,21,GO:0003330,regulation of extracellular matrix constituent secretion,1,,,,,,,,,,,
0,0.807159278,2,13,GO:0003331,positive regulation of extracellular matrix constituent secretion,1,,,,,,,,,,,
0,0.532117413,3,6,GO:0003332,negative regulation of extracellular matrix constituent secretion,1,,,,,,,,,,,
0,0.999992249,6,212,GO:0003333,amino acid transmembrane transport,1,,,,,,,,,,,
0,0.971161259,2,28,GO:0003334,keratinocyte development,1,,,,,,,,,,,
0,0.897628656,2,18,GO:0003337,mesenchymal to epithelial transition involved in metanephros morphogenesis,1,,,,,,,,,,,
0,0.919983683,2,79,GO:0003338;GO:0072273,metanephros morphogenesis,1,,,,,,,,,,,
0,1,4,22,GO:0003339,regulation of mesenchymal to epithelial transition involved in metanephros morphogenesis,1,,,,,,,,,,,
0,0.984423328,2,232,GO:0003341,cilium movement,1,,,,,,,,,,,
0,0.718041534,5,10,GO:0003342;GO:0003343,septum transversum development,1,,,,,,,,,,,
0,0.31619155,3,39,GO:0003344,pericardium morphogenesis,1,,,,,,,,,,,
0,0.532117413,6,6,GO:0003350,pulmonary myocardium development,1,,,,,,,,,,,
0,0.632875278,4,54,GO:0003351;GO:0006858,extracellular transport,1,,,,,,,,,,,
0,1,2,19,GO:0003356,regulation of cilium beat frequency,1,,,,,,,,,,,
0,0.617084583,2,17,GO:0003357,noradrenergic neuron differentiation,1,,,,,,,,,,,
0,1,2,8,GO:0003358;GO:0061104,noradrenergic neuron development,1,,,,,,,,,,,
0,0.64880604,3,18,GO:0003360,brainstem development,1,,,,,,,,,,,
0,0.679980604,4,9,GO:0003365;GO:0003371;GO:0003379;GO:0003380;GO:0048383,establishment of cell polarity involved in ameboidal cell migration,1,,,,,,,,,,,
0,1,2,6,GO:0003366,cell-matrix adhesion involved in ameboidal cell migration,1,,,,,,,,,,,
0,0.920538784,3,20,GO:0003376;GO:0090520,sphingosine-1-phosphate receptor signaling pathway,1,,,,,,,,,,,
0,1,3,9,GO:0003399;GO:0035231;GO:0035232,germ cell attraction,1,,,,,,,,,,,
0,1,2,17,GO:0003402,planar cell polarity pathway involved in axis elongation,1,,,,,,,,,,,
0,0.718041534,2,10,GO:0003404,optic vesicle morphogenesis,1,,,,,,,,,,,
0,0.686868582,3,29,GO:0003406,retinal pigment epithelium development,1,,,,,,,,,,,
0,0.991222796,3,242,GO:0003407,neural retina development,1,,,,,,,,,,,
0,0.31619155,2,39,GO:0003413,chondrocyte differentiation involved in endochondral bone morphogenesis,1,,,,,,,,,,,
0,0.463414403,4,21,GO:0003415;GO:0003430;GO:0003431,chondrocyte hypertrophy,1,,,,,,,,,,,
0,1,2,6,GO:0003419,growth plate cartilage chondrocyte proliferation,1,,,,,,,,,,,
0,0.583200448,2,16,GO:0003420,regulation of growth plate cartilage chondrocyte proliferation,1,,,,,,,,,,,
0,0.751576986,3,11,GO:0003422,growth plate cartilage morphogenesis,1,,,,,,,,,,,
0,0.636783715,4,8,GO:0003428,chondrocyte intercalation involved in growth plate cartilage morphogenesis,1,,,,,,,,,,,
0,0.987665857,2,51,GO:0005513,detection of calcium ion,1,,,,,,,,,,,
0,0.737778927,2,845,GO:0005975,carbohydrate metabolic process,1,,,,,,,,,,,
0,0.613925432,2,210,GO:0005976;GO:0044264,polysaccharide metabolic process,1,,,,,,,,,,,
0,0.527922101,3,176,GO:0005977;GO:0006073;GO:0006112;GO:0044042,energy reserve metabolic process,1,,,,,,,,,,,
0,0.823144907,2,67,GO:0005979;GO:0010962,regulation of glycogen biosynthetic process,1,,,,,,,,,,,
0,0.463414403,3,21,GO:0005984,disaccharide metabolic process,1,,,,,,,,,,,
0,0.468969527,5,5,GO:0005985,sucrose metabolic process,1,,,,,,,,,,,
0,1,4,9,GO:0005988;GO:0005989,lactose biosynthetic process,1,,,,,,,,,,,
0,0.539418166,2,389,GO:0005996;GO:0019318,monosaccharide metabolic process,1,,,,,,,,,,,
0,1,5,7,GO:0005997,xylulose metabolic process,1,,,,,,,,,,,
0,1,3,5,GO:0005999,xylulose biosynthetic process,1,,,,,,,,,,,
0,0.526179364,3,23,GO:0006002,fructose 6-phosphate metabolic process,1,,,,,,,,,,,
0,0.485407817,2,30,GO:0006004,fucose metabolic process,1,,,,,,,,,,,
0,0.802958258,5,35,GO:0006011,UDP-glucose metabolic process,1,,,,,,,,,,,
0,0.374241607,4,26,GO:0006012,galactose metabolic process,1,,,,,,,,,,,
0,1,2,15,GO:0006013,mannose metabolic process,1,,,,,,,,,,,
0,0.587758061,3,7,GO:0006015;GO:0046391,5-phosphoribose 1-diphosphate biosynthetic process,1,,,,,,,,,,,
0,0.731450953,3,21,GO:0006020,inositol metabolic process,1,,,,,,,,,,,
0,0.81079935,5,207,GO:0006029;GO:0030166,proteoglycan metabolic process,1,,,,,,,,,,,
0,0.679980604,3,9,GO:0006032,chitin catabolic process,1,,,,,,,,,,,
0,0.587758061,2,7,GO:0006037,cell wall chitin metabolic process,1,,,,,,,,,,,
0,0.427827234,2,93,GO:0006040,amino sugar metabolic process,1,,,,,,,,,,,
0,0.337432237,2,10,GO:0006041,glucosamine metabolic process,1,,,,,,,,,,,
0,0.832349448,5,26,GO:0006047,UDP-N-acetylglucosamine metabolic process,1,,,,,,,,,,,
0,0.583200448,4,16,GO:0006048,UDP-N-acetylglucosamine biosynthetic process,1,,,,,,,,,,,
0,0.617084583,2,17,GO:0006054,N-acetylneuraminate metabolic process,1,,,,,,,,,,,
0,0.468969527,2,5,GO:0006059,hexitol metabolic process,1,,,,,,,,,,,
0,0.957824569,2,25,GO:0006063;GO:0019585,uronic acid metabolic process,1,,,,,,,,,,,
0,0.587758061,6,7,GO:0006064;GO:0019640;GO:1901159;GO:0051167,glucuronate catabolic process to xylulose 5-phosphate,1,,,,,,,,,,,
0,1,2,6,GO:0006065,UDP-glucuronate biosynthetic process,1,,,,,,,,,,,
0,0.373250542,2,540,GO:0006066,alcohol metabolic process,1,,,,,,,,,,,
0,0.36331292,2,18,GO:0006067,ethanol metabolic process,1,,,,,,,,,,,
0,0.909808028,3,19,GO:0006072;GO:0052646,alditol phosphate metabolic process,1,,,,,,,,,,,
0,0.315715018,2,133,GO:0006081,cellular aldehyde metabolic process,1,,,,,,,,,,,
0,0.532117413,2,6,GO:0006083,acetate metabolic process,1,,,,,,,,,,,
0,0.383990822,2,50,GO:0006084,acetyl-CoA metabolic process,1,,,,,,,,,,,
0,0.402521256,3,27,GO:0006085,acetyl-CoA biosynthetic process,1,,,,,,,,,,,
0,0.909808028,3,19,GO:0006086;GO:0061732,acetyl-CoA biosynthetic process from pyruvate,1,,,,,,,,,,,
0,0.938635875,2,36,GO:0006089,lactate metabolic process,1,,,,,,,,,,,
0,0.884054722,2,801,GO:0006091,generation of precursor metabolites and energy,1,,,,,,,,,,,
0,0.481522745,2,130,GO:0006094;GO:0019319;GO:0046364,monosaccharide biosynthetic process,1,,,,,,,,,,,
0,0.847874426,4,27,GO:0006098;GO:0006740,NADPH regeneration,1,,,,,,,,,,,
0,0.931584136,3,113,GO:0006099;GO:0006101;GO:0072350,tricarboxylic acid metabolic process,1,,,,,,,,,,,
0,0.897628656,3,18,GO:0006102,isocitrate metabolic process,1,,,,,,,,,,,
0,0.547147755,2,15,GO:0006104,succinyl-CoA metabolic process,1,,,,,,,,,,,
0,0.832349448,3,26,GO:0006105,succinate metabolic process,1,,,,,,,,,,,
0,0.830097807,3,14,GO:0006106;GO:0019551,fumarate metabolic process,1,,,,,,,,,,,
0,0.485407817,3,30,GO:0006107,oxaloacetate metabolic process,1,,,,,,,,,,,
0,0.807159278,3,13,GO:0006108,malate metabolic process,1,,,,,,,,,,,
0,0.422570143,2,415,GO:0006109,regulation of carbohydrate metabolic process,1,,,,,,,,,,,
0,0.488102361,3,97,GO:0006111,regulation of gluconeogenesis,1,,,,,,,,,,,
0,0.532117413,4,6,GO:0006114,glycerol biosynthetic process,1,,,,,,,,,,,
0,0.883805177,2,17,GO:0006116,NADH oxidation,1,,,,,,,,,,,
0,0.901524043,3,224,GO:0006119;GO:0022904;GO:0042773;GO:0042775,respiratory electron transport chain,1,,,,,,,,,,,
0,1,2,8,GO:0006127,glycerophosphate shuttle,1,,,,,,,,,,,
0,0.636783715,4,8,GO:0006145,purine nucleobase catabolic process,1,,,,,,,,,,,
0,1,7,9,GO:0006148;GO:0006149;GO:0046094;GO:0006161;GO:0042453;GO:0006738;GO:0070638;GO:0008617;GO:0046115,guanosine metabolic process,1,,,,,,,,,,,
0,0.58770963,2,34,GO:0006152;GO:0046130,purine nucleoside catabolic process,1,,,,,,,,,,,
0,0.468969527,2,5,GO:0006154,adenosine catabolic process,1,,,,,,,,,,,
0,0.946031317,5,1050,GO:0006163;GO:0072521;GO:0009150;GO:0009259;GO:0019693,purine-containing compound metabolic process,1,,,,,,,,,,,
0,0.673445887,2,460,GO:0006164;GO:0072522;GO:0009152;GO:0009260;GO:0046390,ribose phosphate biosynthetic process,1,,,,,,,,,,,
0,0.39725779,4,19,GO:0006167,AMP biosynthetic process,1,,,,,,,,,,,
0,0.897694922,2,31,GO:0006171,cAMP biosynthetic process,1,,,,,,,,,,,
0,0.678399952,3,19,GO:0006188,IMP biosynthetic process,1,,,,,,,,,,,
0,0.337432237,4,10,GO:0006189,'de novo' IMP biosynthetic process,1,,,,,,,,,,,
0,0.619993336,2,115,GO:0006195;GO:0072523,purine-containing compound catabolic process,1,,,,,,,,,,,
0,0.636783715,2,8,GO:0006196,AMP catabolic process,1,,,,,,,,,,,
0,0.81830493,2,36,GO:0006198;GO:0009214,cyclic nucleotide catabolic process,1,,,,,,,,,,,
0,0.984574517,2,63,GO:0006206,pyrimidine nucleobase metabolic process,1,,,,,,,,,,,
0,0.962843573,6,26,GO:0006207;GO:0019856,'de novo' pyrimidine nucleobase biosynthetic process,1,,,,,,,,,,,
0,0.883805177,2,17,GO:0006208;GO:0006212;GO:0019860,pyrimidine nucleobase catabolic process,1,,,,,,,,,,,
0,1,3,7,GO:0006210;GO:0019859,thymine metabolic process,1,,,,,,,,,,,
0,0.985800198,4,77,GO:0006213,pyrimidine nucleoside metabolic process,1,,,,,,,,,,,
0,1,3,12,GO:0006216;GO:0046087;GO:0009972,cytidine metabolic process,1,,,,,,,,,,,
0,1,5,5,GO:0006217;GO:0046109,uridine biosynthetic process,1,,,,,,,,,,,
0,0.779835237,5,73,GO:0006220,pyrimidine nucleotide metabolic process,1,,,,,,,,,,,
0,0.652533491,2,46,GO:0006221,pyrimidine nucleotide biosynthetic process,1,,,,,,,,,,,
0,1,3,17,GO:0006222;GO:0009174;GO:0046049;GO:0009173,pyrimidine ribonucleoside monophosphate biosynthetic process,1,,,,,,,,,,,
0,1,2,5,GO:0006226,dUMP biosynthetic process,1,,,,,,,,,,,
0,0.587758061,2,7,GO:0006241;GO:0046036,CTP biosynthetic process,1,,,,,,,,,,,
0,0.678399952,3,19,GO:0006244;GO:0009223,pyrimidine nucleotide catabolic process,1,,,,,,,,,,,
0,0.33025755,2,32,GO:0006271;GO:0022616,DNA strand elongation,1,,,,,,,,,,,
0,1,2,7,GO:0006272,leading strand elongation,1,,,,,,,,,,,
0,0.751576986,2,11,GO:0006273,lagging strand elongation,1,,,,,,,,,,,
0,0.724494632,3,50,GO:0006278;GO:0007004;GO:0010833,telomere maintenance via telomere lengthening,1,,,,,,,,,,,
0,0.374183398,2,689,GO:0006281,DNA repair,1,,,,,,,,,,,
0,0.670830445,2,181,GO:0006282,regulation of DNA repair,1,,,,,,,,,,,
0,0.994471491,2,113,GO:0006283,transcription-coupled nucleotide-excision repair,1,,,,,,,,,,,
0,0.984059622,6,168,GO:0006289,nucleotide-excision repair,1,,,,,,,,,,,
0,0.486056549,3,298,GO:0006302,double-strand break repair,1,,,,,,,,,,,
0,0.6113564,2,35,GO:0006309,apoptotic DNA fragmentation,1,,,,,,,,,,,
0,0.516382485,5,310,GO:0006310,DNA recombination,1,,,,,,,,,,,
0,0.532117413,2,6,GO:0006311,meiotic gene conversion,1,,,,,,,,,,,
0,0.962843573,2,26,GO:0006312,mitotic recombination,1,,,,,,,,,,,
0,0.86811573,2,16,GO:0006335;GO:0034723,DNA replication-dependent nucleosome assembly,1,,,,,,,,,,,
0,0.384518396,2,58,GO:0006336;GO:0034724,DNA replication-independent nucleosome organization,1,,,,,,,,,,,
0,0.508958394,2,14,GO:0006348,chromatin silencing at telomere,1,,,,,,,,,,,
0,0.452973505,2,1926,GO:0006351;GO:0097659;GO:0032774;GO:0006366,RNA biosynthetic process,1,,,,,,,,,,,
0,0.988948598,4,52,GO:0006359,regulation of transcription by RNA polymerase III,1,,,,,,,,,,,
0,0.855849892,3,60,GO:0006360;GO:0006361;GO:0006363,transcription by RNA polymerase I,1,,,,,,,,,,,
0,0.834766,4,58,GO:0006369,termination of RNA polymerase II transcription,1,,,,,,,,,,,
0,0.935781732,6,48,GO:0006370;GO:0009452;GO:0036260,RNA capping,1,,,,,,,,,,,
0,0.590426485,3,78,GO:0006378;GO:0043631,mRNA polyadenylation,1,,,,,,,,,,,
0,0.679980604,2,9,GO:0006382,adenosine to inosine editing,1,,,,,,,,,,,
0,0.96320274,3,54,GO:0006383,transcription by RNA polymerase III,1,,,,,,,,,,,
0,0.86811573,4,16,GO:0006384,transcription initiation from RNA polymerase III promoter,1,,,,,,,,,,,
0,0.832349448,3,26,GO:0006390,mitochondrial transcription,1,,,,,,,,,,,
0,1,4,5,GO:0006391,transcription initiation from mitochondrial promoter,1,,,,,,,,,,,
0,0.929863638,5,1385,GO:0006396,RNA processing,1,,,,,,,,,,,
0,1,3,7,GO:0006398,mRNA 3'-end processing by stem-loop binding and cleavage,1,,,,,,,,,,,
0,0.993690356,6,226,GO:0006399,tRNA metabolic process,1,,,,,,,,,,,
0,0.96932184,2,92,GO:0006400,tRNA modification,1,,,,,,,,,,,
0,0.999709375,2,566,GO:0006403,RNA localization,1,,,,,,,,,,,
0,1,2,6,GO:0006404,RNA import into nucleus,1,,,,,,,,,,,
0,0.99646609,2,257,GO:0006405;GO:0071166;GO:0071426,RNA export from nucleus,1,,,,,,,,,,,
0,0.994818466,7,240,GO:0006406;GO:0051028;GO:0071427,mRNA transport,1,,,,,,,,,,,
0,0.532117413,6,6,GO:0006407,rRNA export from nucleus,1,,,,,,,,,,,
0,1,8,8,GO:0006409;GO:0071431,tRNA export from nucleus,1,,,,,,,,,,,
0,0.444784071,4,152,GO:0006414,translational elongation,1,,,,,,,,,,,
0,0.992364558,2,145,GO:0006415;GO:0032543;GO:0070125;GO:0070126,mitochondrial translation,1,,,,,,,,,,,
0,1,2,6,GO:0006421,asparaginyl-tRNA aminoacylation,1,,,,,,,,,,,
0,1,2,6,GO:0006432,phenylalanyl-tRNA aminoacylation,1,,,,,,,,,,,
0,0.973593728,2,160,GO:0006446,regulation of translational initiation,1,,,,,,,,,,,
0,1,3,9,GO:0006447;GO:0045994,regulation of translational initiation by iron,1,,,,,,,,,,,
0,0.374241607,2,26,GO:0006448,regulation of translational elongation,1,,,,,,,,,,,
0,1,2,12,GO:0006449,regulation of translational termination,1,,,,,,,,,,,
0,0.508958394,3,14,GO:0006450,regulation of translational fidelity,1,,,,,,,,,,,
0,0.547147755,2,15,GO:0006451,translational readthrough,1,,,,,,,,,,,
0,0.994593451,2,406,GO:0006457,protein folding,1,,,,,,,,,,,
0,0.713014375,3,68,GO:0006458,'de novo' protein folding,1,,,,,,,,,,,
0,0.495287212,3,22,GO:0006465,signal peptide processing,1,,,,,,,,,,,
0,0.470883049,2,46,GO:0006471,protein ADP-ribosylation,1,,,,,,,,,,,
0,0.64880604,2,18,GO:0006477;GO:0051923,sulfation,1,,,,,,,,,,,
0,0.995275524,2,429,GO:0006486;GO:0043413;GO:0070085,glycosylation,1,,,,,,,,,,,
0,0.999089046,2,172,GO:0006487,protein N-linked glycosylation,1,,,,,,,,,,,
0,1,4,30,GO:0006488;GO:0006490,oligosaccharide-lipid intermediate biosynthetic process,1,,,,,,,,,,,
0,1,2,7,GO:0006489;GO:0046465,dolichyl diphosphate biosynthetic process,1,,,,,,,,,,,
0,0.889424172,4,53,GO:0006491,N-glycan processing,1,,,,,,,,,,,
0,0.78416776,2,185,GO:0006493,protein O-linked glycosylation,1,,,,,,,,,,,
0,0.962120918,2,185,GO:0006497;GO:0042157;GO:0042158,lipoprotein metabolic process,1,,,,,,,,,,,
0,0.830097807,2,14,GO:0006498;GO:0006499;GO:0018377,N-terminal protein lipidation,1,,,,,,,,,,,
0,1,3,18,GO:0006501,C-terminal protein lipidation,1,,,,,,,,,,,
0,0.973633217,3,44,GO:0006505;GO:0006506,GPI anchor metabolic process,1,,,,,,,,,,,
0,1,2,5,GO:0006507,GPI anchor release,1,,,,,,,,,,,
0,0.999824482,2,2169,GO:0006508,proteolysis,1,,,,,,,,,,,
0,0.707573689,4,49,GO:0006509,membrane protein ectodomain proteolysis,1,,,,,,,,,,,
0,0.974692357,3,150,GO:0006513,protein monoubiquitination,1,,,,,,,,,,,
0,0.998156379,2,68,GO:0006515;GO:0051788;GO:0071218,protein quality control for misfolded or incompletely synthesized proteins,1,,,,,,,,,,,
0,0.634144871,4,36,GO:0006516,glycoprotein catabolic process,1,,,,,,,,,,,
0,0.732916594,2,60,GO:0006517,protein deglycosylation,1,,,,,,,,,,,
0,0.338191873,2,40,GO:0006521,regulation of cellular amino acid metabolic process,1,,,,,,,,,,,
0,0.751576986,4,11,GO:0006522;GO:0009078;GO:0042851,alanine metabolic process,1,,,,,,,,,,,
0,0.636783715,2,8,GO:0006528,asparagine metabolic process,1,,,,,,,,,,,
0,0.430686562,4,20,GO:0006531,aspartate metabolic process,1,,,,,,,,,,,
0,0.679980604,3,9,GO:0006532;GO:0006533;GO:0019550,aspartate catabolic process,1,,,,,,,,,,,
0,0.384518396,4,58,GO:0006536,glutamate metabolic process,1,,,,,,,,,,,
0,0.584646839,3,25,GO:0006537,glutamate biosynthetic process,1,,,,,,,,,,,
0,0.796945718,2,24,GO:0006538,glutamate catabolic process,1,,,,,,,,,,,
0,1,3,6,GO:0006540,glutamate decarboxylation to succinate,1,,,,,,,,,,,
0,0.679980604,2,9,GO:0006543,glutamine catabolic process,1,,,,,,,,,,,
0,0.485407817,4,30,GO:0006544,glycine metabolic process,1,,,,,,,,,,,
0,0.532117413,2,6,GO:0006545,glycine biosynthetic process,1,,,,,,,,,,,
0,0.337432237,2,10,GO:0006546;GO:0019464,glycine catabolic process,1,,,,,,,,,,,
0,0.897628656,2,18,GO:0006547;GO:0006548;GO:0052803;GO:0052805,imidazole-containing compound metabolic process,1,,,,,,,,,,,
0,0.718041534,3,10,GO:0006549,isoleucine metabolic process,1,,,,,,,,,,,
0,1,2,12,GO:0006551,leucine metabolic process,1,,,,,,,,,,,
0,1,4,6,GO:0006552,leucine catabolic process,1,,,,,,,,,,,
0,0.468712327,2,13,GO:0006553;GO:0006554,lysine metabolic process,1,,,,,,,,,,,
0,1,2,8,GO:0006556,S-adenosylmethionine biosynthetic process,1,,,,,,,,,,,
0,1,4,17,GO:0006558;GO:1902221;GO:0006559;GO:1902222,L-phenylalanine metabolic process,1,,,,,,,,,,,
0,0.508958394,4,14,GO:0006560,proline metabolic process,1,,,,,,,,,,,
0,1,2,7,GO:0006562,proline catabolic process,1,,,,,,,,,,,
0,0.532117413,4,6,GO:0006565,L-serine catabolic process,1,,,,,,,,,,,
0,0.718041534,2,10,GO:0006566;GO:0006567,threonine metabolic process,1,,,,,,,,,,,
0,0.931950822,4,35,GO:0006568;GO:0006586,indolalkylamine metabolic process,1,,,,,,,,,,,
0,0.64880604,5,18,GO:0006569;GO:0046218;GO:0042436,indole-containing compound catabolic process,1,,,,,,,,,,,
0,1,3,32,GO:0006570,tyrosine metabolic process,1,,,,,,,,,,,
0,1,3,10,GO:0006572,tyrosine catabolic process,1,,,,,,,,,,,
0,0.850308525,2,15,GO:0006573,valine metabolic process,1,,,,,,,,,,,
0,1,4,5,GO:0006574,valine catabolic process,1,,,,,,,,,,,
0,0.643701766,2,187,GO:0006576;GO:0044106;GO:0009308,amine metabolic process,1,,,,,,,,,,,
0,0.751811964,4,190,GO:0006582,melanin metabolic process,1,,,,,,,,,,,
0,1,3,9,GO:0006583,melanin biosynthetic process from tyrosine,1,,,,,,,,,,,
0,0.853344475,4,90,GO:0006584;GO:0009712;GO:0042417,catechol-containing compound metabolic process,1,,,,,,,,,,,
0,1,6,8,GO:0006585,dopamine biosynthetic process from tyrosine,1,,,,,,,,,,,
0,1,2,7,GO:0006587;GO:0042427;GO:1901162,primary amino compound biosynthetic process,1,,,,,,,,,,,
0,0.86811573,2,16,GO:0006590,thyroid hormone generation,1,,,,,,,,,,,
0,0.64880604,3,18,GO:0006591,ornithine metabolic process,1,,,,,,,,,,,
0,0.426549964,2,12,GO:0006598;GO:0046208,polyamine catabolic process,1,,,,,,,,,,,
0,0.826451646,4,382,GO:0006606;GO:0017038;GO:0051170,protein import,1,,,,,,,,,,,
0,0.972346189,2,57,GO:0006607,NLS-bearing protein import into nucleus,1,,,,,,,,,,,
0,0.583200448,2,16,GO:0006610,ribosomal protein import into nucleus,1,,,,,,,,,,,
0,0.343395764,3,48,GO:0006622,protein targeting to lysosome,1,,,,,,,,,,,
0,0.816772549,2,86,GO:0006623;GO:0072666,establishment of protein localization to vacuole,1,,,,,,,,,,,
0,1,4,8,GO:0006624,vacuolar protein processing,1,,,,,,,,,,,
0,0.960959769,3,111,GO:0006626,protein targeting to mitochondrion,1,,,,,,,,,,,
0,1,2,9,GO:0006627,protein processing involved in protein targeting to mitochondrion,1,,,,,,,,,,,
0,0.344290757,2,200,GO:0006633,fatty acid biosynthetic process,1,,,,,,,,,,,
0,0.650978522,2,55,GO:0006636,unsaturated fatty acid biosynthetic process,1,,,,,,,,,,,
0,0.564606783,6,205,GO:0006637;GO:0033875;GO:0034032;GO:0035383;GO:0033865,ribonucleoside bisphosphate metabolic process,1,,,,,,,,,,,
0,0.457742025,3,228,GO:0006638;GO:0006639;GO:0006641,neutral lipid metabolic process,1,,,,,,,,,,,
0,0.555991266,2,24,GO:0006642,triglyceride mobilization,1,,,,,,,,,,,
0,0.40877418,3,1020,GO:0006644;GO:0006650;GO:0046486,glycerolipid metabolic process,1,,,,,,,,,,,
0,0.31619155,4,39,GO:0006646;GO:0046337,phosphatidylethanolamine metabolic process,1,,,,,,,,,,,
0,0.587758061,6,7,GO:0006649,phospholipid transfer to membrane,1,,,,,,,,,,,
0,0.707521445,3,86,GO:0006656,phosphatidylcholine biosynthetic process,1,,,,,,,,,,,
0,0.957824569,2,25,GO:0006657,CDP-choline pathway,1,,,,,,,,,,,
0,0.671587084,5,47,GO:0006658,phosphatidylserine metabolic process,1,,,,,,,,,,,
0,0.382687015,3,11,GO:0006659,phosphatidylserine biosynthetic process,1,,,,,,,,,,,
0,0.526179364,3,23,GO:0006662;GO:0046485,glycerol ether metabolic process,1,,,,,,,,,,,
0,0.587758061,2,7,GO:0006663,platelet activating factor biosynthetic process,1,,,,,,,,,,,
0,0.870860434,2,189,GO:0006664;GO:1903509,glycolipid metabolic process,1,,,,,,,,,,,
0,0.906471999,4,366,GO:0006665;GO:0006643,membrane lipid metabolic process,1,,,,,,,,,,,
0,1,2,6,GO:0006667;GO:0046511,sphinganine metabolic process,1,,,,,,,,,,,
0,0.704840007,2,140,GO:0006672,ceramide metabolic process,1,,,,,,,,,,,
0,0.374241607,5,26,GO:0006677,glycosylceramide metabolic process,1,,,,,,,,,,,
0,0.587758061,2,7,GO:0006678,glucosylceramide metabolic process,1,,,,,,,,,,,
0,0.547147755,2,15,GO:0006681;GO:0019374,galactosylceramide metabolic process,1,,,,,,,,,,,
0,0.952127845,2,24,GO:0006684,sphingomyelin metabolic process,1,,,,,,,,,,,
0,1,3,6,GO:0006685,sphingomyelin catabolic process,1,,,,,,,,,,,
0,0.830097807,3,14,GO:0006686,sphingomyelin biosynthetic process,1,,,,,,,,,,,
0,0.463831539,5,112,GO:0006687,glycosphingolipid metabolic process,1,,,,,,,,,,,
0,0.718041534,3,10,GO:0006689,ganglioside catabolic process,1,,,,,,,,,,,
0,0.95963043,3,40,GO:0006691,leukotriene metabolic process,1,,,,,,,,,,,
0,0.349277382,2,233,GO:0006694,steroid biosynthetic process,1,,,,,,,,,,,
0,0.755067327,4,22,GO:0006697;GO:0008205;GO:0045456;GO:0045455,ecdysteroid metabolic process,1,,,,,,,,,,,
0,0.750287097,3,32,GO:0006700,C21-steroid hormone biosynthetic process,1,,,,,,,,,,,
0,1,4,8,GO:0006701,progesterone biosynthetic process,1,,,,,,,,,,,
0,0.617084583,3,17,GO:0006703,estrogen biosynthetic process,1,,,,,,,,,,,
0,0.86811573,2,16,GO:0006704,glucocorticoid biosynthetic process,1,,,,,,,,,,,
0,1,4,9,GO:0006705;GO:0008212,mineralocorticoid biosynthetic process,1,,,,,,,,,,,
0,0.966528293,5,55,GO:0006706,steroid catabolic process,1,,,,,,,,,,,
0,0.929993176,3,21,GO:0006707;GO:0016127,cholesterol catabolic process,1,,,,,,,,,,,
0,0.578954411,3,215,GO:0006720;GO:0006721,isoprenoid metabolic process,1,,,,,,,,,,,
0,0.861509807,4,91,GO:0006726;GO:0042441;GO:0043324;GO:0043474;GO:0048069,eye pigmentation,1,,,,,,,,,,,
0,0.832621626,3,37,GO:0006727;GO:0008055;GO:0046152;GO:0046158;GO:0033060,ommochrome biosynthetic process,1,,,,,,,,,,,
0,0.468969527,4,5,GO:0006728,pteridine biosynthetic process,1,,,,,,,,,,,
0,0.781124897,3,12,GO:0006729;GO:0046146,tetrahydrobiopterin metabolic process,1,,,,,,,,,,,
0,0.484714827,-1,323,GO:0006733;GO:0019362;GO:0072524;GO:0046496,obsolete oxidoreduction coenzyme metabolic process,1,,,,,,,,,,,
0,0.88994525,2,105,GO:0006734,NADH metabolic process,1,,,,,,,,,,,
0,0.459888995,2,62,GO:0006739,NADP metabolic process,1,,,,,,,,,,,
0,0.426549964,2,12,GO:0006741,NADP biosynthetic process,1,,,,,,,,,,,
0,0.532117413,2,6,GO:0006742;GO:0019364,pyridine nucleotide catabolic process,1,,,,,,,,,,,
0,0.563240011,3,33,GO:0006743;GO:0006744;GO:1901663,ubiquinone metabolic process,1,,,,,,,,,,,
0,0.532117413,2,6,GO:0006751,glutathione catabolic process,1,,,,,,,,,,,
0,0.655958834,5,197,GO:0006754;GO:0009206;GO:0009145;GO:0009201;GO:0009142,nucleoside triphosphate biosynthetic process,1,,,,,,,,,,,
0,0.737637395,2,233,GO:0006766,vitamin metabolic process,1,,,,,,,,,,,
0,1,2,16,GO:0006768,biotin metabolic process,1,,,,,,,,,,,
0,0.966870154,2,91,GO:0006775,fat-soluble vitamin metabolic process,1,,,,,,,,,,,
0,0.971161259,7,28,GO:0006776,vitamin A metabolic process,1,,,,,,,,,,,
0,1,3,7,GO:0006777;GO:0019720,Mo-molybdopterin cofactor biosynthetic process,1,,,,,,,,,,,
0,0.636783715,4,8,GO:0006797,polyphosphate metabolic process,1,,,,,,,,,,,
0,0.468969527,2,5,GO:0006798,polyphosphate catabolic process,1,,,,,,,,,,,
0,0.504765427,2,56,GO:0006801,superoxide metabolic process,1,,,,,,,,,,,
0,0.327103995,2,158,GO:0006805,xenobiotic metabolic process,1,,,,,,,,,,,
0,1,2,8,GO:0006808,regulation of nitrogen utilization,1,,,,,,,,,,,
0,0.91645955,3,33,GO:0006809,nitric oxide biosynthetic process,1,,,,,,,,,,,
0,1,2,1905,GO:0006812,cation transport,1,,,,,,,,,,,
0,0.999999996,2,446,GO:0006813;GO:0071805,potassium ion transport,1,,,,,,,,,,,
0,0.99998391,2,405,GO:0006814;GO:0035725,sodium ion transport,1,,,,,,,,,,,
0,0.995959108,5,699,GO:0006816;GO:0070838;GO:0072511,divalent inorganic cation transport,1,,,,,,,,,,,
0,0.9080545,4,44,GO:0006817;GO:0035435,phosphate ion transport,1,,,,,,,,,,,
0,0.994959489,2,262,GO:0006821;GO:0098661,inorganic anion transmembrane transport,1,,,,,,,,,,,
0,1,4,5,GO:0006824,cobalt ion transport,1,,,,,,,,,,,
0,0.33025755,4,32,GO:0006825,copper ion transport,1,,,,,,,,,,,
0,0.791890698,5,140,GO:0006826,iron ion transport,1,,,,,,,,,,,
0,0.99284672,4,39,GO:0006828,manganese ion transport,1,,,,,,,,,,,
0,0.99113533,4,54,GO:0006829;GO:0071577,zinc ion transport,1,,,,,,,,,,,
0,0.751951145,5,42,GO:0006833,water transport,1,,,,,,,,,,,
0,0.999385396,3,164,GO:0006835,dicarboxylic acid transport,1,,,,,,,,,,,
0,0.999999304,4,668,GO:0006836,neurotransmitter transport,1,,,,,,,,,,,
0,0.421530898,4,473,GO:0006839,mitochondrial transport,1,,,,,,,,,,,
0,0.883805177,3,17,GO:0006842;GO:0015746;GO:0035674,tricarboxylic acid transmembrane transport,1,,,,,,,,,,,
0,1,2,6,GO:0006844;GO:1902616,acyl carnitine transport,1,,,,,,,,,,,
0,1,2,17,GO:0006848;GO:1901475,pyruvate transport,1,,,,,,,,,,,
0,1,2,5,GO:0006850,mitochondrial pyruvate transmembrane transport,1,,,,,,,,,,,
0,0.449033255,3,45,GO:0006851,mitochondrial calcium ion transmembrane transport,1,,,,,,,,,,,
0,0.999947892,4,257,GO:0006855,drug transmembrane transport,1,,,,,,,,,,,
0,1,4,7,GO:0006856;GO:1903232,eye pigment precursor transport,1,,,,,,,,,,,
0,0.945661923,2,23,GO:0006857;GO:0035672,oligopeptide transport,1,,,,,,,,,,,
0,0.492483316,6,47,GO:0006862,nucleotide transport,1,,,,,,,,,,,
0,0.458219008,2,29,GO:0006863;GO:0015851,nucleobase transport,1,,,,,,,,,,,
0,1,2,6,GO:0006864;GO:1990519,pyrimidine nucleotide transport,1,,,,,,,,,,,
0,0.999999317,5,294,GO:0006865,amino acid transport,1,,,,,,,,,,,
0,1,2,6,GO:0006867,asparagine transport,1,,,,,,,,,,,
0,1,7,13,GO:0006868,glutamine transport,1,,,,,,,,,,,
0,0.99095886,2,1513,GO:0006873;GO:0006875;GO:0030003;GO:0055065,cellular ion homeostasis,1,,,,,,,,,,,
0,0.998137201,2,1065,GO:0006874;GO:0055074;GO:0072503;GO:0072507,divalent inorganic cation homeostasis,1,,,,,,,,,,,
0,0.584646839,6,25,GO:0006878,cellular copper ion homeostasis,1,,,,,,,,,,,
0,0.636783715,5,8,GO:0006880;GO:0097577,intracellular sequestering of iron ion,1,,,,,,,,,,,
0,0.875057532,2,29,GO:0006882,cellular zinc ion homeostasis,1,,,,,,,,,,,
0,0.978741529,5,46,GO:0006883;GO:0055078,sodium ion homeostasis,1,,,,,,,,,,,
0,0.92968298,4,47,GO:0006884,cell volume homeostasis,1,,,,,,,,,,,
0,0.847999475,3,213,GO:0006885;GO:0030641;GO:0051453,regulation of pH,1,,,,,,,,,,,
0,0.996967049,4,1609,GO:0006887;GO:0045055,exocytosis,1,,,,,,,,,,,
0,0.934566602,2,367,GO:0006888,endoplasmic reticulum to Golgi vesicle-mediated transport,1,,,,,,,,,,,
0,0.987045101,2,78,GO:0006891,intra-Golgi vesicle-mediated transport,1,,,,,,,,,,,
0,0.946021502,5,228,GO:0006892,post-Golgi vesicle-mediated transport,1,,,,,,,,,,,
0,0.511264171,2,107,GO:0006893,Golgi to plasma membrane transport,1,,,,,,,,,,,
0,0.955597328,5,52,GO:0006895,Golgi to endosome transport,1,,,,,,,,,,,
0,0.875057532,2,29,GO:0006896,Golgi to vacuole transport,1,,,,,,,,,,,
0,0.577628121,4,1514,GO:0006897;GO:0098657,import into cell,1,,,,,,,,,,,
0,0.355483939,5,463,GO:0006898,receptor-mediated endocytosis,1,,,,,,,,,,,
0,0.957777487,2,183,GO:0006901;GO:0048194;GO:0048199;GO:0048207;GO:0048208;GO:0090114,Golgi vesicle budding,1,,,,,,,,,,,
0,0.99758724,2,252,GO:0006903,vesicle targeting,1,,,,,,,,,,,
0,0.969232447,3,168,GO:0006904;GO:0048278,vesicle docking,1,,,,,,,,,,,
0,0.996656985,5,45,GO:0006907,pinocytosis,1,,,,,,,,,,,
0,0.533968228,4,532,GO:0006909,phagocytosis,1,,,,,,,,,,,
0,0.856078886,2,631,GO:0006913;GO:0051169,nuclear transport,1,,,,,,,,,,,
0,0.970495559,3,474,GO:0006914;GO:0061919,autophagy,1,,,,,,,,,,,
0,0.468712327,8,13,GO:0006924,activation-induced cell death of T cells,1,,,,,,,,,,,
0,1,2,13,GO:0006925;GO:0033028,inflammatory cell apoptotic process,1,,,,,,,,,,,
0,0.979635735,2,503,GO:0006937,regulation of muscle contraction,1,,,,,,,,,,,
0,0.754344214,2,145,GO:0006939,smooth muscle contraction,1,,,,,,,,,,,
0,0.998717747,3,204,GO:0006940,regulation of smooth muscle contraction,1,,,,,,,,,,,
0,0.558433272,2,247,GO:0006942;GO:0055117,regulation of striated muscle contraction,1,,,,,,,,,,,
0,0.998900158,2,2187,GO:0006952,defense response,1,,,,,,,,,,,
0,0.515245302,3,65,GO:0006953,acute-phase response,1,,,,,,,,,,,
0,0.997163023,4,659,GO:0006954,inflammatory response,1,,,,,,,,,,,
0,0.963719552,2,2480,GO:0006955,immune response,1,,,,,,,,,,,
0,0.656049044,3,37,GO:0006956,complement activation,1,,,,,,,,,,,
0,0.8620828,3,372,GO:0006959,humoral immune response,1,,,,,,,,,,,
0,0.843853252,4,79,GO:0006968,cellular defense response,1,,,,,,,,,,,
0,0.30973011,3,277,GO:0006970,response to osmotic stress,1,,,,,,,,,,,
0,0.463414403,2,21,GO:0006971,hypotonic response,1,,,,,,,,,,,
0,0.414055414,2,133,GO:0006972,hyperosmotic response,1,,,,,,,,,,,
0,0.679980604,2,9,GO:0006973,intracellular accumulation of glycerol,1,,,,,,,,,,,
0,0.377084152,2,1279,GO:0006974,cellular response to DNA damage stimulus,1,,,,,,,,,,,
0,0.402521256,2,27,GO:0006975,DNA damage induced protein phosphorylation,1,,,,,,,,,,,
0,1,2,5,GO:0006982;GO:0071449,response to lipid hydroperoxide,1,,,,,,,,,,,
0,0.463414403,3,21,GO:0006983,ER overload response,1,,,,,,,,,,,
0,0.916607891,2,89,GO:0006984,ER-nucleus signaling pathway,1,,,,,,,,,,,
0,0.950337626,3,365,GO:0006986;GO:0035966;GO:0035967,response to topologically incorrect protein,1,,,,,,,,,,,
0,0.583200448,5,16,GO:0006990,positive regulation of transcription from RNA polymerase II promoter involved in unfolded protein response,1,,,,,,,,,,,
0,0.6113564,2,35,GO:0006991;GO:0032933;GO:0071501,response to sterol depletion,1,,,,,,,,,,,
0,0.830097807,2,14,GO:0006995;GO:0043562,cellular response to nitrogen starvation,1,,,,,,,,,,,
0,0.831595148,3,338,GO:0006997,nucleus organization,1,,,,,,,,,,,
0,0.649792516,3,135,GO:0006998,nuclear envelope organization,1,,,,,,,,,,,
0,0.858357333,2,39,GO:0006999,nuclear pore organization,1,,,,,,,,,,,
0,0.850308525,2,15,GO:0007000,nucleolus organization,1,,,,,,,,,,,
0,0.680241446,2,952,GO:0007005,mitochondrion organization,1,,,,,,,,,,,
0,0.463778265,2,262,GO:0007006,mitochondrial membrane organization,1,,,,,,,,,,,
0,0.998531626,4,70,GO:0007007,inner mitochondrial membrane organization,1,,,,,,,,,,,
0,0.909808028,4,19,GO:0007008,outer mitochondrial membrane organization,1,,,,,,,,,,,
0,0.444788793,2,1932,GO:0007017;GO:0000226,microtubule-based process,1,,,,,,,,,,,
0,0.337232158,2,748,GO:0007018,microtubule-based movement,1,,,,,,,,,,,
0,0.874637877,5,62,GO:0007020,microtubule nucleation,1,,,,,,,,,,,
0,1,3,13,GO:0007021,tubulin complex assembly,1,,,,,,,,,,,
0,1,3,10,GO:0007023,post-chaperonin tubulin folding pathway,1,,,,,,,,,,,
0,0.60702228,2,114,GO:0007026;GO:0031114,regulation of microtubule depolymerization,1,,,,,,,,,,,
0,0.855456922,2,205,GO:0007028;GO:0007315,cytoplasm organization,1,,,,,,,,,,,
0,0.802060638,2,169,GO:0007029,endoplasmic reticulum organization,1,,,,,,,,,,,
0,0.99000526,3,353,GO:0007030,Golgi organization,1,,,,,,,,,,,
0,0.966638111,4,177,GO:0007032,endosome organization,1,,,,,,,,,,,
0,0.979554631,2,318,GO:0007033,vacuole organization,1,,,,,,,,,,,
0,0.98933323,3,270,GO:0007034;GO:0007041,vacuolar transport,1,,,,,,,,,,,
0,0.534729879,8,49,GO:0007035,vacuolar acidification,1,,,,,,,,,,,
0,0.636783715,5,8,GO:0007039,protein catabolic process in the vacuole,1,,,,,,,,,,,
0,0.982162487,6,177,GO:0007040;GO:0080171,lytic vacuole organization,1,,,,,,,,,,,
0,0.329069441,11,17,GO:0007042,lysosomal lumen acidification,1,,,,,,,,,,,
0,0.656340827,4,440,GO:0007043,cell-cell junction assembly,1,,,,,,,,,,,
0,0.355718089,3,299,GO:0007050,cell cycle arrest,1,,,,,,,,,,,
0,0.39725779,2,19,GO:0007053,spindle assembly involved in male meiosis,1,,,,,,,,,,,
0,0.33025755,2,32,GO:0007056,spindle assembly involved in female meiosis,1,,,,,,,,,,,
0,1,7,7,GO:0007058,spindle assembly involved in female meiosis II,1,,,,,,,,,,,
0,0.612091,2,26,GO:0007060,male meiosis chromosome segregation,1,,,,,,,,,,,
0,0.587758061,2,7,GO:0007066,female meiosis sister chromatid cohesion,1,,,,,,,,,,,
0,0.734586371,5,41,GO:0007077,mitotic nuclear envelope disassembly,1,,,,,,,,,,,
0,1,2,6,GO:0007078,lamin depolymerization,1,,,,,,,,,,,
0,0.678399952,3,19,GO:0007079,mitotic chromosome movement towards spindle pole,1,,,,,,,,,,,
0,0.430554219,3,28,GO:0007084;GO:0101024,mitotic nuclear membrane organization,1,,,,,,,,,,,
0,0.830097807,3,14,GO:0007089,traversing start control point of mitotic cell cycle,1,,,,,,,,,,,
0,0.656049044,5,37,GO:0007091;GO:0044784,metaphase/anaphase transition of cell cycle,1,,,,,,,,,,,
0,0.591305617,4,43,GO:0007094;GO:0045841;GO:0071173;GO:0071174;GO:1902100;GO:2000816;GO:0031577;GO:1905819,negative regulation of chromosome separation,1,,,,,,,,,,,
0,0.555140086,4,93,GO:0007095;GO:0031572;GO:0044818,G2 DNA damage checkpoint,1,,,,,,,,,,,
0,0.39017849,3,295,GO:0007098;GO:0031023,microtubule organizing center organization,1,,,,,,,,,,,
0,0.532636891,2,83,GO:0007099;GO:0098534,centriole assembly,1,,,,,,,,,,,
0,0.513781538,2,48,GO:0007110;GO:0007111,meiosis I cytokinesis,1,,,,,,,,,,,
0,0.652936937,2,91,GO:0007112,male meiosis cytokinesis,1,,,,,,,,,,,
0,0.53450701,2,219,GO:0007127,meiosis I,1,,,,,,,,,,,
0,0.363651766,2,49,GO:0007130,synaptonemal complex assembly,1,,,,,,,,,,,
0,0.312124541,7,101,GO:0007131;GO:0140527;GO:0035825,homologous recombination,1,,,,,,,,,,,
0,0.838201699,2,48,GO:0007141,male meiosis I,1,,,,,,,,,,,
0,0.430554219,7,28,GO:0007144,female meiosis I,1,,,,,,,,,,,
0,0.781124897,2,12,GO:0007147,female meiosis II,1,,,,,,,,,,,
0,0.54435589,5,220,GO:0007156,homophilic cell adhesion via plasma membrane adhesion molecules,1,,,,,,,,,,,
0,0.980285517,5,186,GO:0007157,heterophilic cell-cell adhesion via plasma membrane cell adhesion molecules,1,,,,,,,,,,,
0,0.713014375,4,68,GO:0007158,neuron cell-cell adhesion,1,,,,,,,,,,,
0,0.818902435,4,115,GO:0007159,leukocyte cell-cell adhesion,1,,,,,,,,,,,
0,0.337432237,5,10,GO:0007161,calcium-independent cell-matrix adhesion,1,,,,,,,,,,,
0,0.736728666,2,1190,GO:0007163,establishment or maintenance of cell polarity,1,,,,,,,,,,,
0,0.952127845,4,24,GO:0007168,receptor guanylyl cyclase signaling pathway,1,,,,,,,,,,,
0,0.339953796,2,1394,GO:0007169,transmembrane receptor protein tyrosine kinase signaling pathway,1,,,,,,,,,,,
0,0.751951145,6,42,GO:0007171,activation of transmembrane receptor protein tyrosine kinase activity,1,,,,,,,,,,,
0,0.974593535,7,29,GO:0007175,negative regulation of epidermal growth factor-activated receptor activity,1,,,,,,,,,,,
0,0.727384633,5,69,GO:0007176,regulation of epidermal growth factor-activated receptor activity,1,,,,,,,,,,,
0,0.583200448,2,16,GO:0007182,common-partner SMAD protein phosphorylation,1,,,,,,,,,,,
0,0.750287097,4,32,GO:0007185,transmembrane receptor protein tyrosine phosphatase signaling pathway,1,,,,,,,,,,,
0,0.999999887,2,1732,GO:0007186,G protein-coupled receptor signaling pathway,1,,,,,,,,,,,
0,0.999851666,3,244,GO:0007189,adenylate cyclase-activating G protein-coupled receptor signaling pathway,1,,,,,,,,,,,
0,0.834349732,2,78,GO:0007190,activation of adenylate cyclase activity,1,,,,,,,,,,,
0,0.95963043,5,40,GO:0007191,adenylate cyclase-activating dopamine receptor signaling pathway,1,,,,,,,,,,,
0,0.998973815,2,195,GO:0007193,adenylate cyclase-inhibiting G protein-coupled receptor signaling pathway,1,,,,,,,,,,,
0,1,2,12,GO:0007195,adenylate cyclase-inhibiting dopamine receptor signaling pathway,1,,,,,,,,,,,
0,0.977617426,4,30,GO:0007196,adenylate cyclase-inhibiting G protein-coupled glutamate receptor signaling pathway,1,,,,,,,,,,,
0,1,3,14,GO:0007197;GO:0007207,phospholipase C-activating G protein-coupled acetylcholine receptor signaling pathway,1,,,,,,,,,,,
0,1,2,12,GO:0007198,adenylate cyclase-inhibiting serotonin receptor signaling pathway,1,,,,,,,,,,,
0,0.875057532,4,29,GO:0007199,G protein-coupled receptor signaling pathway coupled to cGMP nucleotide second messenger,1,,,,,,,,,,,
0,0.9999188,2,239,GO:0007200,phospholipase C-activating G protein-coupled receptor signaling pathway,1,,,,,,,,,,,
0,0.999891226,3,72,GO:0007202,activation of phospholipase C activity,1,,,,,,,,,,,
0,0.98579691,2,703,GO:0007204;GO:0051480,regulation of cytosolic calcium ion concentration,1,,,,,,,,,,,
0,0.701892863,2,58,GO:0007205,protein kinase C-activating G protein-coupled receptor signaling pathway,1,,,,,,,,,,,
0,0.337432237,4,10,GO:0007206,phospholipase C-activating G protein-coupled glutamate receptor signaling pathway,1,,,,,,,,,,,
0,1,2,10,GO:0007208,phospholipase C-activating serotonin receptor signaling pathway,1,,,,,,,,,,,
0,1,2,50,GO:0007210,serotonin receptor signaling pathway,1,,,,,,,,,,,
0,0.992124064,2,121,GO:0007212,dopamine receptor signaling pathway,1,,,,,,,,,,,
0,0.948004188,3,85,GO:0007213;GO:0095500;GO:0098926;GO:1903831;GO:1905144;GO:1905145,postsynaptic signal transduction,1,,,,,,,,,,,
0,0.998531626,3,70,GO:0007214,gamma-aminobutyric acid signaling pathway,1,,,,,,,,,,,
0,0.532889093,3,151,GO:0007215,glutamate receptor signaling pathway,1,,,,,,,,,,,
0,0.755067327,3,22,GO:0007217,tachykinin receptor signaling pathway,1,,,,,,,,,,,
0,0.99999993,3,228,GO:0007218,neuropeptide signaling pathway,1,,,,,,,,,,,
0,0.717699932,4,59,GO:0007220,Notch receptor processing,1,,,,,,,,,,,
0,0.952127845,2,24,GO:0007227;GO:0007228,signal transduction downstream of smoothened,1,,,,,,,,,,,
0,0.532117413,4,6,GO:0007231,osmosensory signaling pathway,1,,,,,,,,,,,
0,0.980281509,5,31,GO:0007250,activation of NF-kappaB-inducing kinase activity,1,,,,,,,,,,,
0,0.920538784,2,20,GO:0007256,activation of JNKK activity,1,,,,,,,,,,,
0,0.427827234,2,93,GO:0007257,activation of JUN kinase activity,1,,,,,,,,,,,
0,0.426549964,6,12,GO:0007258,JUN phosphorylation,1,,,,,,,,,,,
0,0.992332939,4,70,GO:0007259;GO:0097696,receptor signaling pathway via JAK-STAT,1,,,,,,,,,,,
0,0.382687015,3,11,GO:0007260,tyrosine phosphorylation of STAT protein,1,,,,,,,,,,,
0,0.802958258,4,35,GO:0007263,nitric oxide mediated signal transduction,1,,,,,,,,,,,
0,0.999996637,6,1507,GO:0007268;GO:0098916;GO:0099537;GO:0099536,synaptic signaling,1,,,,,,,,,,,
0,0.999889755,2,455,GO:0007269;GO:0099643,neurotransmitter secretion,1,,,,,,,,,,,
0,0.328262663,7,55,GO:0007270,neuron-neuron synaptic transmission,1,,,,,,,,,,,
0,0.607212333,2,261,GO:0007274,neuromuscular synaptic transmission,1,,,,,,,,,,,
0,0.334413558,2,71,GO:0007277,pole cell development,1,,,,,,,,,,,
0,1,2,6,GO:0007278,pole cell fate determination,1,,,,,,,,,,,
0,0.513781538,2,48,GO:0007279,pole cell formation,1,,,,,,,,,,,
0,0.632788878,2,45,GO:0007282,cystoblast division,1,,,,,,,,,,,
0,0.807159278,2,13,GO:0007284,spermatogonial cell division,1,,,,,,,,,,,
0,0.587758061,2,7,GO:0007287,Nebenkern assembly,1,,,,,,,,,,,
0,0.923055105,5,46,GO:0007288,sperm axoneme assembly,1,,,,,,,,,,,
0,1,2,8,GO:0007290,spermatid nucleus elongation,1,,,,,,,,,,,
0,0.715198295,2,141,GO:0007291,sperm individualization,1,,,,,,,,,,,
0,0.850308525,4,15,GO:0007299,ovarian follicle cell-cell adhesion,1,,,,,,,,,,,
0,0.776137839,3,390,GO:0007308;GO:0007309,oocyte construction,1,,,,,,,,,,,
0,0.976600782,3,107,GO:0007316;GO:0019094;GO:0045451,pole plasm RNA localization,1,,,,,,,,,,,
0,0.953111649,3,119,GO:0007317;GO:1904580;GO:1902875,regulation of intracellular mRNA localization,1,,,,,,,,,,,
0,0.458219008,2,29,GO:0007318,pole plasm protein localization,1,,,,,,,,,,,
0,0.99018578,2,81,GO:0007320;GO:0007620,copulation,1,,,,,,,,,,,
0,0.927190079,3,364,GO:0007338;GO:0009566,fertilization,1,,,,,,,,,,,
0,0.58770963,2,34,GO:0007340,acrosome reaction,1,,,,,,,,,,,
0,1,2,10,GO:0007341,penetration of zona pellucida,1,,,,,,,,,,,
0,0.751576986,5,11,GO:0007342,fusion of sperm to egg plasma membrane involved in single fertilization,1,,,,,,,,,,,
0,0.951094376,2,63,GO:0007343;GO:0060467;GO:0060468,egg activation,1,,,,,,,,,,,
0,1,2,7,GO:0007347,regulation of preblastoderm mitotic cell cycle,1,,,,,,,,,,,
0,1,2,6,GO:0007348,regulation of syncytial blastoderm mitotic cell cycle,1,,,,,,,,,,,
0,0.398522956,2,296,GO:0007349,cellularization,1,,,,,,,,,,,
0,0.583200448,5,16,GO:0007352,zygotic specification of dorsal/ventral axis,1,,,,,,,,,,,
0,1,2,7,GO:0007356,thorax and anterior abdomen determination,1,,,,,,,,,,,
0,0.478515239,2,63,GO:0007362,terminal region determination,1,,,,,,,,,,,
0,0.468712327,2,13,GO:0007366,periodic partitioning by pair rule gene,1,,,,,,,,,,,
0,0.426991058,3,44,GO:0007370,ventral furrow formation,1,,,,,,,,,,,
0,0.338191873,4,40,GO:0007377,germ-band extension,1,,,,,,,,,,,
0,0.526179364,2,23,GO:0007378,amnioserosa formation,1,,,,,,,,,,,
0,1,5,12,GO:0007383;GO:2000495;GO:2000497,regulation of cell proliferation involved in compound eye morphogenesis,1,,,,,,,,,,,
0,0.905559827,2,55,GO:0007386,compartment pattern specification,1,,,,,,,,,,,
0,1,2,11,GO:0007388,posterior compartment specification,1,,,,,,,,,,,
0,0.901539696,4,76,GO:0007392,initiation of dorsal closure,1,,,,,,,,,,,
0,0.785512029,2,130,GO:0007398,ectoderm development,1,,,,,,,,,,,
0,0.861544272,2,81,GO:0007400;GO:0048867,stem cell fate determination,1,,,,,,,,,,,
0,0.755067327,4,22,GO:0007402,ganglion mother cell fate determination,1,,,,,,,,,,,
0,0.679980604,4,9,GO:0007403,glial cell fate determination,1,,,,,,,,,,,
0,0.806553139,2,369,GO:0007405;GO:0072089,stem cell proliferation,1,,,,,,,,,,,
0,0.450814255,2,78,GO:0007412,axon target recognition,1,,,,,,,,,,,
0,0.42469387,2,52,GO:0007414,axonal defasciculation,1,,,,,,,,,,,
0,0.353218609,4,438,GO:0007416,synapse assembly,1,,,,,,,,,,,
0,0.555285204,2,50,GO:0007418,ventral midline development,1,,,,,,,,,,,
0,0.686868582,2,29,GO:0007438,oenocyte development,1,,,,,,,,,,,
0,0.716319821,2,40,GO:0007440,foregut morphogenesis,1,,,,,,,,,,,
0,0.495287212,2,22,GO:0007441;GO:0048615,anterior midgut (ectodermal) morphogenesis,1,,,,,,,,,,,
0,0.316278706,4,149,GO:0007443;GO:0048619,embryonic hindgut morphogenesis,1,,,,,,,,,,,
0,0.973633217,2,44,GO:0007445;GO:0035225,determination of imaginal disc primordium,1,,,,,,,,,,,
0,0.784033212,3,44,GO:0007458,progression of morphogenetic furrow involved in compound eye morphogenesis,1,,,,,,,,,,,
0,0.944693832,8,37,GO:0007460,R8 cell fate commitment,1,,,,,,,,,,,
0,0.616533693,8,62,GO:0007464;GO:0048056,R3/R4 cell differentiation,1,,,,,,,,,,,
0,0.547354234,2,41,GO:0007465,R7 cell fate commitment,1,,,,,,,,,,,
0,1,-1,20,GO:0007468,obsolete regulation of rhodopsin gene expression,1,,,,,,,,,,,
0,0.834349732,2,78,GO:0007469,antennal development,1,,,,,,,,,,,
0,0.6113564,3,35,GO:0007473,wing disc proximal/distal pattern formation,1,,,,,,,,,,,
0,0.938635875,2,36,GO:0007477,notum development,1,,,,,,,,,,,
0,1,3,13,GO:0007481;GO:0048735,haltere morphogenesis,1,,,,,,,,,,,
0,0.969568581,5,56,GO:0007482;GO:0035216,haltere development,1,,,,,,,,,,,
0,0.500311638,2,81,GO:0007483;GO:0035126;GO:0048803;GO:0048805,genital disc morphogenesis,1,,,,,,,,,,,
0,0.717022668,2,105,GO:0007484;GO:0007485,imaginal disc-derived genitalia development,1,,,,,,,,,,,
0,0.967265464,2,27,GO:0007486,imaginal disc-derived female genitalia development,1,,,,,,,,,,,
0,0.909808028,2,19,GO:0007488,histoblast morphogenesis,1,,,,,,,,,,,
0,0.71571981,3,159,GO:0007494,midgut development,1,,,,,,,,,,,
0,1,2,9,GO:0007495,visceral mesoderm-endoderm interaction involved in midgut development,1,,,,,,,,,,,
0,1,3,5,GO:0007497,posterior midgut development,1,,,,,,,,,,,
0,0.532117413,2,6,GO:0007500,mesodermal cell fate determination,1,,,,,,,,,,,
0,0.709253111,4,30,GO:0007502,digestive tract mesoderm development,1,,,,,,,,,,,
0,0.678399952,4,19,GO:0007506,gonadal mesoderm development,1,,,,,,,,,,,
0,0.468969527,3,5,GO:0007510,cardioblast cell fate determination,1,,,,,,,,,,,
0,1,2,6,GO:0007518,myoblast fate determination,1,,,,,,,,,,,
0,0.555991266,2,24,GO:0007521,muscle cell fate determination,1,,,,,,,,,,,
0,1,2,34,GO:0007522,visceral muscle development,1,,,,,,,,,,,
0,1,5,23,GO:0007523,larval visceral muscle development,1,,,,,,,,,,,
0,0.6113564,3,35,GO:0007527,adult somatic muscle development,1,,,,,,,,,,,
0,0.337432237,2,10,GO:0007529,establishment of synaptic specificity at neuromuscular junction,1,,,,,,,,,,,
0,0.51056663,2,166,GO:0007530,sex determination,1,,,,,,,,,,,
0,0.426549964,2,12,GO:0007555,regulation of ecdysteroid secretion,1,,,,,,,,,,,
0,1,5,19,GO:0007563,regulation of eclosion,1,,,,,,,,,,,
0,0.944673598,3,73,GO:0007567,parturition,1,,,,,,,,,,,
0,0.999935431,2,229,GO:0007586;GO:0022600,digestion,1,,,,,,,,,,,
0,0.991773848,3,178,GO:0007588,excretion,1,,,,,,,,,,,
0,0.987924558,4,194,GO:0007589,body fluid secretion,1,,,,,,,,,,,
0,1,2,5,GO:0007594;GO:0022609;GO:0022608,puparial adhesion,1,,,,,,,,,,,
0,0.843370967,2,118,GO:0007595,lactation,1,,,,,,,,,,,
0,0.976299339,3,537,GO:0007596;GO:0007599;GO:0050817,hemostasis,1,,,,,,,,,,,
0,0.99999934,2,1514,GO:0007600,sensory perception,1,,,,,,,,,,,
0,0.998574505,6,432,GO:0007601;GO:0050953,sensory perception of light stimulus,1,,,,,,,,,,,
0,0.999523837,3,229,GO:0007602,phototransduction,1,,,,,,,,,,,
0,0.790672727,2,596,GO:0007605;GO:0050954,sensory perception of mechanical stimulus,1,,,,,,,,,,,
0,0.999827963,2,325,GO:0007606,sensory perception of chemical stimulus,1,,,,,,,,,,,
0,0.89839972,6,185,GO:0007608,sensory perception of smell,1,,,,,,,,,,,
0,0.988355153,3,1412,GO:0007611;GO:0050890,cognition,1,,,,,,,,,,,
0,0.979882544,5,730,GO:0007612,learning,1,,,,,,,,,,,
0,0.739061383,5,776,GO:0007613,memory,1,,,,,,,,,,,
0,0.425658652,2,349,GO:0007616,long-term memory,1,,,,,,,,,,,
0,0.856443363,2,434,GO:0007617;GO:0007618,mating,1,,,,,,,,,,,
0,0.720023095,2,213,GO:0007619,courtship behavior,1,,,,,,,,,,,
0,1,2,20,GO:0007621,negative regulation of female receptivity,1,,,,,,,,,,,
0,0.307986115,2,529,GO:0007623,circadian rhythm,1,,,,,,,,,,,
0,0.636783715,2,8,GO:0007624,ultradian rhythm,1,,,,,,,,,,,
0,0.99010079,2,53,GO:0007625,grooming behavior,1,,,,,,,,,,,
0,0.947479769,2,1123,GO:0007626,locomotory behavior,1,,,,,,,,,,,
0,0.831188792,4,126,GO:0007628;GO:0090659,walking behavior,1,,,,,,,,,,,
0,0.791700656,2,74,GO:0007629,flight behavior,1,,,,,,,,,,,
0,0.858357333,3,39,GO:0007630,jump response,1,,,,,,,,,,,
0,0.997824279,2,424,GO:0007631,feeding behavior,1,,,,,,,,,,,
0,0.997253193,2,261,GO:0007632,visual behavior,1,,,,,,,,,,,
0,0.950179256,2,38,GO:0007634,optokinetic behavior,1,,,,,,,,,,,
0,0.998162789,2,396,GO:0007635,chemosensory behavior,1,,,,,,,,,,,
0,0.636783715,2,8,GO:0007636;GO:1904080,chemosensory jump behavior,1,,,,,,,,,,,
0,0.845956206,2,38,GO:0007637;GO:0051780,behavioral response to nutrient,1,,,,,,,,,,,
0,0.927262438,2,112,GO:0007638,mechanosensory behavior,1,,,,,,,,,,,
0,0.823251638,6,754,GO:0008016;GO:1903522,regulation of blood circulation,1,,,,,,,,,,,
0,0.99752763,2,135,GO:0008033,tRNA processing,1,,,,,,,,,,,
0,0.539005141,3,126,GO:0008039,synaptic target recognition,1,,,,,,,,,,,
0,0.656049044,4,37,GO:0008050,female courtship behavior,1,,,,,,,,,,,
0,0.395862932,2,99,GO:0008052;GO:0016360;GO:0060582,sensory organ boundary specification,1,,,,,,,,,,,
0,1,2,29,GO:0008053,mitochondrial fusion,1,,,,,,,,,,,
0,0.636783715,3,8,GO:0008056,ocellus development,1,,,,,,,,,,,
0,0.984696369,2,33,GO:0008057,eye pigment granule organization,1,,,,,,,,,,,
0,0.750287097,3,32,GO:0008063,Toll signaling pathway,1,,,,,,,,,,,
0,0.589658001,2,259,GO:0008088,axo-dendritic transport,1,,,,,,,,,,,
0,0.985187021,4,113,GO:0008089,anterograde axonal transport,1,,,,,,,,,,,
0,0.681187909,4,75,GO:0008090,retrograde axonal transport,1,,,,,,,,,,,
0,0.890445998,2,125,GO:0008103;GO:0016325,oocyte microtubule cytoskeleton organization,1,,,,,,,,,,,
0,0.434804945,2,450,GO:0008202,steroid metabolic process,1,,,,,,,,,,,
0,0.924827538,2,69,GO:0008206;GO:0006699,bile acid metabolic process,1,,,,,,,,,,,
0,0.756192355,3,52,GO:0008207,C21-steroid hormone metabolic process,1,,,,,,,,,,,
0,0.898893952,2,65,GO:0008209,androgen metabolic process,1,,,,,,,,,,,
0,0.701892863,5,58,GO:0008210,estrogen metabolic process,1,,,,,,,,,,,
0,0.952127845,3,24,GO:0008211,glucocorticoid metabolic process,1,,,,,,,,,,,
0,0.547147755,3,15,GO:0008215,spermine metabolic process,1,,,,,,,,,,,
0,0.508958394,3,14,GO:0008216,spermidine metabolic process,1,,,,,,,,,,,
0,0.999357263,3,404,GO:0008217,regulation of blood pressure,1,,,,,,,,,,,
0,1,2,5,GO:0008228,opsonization,1,,,,,,,,,,,
0,0.3458504,3,25,GO:0008272,sulfate transport,1,,,,,,,,,,,
0,0.812123006,2,388,GO:0008277,regulation of G protein-coupled receptor signaling pathway,1,,,,,,,,,,,
0,0.754209167,5,262,GO:0008286,insulin receptor signaling pathway,1,,,,,,,,,,,
0,1,2,8,GO:0008292;GO:1900620,acetylcholine biosynthetic process,1,,,,,,,,,,,
0,0.472695002,5,71,GO:0008293,torso signaling pathway,1,,,,,,,,,,,
0,0.998809066,3,181,GO:0008298,intracellular mRNA localization,1,,,,,,,,,,,
0,0.534729879,2,49,GO:0008299,isoprenoid biosynthetic process,1,,,,,,,,,,,
0,0.463414403,2,21,GO:0008300,isoprenoid catabolic process,1,,,,,,,,,,,
0,0.997882271,6,486,GO:0008306,associative learning,1,,,,,,,,,,,
0,0.966720161,3,135,GO:0008333,endosome to lysosome transport,1,,,,,,,,,,,
0,0.858357333,2,39,GO:0008334,histone mRNA metabolic process,1,,,,,,,,,,,
0,1,2,36,GO:0008343,adult feeding behavior,1,,,,,,,,,,,
0,0.988876656,2,499,GO:0008344,adult locomotory behavior,1,,,,,,,,,,,
0,0.704589049,2,113,GO:0008345,larval locomotory behavior,1,,,,,,,,,,,
0,0.777259433,7,175,GO:0008355,olfactory learning,1,,,,,,,,,,,
0,1,4,10,GO:0008359,regulation of bicoid mRNA localization,1,,,,,,,,,,,
0,0.343395764,2,48,GO:0008362,chitin-based embryonic cuticle biosynthetic process,1,,,,,,,,,,,
0,0.958350037,2,142,GO:0008407,chaeta morphogenesis,1,,,,,,,,,,,
0,0.453435446,6,37,GO:0008535;GO:0033617,respiratory chain complex IV assembly,1,,,,,,,,,,,
0,0.997773519,6,173,GO:0008542,visual learning,1,,,,,,,,,,,
0,0.333775658,7,207,GO:0008543,fibroblast growth factor receptor signaling pathway,1,,,,,,,,,,,
0,0.603811532,2,884,GO:0008544,epidermis development,1,,,,,,,,,,,
0,0.610975972,5,416,GO:0008585;GO:0046545;GO:0046660,female sex differentiation,1,,,,,,,,,,,
0,0.811222591,2,56,GO:0008592,regulation of Toll signaling pathway,1,,,,,,,,,,,
0,0.532636891,2,83,GO:0008594,photoreceptor cell morphogenesis,1,,,,,,,,,,,
0,0.444951411,2,53,GO:0008608,attachment of spindle microtubules to kinetochore,1,,,,,,,,,,,
0,0.751576986,6,11,GO:0008616;GO:0046116,queuosine metabolic process,1,,,,,,,,,,,
0,0.791700656,2,74,GO:0008625,extrinsic apoptotic signaling pathway via death domain receptors,1,,,,,,,,,,,
0,1,2,6,GO:0008626;GO:0140507,granzyme-mediated apoptotic signaling pathway,1,,,,,,,,,,,
0,0.382687015,2,11,GO:0008635,activation of cysteine-type endopeptidase activity involved in apoptotic process by cytochrome c,1,,,,,,,,,,,
0,0.978294739,4,108,GO:0008643;GO:0034219,carbohydrate transport,1,,,,,,,,,,,
0,0.987045101,2,78,GO:0008645;GO:0015749,monosaccharide transmembrane transport,1,,,,,,,,,,,
0,0.786535242,2,34,GO:0008655;GO:0043097;GO:0043174,nucleoside salvage,1,,,,,,,,,,,
0,0.888469793,3,154,GO:0009060,aerobic respiration,1,,,,,,,,,,,
0,0.955052807,2,212,GO:0009063;GO:1901606,cellular amino acid catabolic process,1,,,,,,,,,,,
0,0.717699932,5,59,GO:0009065,glutamine family amino acid catabolic process,1,,,,,,,,,,,
0,0.81830493,4,36,GO:0009068,aspartate family amino acid catabolic process,1,,,,,,,,,,,
0,0.584646839,4,25,GO:0009071,serine family amino acid catabolic process,1,,,,,,,,,,,
0,0.99636736,3,62,GO:0009072,aromatic amino acid family metabolic process,1,,,,,,,,,,,
0,0.980281509,2,31,GO:0009074,aromatic amino acid family catabolic process,1,,,,,,,,,,,
0,0.99284672,4,39,GO:0009081,branched-chain amino acid metabolic process,1,,,,,,,,,,,
0,1,2,29,GO:0009083,branched-chain amino acid catabolic process,1,,,,,,,,,,,
0,1,3,9,GO:0009093;GO:0019448,L-cysteine catabolic process,1,,,,,,,,,,,
0,0.997698531,2,713,GO:0009100;GO:0009101,glycoprotein metabolic process,1,,,,,,,,,,,
0,0.532117413,4,6,GO:0009106,lipoate metabolic process,1,,,,,,,,,,,
0,0.555991266,-1,24,GO:0009109,obsolete coenzyme catabolic process,1,,,,,,,,,,,
0,0.734586371,2,41,GO:0009110,vitamin biosynthetic process,1,,,,,,,,,,,
0,0.81540649,3,25,GO:0009111,vitamin catabolic process,1,,,,,,,,,,,
0,0.395862932,4,99,GO:0009112,nucleobase metabolic process,1,,,,,,,,,,,
0,0.582100412,2,318,GO:0009116;GO:1901657,glycosyl compound metabolic process,1,,,,,,,,,,,
0,0.977474633,2,1403,GO:0009117;GO:0006753;GO:0055086,nucleobase-containing small molecule metabolic process,1,,,,,,,,,,,
0,0.49837347,2,249,GO:0009119;GO:0042278;GO:0046128,ribonucleoside metabolic process,1,,,,,,,,,,,
0,0.907522111,5,32,GO:0009120,deoxyribonucleoside metabolic process,1,,,,,,,,,,,
0,0.902680292,5,566,GO:0009123;GO:0009126;GO:0009161;GO:0009167,nucleoside monophosphate metabolic process,1,,,,,,,,,,,
0,0.539882737,2,245,GO:0009124;GO:0009127;GO:0009156;GO:0009168,nucleoside monophosphate biosynthetic process,1,,,,,,,,,,,
0,0.404447155,2,35,GO:0009125,nucleoside monophosphate catabolic process,1,,,,,,,,,,,
0,0.957824569,2,25,GO:0009130;GO:0009129,pyrimidine nucleoside monophosphate metabolic process,1,,,,,,,,,,,
0,0.547147755,4,15,GO:0009133,nucleoside diphosphate biosynthetic process,1,,,,,,,,,,,
0,0.86811573,3,16,GO:0009134;GO:0009191,nucleoside diphosphate catabolic process,1,,,,,,,,,,,
0,0.636783715,5,8,GO:0009137;GO:0009181,purine nucleoside diphosphate catabolic process,1,,,,,,,,,,,
0,1,6,11,GO:0009138;GO:0009193;GO:0046048,pyrimidine nucleoside diphosphate metabolic process,1,,,,,,,,,,,
0,0.940196083,2,491,GO:0009141;GO:0009144;GO:0009199;GO:0009205;GO:0046034,nucleoside triphosphate metabolic process,1,,,,,,,,,,,
0,0.36331292,6,18,GO:0009143,nucleoside triphosphate catabolic process,1,,,,,,,,,,,
0,0.39725779,6,19,GO:0009147,pyrimidine nucleoside triphosphate metabolic process,1,,,,,,,,,,,
0,1,3,6,GO:0009153,purine deoxyribonucleotide biosynthetic process,1,,,,,,,,,,,
0,0.49010121,3,72,GO:0009154;GO:0009261,ribonucleotide catabolic process,1,,,,,,,,,,,
0,0.897628656,2,18,GO:0009162;GO:0009157,deoxyribonucleoside monophosphate metabolic process,1,,,,,,,,,,,
0,0.599100142,2,96,GO:0009163;GO:1901659;GO:0042455,glycosyl compound biosynthetic process,1,,,,,,,,,,,
0,0.773564677,3,82,GO:0009164;GO:1901658,glycosyl compound catabolic process,1,,,,,,,,,,,
0,0.530348504,5,599,GO:0009165;GO:1901293,nucleoside phosphate biosynthetic process,1,,,,,,,,,,,
0,0.312927682,2,237,GO:0009166;GO:1901292,nucleoside phosphate catabolic process,1,,,,,,,,,,,
0,0.35495458,2,33,GO:0009169;GO:0009128;GO:0009158,ribonucleoside monophosphate catabolic process,1,,,,,,,,,,,
0,0.636783715,3,8,GO:0009177;GO:0046078;GO:0009176,pyrimidine deoxyribonucleoside monophosphate metabolic process,1,,,,,,,,,,,
0,0.382687015,3,11,GO:0009180;GO:0009136;GO:0009188,ribonucleoside diphosphate biosynthetic process,1,,,,,,,,,,,
0,1,2,5,GO:0009182,purine deoxyribonucleoside diphosphate metabolic process,1,,,,,,,,,,,
0,1,2,8,GO:0009186;GO:0009189,deoxyribonucleoside diphosphate metabolic process,1,,,,,,,,,,,
0,0.999329597,2,150,GO:0009187,cyclic nucleotide metabolic process,1,,,,,,,,,,,
0,1,2,7,GO:0009202,deoxyribonucleoside triphosphate biosynthetic process,1,,,,,,,,,,,
0,0.508958394,4,14,GO:0009209;GO:0009148;GO:0009208,pyrimidine nucleoside triphosphate biosynthetic process,1,,,,,,,,,,,
0,0.636783715,2,8,GO:0009211,pyrimidine deoxyribonucleoside triphosphate metabolic process,1,,,,,,,,,,,
0,0.468969527,2,5,GO:0009213;GO:0009149,pyrimidine deoxyribonucleoside triphosphate catabolic process,1,,,,,,,,,,,
0,0.944693832,3,37,GO:0009218,pyrimidine ribonucleotide metabolic process,1,,,,,,,,,,,
0,0.584646839,2,25,GO:0009219,pyrimidine deoxyribonucleotide metabolic process,1,,,,,,,,,,,
0,0.907522111,2,32,GO:0009220;GO:0046132,pyrimidine ribonucleoside biosynthetic process,1,,,,,,,,,,,
0,0.751576986,3,11,GO:0009221,pyrimidine deoxyribonucleotide biosynthetic process,1,,,,,,,,,,,
0,0.680311381,2,102,GO:0009225,nucleotide-sugar metabolic process,1,,,,,,,,,,,
0,0.591305617,3,43,GO:0009226,nucleotide-sugar biosynthetic process,1,,,,,,,,,,,
0,0.468969527,2,5,GO:0009240;GO:0046490,isopentenyl diphosphate biosynthetic process,1,,,,,,,,,,,
0,0.705092489,2,104,GO:0009247,glycolipid biosynthetic process,1,,,,,,,,,,,
0,1,3,15,GO:0009249,protein lipoylation,1,,,,,,,,,,,
0,0.526179364,2,23,GO:0009263,deoxyribonucleotide biosynthetic process,1,,,,,,,,,,,
0,0.458219008,3,29,GO:0009264;GO:0046386,deoxyribonucleotide catabolic process,1,,,,,,,,,,,
0,0.883805177,2,17,GO:0009265;GO:0046385,2'-deoxyribonucleotide biosynthetic process,1,,,,,,,,,,,
0,0.859109113,3,836,GO:0009266,response to temperature stimulus,1,,,,,,,,,,,
0,0.644886427,3,421,GO:0009267,cellular response to starvation,1,,,,,,,,,,,
0,0.992235968,3,109,GO:0009268,response to pH,1,,,,,,,,,,,
0,0.468969527,2,5,GO:0009269,response to desiccation,1,,,,,,,,,,,
0,1,3,6,GO:0009298,GDP-mannose biosynthetic process,1,,,,,,,,,,,
0,1,4,18,GO:0009304;GO:0042797,tRNA transcription,1,,,,,,,,,,,
0,0.40583433,4,116,GO:0009311,oligosaccharide metabolic process,1,,,,,,,,,,,
0,0.614231319,2,53,GO:0009312,oligosaccharide biosynthetic process,1,,,,,,,,,,,
0,0.495287212,5,22,GO:0009313,oligosaccharide catabolic process,1,,,,,,,,,,,
0,0.598848002,4,61,GO:0009395,phospholipid catabolic process,1,,,,,,,,,,,
0,0.784033212,2,44,GO:0009404,toxin metabolic process,1,,,,,,,,,,,
0,0.679980604,2,9,GO:0009405,pathogenesis,1,,,,,,,,,,,
0,0.31726283,2,457,GO:0009408,response to heat,1,,,,,,,,,,,
0,0.526615951,3,142,GO:0009409,response to cold,1,,,,,,,,,,,
0,0.44997703,3,778,GO:0009410,response to xenobiotic stimulus,1,,,,,,,,,,,
0,0.759230235,4,1481,GO:0009416;GO:0009314,response to radiation,1,,,,,,,,,,,
0,0.394150224,2,107,GO:0009435,NAD biosynthetic process,1,,,,,,,,,,,
0,0.426549964,2,12,GO:0009438,methylglyoxal metabolic process,1,,,,,,,,,,,
0,0.636783715,5,8,GO:0009445;GO:0009446;GO:0033387,putrescine metabolic process,1,,,,,,,,,,,
0,0.64880604,2,18,GO:0009448;GO:0009449,gamma-aminobutyric acid metabolic process,1,,,,,,,,,,,
0,1,4,5,GO:0009450,gamma-aminobutyric acid catabolic process,1,,,,,,,,,,,
0,0.997226456,2,205,GO:0009451,RNA modification,1,,,,,,,,,,,
0,0.87756114,3,83,GO:0009453;GO:0042331,energy taxis,1,,,,,,,,,,,
0,1,2,18,GO:0009454,aerotaxis,1,,,,,,,,,,,
0,0.999233974,2,537,GO:0009581;GO:0009582,detection of abiotic stimulus,1,,,,,,,,,,,
0,0.99988708,2,331,GO:0009583,detection of light stimulus,1,,,,,,,,,,,
0,0.998830917,2,217,GO:0009584,detection of visible light,1,,,,,,,,,,,
0,1,3,20,GO:0009589;GO:0007604,detection of UV,1,,,,,,,,,,,
0,0.999373203,3,189,GO:0009593,detection of chemical stimulus,1,,,,,,,,,,,
0,0.568553683,3,68,GO:0009595,detection of biotic stimulus,1,,,,,,,,,,,
0,1,2,7,GO:0009597,detection of virus,1,,,,,,,,,,,
0,0.944465126,2,2436,GO:0009607;GO:0051707;GO:0043207,response to biotic stimulus,1,,,,,,,,,,,
0,0.796945718,2,24,GO:0009608,response to symbiont,1,,,,,,,,,,,
0,0.904838562,2,792,GO:0009612,response to mechanical stimulus,1,,,,,,,,,,,
0,0.852494676,2,433,GO:0009615,response to virus,1,,,,,,,,,,,
0,0.988318221,2,1275,GO:0009617,response to bacterium,1,,,,,,,,,,,
0,0.752381486,2,226,GO:0009620;GO:0050832,response to fungus,1,,,,,,,,,,,
0,1,2,6,GO:0009624,response to nematode,1,,,,,,,,,,,
0,0.86811573,2,16,GO:0009631,cold acclimation,1,,,,,,,,,,,
0,0.798481654,3,55,GO:0009635,response to herbicide,1,,,,,,,,,,,
0,0.668502161,2,1428,GO:0009636,response to toxic substance,1,,,,,,,,,,,
0,1,2,7,GO:0009637,response to blue light,1,,,,,,,,,,,
0,0.962167716,2,66,GO:0009642,response to light intensity,1,,,,,,,,,,,
0,0.587758061,2,7,GO:0009644,response to high light intensity,1,,,,,,,,,,,
0,0.415045183,2,84,GO:0009648;GO:0043153,photoperiodism,1,,,,,,,,,,,
0,0.847874426,2,27,GO:0009650,UV protection,1,,,,,,,,,,,
0,0.603143686,2,105,GO:0009651,response to salt stress,1,,,,,,,,,,,
0,1,3,12,GO:0009698;GO:0009804;GO:0046226;GO:0046271,phenylpropanoid metabolic process,1,,,,,,,,,,,
0,1,2,49,GO:0009713;GO:0042423,catechol-containing compound biosynthetic process,1,,,,,,,,,,,
0,0.612957765,2,2549,GO:0009725,response to hormone,1,,,,,,,,,,,
0,1,6,7,GO:0009730;GO:0009732;GO:0034287;GO:0051594,detection of hexose stimulus,1,,,,,,,,,,,
0,0.378920588,4,574,GO:0009743,response to carbohydrate,1,,,,,,,,,,,
0,0.952702678,6,75,GO:0009744;GO:0034285,response to disaccharide,1,,,,,,,,,,,
0,0.742124137,2,898,GO:0009798,axis specification,1,,,,,,,,,,,
0,1,2,15,GO:0009820,alkaloid metabolic process,1,,,,,,,,,,,
0,1,3,7,GO:0009822,alkaloid catabolic process,1,,,,,,,,,,,
0,0.785010935,3,83,GO:0009826,unidimensional cell growth,1,,,,,,,,,,,
0,0.850308525,2,15,GO:0009838,abscission,1,,,,,,,,,,,
0,0.665331557,4,2168,GO:0009894;GO:0031329,regulation of catabolic process,1,,,,,,,,,,,
0,0.897476086,5,744,GO:0009895;GO:0031330,negative regulation of catabolic process,1,,,,,,,,,,,
0,0.430554219,4,28,GO:0009912;GO:0060120,inner ear receptor cell fate commitment,1,,,,,,,,,,,
0,0.626928505,4,547,GO:0009913,epidermal cell differentiation,1,,,,,,,,,,,
0,0.984423328,4,232,GO:0009914;GO:0046879,hormone transport,1,,,,,,,,,,,
0,0.920538784,4,20,GO:0009946,proximal/distal axis specification,1,,,,,,,,,,,
0,0.994225254,3,544,GO:0009948,anterior/posterior axis specification,1,,,,,,,,,,,
0,0.935781732,4,48,GO:0009949,polarity specification of anterior/posterior axis,1,,,,,,,,,,,
0,0.86811573,4,16,GO:0009951,polarity specification of dorsal/ventral axis,1,,,,,,,,,,,
0,0.917807612,4,1102,GO:0009952,anterior/posterior pattern specification,1,,,,,,,,,,,
0,0.429431422,2,192,GO:0009954,proximal/distal pattern formation,1,,,,,,,,,,,
0,0.886900705,2,30,GO:0009957,epidermal cell fate specification,1,,,,,,,,,,,
0,0.927262438,2,112,GO:0009988,cell-cell recognition,1,,,,,,,,,,,
0,0.355515233,2,636,GO:0009994;GO:0048599,oocyte differentiation,1,,,,,,,,,,,
0,0.579629903,4,155,GO:0009996;GO:0010454,negative regulation of cell fate commitment,1,,,,,,,,,,,
0,1,2,20,GO:0009997;GO:0051892;GO:2000044,negative regulation of cardioblast differentiation,1,,,,,,,,,,,
0,0.334413558,2,71,GO:0010002,cardioblast differentiation,1,,,,,,,,,,,
0,0.915745249,2,1762,GO:0010035,response to inorganic substance,1,,,,,,,,,,,
0,0.897694922,4,31,GO:0010037;GO:0071244,response to carbon dioxide,1,,,,,,,,,,,
0,0.469487412,4,1008,GO:0010038,response to metal ion,1,,,,,,,,,,,
0,0.707521445,2,86,GO:0010039,response to iron ion,1,,,,,,,,,,,
0,0.583200448,6,16,GO:0010040,response to iron(II) ion,1,,,,,,,,,,,
0,1,3,20,GO:0010041,response to iron(III) ion,1,,,,,,,,,,,
0,0.555285204,2,50,GO:0010042,response to manganese ion,1,,,,,,,,,,,
0,0.680792638,2,111,GO:0010043,response to zinc ion,1,,,,,,,,,,,
0,0.638287218,5,27,GO:0010044,response to aluminum ion,1,,,,,,,,,,,
0,0.679980604,2,9,GO:0010045,response to nickel cation,1,,,,,,,,,,,
0,0.547147755,3,15,GO:0010046,response to mycotoxin,1,,,,,,,,,,,
0,0.751576986,3,11,GO:0010085,polarity specification of proximal/distal axis,1,,,,,,,,,,,
0,0.465079641,2,54,GO:0010092,specification of animal organ identity,1,,,,,,,,,,,
0,0.404818045,4,43,GO:0010155,regulation of proton transport,1,,,,,,,,,,,
0,1,2,6,GO:0010157,response to chlorate,1,,,,,,,,,,,
0,0.547147755,4,15,GO:0010159,specification of animal organ position,1,,,,,,,,,,,
0,0.832621626,2,37,GO:0010224,response to UV-B,1,,,,,,,,,,,
0,0.692853711,5,103,GO:0010226,response to lithium ion,1,,,,,,,,,,,
0,0.468969527,3,5,GO:0010232,vascular transport,1,,,,,,,,,,,
0,0.584300511,2,2759,GO:0010243;GO:1901698,response to nitrogen compound,1,,,,,,,,,,,
0,0.77686618,3,23,GO:0010248,establishment or maintenance of transmembrane electrochemical gradient,1,,,,,,,,,,,
0,0.742400629,2,1045,GO:0010256,endomembrane system organization,1,,,,,,,,,,,
0,0.997770325,3,82,GO:0010257;GO:0032981,NADH dehydrogenase complex assembly,1,,,,,,,,,,,
0,0.330022889,2,928,GO:0010259;GO:0008340,multicellular organism aging,1,,,,,,,,,,,
0,1,4,12,GO:0010265,SCF complex assembly,1,,,,,,,,,,,
0,0.3458504,2,25,GO:0010269,response to selenium ion,1,,,,,,,,,,,
0,0.838201699,4,48,GO:0010286,heat acclimation,1,,,,,,,,,,,
0,0.802958258,2,35,GO:0010310,regulation of hydrogen peroxide metabolic process,1,,,,,,,,,,,
0,1,2,19,GO:0010312,detoxification of zinc ion,1,,,,,,,,,,,
0,0.718041534,6,10,GO:0010353,response to trehalose,1,,,,,,,,,,,
0,1,3,13,GO:0010378,temperature compensation of the circadian clock,1,,,,,,,,,,,
0,0.807159278,2,13,GO:0010383;GO:0044036;GO:0071554,cell wall macromolecule metabolic process,1,,,,,,,,,,,
0,1,5,6,GO:0010387,COP9 signalosome assembly,1,,,,,,,,,,,
0,0.942130525,6,61,GO:0010390,histone monoubiquitination,1,,,,,,,,,,,
0,1,5,5,GO:0010421;GO:0097468;GO:0036481,hydrogen peroxide-mediated programmed cell death,1,,,,,,,,,,,
0,0.929993176,4,21,GO:0010446,response to alkaline pH,1,,,,,,,,,,,
0,0.99620506,4,44,GO:0010447,response to acidic pH,1,,,,,,,,,,,
0,0.731450953,7,21,GO:0010452,histone H3-K36 methylation,1,,,,,,,,,,,
0,0.591305617,3,43,GO:0010455,positive regulation of cell fate commitment,1,,,,,,,,,,,
0,0.430686562,2,20,GO:0010457,centriole-centriole cohesion,1,,,,,,,,,,,
0,0.750287097,5,32,GO:0010458,exit from mitosis,1,,,,,,,,,,,
0,0.463414403,2,21,GO:0010459,negative regulation of heart rate,1,,,,,,,,,,,
0,0.99018578,2,81,GO:0010460,positive regulation of heart rate,1,,,,,,,,,,,
0,0.477527945,2,38,GO:0010463,mesenchymal cell proliferation,1,,,,,,,,,,,
0,0.796479931,4,376,GO:0010466;GO:0010951,negative regulation of peptidase activity,1,,,,,,,,,,,
0,0.986800235,2,874,GO:0010469,regulation of signaling receptor activity,1,,,,,,,,,,,
0,1,4,9,GO:0010477,response to sulfur dioxide,1,,,,,,,,,,,
0,0.999782076,2,736,GO:0010498;GO:0043161,proteasomal protein catabolic process,1,,,,,,,,,,,
0,0.718041534,3,10,GO:0010499,proteasomal ubiquitin-independent protein catabolic process,1,,,,,,,,,,,
0,0.417444677,2,76,GO:0010501,RNA secondary structure unwinding,1,,,,,,,,,,,
0,0.425182119,2,815,GO:0010506,regulation of autophagy,1,,,,,,,,,,,
0,0.781727576,3,221,GO:0010507,negative regulation of autophagy,1,,,,,,,,,,,
0,0.555991266,2,24,GO:0010513,positive regulation of phosphatidylinositol biosynthetic process,1,,,,,,,,,,,
0,0.86501225,4,169,GO:0010517;GO:0010518;GO:0060193,regulation of phospholipase activity,1,,,,,,,,,,,
0,0.329069441,2,17,GO:0010519,negative regulation of phospholipase activity,1,,,,,,,,,,,
0,0.492483316,2,47,GO:0010523,negative regulation of calcium ion transport into cytosol,1,,,,,,,,,,,
0,0.364031257,9,129,GO:0010524,positive regulation of calcium ion transport into cytosol,1,,,,,,,,,,,
0,0.869873888,4,40,GO:0010528;GO:0010529,regulation of transposition,1,,,,,,,,,,,
0,1,4,16,GO:0010533,regulation of activation of Janus kinase activity,1,,,,,,,,,,,
0,1,5,9,GO:0010536,positive regulation of activation of Janus kinase activity,1,,,,,,,,,,,
0,0.879550961,5,73,GO:0010543,regulation of platelet activation,1,,,,,,,,,,,
0,0.838201699,5,48,GO:0010544,negative regulation of platelet activation,1,,,,,,,,,,,
0,0.501625163,2,283,GO:0010565,regulation of cellular ketone metabolic process,1,,,,,,,,,,,
0,0.972346189,5,57,GO:0010569,regulation of double-strand break repair via homologous recombination,1,,,,,,,,,,,
0,1,2,7,GO:0010572,positive regulation of platelet activation,1,,,,,,,,,,,
0,1,2,6,GO:0010573,vascular endothelial growth factor production,1,,,,,,,,,,,
0,0.861544272,2,81,GO:0010574;GO:0010575,regulation of vascular endothelial growth factor production,1,,,,,,,,,,,
0,0.705923662,4,20,GO:0010587,miRNA catabolic process,1,,,,,,,,,,,
0,0.8053621,3,104,GO:0010592;GO:1902745,positive regulation of lamellipodium organization,1,,,,,,,,,,,
0,0.796945718,6,24,GO:0010603,regulation of cytoplasmic mRNA processing body assembly,1,,,,,,,,,,,
0,0.830097807,2,14,GO:0010606,positive regulation of cytoplasmic mRNA processing body assembly,1,,,,,,,,,,,
0,1,2,5,GO:0010609,mRNA localization resulting in posttranscriptional regulation of gene expression,1,,,,,,,,,,,
0,1,6,13,GO:0010621,negative regulation of transcription by transcription factor localization,1,,,,,,,,,,,
0,0.385998295,3,237,GO:0010623,programmed cell death involved in cell development,1,,,,,,,,,,,
0,0.3458504,5,25,GO:0010635,regulation of mitochondrial fusion,1,,,,,,,,,,,
0,0.679980604,2,9,GO:0010636,positive regulation of mitochondrial fusion,1,,,,,,,,,,,
0,0.91957164,2,57,GO:0010640,regulation of platelet-derived growth factor receptor signaling pathway,1,,,,,,,,,,,
0,0.830097807,3,14,GO:0010641,positive regulation of platelet-derived growth factor receptor signaling pathway,1,,,,,,,,,,,
0,0.832621626,3,37,GO:0010642,negative regulation of platelet-derived growth factor receptor signaling pathway,1,,,,,,,,,,,
0,0.562263755,3,59,GO:0010644;GO:0086064,cell communication by electrical coupling,1,,,,,,,,,,,
0,0.401485589,8,132,GO:0010656,negative regulation of muscle cell apoptotic process,1,,,,,,,,,,,
0,1,2,15,GO:0010657;GO:0010658;GO:0010659,muscle cell apoptotic process,1,,,,,,,,,,,
0,0.400732874,2,75,GO:0010664;GO:0010667,negative regulation of striated muscle cell apoptotic process,1,,,,,,,,,,,
0,0.44262975,2,127,GO:0010669,epithelial structure maintenance,1,,,,,,,,,,,
0,0.440984976,5,326,GO:0010675;GO:0010906,regulation of cellular carbohydrate metabolic process,1,,,,,,,,,,,
0,0.554491936,3,204,GO:0010676;GO:0045913,positive regulation of carbohydrate metabolic process,1,,,,,,,,,,,
0,0.580488144,2,112,GO:0010677;GO:0045912,negative regulation of carbohydrate metabolic process,1,,,,,,,,,,,
0,0.81540649,5,25,GO:0010700,negative regulation of norepinephrine secretion,1,,,,,,,,,,,
0,1,5,18,GO:0010701,positive regulation of norepinephrine secretion,1,,,,,,,,,,,
0,1,7,6,GO:0010705,meiotic DNA double-strand break processing involved in reciprocal meiotic recombination,1,,,,,,,,,,,
0,0.587758061,2,7,GO:0010710,regulation of collagen catabolic process,1,,,,,,,,,,,
0,0.9432385,4,116,GO:0010712;GO:0032965,regulation of collagen metabolic process,1,,,,,,,,,,,
0,0.847874426,5,27,GO:0010713;GO:0032966,negative regulation of collagen metabolic process,1,,,,,,,,,,,
0,0.901539696,5,76,GO:0010714;GO:0032967,positive regulation of collagen metabolic process,1,,,,,,,,,,,
0,1,2,6,GO:0010716,negative regulation of extracellular matrix disassembly,1,,,,,,,,,,,
0,0.36701482,2,97,GO:0010718,positive regulation of epithelial to mesenchymal transition,1,,,,,,,,,,,
0,0.507355332,3,73,GO:0010719,negative regulation of epithelial to mesenchymal transition,1,,,,,,,,,,,
0,0.468969527,2,5,GO:0010725,regulation of primitive erythrocyte differentiation,1,,,,,,,,,,,
0,0.850308525,7,15,GO:0010727,negative regulation of hydrogen peroxide metabolic process,1,,,,,,,,,,,
0,0.679980604,2,9,GO:0010728;GO:0010730,regulation of hydrogen peroxide biosynthetic process,1,,,,,,,,,,,
0,0.883805177,4,17,GO:0010742;GO:0090077,foam cell differentiation,1,,,,,,,,,,,
0,0.897772323,2,54,GO:0010743,regulation of macrophage derived foam cell differentiation,1,,,,,,,,,,,
0,0.731450953,2,21,GO:0010744,positive regulation of macrophage derived foam cell differentiation,1,,,,,,,,,,,
0,0.91645955,3,33,GO:0010745,negative regulation of macrophage derived foam cell differentiation,1,,,,,,,,,,,
0,0.883805177,4,17,GO:0010746;GO:0140212;GO:0010748;GO:0140213,regulation of long-chain fatty acid import across plasma membrane,1,,,,,,,,,,,
0,1,2,12,GO:0010749,regulation of nitric oxide mediated signal transduction,1,,,,,,,,,,,
0,1,4,6,GO:0010750,positive regulation of nitric oxide mediated signal transduction,1,,,,,,,,,,,
0,1,3,6,GO:0010751,negative regulation of nitric oxide mediated signal transduction,1,,,,,,,,,,,
0,0.984650319,2,49,GO:0010752,regulation of cGMP-mediated signaling,1,,,,,,,,,,,
0,0.883805177,4,17,GO:0010753,positive regulation of cGMP-mediated signaling,1,,,,,,,,,,,
0,1,2,33,GO:0010754,negative regulation of cGMP-mediated signaling,1,,,,,,,,,,,
0,0.31619155,3,39,GO:0010755,regulation of plasminogen activation,1,,,,,,,,,,,
0,0.909808028,5,19,GO:0010757,negative regulation of plasminogen activation,1,,,,,,,,,,,
0,0.636783715,4,8,GO:0010760,negative regulation of macrophage chemotaxis,1,,,,,,,,,,,
0,0.532117413,3,6,GO:0010796,regulation of multivesicular body size,1,,,,,,,,,,,
0,0.32633912,3,110,GO:0010799,regulation of peptidyl-threonine phosphorylation,1,,,,,,,,,,,
0,0.590426485,4,78,GO:0010800,positive regulation of peptidyl-threonine phosphorylation,1,,,,,,,,,,,
0,0.781961409,2,111,GO:0010803,regulation of tumor necrosis factor-mediated signaling pathway,1,,,,,,,,,,,
0,0.656049044,2,37,GO:0010804,negative regulation of tumor necrosis factor-mediated signaling pathway,1,,,,,,,,,,,
0,0.862078984,6,28,GO:0010807,regulation of synaptic vesicle priming,1,,,,,,,,,,,
0,1,2,7,GO:0010808,positive regulation of synaptic vesicle priming,1,,,,,,,,,,,
0,0.532117413,2,6,GO:0010813,neuropeptide catabolic process,1,,,,,,,,,,,
0,0.382687015,2,11,GO:0010815,bradykinin catabolic process,1,,,,,,,,,,,
0,0.998475612,3,1410,GO:0010817,regulation of hormone levels,1,,,,,,,,,,,
0,1,2,18,GO:0010818,T cell chemotaxis,1,,,,,,,,,,,
0,0.86811573,7,16,GO:0010819;GO:0010820,regulation of T cell chemotaxis,1,,,,,,,,,,,
0,0.310438351,2,93,GO:0010824,regulation of centrosome duplication,1,,,,,,,,,,,
0,0.513781538,4,48,GO:0010826;GO:0046606,negative regulation of centrosome cycle,1,,,,,,,,,,,
0,0.8338027,4,68,GO:0010829;GO:0046325,negative regulation of glucose transmembrane transport,1,,,,,,,,,,,
0,0.638287218,3,27,GO:0010832,negative regulation of myotube differentiation,1,,,,,,,,,,,
0,0.508958394,2,14,GO:0010835,regulation of protein ADP-ribosylation,1,,,,,,,,,,,
0,0.366829893,6,65,GO:0010837,regulation of keratinocyte proliferation,1,,,,,,,,,,,
0,0.495287212,2,22,GO:0010838,positive regulation of keratinocyte proliferation,1,,,,,,,,,,,
0,0.666699786,3,92,GO:0010842,retina layer formation,1,,,,,,,,,,,
0,0.468969527,7,5,GO:0010848,regulation of chromatin disassembly,1,,,,,,,,,,,
0,0.947091914,3,138,GO:0010862;GO:0060393,regulation of pathway-restricted SMAD protein phosphorylation,1,,,,,,,,,,,
0,0.513781538,3,48,GO:0010866,regulation of triglyceride biosynthetic process,1,,,,,,,,,,,
0,0.679980604,4,9,GO:0010868,negative regulation of triglyceride biosynthetic process,1,,,,,,,,,,,
0,0.798788757,-1,45,GO:0010869,obsolete regulation of receptor biosynthetic process,1,,,,,,,,,,,
0,0.64880604,-1,18,GO:0010870,obsolete positive regulation of receptor biosynthetic process,1,,,,,,,,,,,
0,1,-1,17,GO:0010871,obsolete negative regulation of receptor biosynthetic process,1,,,,,,,,,,,
0,0.850308525,5,15,GO:0010872,regulation of cholesterol esterification,1,,,,,,,,,,,
0,1,2,11,GO:0010873,positive regulation of cholesterol esterification,1,,,,,,,,,,,
0,0.383990822,3,50,GO:0010874,regulation of cholesterol efflux,1,,,,,,,,,,,
0,0.999038872,3,783,GO:0010876;GO:0006869,lipid localization,1,,,,,,,,,,,
0,0.751576986,2,11,GO:0010877,lipid transport involved in lipid storage,1,,,,,,,,,,,
0,0.988734942,2,269,GO:0010883,regulation of lipid storage,1,,,,,,,,,,,
0,0.955272351,2,109,GO:0010884,positive regulation of lipid storage,1,,,,,,,,,,,
0,0.875057532,4,29,GO:0010885,regulation of cholesterol storage,1,,,,,,,,,,,
0,0.547147755,5,15,GO:0010886,positive regulation of cholesterol storage,1,,,,,,,,,,,
0,1,2,14,GO:0010887,negative regulation of cholesterol storage,1,,,,,,,,,,,
0,0.998192041,2,84,GO:0010888,negative regulation of lipid storage,1,,,,,,,,,,,
0,0.970652366,3,43,GO:0010889,regulation of sequestering of triglyceride,1,,,,,,,,,,,
0,0.938322978,3,22,GO:0010890,positive regulation of sequestering of triglyceride,1,,,,,,,,,,,
0,0.830097807,2,14,GO:0010891,negative regulation of sequestering of triglyceride,1,,,,,,,,,,,
0,0.695688373,3,76,GO:0010893;GO:0045940,positive regulation of steroid metabolic process,1,,,,,,,,,,,
0,0.849813078,4,49,GO:0010894;GO:0045939,negative regulation of steroid metabolic process,1,,,,,,,,,,,
0,0.923055105,2,46,GO:0010896,regulation of triglyceride catabolic process,1,,,,,,,,,,,
0,0.920538784,7,20,GO:0010897,negative regulation of triglyceride catabolic process,1,,,,,,,,,,,
0,0.832349448,2,26,GO:0010898,positive regulation of triglyceride catabolic process,1,,,,,,,,,,,
0,0.587758061,4,7,GO:0010899,regulation of phosphatidylcholine catabolic process,1,,,,,,,,,,,
0,0.40583433,2,116,GO:0010907,positive regulation of glucose metabolic process,1,,,,,,,,,,,
0,0.463414403,2,21,GO:0010911;GO:0010912,regulation of isomerase activity,1,,,,,,,,,,,
0,0.555991266,2,24,GO:0010917;GO:0045837,negative regulation of membrane potential,1,,,,,,,,,,,
0,0.907522111,5,32,GO:0010918,positive regulation of mitochondrial membrane potential,1,,,,,,,,,,,
0,0.907522111,2,32,GO:0010919;GO:0060732,regulation of inositol phosphate biosynthetic process,1,,,,,,,,,,,
0,1,2,5,GO:0010920,negative regulation of inositol phosphate biosynthetic process,1,,,,,,,,,,,
0,0.329069441,2,17,GO:0010936,negative regulation of macrophage cytokine production,1,,,,,,,,,,,
0,1,5,5,GO:0010938;GO:0070462,cytoplasmic microtubule depolymerization,1,,,,,,,,,,,
0,0.339198298,2,135,GO:0010939,regulation of necrotic cell death,1,,,,,,,,,,,
0,0.897628656,5,18,GO:0010944,negative regulation of transcription by competitive promoter binding,1,,,,,,,,,,,
0,0.532412757,3,100,GO:0010955;GO:1903318,negative regulation of protein maturation,1,,,,,,,,,,,
0,0.718041534,6,10,GO:0010956;GO:0010957;GO:0046137,negative regulation of vitamin D biosynthetic process,1,,,,,,,,,,,
0,0.907522111,8,32,GO:0010958;GO:1903789,regulation of amino acid transmembrane transport,1,,,,,,,,,,,
0,0.838201699,2,48,GO:0010960,magnesium ion homeostasis,1,,,,,,,,,,,
0,0.587758061,2,7,GO:0010961,cellular magnesium ion homeostasis,1,,,,,,,,,,,
0,1,3,5,GO:0010963,regulation of L-arginine import,1,,,,,,,,,,,
0,0.666943446,3,163,GO:0010965;GO:1905818;GO:0030071;GO:1902099,regulation of chromosome separation,1,,,,,,,,,,,
0,0.329069441,2,17,GO:0010966,regulation of phosphate transport,1,,,,,,,,,,,
0,0.967265464,2,27,GO:0010968,regulation of microtubule nucleation,1,,,,,,,,,,,
0,0.403409831,2,59,GO:0010971;GO:1902751,positive regulation of cell cycle G2/M phase transition,1,,,,,,,,,,,
0,0.659381599,2,127,GO:0010972;GO:1902750,negative regulation of cell cycle G2/M phase transition,1,,,,,,,,,,,
0,1,4,9,GO:0010979;GO:0010980,regulation of vitamin D 24-hydroxylase activity,1,,,,,,,,,,,
0,0.35495458,3,33,GO:0010984,regulation of lipoprotein particle clearance,1,,,,,,,,,,,
0,0.583200448,2,16,GO:0010985;GO:0010989,negative regulation of lipoprotein particle clearance,1,,,,,,,,,,,
0,1,2,8,GO:0010986,positive regulation of lipoprotein particle clearance,1,,,,,,,,,,,
0,0.426549964,2,12,GO:0010990;GO:0010991,regulation of SMAD protein complex assembly,1,,,,,,,,,,,
0,0.781124897,4,12,GO:0010992,ubiquitin recycling,1,,,,,,,,,,,
0,1,2,6,GO:0010998,regulation of translational initiation by eIF2 alpha phosphorylation,1,,,,,,,,,,,
0,0.717022668,2,105,GO:0014003,oligodendrocyte development,1,,,,,,,,,,,
0,0.468712327,2,13,GO:0014004,microglia differentiation,1,,,,,,,,,,,
0,0.684419701,4,314,GO:0014013,regulation of gliogenesis,1,,,,,,,,,,,
0,0.769122067,2,174,GO:0014015,positive regulation of gliogenesis,1,,,,,,,,,,,
0,0.766856028,3,128,GO:0014016;GO:0014017,neuroblast differentiation,1,,,,,,,,,,,
0,0.709253111,4,30,GO:0014018,neuroblast fate specification,1,,,,,,,,,,,
0,0.81830493,4,36,GO:0014019,neuroblast development,1,,,,,,,,,,,
0,1,2,9,GO:0014022;GO:0022007,neural plate elongation,1,,,,,,,,,,,
0,1,2,16,GO:0014028,notochord formation,1,,,,,,,,,,,
0,0.404818045,5,43,GO:0014029,neural crest formation,1,,,,,,,,,,,
0,0.555991266,4,24,GO:0014034,neural crest cell fate commitment,1,,,,,,,,,,,
0,0.382687015,2,11,GO:0014036,neural crest cell fate specification,1,,,,,,,,,,,
0,0.532117413,2,6,GO:0014038,regulation of Schwann cell differentiation,1,,,,,,,,,,,
0,0.516557558,2,82,GO:0014041,regulation of neuron maturation,1,,,,,,,,,,,
0,0.880554481,5,41,GO:0014042,positive regulation of neuron maturation,1,,,,,,,,,,,
0,0.547147755,3,15,GO:0014045,establishment of endothelial blood-brain barrier,1,,,,,,,,,,,
0,0.992332939,2,70,GO:0014048,regulation of glutamate secretion,1,,,,,,,,,,,
0,0.845956206,3,38,GO:0014049,positive regulation of glutamate secretion,1,,,,,,,,,,,
0,1,3,18,GO:0014050,negative regulation of glutamate secretion,1,,,,,,,,,,,
0,0.886900705,2,30,GO:0014051,gamma-aminobutyric acid secretion,1,,,,,,,,,,,
0,0.897694922,6,31,GO:0014052,regulation of gamma-aminobutyric acid secretion,1,,,,,,,,,,,
0,1,2,10,GO:0014053,negative regulation of gamma-aminobutyric acid secretion,1,,,,,,,,,,,
0,0.678399952,2,19,GO:0014054,positive regulation of gamma-aminobutyric acid secretion,1,,,,,,,,,,,
0,0.971605713,3,93,GO:0014059,regulation of dopamine secretion,1,,,,,,,,,,,
0,0.977617426,2,30,GO:0014060;GO:0032811,regulation of epinephrine secretion,1,,,,,,,,,,,
0,0.992063897,2,55,GO:0014061,regulation of norepinephrine secretion,1,,,,,,,,,,,
0,1,3,26,GO:0014062,regulation of serotonin secretion,1,,,,,,,,,,,
0,1,2,14,GO:0014063,negative regulation of serotonin secretion,1,,,,,,,,,,,
0,1,2,6,GO:0014064,positive regulation of serotonin secretion,1,,,,,,,,,,,
0,0.988542959,3,66,GO:0014067,negative regulation of phosphatidylinositol 3-kinase signaling,1,,,,,,,,,,,
0,0.489876403,2,2483,GO:0014070,response to organic cyclic compound,1,,,,,,,,,,,
0,0.953111649,5,119,GO:0014072;GO:0043278,response to isoquinoline alkaloid,1,,,,,,,,,,,
0,0.76915808,2,477,GO:0014074;GO:0046683,response to purine-containing compound,1,,,,,,,,,,,
0,0.813842238,5,152,GO:0014075,response to amine,1,,,,,,,,,,,
0,1,2,5,GO:0014719,skeletal muscle satellite cell activation,1,,,,,,,,,,,
0,1,5,14,GO:0014724,regulation of twitch skeletal muscle contraction,1,,,,,,,,,,,
0,1,6,10,GO:0014728;GO:0014862,regulation of the force of skeletal muscle contraction,1,,,,,,,,,,,
0,0.3458504,2,25,GO:0014732;GO:0014891,striated muscle atrophy,1,,,,,,,,,,,
0,1,2,6,GO:0014805,smooth muscle adaptation,1,,,,,,,,,,,
0,0.430686562,4,20,GO:0014808;GO:1903514,release of sequestered calcium ion into cytosol by endoplasmic reticulum,1,,,,,,,,,,,
0,0.717699932,4,59,GO:0014812,muscle cell migration,1,,,,,,,,,,,
0,0.463414403,2,21,GO:0014820;GO:0014824,tonic smooth muscle contraction,1,,,,,,,,,,,
0,0.99444874,2,41,GO:0014821,phasic smooth muscle contraction,1,,,,,,,,,,,
0,1,2,8,GO:0014826,vein smooth muscle contraction,1,,,,,,,,,,,
0,1,2,7,GO:0014827,intestine smooth muscle contraction,1,,,,,,,,,,,
0,0.897694922,3,31,GO:0014829,vascular associated smooth muscle contraction,1,,,,,,,,,,,
0,0.883805177,3,17,GO:0014831,gastro-intestinal system smooth muscle contraction,1,,,,,,,,,,,
0,0.832621626,2,37,GO:0014832;GO:0014848,urinary tract smooth muscle contraction,1,,,,,,,,,,,
0,0.636783715,4,8,GO:0014846,esophagus smooth muscle contraction,1,,,,,,,,,,,
0,0.404818045,3,43,GO:0014855;GO:0060038,striated muscle cell proliferation,1,,,,,,,,,,,
0,0.951263923,2,51,GO:0014866,skeletal myofibril assembly,1,,,,,,,,,,,
0,0.468712327,3,13,GO:0014878,response to electrical stimulus involved in regulation of muscle adaptation,1,,,,,,,,,,,
0,0.426549964,2,12,GO:0014881,regulation of myofibril size,1,,,,,,,,,,,
0,0.404447155,2,35,GO:0014889,muscle atrophy,1,,,,,,,,,,,
0,0.832349448,5,26,GO:0014909,smooth muscle cell migration,1,,,,,,,,,,,
0,0.532117413,4,6,GO:0014916,regulation of lung blood pressure,1,,,,,,,,,,,
0,0.87673412,5,93,GO:0015012;GO:0030201,heparan sulfate proteoglycan metabolic process,1,,,,,,,,,,,
0,0.724494632,4,50,GO:0015669,gas transport,1,,,,,,,,,,,
0,0.850308525,3,15,GO:0015670,carbon dioxide transport,1,,,,,,,,,,,
0,0.6113564,5,35,GO:0015671,oxygen transport,1,,,,,,,,,,,
0,1,3,1042,GO:0015672,monovalent inorganic cation transport,1,,,,,,,,,,,
0,0.678399952,6,19,GO:0015677,copper ion import,1,,,,,,,,,,,
0,1,3,7,GO:0015679,plasma membrane copper ion transport,1,,,,,,,,,,,
0,1,5,12,GO:0015691;GO:0070574;GO:0071585,cadmium ion transmembrane transport,1,,,,,,,,,,,
0,0.984696369,2,33,GO:0015693,magnesium ion transport,1,,,,,,,,,,,
0,0.728640201,2,106,GO:0015695,organic cation transport,1,,,,,,,,,,,
0,0.988542253,2,162,GO:0015696,ammonium transport,1,,,,,,,,,,,
0,0.929993176,5,21,GO:0015697,quaternary ammonium group transport,1,,,,,,,,,,,
0,0.996706071,3,333,GO:0015698,inorganic anion transport,1,,,,,,,,,,,
0,0.727384633,2,69,GO:0015701,bicarbonate transport,1,,,,,,,,,,,
0,0.718041534,2,10,GO:0015705,iodide transport,1,,,,,,,,,,,
0,0.999999569,4,916,GO:0015711,organic anion transport,1,,,,,,,,,,,
0,0.781124897,3,12,GO:0015712;GO:0015760,hexose phosphate transport,1,,,,,,,,,,,
0,0.998708815,9,465,GO:0015718,monocarboxylic acid transport,1,,,,,,,,,,,
0,0.99113533,2,54,GO:0015721,bile acid and bile salt transport,1,,,,,,,,,,,
0,1,2,14,GO:0015722,canalicular bile acid transport,1,,,,,,,,,,,
0,0.781124897,2,12,GO:0015724,formate transport,1,,,,,,,,,,,
0,1,6,17,GO:0015727;GO:0035873,lactate transmembrane transport,1,,,,,,,,,,,
0,0.830097807,2,14,GO:0015732,prostaglandin transport,1,,,,,,,,,,,
0,0.468969527,3,5,GO:0015734;GO:0042918,taurine transport,1,,,,,,,,,,,
0,0.845956206,4,38,GO:0015740,C4-dicarboxylate transport,1,,,,,,,,,,,
0,0.468969527,2,5,GO:0015743,malate transport,1,,,,,,,,,,,
0,0.781124897,8,12,GO:0015744;GO:0071422,succinate transmembrane transport,1,,,,,,,,,,,
0,0.679980604,2,9,GO:0015747,urate transport,1,,,,,,,,,,,
0,0.990856086,2,220,GO:0015748,organophosphate ester transport,1,,,,,,,,,,,
0,1,7,6,GO:0015755,fructose transmembrane transport,1,,,,,,,,,,,
0,1,4,21,GO:0015780;GO:0090481,nucleotide-sugar transmembrane transport,1,,,,,,,,,,,
0,1,2,6,GO:0015786;GO:0015789,UDP-glucose transmembrane transport,1,,,,,,,,,,,
0,1,2,6,GO:0015790,UDP-xylose transmembrane transport,1,,,,,,,,,,,
0,0.638287218,2,27,GO:0015791,polyol transport,1,,,,,,,,,,,
0,0.751576986,2,11,GO:0015793,glycerol transport,1,,,,,,,,,,,
0,0.468969527,5,5,GO:0015797;GO:0090088;GO:0090089;GO:2000878;GO:2000880;GO:2001148,regulation of dipeptide transport,1,,,,,,,,,,,
0,0.679980604,2,9,GO:0015798,myo-inositol transport,1,,,,,,,,,,,
0,0.999196203,6,121,GO:0015800,acidic amino acid transport,1,,,,,,,,,,,
0,0.929993176,2,21,GO:0015801,aromatic amino acid transport,1,,,,,,,,,,,
0,1,2,29,GO:0015802,basic amino acid transport,1,,,,,,,,,,,
0,1,2,17,GO:0015803;GO:0015820,branched-chain amino acid transport,1,,,,,,,,,,,
0,0.999225635,2,92,GO:0015804,neutral amino acid transport,1,,,,,,,,,,,
0,0.999977743,3,157,GO:0015807;GO:1902475,L-amino acid transport,1,,,,,,,,,,,
0,1,3,13,GO:0015808,L-alanine transport,1,,,,,,,,,,,
0,1,2,18,GO:0015809;GO:1903826;GO:1990822,basic amino acid transmembrane transport,1,,,,,,,,,,,
0,0.718041534,2,10,GO:0015810,aspartate transmembrane transport,1,,,,,,,,,,,
0,1,3,10,GO:0015811,L-cystine transport,1,,,,,,,,,,,
0,0.982884526,6,48,GO:0015812,gamma-aminobutyric acid transport,1,,,,,,,,,,,
0,0.99113533,3,54,GO:0015813,L-glutamate transmembrane transport,1,,,,,,,,,,,
0,1,2,21,GO:0015816,glycine transport,1,,,,,,,,,,,
0,1,2,6,GO:0015817,histidine transport,1,,,,,,,,,,,
0,1,3,6,GO:0015819,lysine transport,1,,,,,,,,,,,
0,1,3,13,GO:0015822;GO:1902022;GO:1903352;GO:1903401,L-lysine transmembrane transport,1,,,,,,,,,,,
0,1,2,15,GO:0015824,proline transport,1,,,,,,,,,,,
0,1,4,6,GO:0015827,tryptophan transport,1,,,,,,,,,,,
0,0.920538784,2,20,GO:0015837,amine transport,1,,,,,,,,,,,
0,0.807159278,2,13,GO:0015838,amino-acid betaine transport,1,,,,,,,,,,,
0,0.718041534,2,10,GO:0015840,urea transport,1,,,,,,,,,,,
0,1,4,7,GO:0015842,aminergic neurotransmitter loading into synaptic vesicle,1,,,,,,,,,,,
0,0.977196029,4,59,GO:0015844,monoamine transport,1,,,,,,,,,,,
0,0.999993302,2,632,GO:0015849;GO:0046942,organic acid transport,1,,,,,,,,,,,
0,0.999860821,2,293,GO:0015850,organic hydroxy compound transport,1,,,,,,,,,,,
0,0.547147755,2,15,GO:0015853,adenine transport,1,,,,,,,,,,,
0,1,5,10,GO:0015855,pyrimidine nucleobase transport,1,,,,,,,,,,,
0,0.909808028,2,19,GO:0015858,nucleoside transport,1,,,,,,,,,,,
0,1,7,12,GO:0015862;GO:0015864;GO:1901642,nucleoside transmembrane transport,1,,,,,,,,,,,
0,0.404447155,2,35,GO:0015865;GO:0015868;GO:0051503,purine nucleotide transport,1,,,,,,,,,,,
0,0.555991266,2,24,GO:0015866;GO:0015867,ATP transport,1,,,,,,,,,,,
0,0.886900705,3,30,GO:0015871,choline transport,1,,,,,,,,,,,
0,0.832349448,3,26,GO:0015872,dopamine transport,1,,,,,,,,,,,
0,1,3,5,GO:0015874,norepinephrine transport,1,,,,,,,,,,,
0,0.679980604,3,9,GO:0015879,carnitine transport,1,,,,,,,,,,,
0,0.718041534,3,10,GO:0015884;GO:0098838,folic acid transport,1,,,,,,,,,,,
0,0.897694922,2,31,GO:0015886;GO:1901678,iron coordination entity transport,1,,,,,,,,,,,
0,1,4,10,GO:0015888,thiamine transport,1,,,,,,,,,,,
0,0.426549964,2,12,GO:0015889,cobalamin transport,1,,,,,,,,,,,
0,0.999347152,4,393,GO:0015893,drug transport,1,,,,,,,,,,,
0,0.877799989,2,284,GO:0015908,fatty acid transport,1,,,,,,,,,,,
0,0.587758061,4,7,GO:0015910,long-chain fatty acid import into peroxisome,1,,,,,,,,,,,
0,1,6,10,GO:0015911,long-chain fatty acid import across plasma membrane,1,,,,,,,,,,,
0,0.994075404,2,160,GO:0015914,phospholipid transport,1,,,,,,,,,,,
0,1,3,8,GO:0015917,aminophospholipid transport,1,,,,,,,,,,,
0,0.99788492,5,124,GO:0015918;GO:0030301,sterol transport,1,,,,,,,,,,,
0,0.875057532,2,29,GO:0015919,peroxisomal membrane transport,1,,,,,,,,,,,
0,0.751576986,2,11,GO:0015937,coenzyme A biosynthetic process,1,,,,,,,,,,,
0,0.697142685,2,39,GO:0015949,nucleobase-containing small molecule interconversion,1,,,,,,,,,,,
0,0.807159278,3,13,GO:0015959,diadenosine polyphosphate metabolic process,1,,,,,,,,,,,
0,0.718041534,5,10,GO:0015961;GO:0071543;GO:1901906;GO:1901907;GO:1901908;GO:1901909;GO:1901910,diadenosine polyphosphate catabolic process,1,,,,,,,,,,,
0,0.950781377,3,497,GO:0015980,energy derivation by oxidation of organic compounds,1,,,,,,,,,,,
0,0.992369951,3,508,GO:0016032,viral process,1,,,,,,,,,,,
0,1,2,21,GO:0016037,light absorption,1,,,,,,,,,,,
0,1,2,11,GO:0016038;GO:0018298,absorption of visible light,1,,,,,,,,,,,
0,1,4,10,GO:0016039;GO:0030265,phospholipase C-activating rhodopsin mediated signaling pathway,1,,,,,,,,,,,
0,0.76842761,2,43,GO:0016045;GO:0098543;GO:0098581,detection of external biotic stimulus,1,,,,,,,,,,,
0,0.999633119,2,835,GO:0016050,vesicle organization,1,,,,,,,,,,,
0,0.504665203,2,216,GO:0016052,carbohydrate catabolic process,1,,,,,,,,,,,
0,0.973332497,2,70,GO:0016056,rhodopsin mediated signaling pathway,1,,,,,,,,,,,
0,0.95963043,4,40,GO:0016057,regulation of membrane potential in photoreceptor cell,1,,,,,,,,,,,
0,0.734586371,2,41,GO:0016059,deactivation of rhodopsin mediated signaling,1,,,,,,,,,,,
0,0.718041534,2,10,GO:0016060,metarhodopsin inactivation,1,,,,,,,,,,,
0,0.883805177,3,17,GO:0016062;GO:0036367,adaptation of rhodopsin mediated signaling,1,,,,,,,,,,,
0,0.77686618,2,23,GO:0016063;GO:0046154,rhodopsin metabolic process,1,,,,,,,,,,,
0,0.829205594,2,97,GO:0016064;GO:0019724,B cell mediated immunity,1,,,,,,,,,,,
0,0.962033331,3,154,GO:0016073;GO:0009301;GO:0042795,snRNA metabolic process,1,,,,,,,,,,,
0,0.847874426,3,27,GO:0016074,sno(s)RNA metabolic process,1,,,,,,,,,,,
0,1,4,24,GO:0016075,rRNA catabolic process,1,,,,,,,,,,,
0,1,4,11,GO:0016078,tRNA catabolic process,1,,,,,,,,,,,
0,0.598848002,3,61,GO:0016080,synaptic vesicle targeting,1,,,,,,,,,,,
0,0.680140714,2,93,GO:0016081,synaptic vesicle docking,1,,,,,,,,,,,
0,0.852914199,3,80,GO:0016082,synaptic vesicle priming,1,,,,,,,,,,,
0,0.830097807,4,14,GO:0016093,polyprenol metabolic process,1,,,,,,,,,,,
0,1,2,6,GO:0016094,polyprenol biosynthetic process,1,,,,,,,,,,,
0,0.770008472,3,165,GO:0016101;GO:0001523,diterpenoid metabolic process,1,,,,,,,,,,,
0,0.796945718,2,24,GO:0016102,diterpenoid biosynthetic process,1,,,,,,,,,,,
0,1,5,10,GO:0016108;GO:0016116,tetraterpenoid metabolic process,1,,,,,,,,,,,
0,0.379717871,4,34,GO:0016114,terpenoid biosynthetic process,1,,,,,,,,,,,
0,0.547147755,2,15,GO:0016115,terpenoid catabolic process,1,,,,,,,,,,,
0,1,5,9,GO:0016119;GO:0042214;GO:0035238,terpene metabolic process,1,,,,,,,,,,,
0,1,8,7,GO:0016122,xanthophyll metabolic process,1,,,,,,,,,,,
0,0.33025755,3,32,GO:0016137,glycoside metabolic process,1,,,,,,,,,,,
0,0.508958394,2,14,GO:0016139,glycoside catabolic process,1,,,,,,,,,,,
0,0.95963043,2,40,GO:0016180;GO:0034472,snRNA processing,1,,,,,,,,,,,
0,0.430554219,7,28,GO:0016185;GO:0070142,synaptic vesicle budding,1,,,,,,,,,,,
0,0.453435446,5,37,GO:0016188,synaptic vesicle maturation,1,,,,,,,,,,,
0,0.999976729,3,546,GO:0016197,endosomal transport,1,,,,,,,,,,,
0,1,2,6,GO:0016200,synaptic target attraction,1,,,,,,,,,,,
0,0.379717871,2,34,GO:0016201,synaptic target inhibition,1,,,,,,,,,,,
0,0.363651766,2,49,GO:0016204,determination of muscle attachment site,1,,,,,,,,,,,
0,0.899598503,2,43,GO:0016226;GO:0031163,iron-sulfur cluster assembly,1,,,,,,,,,,,
0,0.965956611,4,336,GO:0016236,macroautophagy,1,,,,,,,,,,,
0,0.587758061,2,7,GO:0016240,autophagosome membrane docking,1,,,,,,,,,,,
0,0.831301849,2,410,GO:0016241,regulation of macroautophagy,1,,,,,,,,,,,
0,0.800627489,2,94,GO:0016242,negative regulation of macroautophagy,1,,,,,,,,,,,
0,0.468969527,2,5,GO:0016243,regulation of autophagosome size,1,,,,,,,,,,,
0,0.938322978,2,22,GO:0016254,preassembly of GPI anchor in ER membrane,1,,,,,,,,,,,
0,0.587758061,2,7,GO:0016255,attachment of GPI anchor to protein,1,,,,,,,,,,,
0,0.329069441,2,17,GO:0016264,gap junction assembly,1,,,,,,,,,,,
0,0.945348779,3,106,GO:0016266,O-glycan processing,1,,,,,,,,,,,
0,0.652086787,2,2656,GO:0016310;GO:0006468,phosphorylation,1,,,,,,,,,,,
0,0.86811573,4,16,GO:0016320,endoplasmic reticulum membrane fusion,1,,,,,,,,,,,
0,0.77686618,2,23,GO:0016321,female meiosis chromosome segregation,1,,,,,,,,,,,
0,0.971161259,2,28,GO:0016332,establishment or maintenance of polarity of embryonic epithelium,1,,,,,,,,,,,
0,0.811541542,2,161,GO:0016333,morphogenesis of follicular epithelium,1,,,,,,,,,,,
0,0.919522836,3,100,GO:0016334,establishment or maintenance of polarity of follicular epithelium,1,,,,,,,,,,,
0,0.686868582,2,29,GO:0016335,morphogenesis of larval imaginal disc epithelium,1,,,,,,,,,,,
0,0.64880604,3,18,GO:0016336,establishment or maintenance of polarity of larval imaginal disc epithelium,1,,,,,,,,,,,
0,0.918965959,2,68,GO:0016338,calcium-independent cell-cell adhesion via plasma membrane cell-adhesion molecules,1,,,,,,,,,,,
0,0.312124541,2,101,GO:0016339,calcium-dependent cell-cell adhesion via plasma membrane cell adhesion molecules,1,,,,,,,,,,,
0,0.584646839,5,25,GO:0016340;GO:0035001,calcium-dependent cell-matrix adhesion,1,,,,,,,,,,,
0,0.731450953,3,21,GO:0016344,meiotic chromosome movement towards spindle pole,1,,,,,,,,,,,
0,0.940213143,3,72,GO:0016348,imaginal disc-derived leg joint morphogenesis,1,,,,,,,,,,,
0,0.679980604,2,9,GO:0016457;GO:0042714,dosage compensation complex assembly,1,,,,,,,,,,,
0,0.313432917,2,109,GO:0016476,regulation of embryonic cell shape,1,,,,,,,,,,,
0,1,6,10,GO:0016480,negative regulation of transcription by RNA polymerase III,1,,,,,,,,,,,
0,0.998823037,4,340,GO:0016482,cytosolic transport,1,,,,,,,,,,,
0,0.664189013,3,346,GO:0016485,protein processing,1,,,,,,,,,,,
0,0.8338027,4,68,GO:0016486;GO:0140448,peptide hormone processing,1,,,,,,,,,,,
0,0.883805177,6,17,GO:0016553,base conversion or substitution editing,1,,,,,,,,,,,
0,1,2,8,GO:0016554,cytidine to uridine editing,1,,,,,,,,,,,
0,0.838201699,2,48,GO:0016556,mRNA modification,1,,,,,,,,,,,
0,0.532117413,5,6,GO:0016557,peroxisome membrane biogenesis,1,,,,,,,,,,,
0,0.883805177,3,17,GO:0016558,protein import into peroxisome matrix,1,,,,,,,,,,,
0,0.329069441,3,17,GO:0016559,peroxisome fission,1,,,,,,,,,,,
0,0.964446537,2,1158,GO:0016567;GO:0032446,protein modification by small protein conjugation,1,,,,,,,,,,,
0,0.971605713,3,93,GO:0016574,histone ubiquitination,1,,,,,,,,,,,
0,0.404818045,3,43,GO:0016578,histone deubiquitination,1,,,,,,,,,,,
0,0.998910059,2,530,GO:0016579;GO:0070646,protein modification by small protein removal,1,,,,,,,,,,,
0,0.350851544,3,72,GO:0016601,Rac protein signal transduction,1,,,,,,,,,,,
0,0.852914199,3,80,GO:0016925,protein sumoylation,1,,,,,,,,,,,
0,0.897694922,7,31,GO:0016926,protein desumoylation,1,,,,,,,,,,,
0,1,2,24,GO:0016973,poly(A)+ mRNA export from nucleus,1,,,,,,,,,,,
0,0.397352481,2,230,GO:0016999,antibiotic metabolic process,1,,,,,,,,,,,
0,0.755067327,2,22,GO:0017000,antibiotic biosynthetic process,1,,,,,,,,,,,
0,0.485032117,5,55,GO:0017004,cytochrome complex assembly,1,,,,,,,,,,,
0,1,5,8,GO:0017014;GO:0018119,protein nitrosylation,1,,,,,,,,,,,
0,0.830097807,2,14,GO:0017062;GO:0034551,respiratory chain complex III assembly,1,,,,,,,,,,,
0,0.892006234,2,85,GO:0017085,response to insecticide,1,,,,,,,,,,,
0,0.945661923,2,23,GO:0017121,plasma membrane phospholipid scrambling,1,,,,,,,,,,,
0,1,2,6,GO:0017143,insecticide metabolic process,1,,,,,,,,,,,
0,0.999985549,3,383,GO:0017156;GO:0016079,calcium-ion regulated exocytosis,1,,,,,,,,,,,
0,0.992995593,2,510,GO:0017157,regulation of exocytosis,1,,,,,,,,,,,
0,0.94141207,2,236,GO:0017158,regulation of calcium ion-dependent exocytosis,1,,,,,,,,,,,
0,0.337432237,2,10,GO:0017196,N-terminal peptidyl-methionine acetylation,1,,,,,,,,,,,
0,0.682776631,2,66,GO:0018023,peptidyl-lysine trimethylation,1,,,,,,,,,,,
0,0.329069441,2,17,GO:0018026,peptidyl-lysine monomethylation,1,,,,,,,,,,,
0,0.587758061,6,7,GO:0018057,peptidyl-lysine oxidation,1,,,,,,,,,,,
0,1,-1,22,GO:0018065,obsolete protein-cofactor linkage,1,,,,,,,,,,,
0,0.830097807,2,14,GO:0018094,protein polyglycylation,1,,,,,,,,,,,
0,0.587758061,3,7,GO:0018103;GO:0018211;GO:0018317;GO:0018406,protein C-linked glycosylation via tryptophan,1,,,,,,,,,,,
0,0.492838688,2,534,GO:0018105;GO:0018209,peptidyl-serine modification,1,,,,,,,,,,,
0,1,3,8,GO:0018125,peptidyl-cysteine methylation,1,,,,,,,,,,,
0,0.441136601,2,61,GO:0018149,peptide cross-linking,1,,,,,,,,,,,
0,0.689936566,2,48,GO:0018195,peptidyl-arginine modification,1,,,,,,,,,,,
0,0.532636891,2,83,GO:0018196;GO:0018279,peptidyl-asparagine modification,1,,,,,,,,,,,
0,0.825846271,2,47,GO:0018198,peptidyl-cysteine modification,1,,,,,,,,,,,
0,1,2,7,GO:0018199,peptidyl-glutamine modification,1,,,,,,,,,,,
0,0.31619155,2,39,GO:0018200,peptidyl-glutamic acid modification,1,,,,,,,,,,,
0,0.532117413,2,6,GO:0018201;GO:0018008,peptidyl-glycine modification,1,,,,,,,,,,,
0,0.786535242,3,34,GO:0018216;GO:0035246,peptidyl-arginine methylation,1,,,,,,,,,,,
0,0.929993176,3,21,GO:0018230;GO:0018231,peptidyl-L-cysteine S-palmitoylation,1,,,,,,,,,,,
0,0.781124897,3,12,GO:0018242,protein O-linked glycosylation via serine,1,,,,,,,,,,,
0,0.329069441,4,17,GO:0018243,protein O-linked glycosylation via threonine,1,,,,,,,,,,,
0,0.468969527,3,5,GO:0018312,peptidyl-serine ADP-ribosylation,1,,,,,,,,,,,
0,0.718041534,2,10,GO:0018335;GO:0106077,protein succinylation,1,,,,,,,,,,,
0,1,3,13,GO:0018342;GO:0097354,prenylation,1,,,,,,,,,,,
0,1,3,7,GO:0018343,protein farnesylation,1,,,,,,,,,,,
0,1,4,6,GO:0018344,protein geranylgeranylation,1,,,,,,,,,,,
0,0.568553683,2,68,GO:0018345,protein palmitoylation,1,,,,,,,,,,,
0,1,6,5,GO:0018352,protein-pyridoxal-5-phosphate linkage,1,,,,,,,,,,,
0,0.750287097,3,32,GO:0018410,C-terminal protein amino acid modification,1,,,,,,,,,,,
0,0.967265464,2,27,GO:0018879,biphenyl metabolic process,1,,,,,,,,,,,
0,0.883805177,3,17,GO:0018894,dibenzo-p-dioxin metabolic process,1,,,,,,,,,,,
0,0.58770963,2,34,GO:0018904,ether metabolic process,1,,,,,,,,,,,
0,0.636783715,3,8,GO:0018931;GO:0090420;GO:0018933;GO:0018979;GO:0042196;GO:0042197,naphthalene-containing compound metabolic process,1,,,,,,,,,,,
0,0.939915155,3,322,GO:0018958,phenol-containing compound metabolic process,1,,,,,,,,,,,
0,0.781124897,3,12,GO:0018963,phthalate metabolic process,1,,,,,,,,,,,
0,0.767474701,4,72,GO:0018992,germ-line sex determination,1,,,,,,,,,,,
0,0.982884526,4,48,GO:0018993,somatic sex determination,1,,,,,,,,,,,
0,0.981347553,3,110,GO:0019048;GO:0044003,modulation by symbiont of host process,1,,,,,,,,,,,
0,0.532117413,4,6,GO:0019049;GO:0030682,mitigation of host defenses by symbiont,1,,,,,,,,,,,
0,0.679980604,2,9,GO:0019050;GO:0033668;GO:0052041;GO:0060154,negative regulation by symbiont of host apoptotic process,1,,,,,,,,,,,
0,0.853564587,2,70,GO:0019054;GO:0044068,modulation by symbiont of host cellular process,1,,,,,,,,,,,
0,0.998696305,4,250,GO:0019058,viral life cycle,1,,,,,,,,,,,
0,0.632788878,4,45,GO:0019062;GO:0044650;GO:0044406,adhesion of symbiont to host,1,,,,,,,,,,,
0,1,6,16,GO:0019064;GO:0039663;GO:0044800;GO:0044803,multi-organism membrane organization,1,,,,,,,,,,,
0,0.587758061,2,7,GO:0019065;GO:0075509,receptor-mediated endocytosis of virus by host cell,1,,,,,,,,,,,
0,0.999767061,2,66,GO:0019068,virion assembly,1,,,,,,,,,,,
0,1,2,6,GO:0019075,virus maturation,1,,,,,,,,,,,
0,1,6,11,GO:0019076;GO:0035891;GO:0035890;GO:0052192,exit from host cell,1,,,,,,,,,,,
0,0.346898946,2,56,GO:0019079,viral genome replication,1,,,,,,,,,,,
0,0.383990822,4,50,GO:0019080,viral gene expression,1,,,,,,,,,,,
0,0.907522111,4,32,GO:0019081,viral translation,1,,,,,,,,,,,
0,1,3,6,GO:0019085,early viral transcription,1,,,,,,,,,,,
0,1,2,10,GO:0019087,transformation of host cell by virus,1,,,,,,,,,,,
0,0.734526773,2,610,GO:0019098,reproductive behavior,1,,,,,,,,,,,
0,0.832349448,5,26,GO:0019099,female germ-line sex determination,1,,,,,,,,,,,
0,0.547147755,2,15,GO:0019101,female somatic sex determination,1,,,,,,,,,,,
0,1,2,10,GO:0019102,male somatic sex determination,1,,,,,,,,,,,
0,0.460118782,5,939,GO:0019216,regulation of lipid metabolic process,1,,,,,,,,,,,
0,0.799152175,3,187,GO:0019217,regulation of fatty acid metabolic process,1,,,,,,,,,,,
0,0.994279964,3,1022,GO:0019221,cytokine-mediated signaling pathway,1,,,,,,,,,,,
0,0.636670177,3,195,GO:0019226,transmission of nerve impulse,1,,,,,,,,,,,
0,0.84642712,2,99,GO:0019228,neuronal action potential,1,,,,,,,,,,,
0,0.966065416,6,187,GO:0019229,regulation of vasoconstriction,1,,,,,,,,,,,
0,0.751576986,5,11,GO:0019230,proprioception,1,,,,,,,,,,,
0,0.999923216,5,301,GO:0019233,sensory perception of pain,1,,,,,,,,,,,
0,0.751576986,4,11,GO:0019236,response to pheromone,1,,,,,,,,,,,
0,0.830097807,3,14,GO:0019244,lactate biosynthetic process from pyruvate,1,,,,,,,,,,,
0,0.731450953,2,21,GO:0019249,lactate biosynthetic process,1,,,,,,,,,,,
0,0.587758061,5,7,GO:0019276,UDP-N-acetylgalactosamine metabolic process,1,,,,,,,,,,,
0,0.850308525,6,15,GO:0019317;GO:0042354;GO:0042355,L-fucose metabolic process,1,,,,,,,,,,,
0,0.584646839,3,25,GO:0019321,pentose metabolic process,1,,,,,,,,,,,
0,1,2,9,GO:0019322,pentose biosynthetic process,1,,,,,,,,,,,
0,1,4,8,GO:0019323,pentose catabolic process,1,,,,,,,,,,,
0,0.329069441,2,17,GO:0019336,phenol-containing compound catabolic process,1,,,,,,,,,,,
0,1,2,8,GO:0019344,cysteine biosynthetic process,1,,,,,,,,,,,
0,1,2,9,GO:0019348,dolichol metabolic process,1,,,,,,,,,,,
0,0.935330072,5,82,GO:0019369,arachidonic acid metabolic process,1,,,,,,,,,,,
0,0.705923662,3,20,GO:0019370,leukotriene biosynthetic process,1,,,,,,,,,,,
0,0.974593535,6,29,GO:0019371,cyclooxygenase pathway,1,,,,,,,,,,,
0,1,4,12,GO:0019372,lipoxygenase pathway,1,,,,,,,,,,,
0,1,2,21,GO:0019373,epoxygenase P450 pathway,1,,,,,,,,,,,
0,1,4,7,GO:0019389,glucuronoside metabolic process,1,,,,,,,,,,,
0,0.663215178,4,28,GO:0019400;GO:0006071,alditol metabolic process,1,,,,,,,,,,,
0,0.337432237,2,10,GO:0019401,alditol biosynthetic process,1,,,,,,,,,,,
0,1,2,7,GO:0019405,alditol catabolic process,1,,,,,,,,,,,
0,0.532117413,3,6,GO:0019417,sulfur oxidation,1,,,,,,,,,,,
0,0.585734945,5,69,GO:0019433;GO:0046464;GO:0046461,neutral lipid catabolic process,1,,,,,,,,,,,
0,1,2,7,GO:0019441,tryptophan catabolic process to kynurenine,1,,,,,,,,,,,
0,1,2,12,GO:0019482,beta-alanine metabolic process,1,,,,,,,,,,,
0,1,2,7,GO:0019483,beta-alanine biosynthetic process,1,,,,,,,,,,,
0,1,2,6,GO:0019518,L-threonine catabolic process to glycine,1,,,,,,,,,,,
0,0.468712327,3,13,GO:0019530;GO:0019694,taurine metabolic process,1,,,,,,,,,,,
0,0.755067327,2,22,GO:0019532;GO:1902358,sulfate transmembrane transport,1,,,,,,,,,,,
0,0.468969527,2,5,GO:0019541,propionate metabolic process,1,,,,,,,,,,,
0,1,4,5,GO:0019563,glycerol catabolic process,1,,,,,,,,,,,
0,0.426549964,4,12,GO:0019614;GO:0042420;GO:0042424,catecholamine catabolic process,1,,,,,,,,,,,
0,0.636783715,2,8,GO:0019626,short-chain fatty acid catabolic process,1,,,,,,,,,,,
0,0.828555972,2,2103,GO:0019637,organophosphate metabolic process,1,,,,,,,,,,,
0,0.830097807,3,14,GO:0019673,GDP-mannose metabolic process,1,,,,,,,,,,,
0,0.734613975,2,170,GO:0019674,NAD metabolic process,1,,,,,,,,,,,
0,1,5,6,GO:0019676;GO:0019740;GO:0006542,ammonia assimilation cycle,1,,,,,,,,,,,
0,0.404447155,3,35,GO:0019682,glyceraldehyde-3-phosphate metabolic process,1,,,,,,,,,,,
0,0.657566963,2,397,GO:0019722,calcium-mediated signaling,1,,,,,,,,,,,
0,0.80549651,3,2015,GO:0019725,cellular homeostasis,1,,,,,,,,,,,
0,0.459888995,2,62,GO:0019731,antibacterial humoral response,1,,,,,,,,,,,
0,0.468969527,2,5,GO:0019747,regulation of isoprenoid metabolic process,1,,,,,,,,,,,
0,0.76329488,2,299,GO:0019748,secondary metabolic process,1,,,,,,,,,,,
0,0.788748813,2,222,GO:0019751,polyol metabolic process,1,,,,,,,,,,,
0,0.81540649,2,25,GO:0019755,one-carbon compound transport,1,,,,,,,,,,,
0,0.796945718,3,24,GO:0019852,L-ascorbic acid metabolic process,1,,,,,,,,,,,
0,0.99441228,2,313,GO:0019882,antigen processing and presentation,1,,,,,,,,,,,
0,0.583200448,3,16,GO:0019883;GO:0002483;GO:0019885,antigen processing and presentation of endogenous antigen,1,,,,,,,,,,,
0,0.650586886,2,64,GO:0019896,axonal transport of mitochondrion,1,,,,,,,,,,,
0,0.418336902,2,158,GO:0019915,lipid storage,1,,,,,,,,,,,
0,0.999613052,2,794,GO:0019932,second-messenger-mediated signaling,1,,,,,,,,,,,
0,0.999997363,2,369,GO:0019933;GO:0019935,cyclic-nucleotide-mediated signaling,1,,,,,,,,,,,
0,0.997405828,2,47,GO:0019934,cGMP-mediated signaling,1,,,,,,,,,,,
0,0.545856962,3,118,GO:0019991,septate junction assembly,1,,,,,,,,,,,
0,0.730384553,3,31,GO:0020027,hemoglobin metabolic process,1,,,,,,,,,,,
0,1,3,10,GO:0021501,prechordal plate formation,1,,,,,,,,,,,
0,1,2,7,GO:0021502,neural fold elevation formation,1,,,,,,,,,,,
0,0.532117413,2,6,GO:0021506;GO:0021995,anterior neuropore closure,1,,,,,,,,,,,
0,0.86811573,3,16,GO:0021508;GO:0033505,floor plate morphogenesis,1,,,,,,,,,,,
0,0.707417686,2,361,GO:0021510,spinal cord development,1,,,,,,,,,,,
0,0.91957164,2,57,GO:0021514;GO:0060579,ventral spinal cord interneuron differentiation,1,,,,,,,,,,,
0,0.970246767,3,179,GO:0021515;GO:0021517,cell differentiation in spinal cord,1,,,,,,,,,,,
0,0.965308273,3,67,GO:0021516,dorsal spinal cord development,1,,,,,,,,,,,
0,0.532117413,5,6,GO:0021519,spinal cord association neuron specification,1,,,,,,,,,,,
0,0.786535242,2,34,GO:0021520,spinal cord motor neuron cell fate specification,1,,,,,,,,,,,
0,0.750287097,4,32,GO:0021521,ventral spinal cord interneuron specification,1,,,,,,,,,,,
0,0.929113308,2,102,GO:0021522,spinal cord motor neuron differentiation,1,,,,,,,,,,,
0,1,4,16,GO:0021523,somatic motor neuron differentiation,1,,,,,,,,,,,
0,1,5,8,GO:0021524,visceral motor neuron differentiation,1,,,,,,,,,,,
0,0.899598503,2,43,GO:0021527,spinal cord association neuron differentiation,1,,,,,,,,,,,
0,1,5,8,GO:0021529;GO:0021530,spinal cord oligodendrocyte cell differentiation,1,,,,,,,,,,,
0,0.94916853,4,149,GO:0021532,neural tube patterning,1,,,,,,,,,,,
0,0.89867251,3,86,GO:0021533;GO:0021697,cell differentiation in hindbrain,1,,,,,,,,,,,
0,0.897628656,2,18,GO:0021534;GO:0021924;GO:0021930,cell proliferation in hindbrain,1,,,,,,,,,,,
0,0.684004747,3,279,GO:0021536,diencephalon development,1,,,,,,,,,,,
0,0.63200469,2,796,GO:0021537,telencephalon development,1,,,,,,,,,,,
0,0.847874426,2,27,GO:0021538;GO:0021986,epithalamus development,1,,,,,,,,,,,
0,0.468969527,3,5,GO:0021539,subthalamus development,1,,,,,,,,,,,
0,0.955142603,3,39,GO:0021542,dentate gyrus development,1,,,,,,,,,,,
0,0.959656158,3,77,GO:0021544;GO:0021756,subpallium development,1,,,,,,,,,,,
0,0.838201699,2,48,GO:0021546,rhombomere development,1,,,,,,,,,,,
0,0.997405828,3,47,GO:0021548,pons development,1,,,,,,,,,,,
0,0.930240182,3,337,GO:0021549;GO:0022037,metencephalon development,1,,,,,,,,,,,
0,1,3,22,GO:0021550,medulla oblongata development,1,,,,,,,,,,,
0,0.426991058,3,44,GO:0021551,central nervous system morphogenesis,1,,,,,,,,,,,
0,0.845956206,5,38,GO:0021554,optic nerve development,1,,,,,,,,,,,
0,0.678399952,2,19,GO:0021555,midbrain-hindbrain boundary morphogenesis,1,,,,,,,,,,,
0,0.679980604,3,9,GO:0021557;GO:0021558,oculomotor nerve development,1,,,,,,,,,,,
0,0.807159278,3,13,GO:0021563;GO:0021615,glossopharyngeal nerve development,1,,,,,,,,,,,
0,1,5,8,GO:0021564;GO:0021644;GO:0021793,vagus nerve development,1,,,,,,,,,,,
0,0.718041534,4,10,GO:0021569,rhombomere 3 development,1,,,,,,,,,,,
0,1,3,11,GO:0021570,rhombomere 4 development,1,,,,,,,,,,,
0,1,2,17,GO:0021571,rhombomere 5 development,1,,,,,,,,,,,
0,1,4,10,GO:0021572,rhombomere 6 development,1,,,,,,,,,,,
0,0.871546737,2,151,GO:0021575,hindbrain morphogenesis,1,,,,,,,,,,,
0,0.974593535,4,29,GO:0021578;GO:0021626,hindbrain maturation,1,,,,,,,,,,,
0,1,4,12,GO:0021586;GO:0021718;GO:0021722,pons maturation,1,,,,,,,,,,,
0,0.850932595,2,119,GO:0021587;GO:0021696,cerebellum morphogenesis,1,,,,,,,,,,,
0,0.850308525,2,15,GO:0021590,cerebellum maturation,1,,,,,,,,,,,
0,0.768991806,3,33,GO:0021593,rhombomere morphogenesis,1,,,,,,,,,,,
0,0.617084583,2,17,GO:0021594;GO:0021654,rhombomere formation,1,,,,,,,,,,,
0,0.463414403,2,21,GO:0021603,cranial nerve formation,1,,,,,,,,,,,
0,1,4,6,GO:0021622;GO:0021623;GO:0070172,oculomotor nerve morphogenesis,1,,,,,,,,,,,
0,0.77686618,4,23,GO:0021631,optic nerve morphogenesis,1,,,,,,,,,,,
0,1,2,8,GO:0021633,optic nerve structural organization,1,,,,,,,,,,,
0,0.718041534,3,10,GO:0021650,vestibulocochlear nerve formation,1,,,,,,,,,,,
0,0.587758061,2,7,GO:0021658,rhombomere 3 morphogenesis,1,,,,,,,,,,,
0,1,7,10,GO:0021661;GO:0016103;GO:0034653,retinoic acid catabolic process,1,,,,,,,,,,,
0,1,2,6,GO:0021664,rhombomere 5 morphogenesis,1,,,,,,,,,,,
0,1,3,16,GO:0021679,cerebellar molecular layer development,1,,,,,,,,,,,
0,0.901539696,2,76,GO:0021680,cerebellar Purkinje cell layer development,1,,,,,,,,,,,
0,0.880484986,4,52,GO:0021682,nerve maturation,1,,,,,,,,,,,
0,1,3,6,GO:0021687,cerebellar molecular layer morphogenesis,1,,,,,,,,,,,
0,0.468969527,4,5,GO:0021691;GO:0021699,cerebellar cortex maturation,1,,,,,,,,,,,
0,0.997986968,3,49,GO:0021692;GO:0021694;GO:0021702,cerebellar Purkinje cell layer morphogenesis,1,,,,,,,,,,,
0,1,2,5,GO:0021693,cerebellar Purkinje cell layer structural organization,1,,,,,,,,,,,
0,0.715198295,2,141,GO:0021695,cerebellar cortex development,1,,,,,,,,,,,
0,1,2,8,GO:0021698,cerebellar cortex structural organization,1,,,,,,,,,,,
0,0.766413306,2,1216,GO:0021700,developmental maturation,1,,,,,,,,,,,
0,1,4,8,GO:0021703,locus ceruleus development,1,,,,,,,,,,,
0,1,5,8,GO:0021730;GO:0021740,principal sensory nucleus of trigeminal nerve development,1,,,,,,,,,,,
0,0.679980604,4,9,GO:0021747,cochlear nucleus development,1,,,,,,,,,,,
0,1,4,5,GO:0021754,facial nucleus development,1,,,,,,,,,,,
0,0.781124897,3,12,GO:0021759,globus pallidus development,1,,,,,,,,,,,
0,0.908222267,4,348,GO:0021761,limbic system development,1,,,,,,,,,,,
0,0.64880604,3,18,GO:0021764,amygdala development,1,,,,,,,,,,,
0,0.976621599,2,245,GO:0021766,hippocampus development,1,,,,,,,,,,,
0,1,7,13,GO:0021773,striatal medium spiny neuron differentiation,1,,,,,,,,,,,
0,1,3,17,GO:0021779;GO:0021778;GO:0021780,oligodendrocyte cell fate commitment,1,,,,,,,,,,,
0,0.963685607,3,41,GO:0021781,glial cell fate commitment,1,,,,,,,,,,,
0,1,5,9,GO:0021784,postganglionic parasympathetic fiber development,1,,,,,,,,,,,
0,0.92968298,2,47,GO:0021794,thalamus development,1,,,,,,,,,,,
0,0.952127845,4,24,GO:0021796,cerebral cortex regionalization,1,,,,,,,,,,,
0,0.583200448,5,16,GO:0021797,forebrain anterior/posterior pattern specification,1,,,,,,,,,,,
0,0.716319821,3,40,GO:0021819,layer formation in cerebral cortex,1,,,,,,,,,,,
0,0.875057532,3,29,GO:0021826;GO:0021830;GO:0021843,substrate-independent telencephalic tangential interneuron migration,1,,,,,,,,,,,
0,1,2,8,GO:0021852,pyramidal neuron migration,1,,,,,,,,,,,
0,0.897628656,3,18,GO:0021853;GO:1904936,cerebral cortex GABAergic interneuron migration,1,,,,,,,,,,,
0,0.680383414,3,84,GO:0021854,hypothalamus development,1,,,,,,,,,,,
0,0.875057532,6,29,GO:0021859;GO:0021860,pyramidal neuron differentiation,1,,,,,,,,,,,
0,0.584646839,6,25,GO:0021861,forebrain radial glial cell differentiation,1,,,,,,,,,,,
0,0.635198023,4,72,GO:0021871,forebrain regionalization,1,,,,,,,,,,,
0,1,2,6,GO:0021874,Wnt signaling pathway involved in forebrain neuroblast division,1,,,,,,,,,,,
0,0.406842955,2,231,GO:0021879;GO:0021872,forebrain generation of neurons,1,,,,,,,,,,,
0,0.446179559,6,119,GO:0021884,forebrain neuron development,1,,,,,,,,,,,
0,0.938635875,6,36,GO:0021892;GO:0021894,cerebral cortex GABAergic interneuron differentiation,1,,,,,,,,,,,
0,1,4,5,GO:0021893;GO:1902871,positive regulation of amacrine cell differentiation,1,,,,,,,,,,,
0,0.918965959,5,68,GO:0021895,cerebral cortex neuron differentiation,1,,,,,,,,,,,
0,0.587758061,6,7,GO:0021896;GO:0021897,forebrain astrocyte differentiation,1,,,,,,,,,,,
0,0.929993176,5,21,GO:0021902,commitment of neuronal cell to specific neuron type in forebrain,1,,,,,,,,,,,
0,0.998934,2,89,GO:0021903;GO:0030917,rostrocaudal neural tube patterning,1,,,,,,,,,,,
0,0.444951411,3,53,GO:0021904,dorsal/ventral neural tube patterning,1,,,,,,,,,,,
0,1,-1,5,GO:0021912,obsolete regulation of transcription from RNA polymerase II promoter involved in spinal cord motor neuron fate specification,1,,,,,,,,,,,
0,1,-1,7,GO:0021913,obsolete regulation of transcription from RNA polymerase II promoter involved in ventral spinal cord interneuron specification,1,,,,,,,,,,,
0,0.751576986,2,11,GO:0021934;GO:0021935,hindbrain tangential cell migration,1,,,,,,,,,,,
0,0.485407817,6,30,GO:0021936;GO:0021940,regulation of cerebellar granule cell precursor proliferation,1,,,,,,,,,,,
0,0.883805177,2,17,GO:0021937,cerebellar Purkinje cell-granule cell precursor cell signaling involved in regulation of granule cell precursor cell proliferation,1,,,,,,,,,,,
0,0.751576986,2,11,GO:0021938,smoothened signaling pathway involved in regulation of cerebellar granule cell precursor cell proliferation,1,,,,,,,,,,,
0,0.830097807,2,14,GO:0021943,formation of radial glial scaffolds,1,,,,,,,,,,,
0,0.788197118,2,613,GO:0021953,central nervous system neuron differentiation,1,,,,,,,,,,,
0,0.541315113,4,313,GO:0021954,central nervous system neuron development,1,,,,,,,,,,,
0,0.91339763,4,169,GO:0021955;GO:0021952,central nervous system neuron axonogenesis,1,,,,,,,,,,,
0,0.986518083,2,34,GO:0021960,anterior commissure morphogenesis,1,,,,,,,,,,,
0,0.781124897,11,12,GO:0021965,spinal cord ventral commissure morphogenesis,1,,,,,,,,,,,
0,0.426549964,3,12,GO:0021966,corticospinal neuron axon guidance,1,,,,,,,,,,,
0,1,3,7,GO:0021972,corticospinal neuron axon guidance through spinal cord,1,,,,,,,,,,,
0,0.967347535,2,42,GO:0021978,telencephalon regionalization,1,,,,,,,,,,,
0,1,2,6,GO:0021982,pineal gland development,1,,,,,,,,,,,
0,0.86713665,2,131,GO:0021983,pituitary gland development,1,,,,,,,,,,,
0,0.323281221,3,47,GO:0021984,adenohypophysis development,1,,,,,,,,,,,
0,1,2,9,GO:0021985,neurohypophysis development,1,,,,,,,,,,,
0,0.678399952,2,19,GO:0021999,neural plate anterior/posterior regionalization,1,,,,,,,,,,,
0,0.468969527,4,5,GO:0022009,central nervous system vasculogenesis,1,,,,,,,,,,,
0,0.785072278,2,54,GO:0022010;GO:0032291,axon ensheathment in central nervous system,1,,,,,,,,,,,
0,0.555991266,2,24,GO:0022027,interkinetic nuclear migration,1,,,,,,,,,,,
0,0.707573689,2,49,GO:0022038,corpus callosum development,1,,,,,,,,,,,
0,0.745354493,3,89,GO:0022400,regulation of rhodopsin mediated signaling pathway,1,,,,,,,,,,,
0,0.849397956,2,369,GO:0022406;GO:0140056,membrane docking,1,,,,,,,,,,,
0,0.76842761,2,43,GO:0022410;GO:0042745;GO:0050802,circadian sleep/wake cycle,1,,,,,,,,,,,
0,0.987600275,3,298,GO:0022416,chaeta development,1,,,,,,,,,,,
0,0.704840007,2,140,GO:0022602,ovulation cycle process,1,,,,,,,,,,,
0,0.579662664,2,86,GO:0022611,dormancy process,1,,,,,,,,,,,
0,0.781124897,3,12,GO:0022614,membrane to membrane docking,1,,,,,,,,,,,
0,0.532117413,2,6,GO:0022615,protein to membrane docking,1,,,,,,,,,,,
0,0.678309588,4,287,GO:0022900,electron transport chain,1,,,,,,,,,,,
0,0.9080545,2,44,GO:0023019,signal transduction involved in regulation of gene expression,1,,,,,,,,,,,
0,0.807159278,2,13,GO:0023021,termination of signal transduction,1,,,,,,,,,,,
0,0.532117413,3,6,GO:0023035,CD40 signaling pathway,1,,,,,,,,,,,
0,0.847874426,2,27,GO:0023041,neuronal signal transduction,1,,,,,,,,,,,
0,0.507355332,2,73,GO:0023058,adaptation of signaling pathway,1,,,,,,,,,,,
0,0.999996408,5,675,GO:0023061,signal release,1,,,,,,,,,,,
0,1,2,1942,GO:0030001;GO:0098662;GO:0098655;GO:0098660,cation transmembrane transport,1,,,,,,,,,,,
0,0.973332497,2,70,GO:0030002;GO:0030320;GO:0055083,monovalent inorganic anion homeostasis,1,,,,,,,,,,,
0,0.956399918,2,538,GO:0030010,establishment of cell polarity,1,,,,,,,,,,,
0,0.704589049,3,113,GO:0030011,maintenance of cell polarity,1,,,,,,,,,,,
0,0.385497348,7,147,GO:0030032;GO:0097581,lamellipodium organization,1,,,,,,,,,,,
0,0.697142685,2,39,GO:0030033,microvillus assembly,1,,,,,,,,,,,
0,1,3,6,GO:0030034,microvillar actin bundle assembly,1,,,,,,,,,,,
0,0.329069441,2,17,GO:0030035,microspike assembly,1,,,,,,,,,,,
0,0.402521256,7,27,GO:0030042,actin filament depolymerization,1,,,,,,,,,,,
0,0.755067327,2,22,GO:0030046,parallel actin filament bundle assembly,1,,,,,,,,,,,
0,0.807159278,2,13,GO:0030070,insulin processing,1,,,,,,,,,,,
0,0.957281173,3,152,GO:0030072;GO:0030073,peptide hormone secretion,1,,,,,,,,,,,
0,0.380532913,3,566,GO:0030098;GO:1903131,mononuclear cell differentiation,1,,,,,,,,,,,
0,0.655066883,3,569,GO:0030099,myeloid cell differentiation,1,,,,,,,,,,,
0,0.995843833,3,76,GO:0030101,natural killer cell activation,1,,,,,,,,,,,
0,0.730751537,2,241,GO:0030148;GO:0046467,membrane lipid biosynthetic process,1,,,,,,,,,,,
0,0.671587084,2,47,GO:0030149;GO:0046466,membrane lipid catabolic process,1,,,,,,,,,,,
0,0.750287097,2,32,GO:0030150,protein import into mitochondrial matrix,1,,,,,,,,,,,
0,1,2,18,GO:0030157,pancreatic juice secretion,1,,,,,,,,,,,
0,0.999972138,2,1290,GO:0030163;GO:0051603;GO:0044257;GO:0006511;GO:0019941;GO:0043632,protein catabolic process,1,,,,,,,,,,,
0,0.636783715,2,8,GO:0030167;GO:0030200,proteoglycan catabolic process,1,,,,,,,,,,,
0,0.983907363,3,221,GO:0030168,platelet activation,1,,,,,,,,,,,
0,1,2,5,GO:0030185,nitric oxide transport,1,,,,,,,,,,,
0,1,2,7,GO:0030186,melatonin metabolic process,1,,,,,,,,,,,
0,1,2,5,GO:0030187,melatonin biosynthetic process,1,,,,,,,,,,,
0,0.981877348,2,166,GO:0030193;GO:0050818;GO:1900046,regulation of coagulation,1,,,,,,,,,,,
0,0.897772323,4,54,GO:0030194;GO:0050820;GO:1900048,positive regulation of coagulation,1,,,,,,,,,,,
0,0.982320576,4,99,GO:0030195;GO:0050819;GO:1900047,negative regulation of coagulation,1,,,,,,,,,,,
0,0.656049044,5,37,GO:0030202,heparin metabolic process,1,,,,,,,,,,,
0,0.325524797,2,102,GO:0030204;GO:0050654,chondroitin sulfate proteoglycan metabolic process,1,,,,,,,,,,,
0,0.584646839,2,25,GO:0030210,heparin biosynthetic process,1,,,,,,,,,,,
0,0.403409831,5,59,GO:0030212,hyaluronan metabolic process,1,,,,,,,,,,,
0,1,2,16,GO:0030213,hyaluronan biosynthetic process,1,,,,,,,,,,,
0,0.458219008,4,29,GO:0030214,hyaluronan catabolic process,1,,,,,,,,,,,
0,0.886905354,6,173,GO:0030216,keratinocyte differentiation,1,,,,,,,,,,,
0,0.432873554,4,325,GO:0030217,T cell differentiation,1,,,,,,,,,,,
0,0.849813078,2,49,GO:0030219;GO:0035855,megakaryocyte differentiation,1,,,,,,,,,,,
0,1,2,15,GO:0030223,neutrophil differentiation,1,,,,,,,,,,,
0,0.97632038,4,45,GO:0030237,female sex determination,1,,,,,,,,,,,
0,0.677051526,3,38,GO:0030238,male sex determination,1,,,,,,,,,,,
0,0.709253111,2,30,GO:0030240,skeletal muscle thin filament assembly,1,,,,,,,,,,,
0,0.555991266,2,24,GO:0030241,skeletal muscle myosin thick filament assembly,1,,,,,,,,,,,
0,0.920538784,2,20,GO:0030252,growth hormone secretion,1,,,,,,,,,,,
0,0.705923662,2,20,GO:0030259,lipid glycosylation,1,,,,,,,,,,,
0,0.468712327,9,13,GO:0030263,apoptotic chromosome condensation,1,,,,,,,,,,,
0,0.91645955,2,33,GO:0030277,maintenance of gastrointestinal epithelium,1,,,,,,,,,,,
0,0.516557558,2,82,GO:0030282,bone mineralization,1,,,,,,,,,,,
0,0.977617426,2,30,GO:0030299;GO:0098856,intestinal lipid absorption,1,,,,,,,,,,,
0,1,2,6,GO:0030302,deoxynucleotide transport,1,,,,,,,,,,,
0,1,3,9,GO:0030309;GO:0030311,poly-N-acetyllactosamine metabolic process,1,,,,,,,,,,,
0,0.876731045,6,103,GO:0030316,osteoclast differentiation,1,,,,,,,,,,,
0,0.809554711,2,170,GO:0030317;GO:0060285;GO:0060294;GO:0097722;GO:0001539,cilium or flagellum-dependent cell motility,1,,,,,,,,,,,
0,0.682776631,2,66,GO:0030318,melanocyte differentiation,1,,,,,,,,,,,
0,0.612091,5,26,GO:0030321,transepithelial chloride transport,1,,,,,,,,,,,
0,0.999171554,4,56,GO:0030322,stabilization of membrane potential,1,,,,,,,,,,,
0,0.896099002,2,106,GO:0030325,adrenal gland development,1,,,,,,,,,,,
0,0.563240011,2,33,GO:0030381,chorion-containing eggshell pattern formation,1,,,,,,,,,,,
0,0.727384633,2,69,GO:0030421,defecation,1,,,,,,,,,,,
0,0.966638111,2,177,GO:0030431,sleep,1,,,,,,,,,,,
0,0.962843573,2,26,GO:0030432,peristalsis,1,,,,,,,,,,,
0,0.970999671,2,169,GO:0030433;GO:0036503,ERAD pathway,1,,,,,,,,,,,
0,0.754614468,2,71,GO:0030449,regulation of complement activation,1,,,,,,,,,,,
0,0.404447155,5,35,GO:0030473,nuclear migration along microtubule,1,,,,,,,,,,,
0,0.988123002,7,35,GO:0030488,tRNA methylation,1,,,,,,,,,,,
0,0.63692711,2,81,GO:0030490,maturation of SSU-rRNA,1,,,,,,,,,,,
0,0.404447155,3,35,GO:0030497;GO:0042761,very long-chain fatty acid biosynthetic process,1,,,,,,,,,,,
0,0.616689428,4,106,GO:0030501;GO:0070169;GO:0110151,positive regulation of biomineralization,1,,,,,,,,,,,
0,1,4,5,GO:0030505,inorganic diphosphate transport,1,,,,,,,,,,,
0,0.670568312,2,286,GO:0030509;GO:0071772;GO:0071773,response to BMP,1,,,,,,,,,,,
0,0.476157919,4,163,GO:0030512;GO:1903845,negative regulation of transforming growth factor beta receptor signaling pathway,1,,,,,,,,,,,
0,0.51056663,3,166,GO:0030514,negative regulation of BMP signaling pathway,1,,,,,,,,,,,
0,0.395862932,3,99,GO:0030521,androgen receptor signaling pathway,1,,,,,,,,,,,
0,0.9913959,2,831,GO:0030534,adult behavior,1,,,,,,,,,,,
0,0.554491936,2,204,GO:0030537,larval behavior,1,,,,,,,,,,,
0,0.86811573,3,16,GO:0030538,embryonic genitalia morphogenesis,1,,,,,,,,,,,
0,0.841689892,2,184,GO:0030539,male genitalia development,1,,,,,,,,,,,
0,0.901539696,4,76,GO:0030540,female genitalia development,1,,,,,,,,,,,
0,0.453435446,6,37,GO:0030575,nuclear body organization,1,,,,,,,,,,,
0,0.751576986,2,11,GO:0030576,Cajal body organization,1,,,,,,,,,,,
0,1,2,13,GO:0030578,PML body organization,1,,,,,,,,,,,
0,0.850308525,2,15,GO:0030579,ubiquitin-dependent SMAD protein catabolic process,1,,,,,,,,,,,
0,0.350851544,2,72,GO:0030588;GO:0030589,pseudocleavage,1,,,,,,,,,,,
0,0.86811573,3,16,GO:0030590,first cell cycle pseudocleavage,1,,,,,,,,,,,
0,0.939563197,2,115,GO:0030593;GO:0071621;GO:1990266,granulocyte chemotaxis,1,,,,,,,,,,,
0,0.984350347,3,211,GO:0030595,leukocyte chemotaxis,1,,,,,,,,,,,
0,1,7,25,GO:0030643;GO:0072502;GO:0072501,cellular trivalent inorganic anion homeostasis,1,,,,,,,,,,,
0,0.924579819,5,34,GO:0030644;GO:0055064,chloride ion homeostasis,1,,,,,,,,,,,
0,0.847874426,2,27,GO:0030656,regulation of vitamin metabolic process,1,,,,,,,,,,,
0,0.532117413,2,6,GO:0030704;GO:0035803,vitelline membrane formation,1,,,,,,,,,,,
0,0.39725779,2,19,GO:0030709,border follicle cell delamination,1,,,,,,,,,,,
0,0.616533693,2,62,GO:0030713,ovarian follicle cell stalk formation,1,,,,,,,,,,,
0,0.886900705,3,30,GO:0030719,P granule organization,1,,,,,,,,,,,
0,0.750287097,2,32,GO:0030720,oocyte localization involved in germarium-derived egg chamber formation,1,,,,,,,,,,,
0,0.718041534,5,10,GO:0030721,spectrosome organization,1,,,,,,,,,,,
0,0.636783715,2,8,GO:0030726,male germline ring canal formation,1,,,,,,,,,,,
0,0.739942001,2,107,GO:0030728,ovulation,1,,,,,,,,,,,
0,0.638287218,2,27,GO:0030730,sequestering of triglyceride,1,,,,,,,,,,,
0,0.429625218,2,126,GO:0030810;GO:0045981;GO:1900373;GO:1900544;GO:1903580,positive regulation of nucleotide metabolic process,1,,,,,,,,,,,
0,0.54341668,3,58,GO:0030813;GO:0045821;GO:0051194;GO:0051197,obsolete positive regulation of cofactor metabolic process,1,,,,,,,,,,,
0,0.511264171,2,107,GO:0030834,regulation of actin filament depolymerization,1,,,,,,,,,,,
0,0.938635875,2,36,GO:0030836,positive regulation of actin filament depolymerization,1,,,,,,,,,,,
0,0.86811573,2,16,GO:0030845,phospholipase C-inhibiting G protein-coupled receptor signaling pathway,1,,,,,,,,,,,
0,0.366447888,3,105,GO:0030850,prostate gland development,1,,,,,,,,,,,
0,0.449033255,6,45,GO:0030851,granulocyte differentiation,1,,,,,,,,,,,
0,0.845956206,2,38,GO:0030852,regulation of granulocyte differentiation,1,,,,,,,,,,,
0,0.495287212,3,22,GO:0030853,negative regulation of granulocyte differentiation,1,,,,,,,,,,,
0,1,3,17,GO:0030854,positive regulation of granulocyte differentiation,1,,,,,,,,,,,
0,0.395862932,3,99,GO:0030857,negative regulation of epithelial cell differentiation,1,,,,,,,,,,,
0,0.312124541,4,101,GO:0030859;GO:0035089;GO:0045198,establishment of apical/basal cell polarity,1,,,,,,,,,,,
0,0.807159278,2,13,GO:0030860,regulation of polarized epithelial cell differentiation,1,,,,,,,,,,,
0,0.415646733,2,356,GO:0030865;GO:0030866,cortical cytoskeleton organization,1,,,,,,,,,,,
0,0.754614468,2,71,GO:0030878,thyroid gland development,1,,,,,,,,,,,
0,0.308338827,2,366,GO:0030879,mammary gland development,1,,,,,,,,,,,
0,1,5,7,GO:0030885,regulation of myeloid dendritic cell activation,1,,,,,,,,,,,
0,1,2,5,GO:0030887,positive regulation of myeloid dendritic cell activation,1,,,,,,,,,,,
0,0.686868582,4,29,GO:0030889,negative regulation of B cell proliferation,1,,,,,,,,,,,
0,0.376687589,3,1229,GO:0030900,forebrain development,1,,,,,,,,,,,
0,0.898760244,3,501,GO:0030902,hindbrain development,1,,,,,,,,,,,
0,0.686868582,2,29,GO:0030950,establishment or maintenance of actin cytoskeleton polarity,1,,,,,,,,,,,
0,0.767332938,2,210,GO:0030952;GO:0030951,establishment or maintenance of cytoskeleton polarity,1,,,,,,,,,,,
0,0.76842761,2,43,GO:0030953,astral microtubule organization,1,,,,,,,,,,,
0,0.532117413,3,6,GO:0030954,astral microtubule nucleation,1,,,,,,,,,,,
0,0.77449281,2,256,GO:0030968;GO:0034620,cellular response to unfolded protein,1,,,,,,,,,,,
0,0.950179256,7,38,GO:0030970;GO:0032527;GO:1903513,protein exit from endoplasmic reticulum,1,,,,,,,,,,,
0,1,2,5,GO:0030974,thiamine pyrophosphate transmembrane transport,1,,,,,,,,,,,
0,0.977803137,2,246,GO:0031016,pancreas development,1,,,,,,,,,,,
0,0.697142685,5,39,GO:0031017,exocrine pancreas development,1,,,,,,,,,,,
0,0.979026476,3,131,GO:0031018,endocrine pancreas development,1,,,,,,,,,,,
0,0.862698444,4,71,GO:0031034;GO:0031033,myosin filament assembly,1,,,,,,,,,,,
0,0.541297079,3,75,GO:0031069,hair follicle morphogenesis,1,,,,,,,,,,,
0,0.627640663,3,168,GO:0031076;GO:0048048;GO:0048596,embryonic camera-type eye development,1,,,,,,,,,,,
0,0.36331292,3,18,GO:0031077,post-embryonic camera-type eye development,1,,,,,,,,,,,
0,1,3,14,GO:0031087,deadenylation-independent decapping of nuclear-transcribed mRNA,1,,,,,,,,,,,
0,0.897628656,6,18,GO:0031104,dendrite regeneration,1,,,,,,,,,,,
0,0.492174909,5,156,GO:0031109,microtubule polymerization or depolymerization,1,,,,,,,,,,,
0,0.316278706,3,149,GO:0031111,negative regulation of microtubule polymerization or depolymerization,1,,,,,,,,,,,
0,0.328262663,2,55,GO:0031115,negative regulation of microtubule polymerization,1,,,,,,,,,,,
0,1,2,11,GO:0031117,positive regulation of microtubule depolymerization,1,,,,,,,,,,,
0,0.830097807,3,14,GO:0031118,rRNA pseudouridine synthesis,1,,,,,,,,,,,
0,0.382687015,3,11,GO:0031119,tRNA pseudouridine synthesis,1,,,,,,,,,,,
0,0.587758061,2,7,GO:0031120,snRNA pseudouridine synthesis,1,,,,,,,,,,,
0,0.382090216,3,163,GO:0031122,cytoplasmic microtubule organization,1,,,,,,,,,,,
0,0.995131545,6,241,GO:0031123,RNA 3'-end processing,1,,,,,,,,,,,
0,0.899986667,2,166,GO:0031124,mRNA 3'-end processing,1,,,,,,,,,,,
0,0.897628656,2,18,GO:0031125,rRNA 3'-end processing,1,,,,,,,,,,,
0,0.909808028,2,19,GO:0031126;GO:0043144,sno(s)RNA processing,1,,,,,,,,,,,
0,0.861509807,2,91,GO:0031128,developmental induction,1,,,,,,,,,,,
0,0.587758061,2,7,GO:0031133,regulation of axon diameter,1,,,,,,,,,,,
0,1,4,5,GO:0031134,sister chromatid biorientation,1,,,,,,,,,,,
0,0.824392573,8,77,GO:0031145,anaphase-promoting complex-dependent catabolic process,1,,,,,,,,,,,
0,0.583200448,3,16,GO:0031161,phosphatidylinositol catabolic process,1,,,,,,,,,,,
0,1,2,31,GO:0031167,rRNA methylation,1,,,,,,,,,,,
0,1,4,7,GO:0031179,peptide modification,1,,,,,,,,,,,
0,0.499648186,2,123,GO:0031214;GO:0110148,biomineral tissue development,1,,,,,,,,,,,
0,0.547354234,2,41,GO:0031223,auditory behavior,1,,,,,,,,,,,
0,1,2,7,GO:0031247,actin rod assembly,1,,,,,,,,,,,
0,0.766856028,2,128,GO:0031279;GO:0051339,regulation of cyclase activity,1,,,,,,,,,,,
0,0.384518396,2,58,GO:0031281;GO:0051349,positive regulation of cyclase activity,1,,,,,,,,,,,
0,0.952127845,3,24,GO:0031282;GO:0031284,regulation of guanylate cyclase activity,1,,,,,,,,,,,
0,0.395268461,3,156,GO:0031290,retinal ganglion cell axon guidance,1,,,,,,,,,,,
0,1,3,7,GO:0031291,Ran protein signal transduction,1,,,,,,,,,,,
0,0.923055105,3,46,GO:0031293,membrane protein intracellular domain proteolysis,1,,,,,,,,,,,
0,0.779681738,5,92,GO:0031294;GO:0031295,T cell costimulation,1,,,,,,,,,,,
0,0.384518396,2,58,GO:0031297;GO:0045005,DNA-dependent DNA replication maintenance of fidelity,1,,,,,,,,,,,
0,0.340294225,2,625,GO:0031334,positive regulation of protein-containing complex assembly,1,,,,,,,,,,,
0,0.734742857,2,179,GO:0031338,regulation of vesicle fusion,1,,,,,,,,,,,
0,0.996656985,3,45,GO:0031340,positive regulation of vesicle fusion,1,,,,,,,,,,,
0,0.894693852,2,1389,GO:0031347,regulation of defense response,1,,,,,,,,,,,
0,0.844369742,2,413,GO:0031348,negative regulation of defense response,1,,,,,,,,,,,
0,0.775254501,2,715,GO:0031349,positive regulation of defense response,1,,,,,,,,,,,
0,0.796945718,5,24,GO:0031392;GO:2001279;GO:0031394;GO:2001280,regulation of prostaglandin biosynthetic process,1,,,,,,,,,,,
0,0.468969527,2,5,GO:0031393,negative regulation of prostaglandin biosynthetic process,1,,,,,,,,,,,
0,0.904985883,2,87,GO:0031424;GO:0070268,keratinization,1,,,,,,,,,,,
0,1,2,5,GO:0031427,response to methotrexate,1,,,,,,,,,,,
0,0.773564677,4,82,GO:0031440,regulation of mRNA 3'-end processing,1,,,,,,,,,,,
0,1,4,22,GO:0031441;GO:1900364,negative regulation of mRNA 3'-end processing,1,,,,,,,,,,,
0,0.929993176,3,21,GO:0031442,positive regulation of mRNA 3'-end processing,1,,,,,,,,,,,
0,1,7,7,GO:0031446;GO:0031448,regulation of fast-twitch skeletal muscle fiber contraction,1,,,,,,,,,,,
0,1,6,7,GO:0031449,regulation of slow-twitch skeletal muscle fiber contraction,1,,,,,,,,,,,
0,0.632875278,6,54,GO:0031468,nuclear envelope reassembly,1,,,,,,,,,,,
0,0.889752489,2,507,GO:0031503,protein-containing complex localization,1,,,,,,,,,,,
0,0.468969527,3,5,GO:0031508;GO:0140462,pericentric heterochromatin organization,1,,,,,,,,,,,
0,0.987344085,4,65,GO:0031529,ruffle organization,1,,,,,,,,,,,
0,0.468712327,5,13,GO:0031547,brain-derived neurotrophic factor receptor signaling pathway,1,,,,,,,,,,,
0,1,2,6,GO:0031548,regulation of brain-derived neurotrophic factor receptor signaling pathway,1,,,,,,,,,,,
0,0.337432237,2,10,GO:0031566;GO:0036212,actomyosin contractile ring maintenance,1,,,,,,,,,,,
0,0.485407817,2,30,GO:0031573,intra-S DNA damage checkpoint,1,,,,,,,,,,,
0,1,3,6,GO:0031583,phospholipase D-activating G protein-coupled receptor signaling pathway,1,,,,,,,,,,,
0,0.426549964,2,12,GO:0031584,activation of phospholipase D activity,1,,,,,,,,,,,
0,1,2,28,GO:0031620;GO:0031622,regulation of fever generation,1,,,,,,,,,,,
0,0.587758061,4,7,GO:0031627;GO:1904533;GO:1905777,telomeric loop formation,1,,,,,,,,,,,
0,0.569621016,6,42,GO:0031629;GO:0099500,synaptic vesicle fusion to presynaptic active zone membrane,1,,,,,,,,,,,
0,0.77686618,3,23,GO:0031630,regulation of synaptic vesicle fusion to presynaptic active zone membrane,1,,,,,,,,,,,
0,1,2,5,GO:0031632,positive regulation of synaptic vesicle fusion to presynaptic active zone membrane,1,,,,,,,,,,,
0,0.879550961,2,73,GO:0031638,zymogen activation,1,,,,,,,,,,,
0,0.883805177,2,17,GO:0031639,plasminogen activation,1,,,,,,,,,,,
0,0.998689895,3,71,GO:0031640;GO:0044364,disruption of cells of other organism,1,,,,,,,,,,,
0,0.412680281,4,92,GO:0031641,regulation of myelination,1,,,,,,,,,,,
0,1,2,14,GO:0031642,negative regulation of myelination,1,,,,,,,,,,,
0,0.992050996,5,398,GO:0031644,regulation of nervous system process,1,,,,,,,,,,,
0,0.988185618,2,79,GO:0031645,negative regulation of nervous system process,1,,,,,,,,,,,
0,0.933172483,2,194,GO:0031646,positive regulation of nervous system process,1,,,,,,,,,,,
0,0.681511139,4,120,GO:0031648,protein destabilization,1,,,,,,,,,,,
0,0.583200448,3,16,GO:0031649,heat generation,1,,,,,,,,,,,
0,0.944693832,3,37,GO:0031650;GO:0031652,regulation of heat generation,1,,,,,,,,,,,
0,0.931950822,-1,35,GO:0031657,obsolete regulation of cyclin-dependent protein serine/threonine kinase activity involved in G1/S transition of mitotic cell cycle,1,,,,,,,,,,,
0,1,-1,11,GO:0031658,obsolete negative regulation of cyclin-dependent protein serine/threonine kinase activity involved in G1/S transition of mitotic cell cycle,1,,,,,,,,,,,
0,0.796945718,-1,24,GO:0031659,obsolete positive regulation of cyclin-dependent protein serine/threonine kinase activity involved in G1/S transition of mitotic cell cycle,1,,,,,,,,,,,
0,0.485032117,2,55,GO:0031663,lipopolysaccharide-mediated signaling pathway,1,,,,,,,,,,,
0,0.379717871,2,34,GO:0031664,regulation of lipopolysaccharide-mediated signaling pathway,1,,,,,,,,,,,
0,0.883805177,5,17,GO:0031665,negative regulation of lipopolysaccharide-mediated signaling pathway,1,,,,,,,,,,,
0,0.508958394,3,14,GO:0031666,positive regulation of lipopolysaccharide-mediated signaling pathway,1,,,,,,,,,,,
0,0.679980604,2,9,GO:0031848,protection from non-homologous end joining at telomere,1,,,,,,,,,,,
0,0.86811573,2,16,GO:0031914,negative regulation of synaptic plasticity,1,,,,,,,,,,,
0,0.990782561,4,37,GO:0031915,positive regulation of synaptic plasticity,1,,,,,,,,,,,
0,0.730547792,5,97,GO:0031929,TOR signaling,1,,,,,,,,,,,
0,0.796945718,3,24,GO:0031943;GO:0031946,regulation of glucocorticoid metabolic process,1,,,,,,,,,,,
0,0.508958394,2,14,GO:0031944;GO:0031947;GO:0090032,negative regulation of steroid hormone biosynthetic process,1,,,,,,,,,,,
0,0.967347535,5,42,GO:0031953,negative regulation of protein autophosphorylation,1,,,,,,,,,,,
0,0.946392059,2,587,GO:0031960;GO:0051384,response to corticosteroid,1,,,,,,,,,,,
0,0.686868582,2,29,GO:0031987,locomotion involved in locomotory behavior,1,,,,,,,,,,,
0,1,2,6,GO:0031989,bombesin receptor signaling pathway,1,,,,,,,,,,,
0,0.718041534,4,10,GO:0031990,mRNA export from nucleus in response to heat stress,1,,,,,,,,,,,
0,0.935781732,4,48,GO:0031998,regulation of fatty acid beta-oxidation,1,,,,,,,,,,,
0,1,3,15,GO:0031999,negative regulation of fatty acid beta-oxidation,1,,,,,,,,,,,
0,0.971161259,2,28,GO:0032000,positive regulation of fatty acid beta-oxidation,1,,,,,,,,,,,
0,0.411564204,4,141,GO:0032007,negative regulation of TOR signaling,1,,,,,,,,,,,
0,0.557608678,2,136,GO:0032008,positive regulation of TOR signaling,1,,,,,,,,,,,
0,0.832349448,2,26,GO:0032012,regulation of ARF protein signal transduction,1,,,,,,,,,,,
0,0.850308525,2,15,GO:0032014,positive regulation of ARF protein signal transduction,1,,,,,,,,,,,
0,0.329069441,5,17,GO:0032020,ISG15-protein conjugation,1,,,,,,,,,,,
0,0.818727708,2,199,GO:0032024,positive regulation of insulin secretion,1,,,,,,,,,,,
0,0.526179364,5,23,GO:0032025,response to cobalt ion,1,,,,,,,,,,,
0,0.968342993,2,80,GO:0032026,response to magnesium ion,1,,,,,,,,,,,
0,0.329069441,2,17,GO:0032048,cardiolipin metabolic process,1,,,,,,,,,,,
0,1,2,9,GO:0032055,negative regulation of translation in response to stress,1,,,,,,,,,,,
0,0.337432237,3,10,GO:0032056,positive regulation of translation in response to stress,1,,,,,,,,,,,
0,1,5,6,GO:0032057;GO:1990737,negative regulation of translational initiation in response to stress,1,,,,,,,,,,,
0,0.850308525,2,15,GO:0032074,negative regulation of nuclease activity,1,,,,,,,,,,,
0,0.648565849,2,170,GO:0032088,negative regulation of NF-kappaB transcription factor activity,1,,,,,,,,,,,
0,0.512964782,2,259,GO:0032091,negative regulation of protein binding,1,,,,,,,,,,,
0,0.987453863,3,91,GO:0032094,response to food,1,,,,,,,,,,,
0,1,2,38,GO:0032095;GO:0032098,regulation of appetite,1,,,,,,,,,,,
0,1,5,28,GO:0032096;GO:0032108;GO:0032105;GO:0032099,negative regulation of response to nutrient levels,1,,,,,,,,,,,
0,1,2,8,GO:0032097;GO:0032100,positive regulation of response to food,1,,,,,,,,,,,
0,0.678109276,3,2351,GO:0032101,regulation of response to external stimulus,1,,,,,,,,,,,
0,0.690508636,3,1186,GO:0032103,positive regulation of response to external stimulus,1,,,,,,,,,,,
0,1,7,11,GO:0032106;GO:0032109,positive regulation of response to nutrient levels,1,,,,,,,,,,,
0,0.995109745,5,42,GO:0032107;GO:0032104,regulation of response to extracellular stimulus,1,,,,,,,,,,,
0,1,4,7,GO:0032119,sequestering of zinc ion,1,,,,,,,,,,,
0,0.682111489,4,858,GO:0032147,activation of protein kinase activity,1,,,,,,,,,,,
0,0.930309303,6,70,GO:0032148,activation of protein kinase B activity,1,,,,,,,,,,,
0,0.98953692,4,36,GO:0032201,telomere maintenance via semi-conservative replication,1,,,,,,,,,,,
0,0.373741236,4,146,GO:0032204,regulation of telomere maintenance,1,,,,,,,,,,,
0,0.309804724,2,54,GO:0032205,negative regulation of telomere maintenance,1,,,,,,,,,,,
0,0.322858381,3,86,GO:0032206,positive regulation of telomere maintenance,1,,,,,,,,,,,
0,0.458219008,2,29,GO:0032211,negative regulation of telomere maintenance via telomerase,1,,,,,,,,,,,
0,0.422296687,3,60,GO:0032212;GO:1904358,positive regulation of telomere maintenance via telomere lengthening,1,,,,,,,,,,,
0,1,2,6,GO:0032218,riboflavin transport,1,,,,,,,,,,,
0,0.796024358,2,84,GO:0032232;GO:0051497,negative regulation of actin filament bundle assembly,1,,,,,,,,,,,
0,0.883805177,3,17,GO:0032237;GO:1901341,positive regulation of store-operated calcium channel activity,1,,,,,,,,,,,
0,0.995692064,2,43,GO:0032239;GO:0046831,regulation of nucleobase-containing compound transport,1,,,,,,,,,,,
0,1,4,21,GO:0032241;GO:0046833,positive regulation of nucleobase-containing compound transport,1,,,,,,,,,,,
0,0.612371587,2,44,GO:0032252,secretory granule localization,1,,,,,,,,,,,
0,0.81540649,3,25,GO:0032253;GO:0099519;GO:1901950,dense core granule localization,1,,,,,,,,,,,
0,1,4,13,GO:0032274,gonadotropin secretion,1,,,,,,,,,,,
0,1,2,9,GO:0032275;GO:0046884,luteinizing hormone secretion,1,,,,,,,,,,,
0,0.950179256,2,38,GO:0032276,regulation of gonadotropin secretion,1,,,,,,,,,,,
0,1,4,25,GO:0032277,negative regulation of gonadotropin secretion,1,,,,,,,,,,,
0,0.875057532,3,29,GO:0032278;GO:0046880;GO:0046881,regulation of follicle-stimulating hormone secretion,1,,,,,,,,,,,
0,0.781124897,5,12,GO:0032286,central nervous system myelin maintenance,1,,,,,,,,,,,
0,0.705923662,7,20,GO:0032287,peripheral nervous system myelin maintenance,1,,,,,,,,,,,
0,1,5,8,GO:0032289,central nervous system myelin formation,1,,,,,,,,,,,
0,0.383990822,2,50,GO:0032303,regulation of icosanoid secretion,1,,,,,,,,,,,
0,0.907522111,2,32,GO:0032309;GO:0050482;GO:1903963,icosanoid secretion,1,,,,,,,,,,,
0,1,3,5,GO:0032310,prostaglandin secretion,1,,,,,,,,,,,
0,1,2,22,GO:0032328,alanine transport,1,,,,,,,,,,,
0,0.929993176,2,21,GO:0032329;GO:0015825,serine transport,1,,,,,,,,,,,
0,0.666266221,3,74,GO:0032331;GO:0061037,negative regulation of cartilage development,1,,,,,,,,,,,
0,0.36331292,3,18,GO:0032344;GO:0032347,regulation of aldosterone metabolic process,1,,,,,,,,,,,
0,1,2,6,GO:0032346;GO:0032349,positive regulation of aldosterone metabolic process,1,,,,,,,,,,,
0,0.74490537,2,144,GO:0032350;GO:0046885,regulation of hormone metabolic process,1,,,,,,,,,,,
0,0.880554481,2,41,GO:0032351;GO:0032353,negative regulation of hormone metabolic process,1,,,,,,,,,,,
0,0.384474102,2,66,GO:0032352;GO:0046886,positive regulation of hormone metabolic process,1,,,,,,,,,,,
0,0.346898946,5,56,GO:0032354;GO:0071372,response to follicle-stimulating hormone,1,,,,,,,,,,,
0,0.909961561,4,441,GO:0032355,response to estradiol,1,,,,,,,,,,,
0,0.718041534,6,10,GO:0032364,oxygen homeostasis,1,,,,,,,,,,,
0,0.732916594,3,60,GO:0032365,intracellular lipid transport,1,,,,,,,,,,,
0,0.984696369,4,33,GO:0032366;GO:0032367,intracellular sterol transport,1,,,,,,,,,,,
0,0.963992256,3,354,GO:0032368,regulation of lipid transport,1,,,,,,,,,,,
0,0.989159137,2,105,GO:0032369,negative regulation of lipid transport,1,,,,,,,,,,,
0,0.805098143,3,197,GO:0032370,positive regulation of lipid transport,1,,,,,,,,,,,
0,0.920538784,4,20,GO:0032372;GO:0032375,negative regulation of sterol transport,1,,,,,,,,,,,
0,0.63692711,2,81,GO:0032374;GO:0032371,regulation of cholesterol transport,1,,,,,,,,,,,
0,0.575409053,5,51,GO:0032376;GO:0032373,positive regulation of sterol transport,1,,,,,,,,,,,
0,1,3,15,GO:0032377;GO:0032380;GO:0032383,regulation of intracellular sterol transport,1,,,,,,,,,,,
0,1,4,9,GO:0032379;GO:0032382;GO:0032385,positive regulation of intracellular cholesterol transport,1,,,,,,,,,,,
0,0.646645758,5,1081,GO:0032386,regulation of intracellular transport,1,,,,,,,,,,,
0,0.965318637,2,207,GO:0032387,negative regulation of intracellular transport,1,,,,,,,,,,,
0,0.990621043,2,68,GO:0032400;GO:0051875;GO:0032401;GO:0051905;GO:0032402;GO:0051904,pigment granule localization,1,,,,,,,,,,,
0,0.314959293,2,205,GO:0032410;GO:0032413;GO:1904063,negative regulation of transporter activity,1,,,,,,,,,,,
0,0.620286995,2,297,GO:0032411;GO:0032414,positive regulation of transporter activity,1,,,,,,,,,,,
0,0.705923662,4,20,GO:0032415,regulation of sodium:proton antiporter activity,1,,,,,,,,,,,
0,1,3,6,GO:0032416,negative regulation of sodium:proton antiporter activity,1,,,,,,,,,,,
0,0.508958394,5,14,GO:0032417,positive regulation of sodium:proton antiporter activity,1,,,,,,,,,,,
0,0.862698444,3,71,GO:0032418,lysosome localization,1,,,,,,,,,,,
0,0.547147755,7,15,GO:0032430,positive regulation of phospholipase A2 activity,1,,,,,,,,,,,
0,0.636783715,2,8,GO:0032431,activation of phospholipase A2 activity,1,,,,,,,,,,,
0,0.695316838,2,533,GO:0032434;GO:0061136;GO:2000058,regulation of proteasomal protein catabolic process,1,,,,,,,,,,,
0,0.925421749,2,80,GO:0032435,negative regulation of proteasomal ubiquitin-dependent protein catabolic process,1,,,,,,,,,,,
0,0.998226736,2,50,GO:0032438,melanosome organization,1,,,,,,,,,,,
0,0.772518251,2,147,GO:0032456,endocytic recycling,1,,,,,,,,,,,
0,0.884973575,6,84,GO:0032459,regulation of protein oligomerization,1,,,,,,,,,,,
0,0.734586371,2,41,GO:0032460,negative regulation of protein oligomerization,1,,,,,,,,,,,
0,0.716319821,3,40,GO:0032461,positive regulation of protein oligomerization,1,,,,,,,,,,,
0,0.632788878,2,45,GO:0032462,regulation of protein homooligomerization,1,,,,,,,,,,,
0,0.663215178,3,28,GO:0032463,negative regulation of protein homooligomerization,1,,,,,,,,,,,
0,0.329069441,2,17,GO:0032464,positive regulation of protein homooligomerization,1,,,,,,,,,,,
0,0.974785618,3,106,GO:0032467,positive regulation of cytokinesis,1,,,,,,,,,,,
0,0.701892863,9,58,GO:0032469,endoplasmic reticulum calcium ion homeostasis,1,,,,,,,,,,,
0,1,2,8,GO:0032470;GO:1903515,calcium ion transport from cytosol to endoplasmic reticulum,1,,,,,,,,,,,
0,0.850308525,2,15,GO:0032471,negative regulation of endoplasmic reticulum calcium ion concentration,1,,,,,,,,,,,
0,0.64880604,2,18,GO:0032474,otolith morphogenesis,1,,,,,,,,,,,
0,0.332954699,2,215,GO:0032479,regulation of type I interferon production,1,,,,,,,,,,,
0,0.723398531,4,78,GO:0032480,negative regulation of type I interferon production,1,,,,,,,,,,,
0,0.999990289,5,113,GO:0032482,Rab protein signal transduction,1,,,,,,,,,,,
0,1,3,5,GO:0032484,Ral protein signal transduction,1,,,,,,,,,,,
0,1,2,5,GO:0032485,regulation of Ral protein signal transduction,1,,,,,,,,,,,
0,1,2,7,GO:0032488,Cdc42 protein signal transduction,1,,,,,,,,,,,
0,0.617084583,2,17,GO:0032490,detection of molecule of bacterial origin,1,,,,,,,,,,,
0,1,6,6,GO:0032493;GO:0070339;GO:0071220;GO:0071221;GO:0038124;GO:0071724;GO:0071726,cellular response to bacterial lipopeptide,1,,,,,,,,,,,
0,0.612091,2,26,GO:0032494,response to peptidoglycan,1,,,,,,,,,,,
0,0.999979121,2,85,GO:0032509;GO:0071985,multivesicular body sorting pathway,1,,,,,,,,,,,
0,1,2,23,GO:0032510,endosome to lysosome transport via multivesicular body sorting pathway,1,,,,,,,,,,,
0,1,3,17,GO:0032511;GO:0045324,late endosome to vacuole transport,1,,,,,,,,,,,
0,0.36034687,2,41,GO:0032525,somite rostral/caudal axis specification,1,,,,,,,,,,,
0,0.367054752,4,325,GO:0032526,response to retinoic acid,1,,,,,,,,,,,
0,0.761578891,4,62,GO:0032528,microvillus organization,1,,,,,,,,,,,
0,0.971161259,2,28,GO:0032530,regulation of microvillus organization,1,,,,,,,,,,,
0,1,3,10,GO:0032532,regulation of microvillus length,1,,,,,,,,,,,
0,0.897628656,7,18,GO:0032534,regulation of microvillus assembly,1,,,,,,,,,,,
0,0.909808028,2,19,GO:0032536,regulation of cell projection size,1,,,,,,,,,,,
0,0.734742857,2,179,GO:0032570,response to progesterone,1,,,,,,,,,,,
0,0.718041534,5,10,GO:0032571;GO:0071307,response to vitamin K,1,,,,,,,,,,,
0,0.853564587,3,70,GO:0032594,protein transport within lipid bilayer,1,,,,,,,,,,,
0,0.929993176,4,21,GO:0032596,protein transport into membrane raft,1,,,,,,,,,,,
0,1,2,16,GO:0032602,chemokine production,1,,,,,,,,,,,
0,1,2,15,GO:0032606,type I interferon production,1,,,,,,,,,,,
0,1,6,7,GO:0032607,interferon-alpha production,1,,,,,,,,,,,
0,0.944693832,2,37,GO:0032609,interferon-gamma production,1,,,,,,,,,,,
0,0.931950822,4,35,GO:0032611;GO:0032612,interleukin-1 production,1,,,,,,,,,,,
0,1,2,17,GO:0032613,interleukin-10 production,1,,,,,,,,,,,
0,1,2,11,GO:0032615,interleukin-12 production,1,,,,,,,,,,,
0,1,3,13,GO:0032620,interleukin-17 production,1,,,,,,,,,,,
0,0.883805177,2,17,GO:0032623,interleukin-2 production,1,,,,,,,,,,,
0,0.830097807,3,14,GO:0032633,interleukin-4 production,1,,,,,,,,,,,
0,1,2,15,GO:0032635,interleukin-6 production,1,,,,,,,,,,,
0,0.751576986,5,11,GO:0032637,interleukin-8 production,1,,,,,,,,,,,
0,1,3,6,GO:0032641,lymphotoxin A production,1,,,,,,,,,,,
0,0.694258873,2,139,GO:0032642,regulation of chemokine production,1,,,,,,,,,,,
0,0.678399952,2,19,GO:0032645;GO:0032725,regulation of granulocyte macrophage colony-stimulating factor production,1,,,,,,,,,,,
0,0.591305617,2,43,GO:0032647;GO:0032727,regulation of interferon-alpha production,1,,,,,,,,,,,
0,0.994075404,2,160,GO:0032649,regulation of interferon-gamma production,1,,,,,,,,,,,
0,0.705923662,2,20,GO:0032650;GO:0032730,regulation of interleukin-1 alpha production,1,,,,,,,,,,,
0,0.800344979,2,141,GO:0032651;GO:0032652,regulation of interleukin-1 production,1,,,,,,,,,,,
0,0.853564587,2,70,GO:0032653;GO:0032733,regulation of interleukin-10 production,1,,,,,,,,,,,
0,0.337586444,2,87,GO:0032655,regulation of interleukin-12 production,1,,,,,,,,,,,
0,1,2,45,GO:0032656;GO:0032674,regulation of interleukin-13 production,1,,,,,,,,,,,
0,0.862078984,2,28,GO:0032660;GO:0032700,regulation of interleukin-17 production,1,,,,,,,,,,,
0,0.938322978,2,22,GO:0032661,regulation of interleukin-18 production,1,,,,,,,,,,,
0,0.781124897,2,12,GO:0032667,regulation of interleukin-23 production,1,,,,,,,,,,,
0,0.997405828,2,47,GO:0032673;GO:0032753,regulation of interleukin-4 production,1,,,,,,,,,,,
0,0.876610262,2,209,GO:0032675,regulation of interleukin-6 production,1,,,,,,,,,,,
0,0.858205482,2,120,GO:0032677;GO:0032757,regulation of interleukin-8 production,1,,,,,,,,,,,
0,0.808881556,3,225,GO:0032680;GO:1903555,regulation of tumor necrosis factor superfamily cytokine production,1,,,,,,,,,,,
0,0.751951145,4,42,GO:0032682,negative regulation of chemokine production,1,,,,,,,,,,,
0,0.317496046,2,24,GO:0032688,negative regulation of interferon-beta production,1,,,,,,,,,,,
0,0.91957164,3,57,GO:0032689,negative regulation of interferon-gamma production,1,,,,,,,,,,,
0,0.907522111,5,32,GO:0032691,negative regulation of interleukin-1 beta production,1,,,,,,,,,,,
0,0.969568581,4,56,GO:0032692,negative regulation of interleukin-1 production,1,,,,,,,,,,,
0,0.920538784,4,20,GO:0032693,negative regulation of interleukin-10 production,1,,,,,,,,,,,
0,0.967265464,2,27,GO:0032695,negative regulation of interleukin-12 production,1,,,,,,,,,,,
0,1,4,18,GO:0032696;GO:0032714,negative regulation of interleukin-13 production,1,,,,,,,,,,,
0,0.532117413,4,6,GO:0032707,negative regulation of interleukin-23 production,1,,,,,,,,,,,
0,1,3,8,GO:0032713,negative regulation of interleukin-4 production,1,,,,,,,,,,,
0,0.98376596,4,88,GO:0032715,negative regulation of interleukin-6 production,1,,,,,,,,,,,
0,0.886900705,2,30,GO:0032717,negative regulation of interleukin-8 production,1,,,,,,,,,,,
0,0.988495934,4,92,GO:0032720;GO:1903556,negative regulation of tumor necrosis factor superfamily cytokine production,1,,,,,,,,,,,
0,0.540081577,4,92,GO:0032722,positive regulation of chemokine production,1,,,,,,,,,,,
0,0.983687881,3,100,GO:0032729,positive regulation of interferon-gamma production,1,,,,,,,,,,,
0,0.352442705,2,88,GO:0032731;GO:0032732,positive regulation of interleukin-1 production,1,,,,,,,,,,,
0,1,4,24,GO:0032736,positive regulation of interleukin-13 production,1,,,,,,,,,,,
0,0.807159278,3,13,GO:0032740,positive regulation of interleukin-17 production,1,,,,,,,,,,,
0,1,3,7,GO:0032741,positive regulation of interleukin-18 production,1,,,,,,,,,,,
0,0.533282709,3,66,GO:0032743,positive regulation of interleukin-2 production,1,,,,,,,,,,,
0,0.572293537,3,120,GO:0032755,positive regulation of interleukin-6 production,1,,,,,,,,,,,
0,0.476960611,2,138,GO:0032760;GO:1903557,positive regulation of tumor necrosis factor production,1,,,,,,,,,,,
0,1,9,6,GO:0032762;GO:1904341;GO:1904343,regulation of colon smooth muscle contraction,1,,,,,,,,,,,
0,0.718041534,4,10,GO:0032763;GO:0032765,regulation of mast cell cytokine production,1,,,,,,,,,,,
0,0.91829784,3,180,GO:0032781,positive regulation of ATPase activity,1,,,,,,,,,,,
0,0.751576986,2,11,GO:0032782,bile acid secretion,1,,,,,,,,,,,
0,1,2,13,GO:0032790,ribosome disassembly,1,,,,,,,,,,,
0,1,2,10,GO:0032792,negative regulation of CREB transcription factor activity,1,,,,,,,,,,,
0,0.650978522,8,55,GO:0032793,positive regulation of CREB transcription factor activity,1,,,,,,,,,,,
0,0.584646839,3,25,GO:0032799;GO:0032802,low-density lipoprotein receptor particle metabolic process,1,,,,,,,,,,,
0,0.807159278,-1,13,GO:0032800,obsolete receptor biosynthetic process,1,,,,,,,,,,,
0,0.855849892,2,60,GO:0032801,receptor catabolic process,1,,,,,,,,,,,
0,0.830097807,2,14,GO:0032803,regulation of low-density lipoprotein particle receptor catabolic process,1,,,,,,,,,,,
0,0.587758061,4,7,GO:0032804;GO:2000645,negative regulation of low-density lipoprotein particle receptor catabolic process,1,,,,,,,,,,,
0,0.982884526,2,48,GO:0032814,regulation of natural killer cell activation,1,,,,,,,,,,,
0,1,3,13,GO:0032815,negative regulation of natural killer cell activation,1,,,,,,,,,,,
0,0.91645955,7,33,GO:0032816,positive regulation of natural killer cell activation,1,,,,,,,,,,,
0,0.636783715,2,8,GO:0032817;GO:0032819,regulation of natural killer cell proliferation,1,,,,,,,,,,,
0,0.832349448,5,26,GO:0032823,regulation of natural killer cell differentiation,1,,,,,,,,,,,
0,0.617084583,3,17,GO:0032825,positive regulation of natural killer cell differentiation,1,,,,,,,,,,,
0,0.360980976,3,153,GO:0032835,glomerulus development,1,,,,,,,,,,,
0,1,2,13,GO:0032847,regulation of cellular pH reduction,1,,,,,,,,,,,
0,1,7,9,GO:0032849,positive regulation of cellular pH reduction,1,,,,,,,,,,,
0,0.604647724,2,1606,GO:0032870,cellular response to hormone stimulus,1,,,,,,,,,,,
0,0.442964228,4,94,GO:0032878;GO:2000114,regulation of establishment or maintenance of cell polarity,1,,,,,,,,,,,
0,0.509717091,2,2582,GO:0032880,regulation of protein localization,1,,,,,,,,,,,
0,0.757187068,2,90,GO:0032885,regulation of polysaccharide biosynthetic process,1,,,,,,,,,,,
0,0.513781538,3,48,GO:0032887;GO:0032888,regulation of spindle elongation,1,,,,,,,,,,,
0,0.994347175,2,73,GO:0032891,negative regulation of organic acid transport,1,,,,,,,,,,,
0,0.692829177,4,112,GO:0032892,positive regulation of organic acid transport,1,,,,,,,,,,,
0,0.532412757,2,100,GO:0032897;GO:0046782,regulation of viral transcription,1,,,,,,,,,,,
0,0.468969527,3,5,GO:0032898;GO:0032902,nerve growth factor production,1,,,,,,,,,,,
0,1,4,9,GO:0032899,regulation of neurotrophin production,1,,,,,,,,,,,
0,0.617084583,2,17,GO:0032908,regulation of transforming growth factor beta1 production,1,,,,,,,,,,,
0,0.718041534,5,10,GO:0032911,negative regulation of transforming growth factor beta1 production,1,,,,,,,,,,,
0,0.587758061,5,7,GO:0032914,positive regulation of transforming growth factor beta1 production,1,,,,,,,,,,,
0,1,4,8,GO:0032917;GO:0032918,polyamine acetylation,1,,,,,,,,,,,
0,0.779835237,2,73,GO:0032925,regulation of activin receptor signaling pathway,1,,,,,,,,,,,
0,0.663215178,4,28,GO:0032926,negative regulation of activin receptor signaling pathway,1,,,,,,,,,,,
0,0.952127845,4,24,GO:0032927,positive regulation of activin receptor signaling pathway,1,,,,,,,,,,,
0,0.999999149,4,2516,GO:0032940;GO:0046903;GO:0140352,secretion,1,,,,,,,,,,,
0,0.890447045,4,42,GO:0032941,secretion by tissue,1,,,,,,,,,,,
0,0.421889506,6,390,GO:0032944;GO:0070663;GO:0050670,regulation of leukocyte proliferation,1,,,,,,,,,,,
0,0.906724408,2,128,GO:0032945;GO:0070664;GO:0042130;GO:0050672,negative regulation of leukocyte proliferation,1,,,,,,,,,,,
0,0.329069441,4,17,GO:0032957,inositol trisphosphate metabolic process,1,,,,,,,,,,,
0,0.755067327,4,22,GO:0032958,inositol phosphate biosynthetic process,1,,,,,,,,,,,
0,0.532117413,6,6,GO:0032959,inositol trisphosphate biosynthetic process,1,,,,,,,,,,,
0,0.583200448,2,16,GO:0032960;GO:0032962,regulation of inositol trisphosphate biosynthetic process,1,,,,,,,,,,,
0,1,3,8,GO:0032971,regulation of muscle filament sliding,1,,,,,,,,,,,
0,0.781124897,2,12,GO:0032980,keratinocyte activation,1,,,,,,,,,,,
0,0.681634919,2,470,GO:0032984,protein-containing complex disassembly,1,,,,,,,,,,,
0,0.982628587,2,32,GO:0032988,ribonucleoprotein complex disassembly,1,,,,,,,,,,,
0,0.95162315,5,97,GO:0033003,regulation of mast cell activation,1,,,,,,,,,,,
0,1,2,23,GO:0033004,negative regulation of mast cell activation,1,,,,,,,,,,,
0,0.595067555,2,52,GO:0033005,positive regulation of mast cell activation,1,,,,,,,,,,,
0,0.767474701,3,72,GO:0033006;GO:0043304,regulation of mast cell degranulation,1,,,,,,,,,,,
0,1,3,17,GO:0033007;GO:0043305,negative regulation of mast cell activation involved in immune response,1,,,,,,,,,,,
0,0.830097807,3,14,GO:0033015;GO:0006787;GO:0042167;GO:0046149,tetrapyrrole catabolic process,1,,,,,,,,,,,
0,0.382687015,2,11,GO:0033025,regulation of mast cell apoptotic process,1,,,,,,,,,,,
0,0.636783715,4,8,GO:0033026,negative regulation of mast cell apoptotic process,1,,,,,,,,,,,
0,0.679980604,2,9,GO:0033029;GO:0033031,regulation of neutrophil apoptotic process,1,,,,,,,,,,,
0,0.924579819,2,34,GO:0033033,negative regulation of myeloid cell apoptotic process,1,,,,,,,,,,,
0,0.508940012,3,208,GO:0033047,regulation of mitotic sister chromatid segregation,1,,,,,,,,,,,
0,0.34927038,4,64,GO:0033048,negative regulation of mitotic sister chromatid segregation,1,,,,,,,,,,,
0,0.999218554,2,135,GO:0033059,cellular pigmentation,1,,,,,,,,,,,
0,1,2,22,GO:0033083;GO:0033084,regulation of immature T cell proliferation,1,,,,,,,,,,,
0,1,6,20,GO:0033085,negative regulation of T cell differentiation in thymus,1,,,,,,,,,,,
0,1,3,10,GO:0033087;GO:0033088,negative regulation of immature T cell proliferation in thymus,1,,,,,,,,,,,
0,1,2,12,GO:0033091;GO:0033092,positive regulation of immature T cell proliferation,1,,,,,,,,,,,
0,0.992766569,5,134,GO:0033108,mitochondrial respiratory chain complex assembly,1,,,,,,,,,,,
0,0.657604314,2,118,GO:0033119;GO:0048025;GO:0050686,negative regulation of mRNA processing,1,,,,,,,,,,,
0,0.966155959,2,102,GO:0033120,positive regulation of RNA splicing,1,,,,,,,,,,,
0,0.652533491,5,46,GO:0033127,regulation of histone phosphorylation,1,,,,,,,,,,,
0,0.830097807,2,14,GO:0033128,negative regulation of histone phosphorylation,1,,,,,,,,,,,
0,0.430554219,4,28,GO:0033129,positive regulation of histone phosphorylation,1,,,,,,,,,,,
0,0.945661923,4,23,GO:0033131;GO:1903299,regulation of hexokinase activity,1,,,,,,,,,,,
0,0.679980604,4,9,GO:0033132;GO:1903300,negative regulation of glucokinase activity,1,,,,,,,,,,,
0,1,2,15,GO:0033133;GO:1903301,positive regulation of hexokinase activity,1,,,,,,,,,,,
0,0.669643189,3,312,GO:0033135,regulation of peptidyl-serine phosphorylation,1,,,,,,,,,,,
0,0.974524245,4,223,GO:0033138,positive regulation of peptidyl-serine phosphorylation,1,,,,,,,,,,,
0,1,2,21,GO:0033139;GO:0033141,regulation of peptidyl-serine phosphorylation of STAT protein,1,,,,,,,,,,,
0,0.635922628,2,221,GO:0033143,regulation of intracellular steroid hormone receptor signaling pathway,1,,,,,,,,,,,
0,0.796024358,3,84,GO:0033144,negative regulation of intracellular steroid hormone receptor signaling pathway,1,,,,,,,,,,,
0,0.415045183,3,84,GO:0033146,regulation of intracellular estrogen receptor signaling pathway,1,,,,,,,,,,,
0,0.91645955,2,33,GO:0033147,negative regulation of intracellular estrogen receptor signaling pathway,1,,,,,,,,,,,
0,0.636783715,2,8,GO:0033152,immunoglobulin V(D)J recombination,1,,,,,,,,,,,
0,0.929993176,2,21,GO:0033182,regulation of histone ubiquitination,1,,,,,,,,,,,
0,1,4,6,GO:0033183;GO:1901314;GO:1901315,regulation of histone H2A K63-linked ubiquitination,1,,,,,,,,,,,
0,0.850308525,3,15,GO:0033184,positive regulation of histone ubiquitination,1,,,,,,,,,,,
0,0.49010121,5,72,GO:0033189,response to vitamin A,1,,,,,,,,,,,
0,0.404447155,3,35,GO:0033194,response to hydroperoxide,1,,,,,,,,,,,
0,0.806609655,3,85,GO:0033198,response to ATP,1,,,,,,,,,,,
0,0.424229514,2,175,GO:0033206,meiotic cytokinesis,1,,,,,,,,,,,
0,0.401485589,4,132,GO:0033209,tumor necrosis factor-mediated signaling pathway,1,,,,,,,,,,,
0,0.508958394,4,14,GO:0033210,leptin-mediated signaling pathway,1,,,,,,,,,,,
0,0.834766,2,58,GO:0033227,dsRNA transport,1,,,,,,,,,,,
0,0.811222591,2,56,GO:0033233,regulation of protein sumoylation,1,,,,,,,,,,,
0,0.508958394,2,14,GO:0033234,negative regulation of protein sumoylation,1,,,,,,,,,,,
0,0.858357333,2,39,GO:0033235,positive regulation of protein sumoylation,1,,,,,,,,,,,
0,0.764712374,5,100,GO:0033238,regulation of cellular amine metabolic process,1,,,,,,,,,,,
0,0.987665857,2,51,GO:0033260,nuclear DNA replication,1,,,,,,,,,,,
0,0.985096063,5,89,GO:0033280,response to vitamin D,1,,,,,,,,,,,
0,1,3,10,GO:0033299,secretion of lysosomal enzymes,1,,,,,,,,,,,
0,0.830097807,2,14,GO:0033313,meiotic cell cycle checkpoint,1,,,,,,,,,,,
0,0.64880604,4,18,GO:0033314,mitotic DNA replication checkpoint,1,,,,,,,,,,,
0,1,7,6,GO:0033316;GO:0044779;GO:1902103;GO:1905133,negative regulation of metaphase/anaphase transition of meiotic cell cycle,1,,,,,,,,,,,
0,0.587758061,2,7,GO:0033326,cerebrospinal fluid secretion,1,,,,,,,,,,,
0,0.938635875,3,36,GO:0033327,Leydig cell differentiation,1,,,,,,,,,,,
0,0.337432237,3,10,GO:0033336;GO:0035143,caudal fin development,1,,,,,,,,,,,
0,0.991879948,2,38,GO:0033344,cholesterol efflux,1,,,,,,,,,,,
0,0.508958394,3,14,GO:0033353,S-adenosylmethionine cycle,1,,,,,,,,,,,
0,0.999863207,2,108,GO:0033363,secretory granule organization,1,,,,,,,,,,,
0,0.532117413,5,6,GO:0033489;GO:0033490,cholesterol biosynthetic process via desmosterol,1,,,,,,,,,,,
0,1,2,5,GO:0033499,galactose catabolic process via UDP-galactose,1,,,,,,,,,,,
0,0.367088089,5,572,GO:0033500;GO:0042593,carbohydrate homeostasis,1,,,,,,,,,,,
0,0.477527945,3,38,GO:0033504,floor plate development,1,,,,,,,,,,,
0,0.707573689,4,49,GO:0033522,histone H2A ubiquitination,1,,,,,,,,,,,
0,1,6,21,GO:0033523,histone H2B ubiquitination,1,,,,,,,,,,,
0,0.980006956,2,248,GO:0033555,multicellular organismal response to stress,1,,,,,,,,,,,
0,0.346898946,3,56,GO:0033561;GO:0061436,regulation of water loss via skin,1,,,,,,,,,,,
0,0.941388384,4,49,GO:0033564,anterior/posterior axon guidance,1,,,,,,,,,,,
0,1,2,8,GO:0033566,gamma-tubulin complex localization,1,,,,,,,,,,,
0,0.791890698,2,140,GO:0033574,response to testosterone,1,,,,,,,,,,,
0,1,6,5,GO:0033577,protein glycosylation in endoplasmic reticulum,1,,,,,,,,,,,
0,0.807159278,2,13,GO:0033594;GO:0033595,response to hydroxyisoflavone,1,,,,,,,,,,,
0,0.796945718,3,24,GO:0033598,mammary gland epithelial cell proliferation,1,,,,,,,,,,,
0,1,6,17,GO:0033602,negative regulation of dopamine secretion,1,,,,,,,,,,,
0,0.458219008,2,29,GO:0033603,positive regulation of dopamine secretion,1,,,,,,,,,,,
0,0.982884526,2,48,GO:0033604,negative regulation of catecholamine secretion,1,,,,,,,,,,,
0,0.756192355,3,52,GO:0033605,positive regulation of catecholamine secretion,1,,,,,,,,,,,
0,0.745354493,2,89,GO:0033619,membrane protein proteolysis,1,,,,,,,,,,,
0,0.526179364,6,23,GO:0033623,regulation of integrin activation,1,,,,,,,,,,,
0,1,7,6,GO:0033624;GO:0032690,negative regulation of integrin activation,1,,,,,,,,,,,
0,0.508958394,3,14,GO:0033625,positive regulation of integrin activation,1,,,,,,,,,,,
0,0.973731936,5,94,GO:0033628,regulation of cell adhesion mediated by integrin,1,,,,,,,,,,,
0,0.39725779,2,19,GO:0033629,negative regulation of cell adhesion mediated by integrin,1,,,,,,,,,,,
0,0.98953692,3,36,GO:0033630,positive regulation of cell adhesion mediated by integrin,1,,,,,,,,,,,
0,0.495287212,2,22,GO:0033631,cell-cell adhesion mediated by integrin,1,,,,,,,,,,,
0,0.430686562,2,20,GO:0033632,regulation of cell-cell adhesion mediated by integrin,1,,,,,,,,,,,
0,0.678399952,2,19,GO:0033684,regulation of luteinizing hormone secretion,1,,,,,,,,,,,
0,1,2,10,GO:0033685,negative regulation of luteinizing hormone secretion,1,,,,,,,,,,,
0,0.636783715,3,8,GO:0033687,osteoblast proliferation,1,,,,,,,,,,,
0,0.39725779,2,19,GO:0033689,negative regulation of osteoblast proliferation,1,,,,,,,,,,,
0,0.458219008,2,29,GO:0033690,positive regulation of osteoblast proliferation,1,,,,,,,,,,,
0,1,3,18,GO:0033700,phospholipid efflux,1,,,,,,,,,,,
0,0.997770325,5,82,GO:0033762,response to glucagon,1,,,,,,,,,,,
0,0.583200448,3,16,GO:0033860;GO:0033864,regulation of NAD(P)H oxidase activity,1,,,,,,,,,,,
0,0.739942001,5,107,GO:0033866;GO:0034030;GO:0034033;GO:0071616;GO:0035384,ribonucleoside bisphosphate biosynthetic process,1,,,,,,,,,,,
0,0.636783715,2,8,GO:0033869;GO:0034031;GO:0034034,nucleoside bisphosphate catabolic process,1,,,,,,,,,,,
0,0.950179256,6,38,GO:0033962,P-body assembly,1,,,,,,,,,,,
0,0.468969527,5,5,GO:0033986,response to methanol,1,,,,,,,,,,,
0,0.697152325,3,2213,GO:0033993,response to lipid,1,,,,,,,,,,,
0,0.957824569,2,25,GO:0034035;GO:0050427,purine ribonucleoside bisphosphate metabolic process,1,,,,,,,,,,,
0,1,3,10,GO:0034036;GO:0050428,3'-phosphoadenosine 5'-phosphosulfate biosynthetic process,1,,,,,,,,,,,
0,0.768991806,4,33,GO:0034058,endosomal vesicle fusion,1,,,,,,,,,,,
0,0.980281509,3,31,GO:0034059,response to anoxia,1,,,,,,,,,,,
0,0.886900705,6,30,GO:0034063,stress granule assembly,1,,,,,,,,,,,
0,0.580749972,4,60,GO:0034067,protein localization to Golgi apparatus,1,,,,,,,,,,,
0,0.731450953,5,21,GO:0034091;GO:0034182,regulation of maintenance of mitotic sister chromatid cohesion,1,,,,,,,,,,,
0,0.807159278,2,13,GO:0034092;GO:0034183;GO:1904907;GO:1904908,negative regulation of maintenance of sister chromatid cohesion,1,,,,,,,,,,,
0,0.636783715,2,8,GO:0034093;GO:0034184,positive regulation of maintenance of sister chromatid cohesion,1,,,,,,,,,,,
0,0.996969905,2,2002,GO:0034097;GO:0071345,response to cytokine,1,,,,,,,,,,,
0,0.367405235,2,73,GO:0034105,positive regulation of tissue remodeling,1,,,,,,,,,,,
0,0.800627489,4,94,GO:0034109,homotypic cell-cell adhesion,1,,,,,,,,,,,
0,0.650586886,2,64,GO:0034110,regulation of homotypic cell-cell adhesion,1,,,,,,,,,,,
0,0.635198023,4,72,GO:0034113,heterotypic cell-cell adhesion,1,,,,,,,,,,,
0,0.923055105,2,46,GO:0034114,regulation of heterotypic cell-cell adhesion,1,,,,,,,,,,,
0,1,3,20,GO:0034115;GO:0070587,regulation of cell-cell adhesion involved in gastrulation,1,,,,,,,,,,,
0,0.730384553,2,31,GO:0034116,positive regulation of heterotypic cell-cell adhesion,1,,,,,,,,,,,
0,0.707560439,3,176,GO:0034121;GO:0062207,regulation of pattern recognition receptor signaling pathway,1,,,,,,,,,,,
0,0.855849892,2,60,GO:0034122,negative regulation of toll-like receptor signaling pathway,1,,,,,,,,,,,
0,0.745354493,4,89,GO:0034123;GO:0062208,positive regulation of pattern recognition receptor signaling pathway,1,,,,,,,,,,,
0,0.845956206,2,38,GO:0034124,regulation of MyD88-dependent toll-like receptor signaling pathway,1,,,,,,,,,,,
0,0.636783715,7,8,GO:0034125,negative regulation of MyD88-dependent toll-like receptor signaling pathway,1,,,,,,,,,,,
0,0.952127845,2,24,GO:0034126,positive regulation of MyD88-dependent toll-like receptor signaling pathway,1,,,,,,,,,,,
0,1,2,7,GO:0034127,regulation of MyD88-independent toll-like receptor signaling pathway,1,,,,,,,,,,,
0,1,4,5,GO:0034128,negative regulation of MyD88-independent toll-like receptor signaling pathway,1,,,,,,,,,,,
0,0.526179364,4,23,GO:0034135,regulation of toll-like receptor 2 signaling pathway,1,,,,,,,,,,,
0,1,3,9,GO:0034136,negative regulation of toll-like receptor 2 signaling pathway,1,,,,,,,,,,,
0,0.329069441,5,17,GO:0034137,positive regulation of toll-like receptor 2 signaling pathway,1,,,,,,,,,,,
0,0.832349448,2,26,GO:0034138,toll-like receptor 3 signaling pathway,1,,,,,,,,,,,
0,0.584646839,2,25,GO:0034139;GO:0034141,regulation of toll-like receptor 3 signaling pathway,1,,,,,,,,,,,
0,1,4,8,GO:0034140,negative regulation of toll-like receptor 3 signaling pathway,1,,,,,,,,,,,
0,0.453435446,2,37,GO:0034143,regulation of toll-like receptor 4 signaling pathway,1,,,,,,,,,,,
0,0.382687015,3,11,GO:0034144,negative regulation of toll-like receptor 4 signaling pathway,1,,,,,,,,,,,
0,0.612091,5,26,GO:0034145,positive regulation of toll-like receptor 4 signaling pathway,1,,,,,,,,,,,
0,0.337432237,5,10,GO:0034196;GO:0034197,acylglycerol transport,1,,,,,,,,,,,
0,1,6,21,GO:0034199,activation of protein kinase A activity,1,,,,,,,,,,,
0,0.382687015,2,11,GO:0034201,response to oleic acid,1,,,,,,,,,,,
0,0.993867176,2,86,GO:0034204;GO:0097035;GO:0045332,regulation of membrane lipid distribution,1,,,,,,,,,,,
0,0.909808028,5,19,GO:0034205;GO:0035333,amyloid-beta formation,1,,,,,,,,,,,
0,0.967265464,2,27,GO:0034214,protein hexamerization,1,,,,,,,,,,,
0,1,2,2462,GO:0034220;GO:0055085,transmembrane transport,1,,,,,,,,,,,
0,1,3,8,GO:0034227,tRNA thio-modification,1,,,,,,,,,,,
0,1,2,7,GO:0034239,regulation of macrophage fusion,1,,,,,,,,,,,
0,1,5,11,GO:0034242,negative regulation of syncytium formation by plasma membrane fusion,1,,,,,,,,,,,
0,0.796918001,3,385,GO:0034250;GO:0045727,positive regulation of cellular amide metabolic process,1,,,,,,,,,,,
0,0.589380406,2,104,GO:0034308,primary alcohol metabolic process,1,,,,,,,,,,,
0,0.636783715,3,8,GO:0034309;GO:0032341;GO:0032342;GO:0034650;GO:0034651;GO:1902645,primary alcohol biosynthetic process,1,,,,,,,,,,,
0,0.468969527,2,5,GO:0034310,primary alcohol catabolic process,1,,,,,,,,,,,
0,0.869873888,3,40,GO:0034311;GO:0034312,diol metabolic process,1,,,,,,,,,,,
0,0.832621626,2,37,GO:0034315,regulation of Arp2/3 complex-mediated actin nucleation,1,,,,,,,,,,,
0,0.807159278,2,13,GO:0034316,negative regulation of Arp2/3 complex-mediated actin nucleation,1,,,,,,,,,,,
0,0.921140249,2,258,GO:0034331;GO:0043954,cellular component maintenance,1,,,,,,,,,,,
0,0.789027251,4,330,GO:0034332,adherens junction organization,1,,,,,,,,,,,
0,0.828745687,2,154,GO:0034333,adherens junction assembly,1,,,,,,,,,,,
0,0.835858484,5,88,GO:0034334,adherens junction maintenance,1,,,,,,,,,,,
0,0.991060138,4,82,GO:0034340;GO:0060337;GO:0071357,response to type I interferon,1,,,,,,,,,,,
0,0.776380328,5,310,GO:0034341;GO:0071346,response to interferon-gamma,1,,,,,,,,,,,
0,0.485407817,2,30,GO:0034350;GO:0034351,regulation of glial cell apoptotic process,1,,,,,,,,,,,
0,0.532117413,2,6,GO:0034352,positive regulation of glial cell apoptotic process,1,,,,,,,,,,,
0,0.677051526,3,38,GO:0034356,NAD biosynthesis via nicotinamide riboside salvage pathway,1,,,,,,,,,,,
0,0.858357333,2,39,GO:0034367;GO:0034368;GO:0034369,protein-containing complex remodeling,1,,,,,,,,,,,
0,1,2,10,GO:0034370;GO:0034372,triglyceride-rich lipoprotein particle remodeling,1,,,,,,,,,,,
0,1,2,7,GO:0034371,chylomicron remodeling,1,,,,,,,,,,,
0,0.830097807,2,14,GO:0034374,low-density lipoprotein particle remodeling,1,,,,,,,,,,,
0,0.909808028,2,19,GO:0034375,high-density lipoprotein particle remodeling,1,,,,,,,,,,,
0,0.547354234,3,41,GO:0034377,plasma lipoprotein particle assembly,1,,,,,,,,,,,
0,0.39725779,6,19,GO:0034379,very-low-density lipoprotein particle assembly,1,,,,,,,,,,,
0,0.731450953,4,21,GO:0034380,high-density lipoprotein particle assembly,1,,,,,,,,,,,
0,0.384518396,2,58,GO:0034381;GO:0034383,plasma lipoprotein particle clearance,1,,,,,,,,,,,
0,1,2,9,GO:0034382;GO:0071830,chylomicron remnant clearance,1,,,,,,,,,,,
0,0.978741529,3,46,GO:0034389,lipid droplet organization,1,,,,,,,,,,,
0,0.732916594,8,60,GO:0034391,regulation of smooth muscle cell apoptotic process,1,,,,,,,,,,,
0,0.663215178,2,28,GO:0034392,negative regulation of smooth muscle cell apoptotic process,1,,,,,,,,,,,
0,0.862078984,3,28,GO:0034393,positive regulation of smooth muscle cell apoptotic process,1,,,,,,,,,,,
0,0.930309303,2,70,GO:0034394,protein localization to cell surface,1,,,,,,,,,,,
0,0.718041534,2,10,GO:0034398;GO:0044821;GO:0070197,telomere tethering at nuclear periphery,1,,,,,,,,,,,
0,0.533036108,2,312,GO:0034404,nucleobase-containing small molecule biosynthetic process,1,,,,,,,,,,,
0,0.84642712,3,99,GO:0034405,response to fluid shear stress,1,,,,,,,,,,,
0,0.807159278,4,13,GO:0034418,urate biosynthetic process,1,,,,,,,,,,,
0,1,3,5,GO:0034421,post-translational protein acetylation,1,,,,,,,,,,,
0,1,4,9,GO:0034433;GO:0034434;GO:0034435,cholesterol esterification,1,,,,,,,,,,,
0,0.811222591,5,56,GO:0034453,microtubule anchoring,1,,,,,,,,,,,
0,1,2,23,GO:0034454,microtubule anchoring at centrosome,1,,,,,,,,,,,
0,0.583200448,2,16,GO:0034465,response to carbon monoxide,1,,,,,,,,,,,
0,0.54894549,6,492,GO:0034470,ncRNA processing,1,,,,,,,,,,,
0,1,4,10,GO:0034475,U4 snRNA 3'-end processing,1,,,,,,,,,,,
0,0.832349448,4,26,GO:0034497,protein localization to phagophore assembly site,1,,,,,,,,,,,
0,1,3,24,GO:0034498,early endosome to Golgi transport,1,,,,,,,,,,,
0,0.348027671,5,168,GO:0034502,protein localization to chromosome,1,,,,,,,,,,,
0,0.848467457,3,432,GO:0034504,protein localization to nucleus,1,,,,,,,,,,,
0,0.709253111,2,30,GO:0034505;GO:0070166,tooth mineralization,1,,,,,,,,,,,
0,1,4,10,GO:0034514,mitochondrial unfolded protein response,1,,,,,,,,,,,
0,1,3,5,GO:0034552;GO:0034553,respiratory chain complex II assembly,1,,,,,,,,,,,
0,0.81540649,3,25,GO:0034587,piRNA metabolic process,1,,,,,,,,,,,
0,0.397301838,3,148,GO:0034605,cellular response to heat,1,,,,,,,,,,,
0,1,4,13,GO:0034606,response to hermaphrodite contact,1,,,,,,,,,,,
0,0.718041534,5,10,GO:0034607;GO:0035178,turning behavior involved in mating,1,,,,,,,,,,,
0,1,5,8,GO:0034608,vulval location,1,,,,,,,,,,,
0,0.658076319,5,423,GO:0034612;GO:0071356,response to tumor necrosis factor,1,,,,,,,,,,,
0,0.501625163,2,283,GO:0034614,cellular response to reactive oxygen species,1,,,,,,,,,,,
0,0.880554481,2,41,GO:0034616,response to laminar fluid shear stress,1,,,,,,,,,,,
0,0.444059192,2,1647,GO:0034622,cellular protein-containing complex assembly,1,,,,,,,,,,,
0,0.883805177,6,17,GO:0034633;GO:0046865;GO:0046864;GO:0071938,terpenoid transport,1,,,,,,,,,,,
0,1,3,9,GO:0034635;GO:0042939,tripeptide transport,1,,,,,,,,,,,
0,1,2,12,GO:0034638,phosphatidylcholine catabolic process,1,,,,,,,,,,,
0,0.540081577,2,92,GO:0034643;GO:0051654;GO:0047497,establishment of mitochondrion localization,1,,,,,,,,,,,
0,0.944387913,2,95,GO:0034656,nucleobase-containing small molecule catabolic process,1,,,,,,,,,,,
0,0.583830883,2,761,GO:0034660,ncRNA metabolic process,1,,,,,,,,,,,
0,0.98623833,2,50,GO:0034661,ncRNA catabolic process,1,,,,,,,,,,,
0,1,5,6,GO:0034672,anterior/posterior pattern specification involved in pronephros development,1,,,,,,,,,,,
0,0.939831547,2,83,GO:0034694;GO:0034695,response to prostaglandin,1,,,,,,,,,,,
0,1,4,5,GO:0034696,response to prostaglandin F,1,,,,,,,,,,,
0,0.835051522,2,136,GO:0034698,response to gonadotropin,1,,,,,,,,,,,
0,0.883805177,5,17,GO:0034699,response to luteinizing hormone,1,,,,,,,,,,,
0,0.788340282,4,231,GO:0034754,cellular hormone metabolic process,1,,,,,,,,,,,
0,1,2,11,GO:0034756,regulation of iron ion transport,1,,,,,,,,,,,
0,0.670568312,2,286,GO:0034766;GO:0034763,negative regulation of transmembrane transport,1,,,,,,,,,,,
0,0.495287212,2,22,GO:0034770,histone H4-K20 methylation,1,,,,,,,,,,,
0,0.751576986,4,11,GO:0034773,histone H4-K20 trimethylation,1,,,,,,,,,,,
0,0.730384553,5,31,GO:0034776,response to histamine,1,,,,,,,,,,,
0,1,5,7,GO:0034970;GO:0034971,histone H3-R17 methylation,1,,,,,,,,,,,
0,0.907522111,3,32,GO:0034975,protein folding in endoplasmic reticulum,1,,,,,,,,,,,
0,0.565900701,2,571,GO:0034976,response to endoplasmic reticulum stress,1,,,,,,,,,,,
0,1,4,19,GO:0034982,mitochondrial protein processing,1,,,,,,,,,,,
0,0.627640663,3,168,GO:0035006;GO:0035010;GO:0035011,melanization defense response,1,,,,,,,,,,,
0,0.897694922,2,31,GO:0035021,negative regulation of Rac protein signal transduction,1,,,,,,,,,,,
0,0.501253885,4,39,GO:0035026;GO:0046663,leading edge cell differentiation,1,,,,,,,,,,,
0,0.989632085,2,67,GO:0035036;GO:0007339,sperm-egg recognition,1,,,,,,,,,,,
0,0.463414403,2,21,GO:0035039;GO:0035041,male pronucleus assembly,1,,,,,,,,,,,
0,1,2,30,GO:0035046,pronuclear migration,1,,,,,,,,,,,
0,1,2,6,GO:0035047,centrosomal and pronuclear rotation,1,,,,,,,,,,,
0,0.679980604,2,9,GO:0035054,embryonic heart tube anterior/posterior pattern specification,1,,,,,,,,,,,
0,0.986025043,3,64,GO:0035069;GO:0035096,larval midgut histolysis,1,,,,,,,,,,,
0,0.381409312,3,98,GO:0035070;GO:0035071;GO:0048102,autophagic cell death,1,,,,,,,,,,,
0,1,2,9,GO:0035074,pupation,1,,,,,,,,,,,
0,0.953017331,2,140,GO:0035082,axoneme assembly,1,,,,,,,,,,,
0,1,2,6,GO:0035087,siRNA loading onto RISC involved in RNA interference,1,,,,,,,,,,,
0,0.80622106,3,270,GO:0035088;GO:0061245;GO:0045197,establishment or maintenance of bipolar cell polarity,1,,,,,,,,,,,
0,0.865520216,2,61,GO:0035090;GO:0045199,maintenance of apical/basal cell polarity,1,,,,,,,,,,,
0,0.947670756,2,189,GO:0035094,response to nicotine,1,,,,,,,,,,,
0,0.880554481,2,41,GO:0035095,behavioral response to nicotine,1,,,,,,,,,,,
0,0.680383414,4,84,GO:0035099,hemocyte migration,1,,,,,,,,,,,
0,1,2,5,GO:0035103,sterol regulatory element binding protein cleavage,1,,,,,,,,,,,
0,0.974593535,2,29,GO:0035106,operant conditioning,1,,,,,,,,,,,
0,0.34967652,2,152,GO:0035112,genitalia morphogenesis,1,,,,,,,,,,,
0,1,3,5,GO:0035122,embryonic medial fin morphogenesis,1,,,,,,,,,,,
0,0.636783715,5,8,GO:0035127;GO:0035128;GO:1901580;GO:1901581;GO:1901582,regulation of telomeric RNA transcription from RNA pol II promoter,1,,,,,,,,,,,
0,0.593850257,2,113,GO:0035136;GO:0035115,forelimb morphogenesis,1,,,,,,,,,,,
0,0.854508798,2,100,GO:0035137;GO:0035116,hindlimb morphogenesis,1,,,,,,,,,,,
0,0.962578673,4,552,GO:0035150,regulation of tube size,1,,,,,,,,,,,
0,0.897628656,4,18,GO:0035157,negative regulation of fusion cell fate specification,1,,,,,,,,,,,
0,0.54341668,2,58,GO:0035161,imaginal disc lineage restriction,1,,,,,,,,,,,
0,0.998899942,2,182,GO:0035176;GO:0051703,social behavior,1,,,,,,,,,,,
0,0.883805177,2,17,GO:0035188,hatching,1,,,,,,,,,,,
0,0.430686562,2,20,GO:0035190,syncytial nuclear migration,1,,,,,,,,,,,
0,1,4,6,GO:0035193,larval central nervous system remodeling,1,,,,,,,,,,,
0,0.363651766,3,49,GO:0035203;GO:0045613,regulation of plasmatocyte differentiation,1,,,,,,,,,,,
0,0.31619155,4,39,GO:0035204;GO:0045614;GO:0045611,negative regulation of hemocyte differentiation,1,,,,,,,,,,,
0,0.962843573,3,26,GO:0035209,pupal development,1,,,,,,,,,,,
0,1,2,8,GO:0035211,spermathecum morphogenesis,1,,,,,,,,,,,
0,0.465079641,2,54,GO:0035212,cell competition in a multicellular organism,1,,,,,,,,,,,
0,0.945661923,2,23,GO:0035213;GO:0048728,clypeo-labral disc development,1,,,,,,,,,,,
0,0.881717048,3,172,GO:0035215,genital disc development,1,,,,,,,,,,,
0,0.463414403,3,21,GO:0035217,labial disc development,1,,,,,,,,,,,
0,0.832621626,5,37,GO:0035221;GO:0035224,genital disc pattern formation,1,,,,,,,,,,,
0,0.6113564,2,35,GO:0035234,ectopic germ cell programmed cell death,1,,,,,,,,,,,
0,0.826519675,4,87,GO:0035235,ionotropic glutamate receptor signaling pathway,1,,,,,,,,,,,
0,0.971161259,2,28,GO:0035247;GO:0034969,histone arginine methylation,1,,,,,,,,,,,
0,0.468969527,3,5,GO:0035260,internal genitalia morphogenesis,1,,,,,,,,,,,
0,0.468712327,3,13,GO:0035261,external genitalia morphogenesis,1,,,,,,,,,,,
0,0.909808028,2,19,GO:0035263,genital disc sexually dimorphic development,1,,,,,,,,,,,
0,0.907522111,2,32,GO:0035268;GO:0035269,protein mannosylation,1,,,,,,,,,,,
0,0.993400851,4,422,GO:0035270,endocrine system development,1,,,,,,,,,,,
0,0.636783715,2,8,GO:0035271,ring gland development,1,,,,,,,,,,,
0,0.886900705,2,30,GO:0035283;GO:0035284,central nervous system segmentation,1,,,,,,,,,,,
0,0.878349602,5,123,GO:0035285;GO:0036011,appendage segmentation,1,,,,,,,,,,,
0,0.713014375,2,68,GO:0035287;GO:0035288;GO:0097065,head segmentation,1,,,,,,,,,,,
0,0.569621016,4,42,GO:0035289,posterior head segmentation,1,,,,,,,,,,,
0,0.781124897,3,12,GO:0035298;GO:1902766,skeletal muscle satellite cell migration,1,,,,,,,,,,,
0,0.539005141,2,126,GO:0035306,positive regulation of dephosphorylation,1,,,,,,,,,,,
0,0.733131579,3,88,GO:0035307,positive regulation of protein dephosphorylation,1,,,,,,,,,,,
0,0.944673598,2,73,GO:0035309,wing and notum subfield formation,1,,,,,,,,,,,
0,0.938635875,5,36,GO:0035310,notum cell fate specification,1,,,,,,,,,,,
0,1,2,8,GO:0035311,wing cell fate specification,1,,,,,,,,,,,
0,0.354080682,2,201,GO:0035335,peptidyl-tyrosine dephosphorylation,1,,,,,,,,,,,
0,0.343395764,3,48,GO:0035336;GO:0035338,long-chain fatty-acyl-CoA metabolic process,1,,,,,,,,,,,
0,0.635198023,2,72,GO:0035337;GO:0046949,fatty-acyl-CoA metabolic process,1,,,,,,,,,,,
0,0.468969527,2,5,GO:0035350;GO:0015883,FAD transmembrane transport,1,,,,,,,,,,,
0,0.587758061,3,7,GO:0035356,cellular triglyceride homeostasis,1,,,,,,,,,,,
0,0.807159278,2,13,GO:0035357,peroxisome proliferator activated receptor signaling pathway,1,,,,,,,,,,,
0,0.957824569,3,25,GO:0035372,protein localization to microtubule,1,,,,,,,,,,,
0,0.751576986,2,11,GO:0035376;GO:0070508,sterol import,1,,,,,,,,,,,
0,0.468712327,2,13,GO:0035377,transepithelial water transport,1,,,,,,,,,,,
0,1,4,5,GO:0035378,carbon dioxide transmembrane transport,1,,,,,,,,,,,
0,0.3458504,3,25,GO:0035404;GO:0043987,histone-serine phosphorylation,1,,,,,,,,,,,
0,0.679980604,2,9,GO:0035408,histone H3-T6 phosphorylation,1,,,,,,,,,,,
0,0.774382398,3,247,GO:0035418;GO:1902414,protein localization to cell junction,1,,,,,,,,,,,
0,0.830097807,2,14,GO:0035434,copper ion transmembrane transport,1,,,,,,,,,,,
0,0.583200448,3,16,GO:0035437;GO:0006621,maintenance of protein localization in endoplasmic reticulum,1,,,,,,,,,,,
0,0.382687015,4,11,GO:0035441,cell migration involved in vasculogenesis,1,,,,,,,,,,,
0,1,5,5,GO:0035442;GO:0042938,dipeptide transmembrane transport,1,,,,,,,,,,,
0,0.907522111,3,32,GO:0035455,response to interferon-alpha,1,,,,,,,,,,,
0,0.832621626,5,37,GO:0035456;GO:0035458,response to interferon-beta,1,,,,,,,,,,,
0,0.920538784,3,20,GO:0035457,cellular response to interferon-alpha,1,,,,,,,,,,,
0,0.825846271,4,47,GO:0035459,vesicle cargo loading,1,,,,,,,,,,,
0,0.992063897,2,55,GO:0035461,vitamin transmembrane transport,1,,,,,,,,,,,
0,0.617084583,6,17,GO:0035469;GO:0071910,determination of pancreatic left/right asymmetry,1,,,,,,,,,,,
0,0.468969527,4,5,GO:0035470,positive regulation of vascular wound healing,1,,,,,,,,,,,
0,1,2,7,GO:0035474,selective angioblast sprouting,1,,,,,,,,,,,
0,1,4,11,GO:0035482;GO:0035483,gastric motility,1,,,,,,,,,,,
0,0.920538784,3,20,GO:0035493,SNARE complex assembly,1,,,,,,,,,,,
0,1,5,11,GO:0035494,SNARE complex disassembly,1,,,,,,,,,,,
0,1,2,9,GO:0035502,metanephric part of ureteric bud development,1,,,,,,,,,,,
0,0.430686562,5,20,GO:0035507;GO:0035509,regulation of myosin-light-chain-phosphatase activity,1,,,,,,,,,,,
0,0.6113564,2,35,GO:0035518,histone H2A monoubiquitination,1,,,,,,,,,,,
0,0.337432237,2,10,GO:0035519,protein K29-linked ubiquitination,1,,,,,,,,,,,
0,0.583200448,3,16,GO:0035520,monoubiquitinated protein deubiquitination,1,,,,,,,,,,,
0,1,3,10,GO:0035523,protein K29-linked deubiquitination,1,,,,,,,,,,,
0,1,2,9,GO:0035524,proline transmembrane transport,1,,,,,,,,,,,
0,0.402521256,2,27,GO:0035545,determination of left/right asymmetry in nervous system,1,,,,,,,,,,,
0,0.317496046,4,24,GO:0035562,negative regulation of chromatin binding,1,,,,,,,,,,,
0,0.636783715,2,8,GO:0035564,regulation of kidney size,1,,,,,,,,,,,
0,1,5,5,GO:0035566,regulation of metanephros size,1,,,,,,,,,,,
0,0.532117413,7,6,GO:0035574,histone H4-K20 demethylation,1,,,,,,,,,,,
0,0.617084583,4,17,GO:0035581,sequestering of extracellular ligand from receptor,1,,,,,,,,,,,
0,0.534729879,5,49,GO:0035584,calcium-mediated signaling using intracellular calcium source,1,,,,,,,,,,,
0,0.636783715,4,8,GO:0035585,calcium-mediated signaling using extracellular calcium source,1,,,,,,,,,,,
0,0.679980604,4,9,GO:0035589,G protein-coupled purinergic nucleotide receptor signaling pathway,1,,,,,,,,,,,
0,0.860710334,3,50,GO:0035590,purinergic nucleotide receptor signaling pathway,1,,,,,,,,,,,
0,0.532117413,4,6,GO:0035593,positive regulation of Wnt signaling pathway by establishment of Wnt protein localization to extracellular region,1,,,,,,,,,,,
0,0.337432237,3,10,GO:0035608;GO:0035610,protein deglutamylation,1,,,,,,,,,,,
0,1,2,8,GO:0035616,histone H2B conserved C-terminal lysine deubiquitination,1,,,,,,,,,,,
0,0.796945718,3,24,GO:0035617;GO:0098935;GO:0098937;GO:0098957,dendritic transport,1,,,,,,,,,,,
0,0.532117413,5,6,GO:0035621,ER to Golgi ceramide transport,1,,,,,,,,,,,
0,0.807159278,2,13,GO:0035622,intrahepatic bile duct development,1,,,,,,,,,,,
0,0.329069441,2,17,GO:0035624,receptor transactivation,1,,,,,,,,,,,
0,0.830097807,-1,14,GO:0035625;GO:0007211;GO:0071927,obsolete epidermal growth factor-activated receptor transactivation by G-protein coupled receptor signaling pathway,1,,,,,,,,,,,
0,1,2,11,GO:0035626,juvenile hormone mediated signaling pathway,1,,,,,,,,,,,
0,0.86811573,3,16,GO:0035627,ceramide transport,1,,,,,,,,,,,
0,0.86811573,2,16,GO:0035633,maintenance of blood-brain barrier,1,,,,,,,,,,,
0,0.768991806,5,33,GO:0035634,response to stilbenoid,1,,,,,,,,,,,
0,0.755067327,6,22,GO:0035635,entry of bacterium into host cell,1,,,,,,,,,,,
0,0.72540385,2,355,GO:0035637,multicellular organismal signaling,1,,,,,,,,,,,
0,0.985800198,2,77,GO:0035640,exploration behavior,1,,,,,,,,,,,
0,0.935781732,3,48,GO:0035641,locomotory exploration behavior,1,,,,,,,,,,,
0,0.850308525,2,15,GO:0035655;GO:0070673;GO:0071351,response to interleukin-18,1,,,,,,,,,,,
0,1,4,5,GO:0035668;GO:0035669,TRAM-dependent toll-like receptor signaling pathway,1,,,,,,,,,,,
0,0.830097807,5,14,GO:0035675;GO:0048886,neuromast hair cell differentiation,1,,,,,,,,,,,
0,0.532117413,2,6,GO:0035677,posterior lateral line neuromast hair cell development,1,,,,,,,,,,,
0,0.800243329,2,905,GO:0035690,cellular response to drug,1,,,,,,,,,,,
0,0.679980604,2,9,GO:0035694,mitochondrial protein catabolic process,1,,,,,,,,,,,
0,1,3,16,GO:0035701,hematopoietic stem cell migration,1,,,,,,,,,,,
0,0.686868582,2,29,GO:0035723;GO:0070672;GO:0071350,response to interleukin-15,1,,,,,,,,,,,
0,0.532117413,4,6,GO:0035733,hepatic stellate cell activation,1,,,,,,,,,,,
0,0.532117413,2,6,GO:0035736,cell proliferation involved in compound eye morphogenesis,1,,,,,,,,,,,
0,1,6,6,GO:0035744,T-helper 1 cell cytokine production,1,,,,,,,,,,,
0,1,2,11,GO:0035754,B cell chemotaxis,1,,,,,,,,,,,
0,1,2,18,GO:0035773,insulin secretion involved in cellular response to glucose stimulus,1,,,,,,,,,,,
0,0.975270675,3,83,GO:0035774,positive regulation of insulin secretion involved in cellular response to glucose stimulus,1,,,,,,,,,,,
0,0.636783715,3,8,GO:0035775,pronephric glomerulus morphogenesis,1,,,,,,,,,,,
0,0.468969527,2,5,GO:0035776,pronephric proximal tubule development,1,,,,,,,,,,,
0,0.587758061,3,7,GO:0035778;GO:0039014,pronephric nephron tubule epithelial cell differentiation,1,,,,,,,,,,,
0,1,4,7,GO:0035787,cell migration involved in kidney development,1,,,,,,,,,,,
0,0.718041534,2,10,GO:0035799,ureter maturation,1,,,,,,,,,,,
0,0.912703955,2,67,GO:0035809,regulation of urine volume,1,,,,,,,,,,,
0,0.858357333,2,39,GO:0035810,positive regulation of urine volume,1,,,,,,,,,,,
0,0.909808028,2,19,GO:0035811,negative regulation of urine volume,1,,,,,,,,,,,
0,0.813971464,4,76,GO:0035813,regulation of renal sodium excretion,1,,,,,,,,,,,
0,0.663215178,2,28,GO:0035814,negative regulation of renal sodium excretion,1,,,,,,,,,,,
0,0.899598503,2,43,GO:0035815,positive regulation of renal sodium excretion,1,,,,,,,,,,,
0,0.977426279,2,286,GO:0035821;GO:0051817,modulation of process of other organism,1,,,,,,,,,,,
0,0.705923662,3,20,GO:0035844,cloaca development,1,,,,,,,,,,,
0,0.950179256,2,38,GO:0035845,photoreceptor cell outer segment organization,1,,,,,,,,,,,
0,0.382687015,4,11,GO:0035846;GO:0060066,oviduct development,1,,,,,,,,,,,
0,0.909808028,7,19,GO:0035860,glial cell-derived neurotrophic factor receptor signaling pathway,1,,,,,,,,,,,
0,0.707573689,2,49,GO:0035864,response to potassium ion,1,,,,,,,,,,,
0,0.563240011,2,33,GO:0035865,cellular response to potassium ion,1,,,,,,,,,,,
0,0.850308525,2,15,GO:0035871,protein K11-linked deubiquitination,1,,,,,,,,,,,
0,0.705923662,3,20,GO:0035878,nail development,1,,,,,,,,,,,
0,1,2,12,GO:0035879,plasma membrane lactate transport,1,,,,,,,,,,,
0,0.532117413,2,6,GO:0035880,embryonic nail plate morphogenesis,1,,,,,,,,,,,
0,1,2,14,GO:0035881,amacrine cell differentiation,1,,,,,,,,,,,
0,0.468969527,3,5,GO:0035882,defecation rhythm,1,,,,,,,,,,,
0,0.965308273,7,67,GO:0035883;GO:0003309,enteroendocrine cell differentiation,1,,,,,,,,,,,
0,1,4,5,GO:0035898,parathyroid hormone secretion,1,,,,,,,,,,,
0,0.755067327,3,22,GO:0035900,response to isolation stress,1,,,,,,,,,,,
0,0.99018578,2,81,GO:0035902,response to immobilization stress,1,,,,,,,,,,,
0,0.337432237,3,10,GO:0035905;GO:0035910,ascending aorta development,1,,,,,,,,,,,
0,0.962843573,2,26,GO:0035907,dorsal aorta development,1,,,,,,,,,,,
0,0.897628656,2,18,GO:0035912,dorsal aorta morphogenesis,1,,,,,,,,,,,
0,0.382687015,4,11,GO:0035929,steroid hormone secretion,1,,,,,,,,,,,
0,0.468969527,2,5,GO:0035930,corticosteroid hormone secretion,1,,,,,,,,,,,
0,0.36331292,-1,18,GO:0035947,obsolete regulation of gluconeogenesis by regulation of transcription from RNA polymerase II promoter,1,,,,,,,,,,,
0,0.382687015,-1,11,GO:0035948,obsolete positive regulation of gluconeogenesis by positive regulation of transcription from RNA polymerase II promoter,1,,,,,,,,,,,
0,1,5,12,GO:0035962,response to interleukin-13,1,,,,,,,,,,,
0,1,3,5,GO:0035963,cellular response to interleukin-13,1,,,,,,,,,,,
0,0.781124897,3,12,GO:0035964;GO:0048200;GO:0048205,Golgi transport vesicle coating,1,,,,,,,,,,,
0,1,3,6,GO:0035965,cardiolipin acyl-chain remodeling,1,,,,,,,,,,,
0,1,2,10,GO:0035973,aggrephagy,1,,,,,,,,,,,
0,1,3,7,GO:0035977;GO:1904382,protein deglycosylation involved in glycoprotein catabolic process,1,,,,,,,,,,,
0,0.468712327,3,13,GO:0035983;GO:0035984,cellular response to trichostatin A,1,,,,,,,,,,,
0,1,3,7,GO:0035993,deltoid tuberosity development,1,,,,,,,,,,,
0,0.845605451,2,59,GO:0036003,positive regulation of transcription from RNA polymerase II promoter in response to stress,1,,,,,,,,,,,
0,1,5,20,GO:0036005;GO:0036006,response to macrophage colony-stimulating factor,1,,,,,,,,,,,
0,0.379717871,2,34,GO:0036010,protein localization to endosome,1,,,,,,,,,,,
0,0.755067327,5,22,GO:0036017;GO:0036018,response to erythropoietin,1,,,,,,,,,,,
0,0.807159278,3,13,GO:0036022,limb joint morphogenesis,1,,,,,,,,,,,
0,0.532117413,2,6,GO:0036023,embryonic skeletal limb joint morphogenesis,1,,,,,,,,,,,
0,0.731450953,2,21,GO:0036035,osteoclast development,1,,,,,,,,,,,
0,0.796945718,7,24,GO:0036058;GO:0036059,filtration diaphragm assembly,1,,,,,,,,,,,
0,0.656049044,3,37,GO:0036065,fucosylation,1,,,,,,,,,,,
0,0.705923662,4,20,GO:0036066,protein O-linked fucosylation,1,,,,,,,,,,,
0,0.532117413,2,6,GO:0036071,N-glycan fucosylation,1,,,,,,,,,,,
0,0.3458504,5,25,GO:0036089,cleavage furrow formation,1,,,,,,,,,,,
0,0.807159278,2,13,GO:0036093,germ cell proliferation,1,,,,,,,,,,,
0,0.507355332,2,73,GO:0036099,female germ-line stem cell population maintenance,1,,,,,,,,,,,
0,0.455166368,2,70,GO:0036119;GO:0036120,response to platelet-derived growth factor,1,,,,,,,,,,,
0,0.532117413,2,6,GO:0036145,dendritic cell homeostasis,1,,,,,,,,,,,
0,0.679980604,2,9,GO:0036146;GO:0071505;GO:0071506,cellular response to mycotoxin,1,,,,,,,,,,,
0,0.897694922,2,31,GO:0036148,phosphatidylglycerol acyl-chain remodeling,1,,,,,,,,,,,
0,0.938322978,2,22,GO:0036149,phosphatidylinositol acyl-chain remodeling,1,,,,,,,,,,,
0,0.897694922,2,31,GO:0036150,phosphatidylserine acyl-chain remodeling,1,,,,,,,,,,,
0,0.984650319,2,49,GO:0036151,phosphatidylcholine acyl-chain remodeling,1,,,,,,,,,,,
0,0.99444874,2,41,GO:0036152,phosphatidylethanolamine acyl-chain remodeling,1,,,,,,,,,,,
0,1,2,10,GO:0036155,acylglycerol acyl-chain remodeling,1,,,,,,,,,,,
0,0.952127845,2,24,GO:0036158,outer dynein arm assembly,1,,,,,,,,,,,
0,1,6,22,GO:0036159,inner dynein arm assembly,1,,,,,,,,,,,
0,1,5,7,GO:0036215;GO:0036216;GO:0038109,response to stem cell factor,1,,,,,,,,,,,
0,1,-1,9,GO:0036251;GO:0061392;GO:0061393;GO:0061404;GO:0061416,obsolete positive regulation of transcription from RNA polymerase II promoter in response to salt stress,1,,,,,,,,,,,
0,0.999735543,2,65,GO:0036257;GO:0036258,multivesicular body organization,1,,,,,,,,,,,
0,0.468969527,2,5,GO:0036265,RNA (guanine-N7)-methylation,1,,,,,,,,,,,
0,1,2,12,GO:0036269,swimming behavior,1,,,,,,,,,,,
0,1,2,7,GO:0036290,protein trans-autophosphorylation,1,,,,,,,,,,,
0,0.532117413,2,6,GO:0036292,DNA rewinding,1,,,,,,,,,,,
0,0.439412276,5,509,GO:0036294;GO:0071453;GO:0071456,cellular response to oxygen levels,1,,,,,,,,,,,
0,0.963685607,3,41,GO:0036295,cellular response to increased oxygen levels,1,,,,,,,,,,,
0,0.930230469,2,123,GO:0036296;GO:0055093,response to increased oxygen levels,1,,,,,,,,,,,
0,0.811950744,4,66,GO:0036297,interstrand cross-link repair,1,,,,,,,,,,,
0,0.796945718,3,24,GO:0036302,atrioventricular canal development,1,,,,,,,,,,,
0,1,3,5,GO:0036304;GO:0061027,umbilical cord morphogenesis,1,,,,,,,,,,,
0,1,2,6,GO:0036306,embryonic heart tube elongation,1,,,,,,,,,,,
0,0.426549964,2,12,GO:0036309,protein localization to M-band,1,,,,,,,,,,,
0,0.49010121,3,72,GO:0036342,post-anal tail morphogenesis,1,,,,,,,,,,,
0,1,2,7,GO:0036343,psychomotor behavior,1,,,,,,,,,,,
0,0.734586371,2,41,GO:0036344;GO:0030220,platelet morphogenesis,1,,,,,,,,,,,
0,0.86811573,2,16,GO:0036353,histone H2A-K119 monoubiquitination,1,,,,,,,,,,,
0,0.751576986,8,11,GO:0036369,transcription factor catabolic process,1,,,,,,,,,,,
0,0.636783715,2,8,GO:0036371,protein localization to T-tubule,1,,,,,,,,,,,
0,0.636783715,5,8,GO:0036372,opsin transport,1,,,,,,,,,,,
0,0.796945718,5,24,GO:0036376,sodium ion export across plasma membrane,1,,,,,,,,,,,
0,1,2,8,GO:0036438,maintenance of lens transparency,1,,,,,,,,,,,
0,1,2,5,GO:0036462,TRAIL-activated apoptotic signaling pathway,1,,,,,,,,,,,
0,0.86811573,2,16,GO:0036466,synaptic vesicle recycling via endosome,1,,,,,,,,,,,
0,1,4,8,GO:0036474,cell death in response to hydrogen peroxide,1,,,,,,,,,,,
0,0.426549964,2,12,GO:0036490,regulation of translation in response to endoplasmic reticulum stress,1,,,,,,,,,,,
0,1,2,5,GO:0036496,regulation of translational initiation by eIF2 alpha dephosphorylation,1,,,,,,,,,,,
0,0.325524797,3,102,GO:0036498,IRE1-mediated unfolded protein response,1,,,,,,,,,,,
0,1,2,24,GO:0036499;GO:0140467,PERK-mediated unfolded protein response,1,,,,,,,,,,,
0,1,2,20,GO:0036500,ATF6-mediated unfolded protein response,1,,,,,,,,,,,
0,1,4,7,GO:0036506,maintenance of unfolded protein,1,,,,,,,,,,,
0,1,2,5,GO:0036510,trimming of terminal mannose on C branch,1,,,,,,,,,,,
0,1,2,12,GO:0036514;GO:1904938,dopaminergic neuron axon guidance,1,,,,,,,,,,,
0,1,4,7,GO:0036515,serotonergic neuron axon guidance,1,,,,,,,,,,,
0,1,2,14,GO:0038003,opioid receptor signaling pathway,1,,,,,,,,,,,
0,0.563240011,3,33,GO:0038007,netrin-activated signaling pathway,1,,,,,,,,,,,
0,1,3,19,GO:0038027,apolipoprotein A-I-mediated signaling pathway,1,,,,,,,,,,,
0,1,2,8,GO:0038028,insulin receptor signaling pathway via phosphatidylinositol 3-kinase,1,,,,,,,,,,,
0,0.587758061,2,7,GO:0038032,termination of G protein-coupled receptor signaling pathway,1,,,,,,,,,,,
0,0.861544272,2,81,GO:0038034;GO:0097192,signal transduction in absence of ligand,1,,,,,,,,,,,
0,1,5,5,GO:0038060,nitric oxide-cGMP-mediated signaling pathway,1,,,,,,,,,,,
0,0.871355148,3,72,GO:0038061,NIK/NF-kappaB signaling,1,,,,,,,,,,,
0,0.354302287,2,258,GO:0038093,Fc receptor signaling pathway,1,,,,,,,,,,,
0,1,7,6,GO:0038108,negative regulation of appetite by leptin-mediated signaling pathway,1,,,,,,,,,,,
0,0.64880604,4,18,GO:0038110,interleukin-2-mediated signaling pathway,1,,,,,,,,,,,
0,0.750287097,3,32,GO:0038111;GO:0098760;GO:0098761,cellular response to interleukin-7,1,,,,,,,,,,,
0,1,4,6,GO:0038113;GO:0071355,interleukin-9-mediated signaling pathway,1,,,,,,,,,,,
0,1,5,18,GO:0038114;GO:0098756;GO:0098757,response to interleukin-21,1,,,,,,,,,,,
0,1,2,11,GO:0038145,macrophage colony-stimulating factor signaling pathway,1,,,,,,,,,,,
0,0.547147755,2,15,GO:0038155,interleukin-23-mediated signaling pathway,1,,,,,,,,,,,
0,1,4,6,GO:0038156,interleukin-3-mediated signaling pathway,1,,,,,,,,,,,
0,1,4,10,GO:0038162,erythropoietin-mediated signaling pathway,1,,,,,,,,,,,
0,1,3,7,GO:0038163,thrombopoietin-mediated signaling pathway,1,,,,,,,,,,,
0,0.638287218,3,27,GO:0038166,angiotensin-activated signaling pathway,1,,,,,,,,,,,
0,0.751576986,5,11,GO:0038169;GO:0038170,somatostatin receptor signaling pathway,1,,,,,,,,,,,
0,0.718041534,2,10,GO:0038171,cannabinoid signaling pathway,1,,,,,,,,,,,
0,0.914201625,3,78,GO:0038179,neurotrophin signaling pathway,1,,,,,,,,,,,
0,0.537993292,4,32,GO:0038180,nerve growth factor signaling pathway,1,,,,,,,,,,,
0,1,2,5,GO:0038183,bile acid signaling pathway,1,,,,,,,,,,,
0,1,2,6,GO:0038188,cholecystokinin signaling pathway,1,,,,,,,,,,,
0,1,3,5,GO:0038194,thyroid-stimulating hormone signaling pathway,1,,,,,,,,,,,
0,0.504765427,2,56,GO:0038202,TORC1 signaling,1,,,,,,,,,,,
0,1,2,18,GO:0038203,TORC2 signaling,1,,,,,,,,,,,
0,1,6,6,GO:0039003;GO:0072004;GO:0072304;GO:0072305;GO:1900214;GO:1900215;GO:1900217;GO:1900218;GO:2000592;GO:2000594,regulation of mesenchymal cell apoptotic process involved in metanephric nephron morphogenesis,1,,,,,,,,,,,
0,1,4,14,GO:0039017,pattern specification involved in pronephros development,1,,,,,,,,,,,
0,0.980281509,2,31,GO:0039019,pronephric nephron development,1,,,,,,,,,,,
0,0.897628656,2,18,GO:0039020,pronephric nephron tubule development,1,,,,,,,,,,,
0,0.781124897,2,12,GO:0039021,pronephric glomerulus development,1,,,,,,,,,,,
0,0.679980604,2,9,GO:0039022,pronephric duct development,1,,,,,,,,,,,
0,0.781124897,5,12,GO:0039526;GO:0052150,modulation by symbiont of host apoptotic process,1,,,,,,,,,,,
0,0.718041534,3,10,GO:0039528,cytoplasmic pattern recognition receptor signaling pathway in response to virus,1,,,,,,,,,,,
0,0.587758061,5,7,GO:0039529,RIG-I signaling pathway,1,,,,,,,,,,,
0,0.638287218,2,27,GO:0039531;GO:0039535,regulation of viral-induced cytoplasmic pattern recognition receptor signaling pathway,1,,,,,,,,,,,
0,0.678399952,4,19,GO:0039532,negative regulation of viral-induced cytoplasmic pattern recognition receptor signaling pathway,1,,,,,,,,,,,
0,0.830097807,5,14,GO:0039536,negative regulation of RIG-I signaling pathway,1,,,,,,,,,,,
0,1,4,8,GO:0039656,modulation by virus of host gene expression,1,,,,,,,,,,,
0,1,6,8,GO:0039689,negative stranded viral RNA replication,1,,,,,,,,,,,
0,0.3458504,3,25,GO:0039694,viral RNA genome replication,1,,,,,,,,,,,
0,0.905044249,2,347,GO:0040001;GO:0051293;GO:0051653,spindle localization,1,,,,,,,,,,,
0,0.343395764,2,48,GO:0040010,positive regulation of growth rate,1,,,,,,,,,,,
0,0.999433786,2,59,GO:0040015,negative regulation of multicellular organism growth,1,,,,,,,,,,,
0,0.716799675,2,177,GO:0040019,positive regulation of embryonic development,1,,,,,,,,,,,
0,0.863528792,2,111,GO:0040020,regulation of meiotic nuclear division,1,,,,,,,,,,,
0,1,2,24,GO:0040021,hermaphrodite germ-line sex determination,1,,,,,,,,,,,
0,1,6,10,GO:0040022,feminization of hermaphroditic germ-line,1,,,,,,,,,,,
0,0.502979585,3,199,GO:0040024,dauer larval development,1,,,,,,,,,,,
0,0.375457316,2,195,GO:0040025,vulval development,1,,,,,,,,,,,
0,0.718041534,3,10,GO:0040031,snRNA modification,1,,,,,,,,,,,
0,0.634144871,3,36,GO:0040032,post-embryonic body morphogenesis,1,,,,,,,,,,,
0,0.363064937,2,137,GO:0040036,regulation of fibroblast growth factor receptor signaling pathway,1,,,,,,,,,,,
0,0.971605713,3,93,GO:0040040,thermosensory behavior,1,,,,,,,,,,,
0,1,3,6,GO:0042001;GO:0042004,feminization of hermaphrodite soma,1,,,,,,,,,,,
0,1,6,13,GO:0042006,masculinization of hermaphroditic germ-line,1,,,,,,,,,,,
0,0.924579819,3,34,GO:0042026,protein refolding,1,,,,,,,,,,,
0,0.84479715,4,89,GO:0042044,fluid transport,1,,,,,,,,,,,
0,0.650978522,5,55,GO:0042045,epithelial fluid transport,1,,,,,,,,,,,
0,0.968291044,3,259,GO:0042048,olfactory behavior,1,,,,,,,,,,,
0,0.939508325,2,274,GO:0042051,compound eye photoreceptor development,1,,,,,,,,,,,
0,0.842393494,2,137,GO:0042052,rhabdomere development,1,,,,,,,,,,,
0,0.598848002,2,61,GO:0042053;GO:0042069,regulation of catecholamine metabolic process,1,,,,,,,,,,,
0,0.563872855,7,222,GO:0042059;GO:1901185,negative regulation of ERBB signaling pathway,1,,,,,,,,,,,
0,1,4,19,GO:0042065;GO:0042066,glial cell growth,1,,,,,,,,,,,
0,0.390685209,4,123,GO:0042073;GO:0098840;GO:0099118,microtubule-based protein transport,1,,,,,,,,,,,
0,0.504765427,2,56,GO:0042100,B cell proliferation,1,,,,,,,,,,,
0,0.347138609,4,176,GO:0042102,positive regulation of T cell proliferation,1,,,,,,,,,,,
0,0.437229929,3,492,GO:0042110,T cell activation,1,,,,,,,,,,,
0,1,4,12,GO:0042117,monocyte activation,1,,,,,,,,,,,
0,1,2,5,GO:0042125,protein galactosylation,1,,,,,,,,,,,
0,0.769185777,2,291,GO:0042129,regulation of T cell proliferation,1,,,,,,,,,,,
0,0.522858152,2,184,GO:0042133,neurotransmitter metabolic process,1,,,,,,,,,,,
0,0.908835281,3,98,GO:0042136,neurotransmitter biosynthetic process,1,,,,,,,,,,,
0,1,3,10,GO:0042137;GO:0097401,sequestering of neurotransmitter,1,,,,,,,,,,,
0,1,2,6,GO:0042138,meiotic DNA double-strand break formation,1,,,,,,,,,,,
0,0.754614468,2,71,GO:0042149,cellular response to glucose starvation,1,,,,,,,,,,,
0,0.967265464,2,27,GO:0042159,lipoprotein catabolic process,1,,,,,,,,,,,
0,0.533730856,5,912,GO:0042176,regulation of protein catabolic process,1,,,,,,,,,,,
0,0.646796248,2,283,GO:0042177,negative regulation of protein catabolic process,1,,,,,,,,,,,
0,0.755067327,2,22,GO:0042178,xenobiotic catabolic process,1,,,,,,,,,,,
0,0.862083425,2,159,GO:0042180,cellular ketone metabolic process,1,,,,,,,,,,,
0,0.843853252,2,79,GO:0042181,ketone biosynthetic process,1,,,,,,,,,,,
0,1,2,11,GO:0042182,ketone catabolic process,1,,,,,,,,,,,
0,0.849760083,3,204,GO:0042220,response to cocaine,1,,,,,,,,,,,
0,0.830097807,2,14,GO:0042247,establishment of planar polarity of follicular epithelium,1,,,,,,,,,,,
0,0.982628587,3,32,GO:0042249,establishment of planar polarity of embryonic epithelium,1,,,,,,,,,,,
0,0.781124897,5,12,GO:0042256,mature ribosome assembly,1,,,,,,,,,,,
0,0.718041534,2,10,GO:0042262,DNA protection,1,,,,,,,,,,,
0,0.583200448,2,16,GO:0042268,regulation of cytolysis,1,,,,,,,,,,,
0,1,2,9,GO:0042271,susceptibility to natural killer cell mediated cytotoxicity,1,,,,,,,,,,,
0,0.532117413,2,6,GO:0042275,error-free postreplication DNA repair,1,,,,,,,,,,,
0,0.730384553,5,31,GO:0042276,error-prone translesion synthesis,1,,,,,,,,,,,
0,0.858357333,3,39,GO:0042297;GO:0098596;GO:0098598;GO:0098597,observational learning,1,,,,,,,,,,,
0,0.462565714,2,87,GO:0042304,regulation of fatty acid biosynthetic process,1,,,,,,,,,,,
0,0.995675186,2,103,GO:0042308;GO:0046823;GO:1904590,negative regulation of nucleocytoplasmic transport,1,,,,,,,,,,,
0,0.955080488,2,64,GO:0042310,vasoconstriction,1,,,,,,,,,,,
0,0.985800198,2,77,GO:0042311,vasodilation,1,,,,,,,,,,,
0,0.465079641,2,54,GO:0042332,gravitaxis,1,,,,,,,,,,,
0,0.761578891,2,62,GO:0042339;GO:0018146,keratan sulfate metabolic process,1,,,,,,,,,,,
0,0.734586371,3,41,GO:0042359,vitamin D metabolic process,1,,,,,,,,,,,
0,0.468969527,3,5,GO:0042360,vitamin E metabolic process,1,,,,,,,,,,,
0,1,3,25,GO:0042362,fat-soluble vitamin biosynthetic process,1,,,,,,,,,,,
0,1,2,16,GO:0042363,fat-soluble vitamin catabolic process,1,,,,,,,,,,,
0,1,2,7,GO:0042369,vitamin D catabolic process,1,,,,,,,,,,,
0,1,3,10,GO:0042373,vitamin K metabolic process,1,,,,,,,,,,,
0,0.832349448,3,26,GO:0042381,hemolymph coagulation,1,,,,,,,,,,,
0,0.998687734,3,1170,GO:0042391,regulation of membrane potential,1,,,,,,,,,,,
0,0.99752483,3,81,GO:0042401;GO:0009309,cellular biogenic amine biosynthetic process,1,,,,,,,,,,,
0,0.957824569,3,25,GO:0042403,thyroid hormone metabolic process,1,,,,,,,,,,,
0,0.978741529,2,46,GO:0042407,cristae formation,1,,,,,,,,,,,
0,1,5,6,GO:0042414,epinephrine metabolic process,1,,,,,,,,,,,
0,0.832349448,3,26,GO:0042415,norepinephrine metabolic process,1,,,,,,,,,,,
0,1,2,27,GO:0042416,dopamine biosynthetic process,1,,,,,,,,,,,
0,1,5,19,GO:0042421,norepinephrine biosynthetic process,1,,,,,,,,,,,
0,0.977617426,2,30,GO:0042428;GO:1901160,primary amino compound metabolic process,1,,,,,,,,,,,
0,0.974882151,2,58,GO:0042430,indole-containing compound metabolic process,1,,,,,,,,,,,
0,1,3,11,GO:0042435,indole-containing compound biosynthetic process,1,,,,,,,,,,,
0,0.984696369,2,33,GO:0042438,melanin biosynthetic process,1,,,,,,,,,,,
0,1,4,15,GO:0042439,ethanolamine-containing compound metabolic process,1,,,,,,,,,,,
0,0.374064769,2,367,GO:0042440,pigment metabolic process,1,,,,,,,,,,,
0,0.807479264,2,396,GO:0042445,hormone metabolic process,1,,,,,,,,,,,
0,0.803087876,3,132,GO:0042446,hormone biosynthetic process,1,,,,,,,,,,,
0,0.847874426,6,27,GO:0042448,progesterone metabolic process,1,,,,,,,,,,,
0,0.724494632,6,50,GO:0042454,ribonucleoside catabolic process,1,,,,,,,,,,,
0,0.981732682,2,477,GO:0042461;GO:0042462,photoreceptor cell development,1,,,,,,,,,,,
0,0.91534671,2,189,GO:0042475,odontogenesis of dentin-containing tooth,1,,,,,,,,,,,
0,0.475267476,4,280,GO:0042476,odontogenesis,1,,,,,,,,,,,
0,0.781124897,2,12,GO:0042479;GO:0045315,positive regulation of eye photoreceptor cell development,1,,,,,,,,,,,
0,0.636783715,2,8,GO:0042480,negative regulation of eye photoreceptor cell development,1,,,,,,,,,,,
0,0.96320274,6,54,GO:0042481,regulation of odontogenesis,1,,,,,,,,,,,
0,0.952127845,3,24,GO:0042482,positive regulation of odontogenesis,1,,,,,,,,,,,
0,0.967265464,2,27,GO:0042487,regulation of odontogenesis of dentin-containing tooth,1,,,,,,,,,,,
0,1,4,11,GO:0042488,positive regulation of odontogenesis of dentin-containing tooth,1,,,,,,,,,,,
0,0.847951232,4,250,GO:0042490;GO:0060113,mechanoreceptor differentiation,1,,,,,,,,,,,
0,1,2,15,GO:0042501,serine phosphorylation of STAT protein,1,,,,,,,,,,,
0,0.988956847,2,140,GO:0042509;GO:0042531,regulation of tyrosine phosphorylation of STAT protein,1,,,,,,,,,,,
0,1,3,37,GO:0042532,negative regulation of tyrosine phosphorylation of STAT protein,1,,,,,,,,,,,
0,0.978741529,3,46,GO:0042537,benzene-containing compound metabolic process,1,,,,,,,,,,,
0,0.547354234,3,41,GO:0042538,hyperosmotic salinity response,1,,,,,,,,,,,
0,1,2,5,GO:0042539,hypotonic salinity response,1,,,,,,,,,,,
0,0.938322978,3,22,GO:0042541,hemoglobin biosynthetic process,1,,,,,,,,,,,
0,0.338520093,4,305,GO:0042542,response to hydrogen peroxide,1,,,,,,,,,,,
0,0.463414403,5,21,GO:0042554,superoxide anion generation,1,,,,,,,,,,,
0,0.317496046,2,24,GO:0042559,pteridine-containing compound biosynthetic process,1,,,,,,,,,,,
0,0.724494632,7,50,GO:0042572,retinol metabolic process,1,,,,,,,,,,,
0,0.944693832,7,37,GO:0042573,retinoic acid metabolic process,1,,,,,,,,,,,
0,0.944693832,7,37,GO:0042574,retinal metabolic process,1,,,,,,,,,,,
0,0.3458504,4,25,GO:0042595,behavioral response to starvation,1,,,,,,,,,,,
0,1,3,9,GO:0042631,cellular response to water deprivation,1,,,,,,,,,,,
0,0.701801259,7,202,GO:0042632;GO:0055092,cholesterol homeostasis,1,,,,,,,,,,,
0,0.938635875,2,36,GO:0042635;GO:0051798,positive regulation of hair cycle,1,,,,,,,,,,,
0,0.537993292,2,32,GO:0042660,positive regulation of cell fate specification,1,,,,,,,,,,,
0,1,2,16,GO:0042662;GO:1905771;GO:1905903,negative regulation of mesodermal cell differentiation,1,,,,,,,,,,,
0,1,2,8,GO:0042667,auditory receptor cell fate specification,1,,,,,,,,,,,
0,0.426549964,5,12,GO:0042668;GO:1905457;GO:2000974;GO:2000978,auditory receptor cell fate determination,1,,,,,,,,,,,
0,0.996656985,2,45,GO:0042670,retinal cone cell differentiation,1,,,,,,,,,,,
0,1,6,12,GO:0042673;GO:0060222,regulation of retinal cone cell fate commitment,1,,,,,,,,,,,
0,0.680140714,3,93,GO:0042675,compound eye cone cell differentiation,1,,,,,,,,,,,
0,0.740699586,3,51,GO:0042676,compound eye cone cell fate commitment,1,,,,,,,,,,,
0,1,2,20,GO:0042682,regulation of compound eye cone cell fate specification,1,,,,,,,,,,,
0,1,2,14,GO:0042683,negative regulation of compound eye cone cell fate specification,1,,,,,,,,,,,
0,0.86811573,3,16,GO:0042691;GO:0045612,positive regulation of hemocyte differentiation,1,,,,,,,,,,,
0,0.848521769,2,109,GO:0042693,muscle cell fate commitment,1,,,,,,,,,,,
0,0.823311419,2,57,GO:0042694,muscle cell fate specification,1,,,,,,,,,,,
0,0.957245885,2,213,GO:0042698,ovulation cycle,1,,,,,,,,,,,
0,0.850308525,3,15,GO:0042699,follicle-stimulating hormone signaling pathway,1,,,,,,,,,,,
0,0.532117413,2,6,GO:0042701,progesterone secretion,1,,,,,,,,,,,
0,0.532117413,3,6,GO:0042704,uterine wall breakdown,1,,,,,,,,,,,
0,0.870924015,2,51,GO:0042711;GO:0060746,parental behavior,1,,,,,,,,,,,
0,0.430554219,2,28,GO:0042713,sperm ejaculation,1,,,,,,,,,,,
0,1,3,9,GO:0042723,thiamine-containing compound metabolic process,1,,,,,,,,,,,
0,1,2,18,GO:0042726;GO:0006771,flavin-containing compound metabolic process,1,,,,,,,,,,,
0,1,2,5,GO:0042727,flavin-containing compound biosynthetic process,1,,,,,,,,,,,
0,0.977617426,2,30,GO:0042730,fibrinolysis,1,,,,,,,,,,,
0,0.532117413,2,6,GO:0042732,D-xylose metabolic process,1,,,,,,,,,,,
0,0.973459274,2,581,GO:0042742,defense response to bacterium,1,,,,,,,,,,,
0,0.999161239,2,173,GO:0042749;GO:0045187,regulation of circadian sleep/wake cycle,1,,,,,,,,,,,
0,0.513778755,3,453,GO:0042752,regulation of circadian rhythm,1,,,,,,,,,,,
0,0.97752031,2,130,GO:0042753;GO:0045938,positive regulation of circadian rhythm,1,,,,,,,,,,,
0,0.492483316,2,47,GO:0042754,negative regulation of circadian rhythm,1,,,,,,,,,,,
0,0.736842416,2,125,GO:0042755,eating behavior,1,,,,,,,,,,,
0,0.686868582,2,29,GO:0042756,drinking behavior,1,,,,,,,,,,,
0,0.874637877,4,62,GO:0042759,long-chain fatty acid biosynthetic process,1,,,,,,,,,,,
0,0.317496046,2,24,GO:0042760,very long-chain fatty acid catabolic process,1,,,,,,,,,,,
0,1,9,26,GO:0042776,mitochondrial ATP synthesis coupled proton transport,1,,,,,,,,,,,
0,1,2,11,GO:0042780,tRNA 3'-end processing,1,,,,,,,,,,,
0,0.501253885,4,39,GO:0042789,mRNA transcription by RNA polymerase II,1,,,,,,,,,,,
0,1,2,11,GO:0042791,5S class rRNA transcription by RNA polymerase III,1,,,,,,,,,,,
0,0.830097807,3,14,GO:0042796,snRNA transcription by RNA polymerase III,1,,,,,,,,,,,
0,0.382687015,3,11,GO:0042810;GO:0042811,pheromone metabolic process,1,,,,,,,,,,,
0,0.899598503,-1,43,GO:0042891,obsolete antibiotic transport,1,,,,,,,,,,,
0,0.587758061,2,7,GO:0042904;GO:0042905,9-cis-retinoic acid biosynthetic process,1,,,,,,,,,,,
0,0.945661923,4,23,GO:0042908,xenobiotic transport,1,,,,,,,,,,,
0,0.463414403,4,21,GO:0042921,glucocorticoid receptor signaling pathway,1,,,,,,,,,,,
0,0.909808028,6,19,GO:0042940,D-amino acid transport,1,,,,,,,,,,,
0,1,2,5,GO:0042942,D-serine transport,1,,,,,,,,,,,
0,0.329069441,6,17,GO:0042976,activation of Janus kinase activity,1,,,,,,,,,,,
0,0.97632038,2,45,GO:0042982,amyloid precursor protein metabolic process,1,,,,,,,,,,,
0,0.64880604,2,18,GO:0042984;GO:0042985,regulation of amyloid precursor protein biosynthetic process,1,,,,,,,,,,,
0,0.957824569,3,25,GO:0042987,amyloid precursor protein catabolic process,1,,,,,,,,,,,
0,0.850308525,7,15,GO:0042989,sequestering of actin monomers,1,,,,,,,,,,,
0,0.555285204,4,50,GO:0042996;GO:0042998,regulation of Golgi to plasma membrane protein transport,1,,,,,,,,,,,
0,0.337432237,3,10,GO:0042997,negative regulation of Golgi to plasma membrane protein transport,1,,,,,,,,,,,
0,0.727384633,2,69,GO:0043001,Golgi to plasma membrane protein transport,1,,,,,,,,,,,
0,0.899910007,2,968,GO:0043010,camera-type eye development,1,,,,,,,,,,,
0,0.824392573,2,77,GO:0043029,T cell homeostasis,1,,,,,,,,,,,
0,0.318123392,2,70,GO:0043030,regulation of macrophage activation,1,,,,,,,,,,,
0,1,2,18,GO:0043031,negative regulation of macrophage activation,1,,,,,,,,,,,
0,0.379717871,2,34,GO:0043032,positive regulation of macrophage activation,1,,,,,,,,,,,
0,0.971161259,3,28,GO:0043049,otic placode formation,1,,,,,,,,,,,
0,0.426991058,3,44,GO:0043050,pharyngeal pumping,1,,,,,,,,,,,
0,0.970428166,2,210,GO:0043051;GO:1903998,regulation of eating behavior,1,,,,,,,,,,,
0,0.999891226,3,72,GO:0043052,thermotaxis,1,,,,,,,,,,,
0,1,3,29,GO:0043054;GO:0071981,exit from diapause,1,,,,,,,,,,,
0,0.485407817,3,30,GO:0043057,backward locomotion,1,,,,,,,,,,,
0,0.832621626,3,37,GO:0043058,regulation of backward locomotion,1,,,,,,,,,,,
0,0.731450953,2,21,GO:0043059,regulation of forward locomotion,1,,,,,,,,,,,
0,1,2,15,GO:0043084,penile erection,1,,,,,,,,,,,
0,0.347860423,3,1637,GO:0043086,negative regulation of catalytic activity,1,,,,,,,,,,,
0,0.999270254,2,57,GO:0043090,amino acid import,1,,,,,,,,,,,
0,0.336271123,2,79,GO:0043094,cellular metabolic compound salvage,1,,,,,,,,,,,
0,1,3,5,GO:0043095,regulation of GTP cyclohydrolase I activity,1,,,,,,,,,,,
0,0.677051526,2,38,GO:0043101,purine-containing compound salvage,1,,,,,,,,,,,
0,0.482714986,2,105,GO:0043114,regulation of vascular permeability,1,,,,,,,,,,,
0,0.899598503,2,43,GO:0043116,negative regulation of vascular permeability,1,,,,,,,,,,,
0,0.697142685,3,39,GO:0043117,positive regulation of vascular permeability,1,,,,,,,,,,,
0,0.374064769,2,367,GO:0043122,regulation of I-kappaB kinase/NF-kappaB signaling,1,,,,,,,,,,,
0,0.697592363,2,272,GO:0043123,positive regulation of I-kappaB kinase/NF-kappaB signaling,1,,,,,,,,,,,
0,1,6,5,GO:0043134,regulation of hindgut contraction,1,,,,,,,,,,,
0,1,5,5,GO:0043152,induction of bacterial agglutination,1,,,,,,,,,,,
0,0.949389011,2,249,GO:0043154;GO:2000117,negative regulation of cysteine-type endopeptidase activity,1,,,,,,,,,,,
0,0.998437954,2,51,GO:0043162,ubiquitin-dependent protein catabolic process via the multivesicular body sorting pathway,1,,,,,,,,,,,
0,0.870924015,3,51,GO:0043171,peptide catabolic process,1,,,,,,,,,,,
0,0.850308525,2,15,GO:0043179,rhythmic excitation,1,,,,,,,,,,,
0,0.463414403,5,21,GO:0043201,response to leucine,1,,,,,,,,,,,
0,0.453435446,2,37,GO:0043217,myelin maintenance,1,,,,,,,,,,,
0,0.92697949,2,91,GO:0043243,positive regulation of protein-containing complex disassembly,1,,,,,,,,,,,
0,0.756099708,5,289,GO:0043244;GO:1901879,regulation of protein-containing complex disassembly,1,,,,,,,,,,,
0,0.468712327,6,13,GO:0043247,telomere maintenance in response to DNA damage,1,,,,,,,,,,,
0,1,3,30,GO:0043248,proteasome assembly,1,,,,,,,,,,,
0,0.967347535,2,42,GO:0043249,erythrocyte maturation,1,,,,,,,,,,,
0,0.730384553,2,31,GO:0043252,sodium-independent organic anion transport,1,,,,,,,,,,,
0,0.744303062,5,216,GO:0043255,regulation of carbohydrate biosynthetic process,1,,,,,,,,,,,
0,0.80115731,2,242,GO:0043266;GO:1901379,regulation of potassium ion transport,1,,,,,,,,,,,
0,0.606242284,3,79,GO:0043267,negative regulation of potassium ion transport,1,,,,,,,,,,,
0,0.896114078,3,126,GO:0043268;GO:1901381,positive regulation of potassium ion transport,1,,,,,,,,,,,
0,0.786818299,2,1904,GO:0043270;GO:1903793,positive regulation of ion transport,1,,,,,,,,,,,
0,0.931950822,2,35,GO:0043276,anoikis,1,,,,,,,,,,,
0,0.67665324,5,208,GO:0043277,apoptotic cell clearance,1,,,,,,,,,,,
0,0.916531786,3,425,GO:0043279,response to alkaloid,1,,,,,,,,,,,
0,0.920538784,2,20,GO:0043282,pharyngeal muscle development,1,,,,,,,,,,,
0,0.516984153,2,251,GO:0043297;GO:0120192;GO:0120193,apical junction assembly,1,,,,,,,,,,,
0,0.444951411,5,53,GO:0043302,positive regulation of leukocyte degranulation,1,,,,,,,,,,,
0,1,3,10,GO:0043309,regulation of eosinophil degranulation,1,,,,,,,,,,,
0,1,2,7,GO:0043311;GO:1902568,positive regulation of eosinophil degranulation,1,,,,,,,,,,,
0,0.468969527,3,5,GO:0043315;GO:1902565,positive regulation of neutrophil activation,1,,,,,,,,,,,
0,0.636783715,2,8,GO:0043320,natural killer cell degranulation,1,,,,,,,,,,,
0,1,3,10,GO:0043321,regulation of natural killer cell degranulation,1,,,,,,,,,,,
0,1,2,5,GO:0043323,positive regulation of natural killer cell degranulation,1,,,,,,,,,,,
0,0.532117413,4,6,GO:0043327,chemotaxis to cAMP,1,,,,,,,,,,,
0,1,3,9,GO:0043328,protein transport to vacuole involved in ubiquitin-dependent protein catabolic process via the multivesicular body sorting pathway,1,,,,,,,,,,,
0,0.754614468,5,71,GO:0043330,response to exogenous dsRNA,1,,,,,,,,,,,
0,0.583200448,6,16,GO:0043353,enucleate erythrocyte differentiation,1,,,,,,,,,,,
0,1,2,8,GO:0043363;GO:0048823,nucleate erythrocyte differentiation,1,,,,,,,,,,,
0,1,3,9,GO:0043366,beta selection,1,,,,,,,,,,,
0,0.980921909,2,47,GO:0043368,positive T cell selection,1,,,,,,,,,,,
0,0.532117413,2,6,GO:0043380;GO:0043382,regulation of memory T cell differentiation,1,,,,,,,,,,,
0,0.317496046,2,24,GO:0043383;GO:0045060,negative T cell selection,1,,,,,,,,,,,
0,1,2,9,GO:0043385;GO:0046222;GO:1901376,mycotoxin metabolic process,1,,,,,,,,,,,
0,0.679980604,2,9,GO:0043397,regulation of corticotropin-releasing hormone secretion,1,,,,,,,,,,,
0,1,2,7,GO:0043402,glucocorticoid mediated signaling pathway,1,,,,,,,,,,,
0,0.578954411,2,215,GO:0043407,negative regulation of MAP kinase activity,1,,,,,,,,,,,
0,0.587758061,3,7,GO:0043418,homocysteine catabolic process,1,,,,,,,,,,,
0,0.685317118,7,349,GO:0043433,negative regulation of DNA-binding transcription factor activity,1,,,,,,,,,,,
0,0.404058607,4,1294,GO:0043434;GO:1901652,response to peptide,1,,,,,,,,,,,
0,1,6,13,GO:0043435;GO:0071376,cellular response to corticotropin-releasing hormone stimulus,1,,,,,,,,,,,
0,0.587758061,4,7,GO:0043456;GO:1902031,regulation of NADP metabolic process,1,,,,,,,,,,,
0,0.874637877,6,62,GO:0043457,regulation of cellular respiration,1,,,,,,,,,,,
0,0.724077392,2,249,GO:0043462,regulation of ATPase activity,1,,,,,,,,,,,
0,0.636783715,2,8,GO:0043465;GO:1902688;GO:1904023,regulation of NAD metabolic process,1,,,,,,,,,,,
0,0.620286995,5,297,GO:0043467,regulation of generation of precursor metabolites and energy,1,,,,,,,,,,,
0,0.906668326,1,449,GO:0043473,pigmentation,1,,,,,,,,,,,
0,0.832349448,2,26,GO:0043476;GO:0043482,pigment accumulation,1,,,,,,,,,,,
0,0.49806254,2,518,GO:0043484;GO:0048024;GO:0050684,regulation of RNA splicing,1,,,,,,,,,,,
0,0.929993176,4,21,GO:0043485;GO:0048757;GO:0035646,endosome to pigment granule transport,1,,,,,,,,,,,
0,0.915308696,2,341,GO:0043487;GO:0043488;GO:0061013,regulation of mRNA catabolic process,1,,,,,,,,,,,
0,0.95971522,3,132,GO:0043489;GO:1902369;GO:0048255;GO:1902373,negative regulation of RNA catabolic process,1,,,,,,,,,,,
0,0.861509807,5,91,GO:0043491,protein kinase B signaling,1,,,,,,,,,,,
0,0.652533491,2,46,GO:0043496,regulation of protein homodimerization activity,1,,,,,,,,,,,
0,0.427827234,2,93,GO:0043500;GO:0014888,muscle adaptation,1,,,,,,,,,,,
0,0.337432237,3,10,GO:0043504,mitochondrial DNA repair,1,,,,,,,,,,,
0,0.372969491,2,408,GO:0043524,negative regulation of neuron apoptotic process,1,,,,,,,,,,,
0,0.533628968,2,185,GO:0043525,positive regulation of neuron apoptotic process,1,,,,,,,,,,,
0,1,3,11,GO:0043545;GO:0051189;GO:0032324,molybdopterin cofactor metabolic process,1,,,,,,,,,,,
0,0.426549964,8,12,GO:0043553,negative regulation of phosphatidylinositol 3-kinase activity,1,,,,,,,,,,,
0,0.931950822,2,35,GO:0043555,regulation of translation in response to stress,1,,,,,,,,,,,
0,1,2,17,GO:0043558,regulation of translational initiation in response to stress,1,,,,,,,,,,,
0,0.860710334,3,50,GO:0043576,regulation of respiratory gaseous exchange,1,,,,,,,,,,,
0,0.713014375,3,68,GO:0043586,tongue development,1,,,,,,,,,,,
0,0.845956206,3,38,GO:0043587,tongue morphogenesis,1,,,,,,,,,,,
0,0.432772522,4,483,GO:0043588,skin development,1,,,,,,,,,,,
0,0.463414403,2,21,GO:0043589,skin morphogenesis,1,,,,,,,,,,,
0,0.858357333,3,39,GO:0043616,keratinocyte proliferation,1,,,,,,,,,,,
0,0.932067356,2,252,GO:0043624,cellular protein complex disassembly,1,,,,,,,,,,,
0,0.923602858,2,230,GO:0043627,response to estrogen,1,,,,,,,,,,,
0,0.989632085,2,67,GO:0043628,ncRNA 3'-end processing,1,,,,,,,,,,,
0,0.468969527,3,5,GO:0043629;GO:0043630,ncRNA polyadenylation,1,,,,,,,,,,,
0,0.850308525,6,15,GO:0043633;GO:0043634;GO:0071029;GO:0071046,polyadenylation-dependent RNA catabolic process,1,,,,,,,,,,,
0,0.401485589,2,132,GO:0043647,inositol phosphate metabolic process,1,,,,,,,,,,,
0,0.429048636,4,36,GO:0043649,dicarboxylic acid catabolic process,1,,,,,,,,,,,
0,0.716319821,2,40,GO:0043650,dicarboxylic acid biosynthetic process,1,,,,,,,,,,,
0,0.402521256,2,27,GO:0043651,linoleic acid metabolic process,1,,,,,,,,,,,
0,0.339057528,2,103,GO:0043652,engulfment of apoptotic cell,1,,,,,,,,,,,
0,0.730384553,2,31,GO:0043653,mitochondrial fragmentation involved in apoptotic process,1,,,,,,,,,,,
0,0.506690307,4,292,GO:0043666;GO:0035304,regulation of protein dephosphorylation,1,,,,,,,,,,,
0,0.452182525,2,653,GO:0043687,post-translational protein modification,1,,,,,,,,,,,
0,0.77686618,3,23,GO:0043691,reverse cholesterol transport,1,,,,,,,,,,,
0,0.724494632,2,50,GO:0043696;GO:0043697,dedifferentiation,1,,,,,,,,,,,
0,0.920538784,4,20,GO:0043704,photoreceptor cell fate specification,1,,,,,,,,,,,
0,0.858364564,3,1240,GO:0043900,regulation of multi-organism process,1,,,,,,,,,,,
0,0.8873339,2,479,GO:0043901,negative regulation of multi-organism process,1,,,,,,,,,,,
0,0.708336541,2,518,GO:0043902,positive regulation of multi-organism process,1,,,,,,,,,,,
0,0.96645037,3,442,GO:0043903;GO:0050792,regulation of biological process involved in symbiotic interaction,1,,,,,,,,,,,
0,0.650978522,5,55,GO:0043921;GO:0043922;GO:0052312;GO:0052472,modulation of transcription in other organism involved in symbiotic interaction,1,,,,,,,,,,,
0,0.679980604,3,9,GO:0043932,ossification involved in bone remodeling,1,,,,,,,,,,,
0,0.946179624,2,148,GO:0043949,regulation of cAMP-mediated signaling,1,,,,,,,,,,,
0,0.951704063,2,86,GO:0043950,positive regulation of cAMP-mediated signaling,1,,,,,,,,,,,
0,0.701892863,3,58,GO:0043951,negative regulation of cAMP-mediated signaling,1,,,,,,,,,,,
0,1,3,6,GO:0043972,histone H3-K23 acetylation,1,,,,,,,,,,,
0,1,5,14,GO:0043985,histone H4-R3 methylation,1,,,,,,,,,,,
0,1,7,7,GO:0044028;GO:0044029,DNA hypomethylation,1,,,,,,,,,,,
0,0.932696698,4,1661,GO:0044057,regulation of system process,1,,,,,,,,,,,
0,0.97754966,2,96,GO:0044058,regulation of digestive system process,1,,,,,,,,,,,
0,0.965343863,5,145,GO:0044060,regulation of endocrine process,1,,,,,,,,,,,
0,0.901508361,3,117,GO:0044062,regulation of excretion,1,,,,,,,,,,,
0,0.972831825,2,2400,GO:0044070,regulation of anion transport,1,,,,,,,,,,,
0,0.545856962,2,118,GO:0044088,regulation of vacuole organization,1,,,,,,,,,,,
0,0.850308525,4,15,GO:0044108;GO:0044107;GO:0036378;GO:0042368,cellular alcohol biosynthetic process,1,,,,,,,,,,,
0,0.999171554,-1,56,GO:0044126;GO:0044130;GO:0044144;GO:0044146,obsolete regulation of growth of symbiont in host,1,,,,,,,,,,,
0,0.990782561,2,37,GO:0044241,lipid digestion,1,,,,,,,,,,,
0,1,3,11,GO:0044245,polysaccharide digestion,1,,,,,,,,,,,
0,0.685317118,2,349,GO:0044262,cellular carbohydrate metabolic process,1,,,,,,,,,,,
0,1,5,5,GO:0044313,protein K6-linked deubiquitination,1,,,,,,,,,,,
0,0.636783715,2,8,GO:0044314,protein K27-linked ubiquitination,1,,,,,,,,,,,
0,0.870924015,2,51,GO:0044320;GO:0044321,response to leptin,1,,,,,,,,,,,
0,1,5,5,GO:0044324,regulation of transcription involved in anterior/posterior axis specification,1,,,,,,,,,,,
0,1,3,5,GO:0044330,canonical Wnt signaling pathway involved in positive regulation of wound healing,1,,,,,,,,,,,
0,0.382687015,5,11,GO:0044332,Wnt signaling pathway involved in dorsal/ventral axis specification,1,,,,,,,,,,,
0,0.883805177,5,17,GO:0044333,Wnt signaling pathway involved in digestive tract morphogenesis,1,,,,,,,,,,,
0,1,3,6,GO:0044335;GO:0061324,canonical Wnt signaling pathway involved in neural crest cell differentiation,1,,,,,,,,,,,
0,0.751576986,6,11,GO:0044336,canonical Wnt signaling pathway involved in negative regulation of apoptotic process,1,,,,,,,,,,,
0,0.468969527,6,5,GO:0044338;GO:0072497,canonical Wnt signaling pathway involved in mesenchymal stem cell differentiation,1,,,,,,,,,,,
0,0.587758061,6,7,GO:0044339,canonical Wnt signaling pathway involved in osteoblast differentiation,1,,,,,,,,,,,
0,1,6,10,GO:0044340,canonical Wnt signaling pathway involved in regulation of cell proliferation,1,,,,,,,,,,,
0,1,2,18,GO:0044341,sodium-dependent phosphate transport,1,,,,,,,,,,,
0,1,2,7,GO:0044346,fibroblast apoptotic process,1,,,,,,,,,,,
0,1,2,24,GO:0044351,macropinocytosis,1,,,,,,,,,,,
0,0.329069441,2,17,GO:0044359;GO:0044362;GO:0052405;GO:0052204;GO:0052428;GO:0052205,modulation of molecular function in other organism,1,,,,,,,,,,,
0,0.981347553,4,110,GO:0044380;GO:0072698,protein localization to cytoskeleton,1,,,,,,,,,,,
0,1,2,5,GO:0044381,glucose import in response to insulin stimulus,1,,,,,,,,,,,
0,0.974862215,2,695,GO:0044403,biological process involved in symbiotic interaction,1,,,,,,,,,,,
0,0.99273403,2,122,GO:0044409;GO:0052126,movement in host environment,1,,,,,,,,,,,
0,0.830097807,2,14,GO:0044417;GO:0046784,translocation of molecules into host,1,,,,,,,,,,,
0,0.504765427,7,56,GO:0044458,motile cilium assembly,1,,,,,,,,,,,
0,1,2,12,GO:0044528,regulation of mitochondrial mRNA stability,1,,,,,,,,,,,
0,1,2,8,GO:0044533;GO:0052042;GO:0052151;GO:0060139,positive regulation of apoptotic process in other organism,1,,,,,,,,,,,
0,0.790346847,2,93,GO:0044550,secondary metabolite biosynthetic process,1,,,,,,,,,,,
0,0.612091,5,26,GO:0044557;GO:0060087,relaxation of smooth muscle,1,,,,,,,,,,,
0,1,4,7,GO:0044565,dendritic cell proliferation,1,,,,,,,,,,,
0,1,9,8,GO:0044648,histone H3-K4 dimethylation,1,,,,,,,,,,,
0,0.471096195,2,606,GO:0044706;GO:0007565,multi-multicellular organism process,1,,,,,,,,,,,
0,0.862078984,4,28,GO:0044719,regulation of imaginal disc-derived wing size,1,,,,,,,,,,,
0,0.970874029,2,69,GO:0044743,protein transmembrane import into intracellular organelle,1,,,,,,,,,,,
0,0.463414403,5,21,GO:0044752,response to human chorionic gonadotropin,1,,,,,,,,,,,
0,0.951263923,2,51,GO:0044764,multi-organism cellular process,1,,,,,,,,,,,
0,0.923055105,3,46,GO:0044766;GO:1902579,multi-organism transport,1,,,,,,,,,,,
0,1,3,9,GO:0044771,meiotic cell cycle phase transition,1,,,,,,,,,,,
0,0.477191758,3,230,GO:0044773;GO:0044774,mitotic DNA integrity checkpoint,1,,,,,,,,,,,
0,0.570006766,6,94,GO:0044786,cell cycle DNA replication,1,,,,,,,,,,,
0,0.439377435,2,102,GO:0044788,modulation by host of viral process,1,,,,,,,,,,,
0,0.547147755,4,15,GO:0044789;GO:0044791,modulation by host of viral release from host cell,1,,,,,,,,,,,
0,0.367405235,5,73,GO:0044793,negative regulation by host of viral process,1,,,,,,,,,,,
0,0.99284672,2,39,GO:0044804,autophagy of nucleus,1,,,,,,,,,,,
0,1,5,6,GO:0044805,late nucleophagy,1,,,,,,,,,,,
0,0.532117413,2,6,GO:0044806,G-quadruplex DNA unwinding,1,,,,,,,,,,,
0,0.692853711,2,103,GO:0044837,actomyosin contractile ring organization,1,,,,,,,,,,,
0,0.992063897,3,55,GO:0044849,estrous cycle,1,,,,,,,,,,,
0,0.64880604,6,18,GO:0044860,protein localization to plasma membrane raft,1,,,,,,,,,,,
0,0.781124897,2,12,GO:0044861,protein transport into plasma membrane raft,1,,,,,,,,,,,
0,0.718041534,2,10,GO:0044878,mitotic cytokinesis checkpoint,1,,,,,,,,,,,
0,1,5,9,GO:0045002,double-strand break repair via single-strand annealing,1,,,,,,,,,,,
0,0.920538784,2,20,GO:0045003,double-strand break repair via synthesis-dependent strand annealing,1,,,,,,,,,,,
0,1,4,6,GO:0045006,DNA deamination,1,,,,,,,,,,,
0,0.697142685,3,39,GO:0045019;GO:1904406,negative regulation of nitric oxide biosynthetic process,1,,,,,,,,,,,
0,0.800207643,3,65,GO:0045022;GO:0098927,vesicle-mediated transport between endosomal compartments,1,,,,,,,,,,,
0,0.532117413,3,6,GO:0045023,G0 to G1 transition,1,,,,,,,,,,,
0,0.773564677,3,82,GO:0045026,plasma membrane fusion,1,,,,,,,,,,,
0,0.663215178,3,28,GO:0045035,sensory organ precursor cell division,1,,,,,,,,,,,
0,1,4,12,GO:0045039,protein insertion into mitochondrial inner membrane,1,,,,,,,,,,,
0,0.807159278,5,13,GO:0045040,protein insertion into mitochondrial outer membrane,1,,,,,,,,,,,
0,1,6,5,GO:0045041,protein import into mitochondrial intermembrane space,1,,,,,,,,,,,
0,1,2,9,GO:0045046,protein import into peroxisome membrane,1,,,,,,,,,,,
0,0.617084583,2,17,GO:0045048;GO:0071816,protein insertion into ER membrane,1,,,,,,,,,,,
0,1,2,6,GO:0045053,protein retention in Golgi apparatus,1,,,,,,,,,,,
0,0.823311419,2,57,GO:0045056,transcytosis,1,,,,,,,,,,,
0,0.779835237,2,73,GO:0045058,T cell selection,1,,,,,,,,,,,
0,0.64880604,2,18,GO:0045059,positive thymic T cell selection,1,,,,,,,,,,,
0,1,3,6,GO:0045064,T-helper 2 cell differentiation,1,,,,,,,,,,,
0,0.366829893,5,65,GO:0045071,negative regulation of viral genome replication,1,,,,,,,,,,,
0,0.552333285,2,975,GO:0045087,innate immune response,1,,,,,,,,,,,
0,0.508636126,2,949,GO:0045088;GO:0002831,regulation of response to biotic stimulus,1,,,,,,,,,,,
0,0.524761688,3,539,GO:0045089;GO:0002833,positive regulation of response to biotic stimulus,1,,,,,,,,,,,
0,1,3,9,GO:0045091,regulation of single stranded viral RNA replication via double stranded DNA intermediate,1,,,,,,,,,,,
0,0.8053621,2,104,GO:0045103;GO:0045104,intermediate filament-based process,1,,,,,,,,,,,
0,0.679980604,2,9,GO:0045105,intermediate filament polymerization or depolymerization,1,,,,,,,,,,,
0,1,6,5,GO:0045107,intermediate filament polymerization,1,,,,,,,,,,,
0,1,5,6,GO:0045108,regulation of intermediate filament polymerization or depolymerization,1,,,,,,,,,,,
0,0.969568581,2,56,GO:0045109,intermediate filament organization,1,,,,,,,,,,,
0,0.679980604,4,9,GO:0045110,intermediate filament bundle assembly,1,,,,,,,,,,,
0,0.679980604,2,9,GO:0045113,regulation of integrin biosynthetic process,1,,,,,,,,,,,
0,0.374241607,2,26,GO:0045116,protein neddylation,1,,,,,,,,,,,
0,0.998787928,2,53,GO:0045117,azole transmembrane transport,1,,,,,,,,,,,
0,0.632875278,2,54,GO:0045123,cellular extravasation,1,,,,,,,,,,,
0,0.532117413,6,6,GO:0045163,clustering of voltage-gated potassium channels,1,,,,,,,,,,,
0,0.319543526,2,1579,GO:0045165,cell fate commitment,1,,,,,,,,,,,
0,0.507355332,4,73,GO:0045167,asymmetric protein localization involved in cell fate determination,1,,,,,,,,,,,
0,0.632788878,4,45,GO:0045175,basal protein localization,1,,,,,,,,,,,
0,0.972609721,3,138,GO:0045176,apical protein localization,1,,,,,,,,,,,
0,0.537993292,8,32,GO:0045186,zonula adherens assembly,1,,,,,,,,,,,
0,0.962769483,3,78,GO:0045196,establishment or maintenance of neuroblast polarity,1,,,,,,,,,,,
0,0.92968298,4,47,GO:0045200,establishment of neuroblast polarity,1,,,,,,,,,,,
0,0.850308525,2,15,GO:0045201,maintenance of neuroblast polarity,1,,,,,,,,,,,
0,0.494863772,2,694,GO:0045216,cell-cell junction organization,1,,,,,,,,,,,
0,0.916918004,4,120,GO:0045217,cell-cell junction maintenance,1,,,,,,,,,,,
0,0.636783715,2,8,GO:0045218,zonula adherens maintenance,1,,,,,,,,,,,
0,1,5,6,GO:0045226;GO:0046379,extracellular polysaccharide biosynthetic process,1,,,,,,,,,,,
0,0.547147755,5,15,GO:0045313,rhabdomere membrane biogenesis,1,,,,,,,,,,,
0,0.508958394,2,14,GO:0045317,equator specification,1,,,,,,,,,,,
0,0.988016633,2,319,GO:0045333,cellular respiration,1,,,,,,,,,,,
0,0.883805177,2,17,GO:0045343;GO:0045345,regulation of MHC class I biosynthetic process,1,,,,,,,,,,,
0,0.850308525,2,15,GO:0045346,regulation of MHC class II biosynthetic process,1,,,,,,,,,,,
0,1,4,9,GO:0045347,negative regulation of MHC class II biosynthetic process,1,,,,,,,,,,,
0,0.636783715,3,8,GO:0045348,positive regulation of MHC class II biosynthetic process,1,,,,,,,,,,,
0,0.579629903,2,155,GO:0045428;GO:0080164,regulation of nitric oxide metabolic process,1,,,,,,,,,,,
0,0.532611491,2,134,GO:0045429;GO:1903428;GO:1904407,positive regulation of reactive oxygen species biosynthetic process,1,,,,,,,,,,,
0,0.754209167,4,262,GO:0045444,fat cell differentiation,1,,,,,,,,,,,
0,0.897628656,3,18,GO:0045450,bicoid mRNA localization,1,,,,,,,,,,,
0,0.717699932,6,59,GO:0045453,bone resorption,1,,,,,,,,,,,
0,0.784033212,2,44,GO:0045454,cell redox homeostasis,1,,,,,,,,,,,
0,0.374241607,2,26,GO:0045463,R8 cell development,1,,,,,,,,,,,
0,0.807159278,6,13,GO:0045464,R8 cell fate specification,1,,,,,,,,,,,
0,0.956305705,3,76,GO:0045465,R8 cell differentiation,1,,,,,,,,,,,
0,0.876341168,4,171,GO:0045466,R7 cell differentiation,1,,,,,,,,,,,
0,0.898893952,3,65,GO:0045467,R7 cell development,1,,,,,,,,,,,
0,0.750287097,3,32,GO:0045468,regulation of R8 cell spacing in compound eye,1,,,,,,,,,,,
0,0.321895563,5,597,GO:0045471,response to ethanol,1,,,,,,,,,,,
0,0.437546557,2,69,GO:0045472,response to ether,1,,,,,,,,,,,
0,0.875057532,5,29,GO:0045477,regulation of nurse cell apoptotic process,1,,,,,,,,,,,
0,0.524548458,2,40,GO:0045478;GO:0030723,fusome organization,1,,,,,,,,,,,
0,0.3458504,3,25,GO:0045498,sex comb development,1,,,,,,,,,,,
0,1,5,10,GO:0045501;GO:0045677;GO:0110118;GO:0045873,negative regulation of R7 cell differentiation,1,,,,,,,,,,,
0,0.366447888,3,105,GO:0045540;GO:0090181;GO:0106118,regulation of cholesterol metabolic process,1,,,,,,,,,,,
0,0.718041534,5,10,GO:0045541;GO:0090206;GO:0106119,negative regulation of sterol biosynthetic process,1,,,,,,,,,,,
0,0.967265464,3,27,GO:0045571,negative regulation of imaginal disc growth,1,,,,,,,,,,,
0,0.584646839,2,25,GO:0045572,positive regulation of imaginal disc growth,1,,,,,,,,,,,
0,1,2,6,GO:0045575;GO:0002276,basophil activation,1,,,,,,,,,,,
0,0.995109745,3,42,GO:0045576,mast cell activation,1,,,,,,,,,,,
0,0.585734945,5,69,GO:0045577,regulation of B cell differentiation,1,,,,,,,,,,,
0,0.883805177,2,17,GO:0045578,negative regulation of B cell differentiation,1,,,,,,,,,,,
0,0.453435446,3,37,GO:0045579,positive regulation of B cell differentiation,1,,,,,,,,,,,
0,0.534240028,3,346,GO:0045580;GO:0045619,regulation of lymphocyte differentiation,1,,,,,,,,,,,
0,0.533628968,8,185,GO:0045582;GO:0045621,positive regulation of lymphocyte differentiation,1,,,,,,,,,,,
0,0.77686618,3,23,GO:0045586;GO:0046643;GO:0045588;GO:0046645,positive regulation of gamma-delta T cell activation,1,,,,,,,,,,,
0,0.668524094,6,56,GO:0045589,regulation of regulatory T cell differentiation,1,,,,,,,,,,,
0,0.636783715,6,8,GO:0045590,negative regulation of regulatory T cell differentiation,1,,,,,,,,,,,
0,0.458219008,2,29,GO:0045591,positive regulation of regulatory T cell differentiation,1,,,,,,,,,,,
0,0.819594868,6,134,GO:0045600,positive regulation of fat cell differentiation,1,,,,,,,,,,,
0,0.555991266,6,24,GO:0045605,negative regulation of epidermal cell differentiation,1,,,,,,,,,,,
0,0.31619155,2,39,GO:0045606,positive regulation of epidermal cell differentiation,1,,,,,,,,,,,
0,0.686868582,4,29,GO:0045607;GO:2000980;GO:0045631,regulation of inner ear receptor cell differentiation,1,,,,,,,,,,,
0,0.464414053,2,137,GO:0045610,regulation of hemocyte differentiation,1,,,,,,,,,,,
0,0.718041534,2,10,GO:0045617,negative regulation of keratinocyte differentiation,1,,,,,,,,,,,
0,0.432729235,4,118,GO:0045620;GO:0045581,negative regulation of lymphocyte differentiation,1,,,,,,,,,,,
0,0.717699932,3,59,GO:0045622,regulation of T-helper cell differentiation,1,,,,,,,,,,,
0,0.33025755,3,32,GO:0045623,negative regulation of T-helper cell differentiation,1,,,,,,,,,,,
0,0.907522111,3,32,GO:0045624,positive regulation of T-helper cell differentiation,1,,,,,,,,,,,
0,0.909808028,4,19,GO:0045625;GO:0045627,regulation of T-helper 1 cell differentiation,1,,,,,,,,,,,
0,0.64880604,4,18,GO:0045628,regulation of T-helper 2 cell differentiation,1,,,,,,,,,,,
0,0.337432237,3,10,GO:0045629,negative regulation of T-helper 2 cell differentiation,1,,,,,,,,,,,
0,1,2,8,GO:0045630;GO:0060010,positive regulation of T-helper 2 cell differentiation,1,,,,,,,,,,,
0,0.791753334,3,186,GO:0045638,negative regulation of myeloid cell differentiation,1,,,,,,,,,,,
0,0.445004949,2,235,GO:0045639,positive regulation of myeloid cell differentiation,1,,,,,,,,,,,
0,0.886900705,7,30,GO:0045647,negative regulation of erythrocyte differentiation,1,,,,,,,,,,,
0,0.534729879,2,49,GO:0045649,regulation of macrophage differentiation,1,,,,,,,,,,,
0,0.317496046,5,24,GO:0045650,negative regulation of macrophage differentiation,1,,,,,,,,,,,
0,0.81540649,3,25,GO:0045651,positive regulation of macrophage differentiation,1,,,,,,,,,,,
0,1,7,6,GO:0045653,negative regulation of megakaryocyte differentiation,1,,,,,,,,,,,
0,0.329069441,2,17,GO:0045656,negative regulation of monocyte differentiation,1,,,,,,,,,,,
0,0.587758061,2,7,GO:0045658,regulation of neutrophil differentiation,1,,,,,,,,,,,
0,0.468969527,6,5,GO:0045659,negative regulation of neutrophil differentiation,1,,,,,,,,,,,
0,0.959567717,3,53,GO:0045662,negative regulation of myoblast differentiation,1,,,,,,,,,,,
0,0.891282388,2,135,GO:0045670,regulation of osteoclast differentiation,1,,,,,,,,,,,
0,0.444951411,5,53,GO:0045671,negative regulation of osteoclast differentiation,1,,,,,,,,,,,
0,0.99113533,3,54,GO:0045672,positive regulation of osteoclast differentiation,1,,,,,,,,,,,
0,0.935781732,4,48,GO:0045676;GO:0110116,regulation of compound eye photoreceptor cell differentiation,1,,,,,,,,,,,
0,0.86811573,2,16,GO:0045678;GO:0110117,positive regulation of R7 cell differentiation,1,,,,,,,,,,,
0,0.375457316,2,195,GO:0045682,regulation of epidermis development,1,,,,,,,,,,,
0,0.884973575,2,84,GO:0045684,positive regulation of epidermis development,1,,,,,,,,,,,
0,0.905859379,2,177,GO:0045685,regulation of glial cell differentiation,1,,,,,,,,,,,
0,0.952702678,2,75,GO:0045686,negative regulation of glial cell differentiation,1,,,,,,,,,,,
0,0.730547792,2,97,GO:0045687,positive regulation of glial cell differentiation,1,,,,,,,,,,,
0,0.430554219,5,28,GO:0045704;GO:0045705,negative regulation of salivary gland boundary specification,1,,,,,,,,,,,
0,0.555991266,-1,24,GO:0045714,obsolete regulation of low-density lipoprotein particle receptor biosynthetic process,1,,,,,,,,,,,
0,1,-1,10,GO:0045715,obsolete negative regulation of low-density lipoprotein particle receptor biosynthetic process,1,,,,,,,,,,,
0,0.81540649,4,25,GO:0045719;GO:0070874,negative regulation of glycogen metabolic process,1,,,,,,,,,,,
0,1,2,5,GO:0045720,negative regulation of integrin biosynthetic process,1,,,,,,,,,,,
0,0.463414403,3,21,GO:0045721,negative regulation of gluconeogenesis,1,,,,,,,,,,,
0,0.534729879,3,49,GO:0045722,positive regulation of gluconeogenesis,1,,,,,,,,,,,
0,0.880554481,3,41,GO:0045723,positive regulation of fatty acid biosynthetic process,1,,,,,,,,,,,
0,0.786535242,4,34,GO:0045725,positive regulation of glycogen biosynthetic process,1,,,,,,,,,,,
0,0.532117413,2,6,GO:0045726,positive regulation of integrin biosynthetic process,1,,,,,,,,,,,
0,0.612091,2,26,GO:0045730,respiratory burst,1,,,,,,,,,,,
0,0.747542259,2,61,GO:0045736;GO:1904030,negative regulation of cyclin-dependent protein kinase activity,1,,,,,,,,,,,
0,0.734586371,2,41,GO:0045738;GO:2000780,negative regulation of DNA repair,1,,,,,,,,,,,
0,0.897694922,6,31,GO:0045741,positive regulation of epidermal growth factor-activated receptor activity,1,,,,,,,,,,,
0,0.667471585,4,101,GO:0045742;GO:1901186,positive regulation of ERBB signaling pathway,1,,,,,,,,,,,
0,0.880554481,2,41,GO:0045743,positive regulation of fibroblast growth factor receptor signaling pathway,1,,,,,,,,,,,
0,0.446179559,2,119,GO:0045744,negative regulation of G protein-coupled receptor signaling pathway,1,,,,,,,,,,,
0,0.959656158,3,77,GO:0045745,positive regulation of G protein-coupled receptor signaling pathway,1,,,,,,,,,,,
0,0.361506627,3,267,GO:0045746,negative regulation of Notch signaling pathway,1,,,,,,,,,,,
0,0.880554481,3,41,GO:0045751,negative regulation of Toll signaling pathway,1,,,,,,,,,,,
0,1,3,5,GO:0045752,positive regulation of Toll signaling pathway,1,,,,,,,,,,,
0,0.750287097,2,32,GO:0045759,negative regulation of action potential,1,,,,,,,,,,,
0,0.834766,3,58,GO:0045760,positive regulation of action potential,1,,,,,,,,,,,
0,0.97724658,2,84,GO:0045761,regulation of adenylate cyclase activity,1,,,,,,,,,,,
0,0.945661923,3,23,GO:0045762,positive regulation of adenylate cyclase activity,1,,,,,,,,,,,
0,0.589559192,2,430,GO:0045766;GO:1904018,positive regulation of vasculature development,1,,,,,,,,,,,
0,0.998705729,2,116,GO:0045776,negative regulation of blood pressure,1,,,,,,,,,,,
0,0.993443822,2,111,GO:0045777,positive regulation of blood pressure,1,,,,,,,,,,,
0,0.534729879,4,49,GO:0045780;GO:0046852,positive regulation of bone resorption,1,,,,,,,,,,,
0,0.64880604,2,18,GO:0045794,negative regulation of cell volume,1,,,,,,,,,,,
0,1,2,5,GO:0045795,positive regulation of cell volume,1,,,,,,,,,,,
0,1,2,12,GO:0045805,positive regulation of eclosion,1,,,,,,,,,,,
0,0.352156992,2,120,GO:0045806,negative regulation of endocytosis,1,,,,,,,,,,,
0,0.695688373,6,76,GO:0045822;GO:1903523,negative regulation of blood circulation,1,,,,,,,,,,,
0,0.989381474,3,129,GO:0045823,positive regulation of heart contraction,1,,,,,,,,,,,
0,0.585283947,3,121,GO:0045824,negative regulation of innate immune response,1,,,,,,,,,,,
0,0.532117413,4,6,GO:0045829;GO:0048294,negative regulation of isotype switching,1,,,,,,,,,,,
0,0.689048735,2,227,GO:0045833,negative regulation of lipid metabolic process,1,,,,,,,,,,,
0,0.921998547,5,390,GO:0045834,positive regulation of lipid metabolic process,1,,,,,,,,,,,
0,0.677051526,3,38,GO:0045835,negative regulation of meiotic nuclear division,1,,,,,,,,,,,
0,0.513781538,3,48,GO:0045836,positive regulation of meiotic nuclear division,1,,,,,,,,,,,
0,0.975270675,4,83,GO:0045838,positive regulation of membrane potential,1,,,,,,,,,,,
0,0.37777737,3,122,GO:0045839;GO:0051784,negative regulation of nuclear division,1,,,,,,,,,,,
0,0.6113564,2,35,GO:0045842;GO:1901970,positive regulation of mitotic sister chromatid separation,1,,,,,,,,,,,
0,1,4,6,GO:0045849,negative regulation of nurse cell apoptotic process,1,,,,,,,,,,,
0,0.547147755,2,15,GO:0045850,positive regulation of nurse cell apoptotic process,1,,,,,,,,,,,
0,0.323123622,3,2261,GO:0045859;GO:0043549;GO:0051338,regulation of transferase activity,1,,,,,,,,,,,
0,0.306711022,3,1509,GO:0045860;GO:0033674;GO:0051347,positive regulation of transferase activity,1,,,,,,,,,,,
0,0.874485367,3,619,GO:0045861,negative regulation of proteolysis,1,,,,,,,,,,,
0,1,-1,11,GO:0045872,obsolete positive regulation of rhodopsin gene expression,1,,,,,,,,,,,
0,0.329069441,4,17,GO:0045876,positive regulation of sister chromatid cohesion,1,,,,,,,,,,,
0,0.560673777,2,179,GO:0045886;GO:1904397,negative regulation of neuromuscular junction development,1,,,,,,,,,,,
0,0.569621016,6,42,GO:0045898,regulation of RNA polymerase II transcription preinitiation complex assembly,1,,,,,,,,,,,
0,0.977617426,2,30,GO:0045899,positive regulation of RNA polymerase II transcription preinitiation complex assembly,1,,,,,,,,,,,
0,1,2,6,GO:0045900,negative regulation of translational elongation,1,,,,,,,,,,,
0,1,2,18,GO:0045906,negative regulation of vasoconstriction,1,,,,,,,,,,,
0,0.835515285,6,117,GO:0045907,positive regulation of vasoconstriction,1,,,,,,,,,,,
0,0.36331292,5,18,GO:0045915;GO:0045964,positive regulation of dopamine metabolic process,1,,,,,,,,,,,
0,0.36331292,2,18,GO:0045916,negative regulation of complement activation,1,,,,,,,,,,,
0,0.751576986,2,11,GO:0045917;GO:2000259,positive regulation of complement activation,1,,,,,,,,,,,
0,0.636783715,5,8,GO:0045918,negative regulation of cytolysis,1,,,,,,,,,,,
0,0.636783715,2,8,GO:0045919,positive regulation of cytolysis,1,,,,,,,,,,,
0,0.946021502,2,228,GO:0045921,positive regulation of exocytosis,1,,,,,,,,,,,
0,0.671587084,2,47,GO:0045922,negative regulation of fatty acid metabolic process,1,,,,,,,,,,,
0,0.96424,2,90,GO:0045923,positive regulation of fatty acid metabolic process,1,,,,,,,,,,,
0,0.546913335,4,101,GO:0045924;GO:0060180,female mating behavior,1,,,,,,,,,,,
0,0.468712327,5,13,GO:0045925,positive regulation of female receptivity,1,,,,,,,,,,,
0,0.959656158,3,77,GO:0045932,negative regulation of muscle contraction,1,,,,,,,,,,,
0,0.993143787,3,158,GO:0045933,positive regulation of muscle contraction,1,,,,,,,,,,,
0,0.31619155,3,39,GO:0045943,positive regulation of transcription by RNA polymerase I,1,,,,,,,,,,,
0,0.957824569,2,25,GO:0045945,positive regulation of transcription by RNA polymerase III,1,,,,,,,,,,,
0,0.76842761,4,43,GO:0045947,negative regulation of translational initiation,1,,,,,,,,,,,
0,1,3,52,GO:0045948,positive regulation of translational initiation,1,,,,,,,,,,,
0,0.869755701,4,82,GO:0045956,positive regulation of calcium ion-dependent exocytosis,1,,,,,,,,,,,
0,0.959567717,2,53,GO:0045986,negative regulation of smooth muscle contraction,1,,,,,,,,,,,
0,0.970421423,3,115,GO:0045987,positive regulation of smooth muscle contraction,1,,,,,,,,,,,
0,0.755067327,6,22,GO:0045988,negative regulation of striated muscle contraction,1,,,,,,,,,,,
0,1,2,39,GO:0045989,positive regulation of striated muscle contraction,1,,,,,,,,,,,
0,0.590426485,2,78,GO:0045992,negative regulation of embryonic development,1,,,,,,,,,,,
0,0.326884558,2,713,GO:0045995,regulation of embryonic development,1,,,,,,,,,,,
0,0.365666331,2,57,GO:0046006,regulation of activated T cell proliferation,1,,,,,,,,,,,
0,1,7,18,GO:0046007,negative regulation of activated T cell proliferation,1,,,,,,,,,,,
0,0.468969527,3,5,GO:0046012,positive regulation of oskar mRNA translation,1,,,,,,,,,,,
0,0.338191873,2,40,GO:0046033,AMP metabolic process,1,,,,,,,,,,,
0,0.924827538,3,69,GO:0046039,GTP metabolic process,1,,,,,,,,,,,
0,0.982324665,4,87,GO:0046058,cAMP metabolic process,1,,,,,,,,,,,
0,0.995393758,7,89,GO:0046068,cGMP metabolic process,1,,,,,,,,,,,
0,1,2,18,GO:0046069,cGMP catabolic process,1,,,,,,,,,,,
0,0.807159278,2,13,GO:0046070,dGTP metabolic process,1,,,,,,,,,,,
0,0.495287212,6,22,GO:0046085,adenosine metabolic process,1,,,,,,,,,,,
0,0.532117413,3,6,GO:0046086,adenosine biosynthetic process,1,,,,,,,,,,,
0,1,3,8,GO:0046092,deoxycytidine metabolic process,1,,,,,,,,,,,
0,0.850308525,6,15,GO:0046102,inosine metabolic process,1,,,,,,,,,,,
0,0.587758061,7,7,GO:0046103,inosine biosynthetic process,1,,,,,,,,,,,
0,0.751576986,2,11,GO:0046104,thymidine metabolic process,1,,,,,,,,,,,
0,0.636783715,3,8,GO:0046108,uridine metabolic process,1,,,,,,,,,,,
0,0.755067327,2,22,GO:0046113,nucleobase catabolic process,1,,,,,,,,,,,
0,0.929993176,2,21,GO:0046121,deoxyribonucleoside catabolic process,1,,,,,,,,,,,
0,0.751576986,2,11,GO:0046124;GO:0046122,purine deoxyribonucleoside metabolic process,1,,,,,,,,,,,
0,0.883805177,2,17,GO:0046125,pyrimidine deoxyribonucleoside metabolic process,1,,,,,,,,,,,
0,1,6,7,GO:0046127,pyrimidine deoxyribonucleoside catabolic process,1,,,,,,,,,,,
0,0.941388384,2,49,GO:0046131,pyrimidine ribonucleoside metabolic process,1,,,,,,,,,,,
0,0.883805177,7,17,GO:0046133,pyrimidine ribonucleoside catabolic process,1,,,,,,,,,,,
0,0.899598503,3,43,GO:0046134,pyrimidine nucleoside biosynthetic process,1,,,,,,,,,,,
0,0.907522111,2,32,GO:0046135,pyrimidine nucleoside catabolic process,1,,,,,,,,,,,
0,1,2,9,GO:0046136;GO:0060557;GO:0060559;GO:2000866,positive regulation of estradiol secretion,1,,,,,,,,,,,
0,0.989632085,2,67,GO:0046164,alcohol catabolic process,1,,,,,,,,,,,
0,1,2,8,GO:0046166,glyceraldehyde-3-phosphate biosynthetic process,1,,,,,,,,,,,
0,0.590426485,3,78,GO:0046173,polyol biosynthetic process,1,,,,,,,,,,,
0,0.99369842,2,40,GO:0046174,polyol catabolic process,1,,,,,,,,,,,
0,0.77686618,2,23,GO:0046184,aldehyde biosynthetic process,1,,,,,,,,,,,
0,0.495287212,2,22,GO:0046185,aldehyde catabolic process,1,,,,,,,,,,,
0,0.999960604,3,80,GO:0046189,phenol-containing compound biosynthetic process,1,,,,,,,,,,,
0,0.632788878,4,45,GO:0046209;GO:2001057,reactive nitrogen species metabolic process,1,,,,,,,,,,,
0,1,2,7,GO:0046219,indolalkylamine biosynthetic process,1,,,,,,,,,,,
0,1,3,5,GO:0046292,formaldehyde metabolic process,1,,,,,,,,,,,
0,0.621747613,2,80,GO:0046320,regulation of fatty acid oxidation,1,,,,,,,,,,,
0,0.935781732,4,48,GO:0046321,positive regulation of fatty acid oxidation,1,,,,,,,,,,,
0,0.463414403,2,21,GO:0046322,negative regulation of fatty acid oxidation,1,,,,,,,,,,,
0,0.97632038,2,45,GO:0046323;GO:1904659,glucose transmembrane transport,1,,,,,,,,,,,
0,0.591305617,5,43,GO:0046339,diacylglycerol metabolic process,1,,,,,,,,,,,
0,0.532117413,2,6,GO:0046341;GO:0016024,CDP-diacylglycerol metabolic process,1,,,,,,,,,,,
0,0.678399952,3,19,GO:0046348,amino sugar catabolic process,1,,,,,,,,,,,
0,0.495287212,3,22,GO:0046349,amino sugar biosynthetic process,1,,,,,,,,,,,
0,1,2,13,GO:0046351,disaccharide biosynthetic process,1,,,,,,,,,,,
0,0.751576986,3,11,GO:0046381;GO:0006055,CMP-N-acetylneuraminate metabolic process,1,,,,,,,,,,,
0,1,5,9,GO:0046398,UDP-glucuronate metabolic process,1,,,,,,,,,,,
0,0.931950822,2,35,GO:0046415,urate metabolic process,1,,,,,,,,,,,
0,0.980109717,2,368,GO:0046425;GO:1904892,regulation of receptor signaling pathway via STAT,1,,,,,,,,,,,
0,0.980454916,7,154,GO:0046426;GO:1904893,negative regulation of receptor signaling pathway via JAK-STAT,1,,,,,,,,,,,
0,0.640968687,2,178,GO:0046427;GO:1904894,positive regulation of receptor signaling pathway via STAT,1,,,,,,,,,,,
0,0.541706515,3,330,GO:0046434,organophosphate catabolic process,1,,,,,,,,,,,
0,0.77686618,6,23,GO:0046439,L-cysteine metabolic process,1,,,,,,,,,,,
0,0.807159278,4,13,GO:0046449;GO:0072338,cellular lactam metabolic process,1,,,,,,,,,,,
0,0.767474701,2,72,GO:0046456,icosanoid biosynthetic process,1,,,,,,,,,,,
0,0.495287212,2,22,GO:0046459,short-chain fatty acid metabolic process,1,,,,,,,,,,,
0,1,5,6,GO:0046462,monoacylglycerol metabolic process,1,,,,,,,,,,,
0,0.524239301,2,57,GO:0046463;GO:0046460;GO:0019432,acylglycerol biosynthetic process,1,,,,,,,,,,,
0,0.468712327,4,13,GO:0046469,platelet activating factor metabolic process,1,,,,,,,,,,,
0,0.883040329,2,153,GO:0046470,phosphatidylcholine metabolic process,1,,,,,,,,,,,
0,0.668524094,6,56,GO:0046471,phosphatidylglycerol metabolic process,1,,,,,,,,,,,
0,0.751951145,4,42,GO:0046475,glycerophospholipid catabolic process,1,,,,,,,,,,,
0,0.532117413,3,6,GO:0046477,glycosylceramide catabolic process,1,,,,,,,,,,,
0,1,5,11,GO:0046495;GO:0070637,nicotinamide riboside metabolic process,1,,,,,,,,,,,
0,0.587758061,2,7,GO:0046501,protoporphyrinogen IX metabolic process,1,,,,,,,,,,,
0,0.636783715,2,8,GO:0046502;GO:0006780,uroporphyrinogen III metabolic process,1,,,,,,,,,,,
0,0.668485071,5,110,GO:0046503,glycerolipid catabolic process,1,,,,,,,,,,,
0,0.666256012,2,83,GO:0046513,ceramide biosynthetic process,1,,,,,,,,,,,
0,0.526179364,6,23,GO:0046514,ceramide catabolic process,1,,,,,,,,,,,
0,0.974593535,2,29,GO:0046519;GO:0006670,sphingoid metabolic process,1,,,,,,,,,,,
0,0.909808028,4,19,GO:0046520;GO:0046512,sphingoid biosynthetic process,1,,,,,,,,,,,
0,0.959519277,5,753,GO:0046530;GO:0001754,photoreceptor cell differentiation,1,,,,,,,,,,,
0,0.472639895,3,146,GO:0046532,regulation of photoreceptor cell differentiation,1,,,,,,,,,,,
0,0.880484986,2,52,GO:0046533,negative regulation of photoreceptor cell differentiation,1,,,,,,,,,,,
0,0.950179256,4,38,GO:0046534,positive regulation of photoreceptor cell differentiation,1,,,,,,,,,,,
0,0.718041534,3,10,GO:0046541,saliva secretion,1,,,,,,,,,,,
0,0.532117413,4,6,GO:0046544,development of secondary male sexual characteristics,1,,,,,,,,,,,
0,1,2,25,GO:0046548,retinal rod cell development,1,,,,,,,,,,,
0,1,2,31,GO:0046549,retinal cone cell development,1,,,,,,,,,,,
0,0.879550961,2,73,GO:0046596;GO:0052372,modulation by symbiont of entry into host,1,,,,,,,,,,,
0,0.58770963,3,34,GO:0046597,negative regulation of viral entry into host cell,1,,,,,,,,,,,
0,0.796945718,2,24,GO:0046598;GO:0075294,positive regulation of viral entry into host cell,1,,,,,,,,,,,
0,0.501253885,2,39,GO:0046602,regulation of mitotic centrosome separation,1,,,,,,,,,,,
0,1,4,14,GO:0046604,positive regulation of mitotic centrosome separation,1,,,,,,,,,,,
0,0.327315389,2,150,GO:0046605,regulation of centrosome cycle,1,,,,,,,,,,,
0,1,2,16,GO:0046618,drug export,1,,,,,,,,,,,
0,1,4,11,GO:0046619,optic placode formation involved in camera-type eye formation,1,,,,,,,,,,,
0,0.909225181,2,311,GO:0046626;GO:1900076,regulation of cellular response to insulin stimulus,1,,,,,,,,,,,
0,0.919197567,3,190,GO:0046627;GO:1900077,negative regulation of cellular response to insulin stimulus,1,,,,,,,,,,,
0,0.855849892,3,60,GO:0046628,positive regulation of insulin receptor signaling pathway,1,,,,,,,,,,,
0,0.974206984,2,128,GO:0046631;GO:0046632,alpha-beta T cell activation,1,,,,,,,,,,,
0,1,6,5,GO:0046633,alpha-beta T cell proliferation,1,,,,,,,,,,,
0,0.90287557,2,186,GO:0046634,regulation of alpha-beta T cell activation,1,,,,,,,,,,,
0,0.367559382,2,81,GO:0046636,negative regulation of alpha-beta T cell activation,1,,,,,,,,,,,
0,0.842742031,8,156,GO:0046637;GO:0046638;GO:0046635,regulation of alpha-beta T cell differentiation,1,,,,,,,,,,,
0,0.974882151,3,58,GO:0046640,regulation of alpha-beta T cell proliferation,1,,,,,,,,,,,
0,0.982628587,2,32,GO:0046641,positive regulation of alpha-beta T cell proliferation,1,,,,,,,,,,,
0,0.929993176,2,21,GO:0046642,negative regulation of alpha-beta T cell proliferation,1,,,,,,,,,,,
0,0.463414403,2,21,GO:0046665,amnioserosa maintenance,1,,,,,,,,,,,
0,0.507355332,2,73,GO:0046668;GO:0046669,regulation of retinal cell programmed cell death,1,,,,,,,,,,,
0,0.329069441,2,17,GO:0046670,positive regulation of retinal cell programmed cell death,1,,,,,,,,,,,
0,0.825846271,5,47,GO:0046671;GO:0046673,negative regulation of retinal cell programmed cell death,1,,,,,,,,,,,
0,0.692829177,3,112,GO:0046676,negative regulation of insulin secretion,1,,,,,,,,,,,
0,0.644679768,3,1072,GO:0046677,response to antibiotic,1,,,,,,,,,,,
0,0.508958394,5,14,GO:0046684,response to pyrethroid,1,,,,,,,,,,,
0,0.339473654,3,119,GO:0046685,response to arsenic-containing substance,1,,,,,,,,,,,
0,0.501149403,2,182,GO:0046686,response to cadmium ion,1,,,,,,,,,,,
0,1,2,6,GO:0046687,response to chromate,1,,,,,,,,,,,
0,0.33025755,2,32,GO:0046689,response to mercury ion,1,,,,,,,,,,,
0,1,2,25,GO:0046692,sperm competition,1,,,,,,,,,,,
0,1,3,9,GO:0046693,sperm storage,1,,,,,,,,,,,
0,0.906020444,2,66,GO:0046697,decidualization,1,,,,,,,,,,,
0,0.998984137,2,183,GO:0046717,acid secretion,1,,,,,,,,,,,
0,0.985096063,6,89,GO:0046718,viral entry into host cell,1,,,,,,,,,,,
0,0.587758061,3,7,GO:0046724,oxalic acid secretion,1,,,,,,,,,,,
0,0.718041534,2,10,GO:0046726,positive regulation by virus of viral protein levels in host cell,1,,,,,,,,,,,
0,0.997055106,2,46,GO:0046755;GO:0039702,viral budding,1,,,,,,,,,,,
0,0.374556817,2,565,GO:0046777,protein autophosphorylation,1,,,,,,,,,,,
0,0.764712374,2,100,GO:0046785,microtubule polymerization,1,,,,,,,,,,,
0,0.957824569,4,25,GO:0046794;GO:0075733,transport of virus,1,,,,,,,,,,,
0,0.705923662,5,20,GO:0046813,receptor-mediated virion attachment to host cell,1,,,,,,,,,,,
0,1,5,5,GO:0046814;GO:0060370,coreceptor-mediated virion attachment to host cell,1,,,,,,,,,,,
0,0.769129524,2,119,GO:0046825,regulation of protein export from nucleus,1,,,,,,,,,,,
0,0.929993176,4,21,GO:0046826,negative regulation of protein export from nucleus,1,,,,,,,,,,,
0,0.49697879,5,64,GO:0046827,positive regulation of protein export from nucleus,1,,,,,,,,,,,
0,0.327642257,3,263,GO:0046834;GO:0046854,lipid phosphorylation,1,,,,,,,,,,,
0,1,3,10,GO:0046836,glycolipid transport,1,,,,,,,,,,,
0,0.944693832,4,37,GO:0046838;GO:0046855;GO:0071545,inositol phosphate catabolic process,1,,,,,,,,,,,
0,0.555140086,3,93,GO:0046839,phospholipid dephosphorylation,1,,,,,,,,,,,
0,0.318123392,5,70,GO:0046847,filopodium assembly,1,,,,,,,,,,,
0,1,3,15,GO:0046874;GO:0019805,quinolinate metabolic process,1,,,,,,,,,,,
0,0.897628656,3,18,GO:0046877,regulation of saliva secretion,1,,,,,,,,,,,
0,0.718041534,2,10,GO:0046878,positive regulation of saliva secretion,1,,,,,,,,,,,
0,1,5,16,GO:0046882,negative regulation of follicle-stimulating hormone secretion,1,,,,,,,,,,,
0,0.999753702,3,824,GO:0046883,regulation of hormone secretion,1,,,,,,,,,,,
0,0.98782065,3,448,GO:0046887,positive regulation of hormone secretion,1,,,,,,,,,,,
0,0.953436571,2,241,GO:0046888,negative regulation of hormone secretion,1,,,,,,,,,,,
0,0.744303062,2,216,GO:0046889,positive regulation of lipid biosynthetic process,1,,,,,,,,,,,
0,0.66501735,2,450,GO:0046890,regulation of lipid biosynthetic process,1,,,,,,,,,,,
0,0.81540649,2,25,GO:0046898,response to cycloheximide,1,,,,,,,,,,,
0,0.587758061,2,7,GO:0046900,tetrahydrofolylpolyglutamate metabolic process,1,,,,,,,,,,,
0,0.410787013,4,182,GO:0046916,cellular transition metal ion homeostasis,1,,,,,,,,,,,
0,0.997010504,3,489,GO:0046928;GO:0051588,regulation of neurotransmitter transport,1,,,,,,,,,,,
0,0.870924015,2,51,GO:0046929,negative regulation of neurotransmitter secretion,1,,,,,,,,,,,
0,0.709253111,2,30,GO:0046931,pore complex assembly,1,,,,,,,,,,,
0,0.524429375,2,74,GO:0046940,nucleoside monophosphate phosphorylation,1,,,,,,,,,,,
0,0.755067327,3,22,GO:0046950;GO:0046951,cellular ketone body metabolic process,1,,,,,,,,,,,
0,1,3,8,GO:0046952,ketone body catabolic process,1,,,,,,,,,,,
0,0.781124897,4,12,GO:0046956;GO:0052128,positive energy taxis,1,,,,,,,,,,,
0,0.352442705,2,88,GO:0046958;GO:0046959,nonassociative learning,1,,,,,,,,,,,
0,1,7,7,GO:0046960,sensitization,1,,,,,,,,,,,
0,1,3,13,GO:0046967,cytosol to endoplasmic reticulum transport,1,,,,,,,,,,,
0,1,4,10,GO:0046968,peptide antigen transport,1,,,,,,,,,,,
0,1,2,11,GO:0046984,regulation of hemoglobin biosynthetic process,1,,,,,,,,,,,
0,1,4,8,GO:0046985,positive regulation of hemoglobin biosynthetic process,1,,,,,,,,,,,
0,0.938635875,2,36,GO:0047484,regulation of response to osmotic stress,1,,,,,,,,,,,
0,0.980921909,4,47,GO:0048011,neurotrophin TRK receptor signaling pathway,1,,,,,,,,,,,
0,0.484582907,5,214,GO:0048013,ephrin receptor signaling pathway,1,,,,,,,,,,,
0,0.587758061,5,7,GO:0048014,Tie signaling pathway,1,,,,,,,,,,,
0,0.883766538,4,201,GO:0048015;GO:0048017,inositol lipid-mediated signaling,1,,,,,,,,,,,
0,0.811950744,2,66,GO:0048041,focal adhesion assembly,1,,,,,,,,,,,
0,0.508958394,2,14,GO:0048050,post-embryonic eye morphogenesis,1,,,,,,,,,,,
0,0.508958394,3,14,GO:0048052,R1/R6 cell differentiation,1,,,,,,,,,,,
0,1,2,9,GO:0048057,R3/R4 development,1,,,,,,,,,,,
0,1,2,9,GO:0048058,compound eye corneal lens development,1,,,,,,,,,,,
0,0.553697023,2,323,GO:0048066,developmental pigmentation,1,,,,,,,,,,,
0,0.450814255,3,78,GO:0048067;GO:0007593;GO:0048085,chitin-based cuticle sclerotization,1,,,,,,,,,,,
0,0.593850257,3,113,GO:0048070,regulation of developmental pigmentation,1,,,,,,,,,,,
0,1,3,7,GO:0048071;GO:0048094,sex-specific pigmentation,1,,,,,,,,,,,
0,0.6113564,2,35,GO:0048072,compound eye pigmentation,1,,,,,,,,,,,
0,0.458219008,2,29,GO:0048073;GO:0048076,regulation of eye pigmentation,1,,,,,,,,,,,
0,0.634144871,2,36,GO:0048079,regulation of cuticle pigmentation,1,,,,,,,,,,,
0,1,2,14,GO:0048081,positive regulation of cuticle pigmentation,1,,,,,,,,,,,
0,1,4,13,GO:0048086,negative regulation of developmental pigmentation,1,,,,,,,,,,,
0,0.524548458,2,40,GO:0048087,positive regulation of developmental pigmentation,1,,,,,,,,,,,
0,1,2,12,GO:0048098,antennal joint development,1,,,,,,,,,,,
0,0.58770963,3,34,GO:0048100,wing disc anterior/posterior pattern formation,1,,,,,,,,,,,
0,0.81540649,3,25,GO:0048104,establishment of body hair or bristle planar orientation,1,,,,,,,,,,,
0,0.883805177,2,17,GO:0048105,establishment of body hair planar orientation,1,,,,,,,,,,,
0,0.515245302,2,65,GO:0048137,spermatocyte division,1,,,,,,,,,,,
0,0.419868303,3,68,GO:0048138,germ-line cyst encapsulation,1,,,,,,,,,,,
0,0.938635875,2,36,GO:0048140,male germ-line cyst encapsulation,1,,,,,,,,,,,
0,0.952127845,3,24,GO:0048142,germarium-derived cystoblast division,1,,,,,,,,,,,
0,0.385497348,3,147,GO:0048146,positive regulation of fibroblast proliferation,1,,,,,,,,,,,
0,0.351860371,2,80,GO:0048148,behavioral response to cocaine,1,,,,,,,,,,,
0,1,3,23,GO:0048150,behavioral response to ether,1,,,,,,,,,,,
0,0.997530859,2,613,GO:0048167,regulation of synaptic plasticity,1,,,,,,,,,,,
0,0.886730197,4,230,GO:0048168,regulation of neuronal synaptic plasticity,1,,,,,,,,,,,
0,0.553241281,5,110,GO:0048169,regulation of long-term neuronal synaptic plasticity,1,,,,,,,,,,,
0,0.967265464,6,27,GO:0048170,positive regulation of long-term neuronal synaptic plasticity,1,,,,,,,,,,,
0,0.956305705,2,76,GO:0048172,regulation of short-term neuronal synaptic plasticity,1,,,,,,,,,,,
0,0.998402404,4,761,GO:0048193,Golgi vesicle transport,1,,,,,,,,,,,
0,1,5,21,GO:0048210,Golgi vesicle fusion to target membrane,1,,,,,,,,,,,
0,0.952127845,4,24,GO:0048227,plasma membrane to endosome transport,1,,,,,,,,,,,
0,0.501253885,3,39,GO:0048240,sperm capacitation,1,,,,,,,,,,,
0,1,3,5,GO:0048241,epinephrine transport,1,,,,,,,,,,,
0,1,2,20,GO:0048245;GO:0072677,eosinophil migration,1,,,,,,,,,,,
0,1,2,54,GO:0048247,lymphocyte chemotaxis,1,,,,,,,,,,,
0,0.679980604,3,9,GO:0048254,snoRNA localization,1,,,,,,,,,,,
0,0.931950822,3,35,GO:0048261,negative regulation of receptor-mediated endocytosis,1,,,,,,,,,,,
0,0.343395764,2,48,GO:0048262,determination of dorsal/ventral asymmetry,1,,,,,,,,,,,
0,0.755067327,3,22,GO:0048264,determination of ventral identity,1,,,,,,,,,,,
0,0.940421113,2,94,GO:0048265,response to pain,1,,,,,,,,,,,
0,0.94678519,2,62,GO:0048266,behavioral response to pain,1,,,,,,,,,,,
0,0.569621016,3,42,GO:0048268,clathrin coat assembly,1,,,,,,,,,,,
0,1,4,19,GO:0048280,vesicle fusion with Golgi apparatus,1,,,,,,,,,,,
0,0.636783715,2,8,GO:0048293,regulation of isotype switching to IgE isotypes,1,,,,,,,,,,,
0,0.897694922,2,31,GO:0048308,organelle inheritance,1,,,,,,,,,,,
0,1,2,22,GO:0048313,Golgi inheritance,1,,,,,,,,,,,
0,0.508958394,4,14,GO:0048320,axial mesoderm formation,1,,,,,,,,,,,
0,0.566947645,4,111,GO:0048333,mesodermal cell differentiation,1,,,,,,,,,,,
0,0.526179364,3,23,GO:0048337;GO:1905772;GO:1905904,positive regulation of mesodermal cell fate specification,1,,,,,,,,,,,
0,0.685498775,2,57,GO:0048339,paraxial mesoderm development,1,,,,,,,,,,,
0,0.991879948,2,38,GO:0048340;GO:0048341,paraxial mesoderm morphogenesis,1,,,,,,,,,,,
0,1,5,5,GO:0048342,paraxial mesodermal cell differentiation,1,,,,,,,,,,,
0,0.750287097,2,32,GO:0048382,mesendoderm development,1,,,,,,,,,,,
0,0.343395764,2,48,GO:0048384,retinoic acid receptor signaling pathway,1,,,,,,,,,,,
0,0.547354234,2,41,GO:0048385,regulation of retinoic acid receptor signaling pathway,1,,,,,,,,,,,
0,0.832349448,6,26,GO:0048387,negative regulation of retinoic acid receptor signaling pathway,1,,,,,,,,,,,
0,0.468969527,4,5,GO:0048389;GO:0061227,pattern specification involved in mesonephros development,1,,,,,,,,,,,
0,0.666991459,2,1026,GO:0048469;GO:0071695,anatomical structure maturation,1,,,,,,,,,,,
0,0.337432237,6,10,GO:0048478,replication fork protection,1,,,,,,,,,,,
0,0.751951145,2,42,GO:0048484,enteric nervous system development,1,,,,,,,,,,,
0,0.995003074,3,478,GO:0048489;GO:0097479;GO:0097480,synaptic vesicle localization,1,,,,,,,,,,,
0,0.944693832,2,37,GO:0048490;GO:0099517;GO:0099514,synaptic vesicle transport along microtubule,1,,,,,,,,,,,
0,1,4,8,GO:0048491,retrograde synaptic vesicle transport,1,,,,,,,,,,,
0,0.679980604,3,9,GO:0048496,maintenance of animal organ identity,1,,,,,,,,,,,
0,0.638287218,2,27,GO:0048499,synaptic vesicle membrane organization,1,,,,,,,,,,,
0,0.512026324,2,31,GO:0048505,regulation of timing of cell differentiation,1,,,,,,,,,,,
0,0.665518012,1,760,GO:0048511,rhythmic process,1,,,,,,,,,,,
0,0.761626459,2,272,GO:0048520,positive regulation of behavior,1,,,,,,,,,,,
0,0.991555532,2,108,GO:0048521,negative regulation of behavior,1,,,,,,,,,,,
0,0.777259433,2,175,GO:0048524,positive regulation of viral process,1,,,,,,,,,,,
0,0.478209135,4,205,GO:0048525,negative regulation of viral process,1,,,,,,,,,,,
0,0.526179364,2,23,GO:0048526,imaginal disc-derived wing expansion,1,,,,,,,,,,,
0,0.81271783,3,46,GO:0048535,lymph node development,1,,,,,,,,,,,
0,0.680311381,5,102,GO:0048536,spleen development,1,,,,,,,,,,,
0,0.875057532,3,29,GO:0048537;GO:0048541,mucosa-associated lymphoid tissue development,1,,,,,,,,,,,
0,0.327421274,2,142,GO:0048538,thymus development,1,,,,,,,,,,,
0,0.399384089,4,968,GO:0048545,response to steroid hormone,1,,,,,,,,,,,
0,0.329069441,2,17,GO:0048548,regulation of pinocytosis,1,,,,,,,,,,,
0,0.751576986,6,11,GO:0048550,negative regulation of pinocytosis,1,,,,,,,,,,,
0,1,2,6,GO:0048560,establishment of anatomical structure orientation,1,,,,,,,,,,,
0,0.652533491,2,46,GO:0048570,notochord morphogenesis,1,,,,,,,,,,,
0,0.432988959,3,1644,GO:0048592;GO:0090596,sensory organ morphogenesis,1,,,,,,,,,,,
0,0.403149394,2,404,GO:0048593,camera-type eye morphogenesis,1,,,,,,,,,,,
0,0.532117413,2,6,GO:0048597,post-embryonic camera-type eye morphogenesis,1,,,,,,,,,,,
0,0.36331292,2,18,GO:0048601,oocyte morphogenesis,1,,,,,,,,,,,
0,0.952127845,4,24,GO:0048617,embryonic foregut morphogenesis,1,,,,,,,,,,,
0,0.532117413,3,6,GO:0048621,post-embryonic digestive tract morphogenesis,1,,,,,,,,,,,
0,0.830097807,2,14,GO:0048625,myoblast fate commitment,1,,,,,,,,,,,
0,0.508958394,3,14,GO:0048630,skeletal muscle tissue growth,1,,,,,,,,,,,
0,0.755067327,2,22,GO:0048631;GO:0048633,regulation of skeletal muscle tissue growth,1,,,,,,,,,,,
0,0.621747613,7,80,GO:0048643,positive regulation of skeletal muscle tissue development,1,,,,,,,,,,,
0,0.508958394,3,14,GO:0048659,smooth muscle cell proliferation,1,,,,,,,,,,,
0,0.373378158,3,252,GO:0048661,positive regulation of smooth muscle cell proliferation,1,,,,,,,,,,,
0,0.81723232,2,398,GO:0048663,neuron fate commitment,1,,,,,,,,,,,
0,0.832621626,4,37,GO:0048664,neuron fate determination,1,,,,,,,,,,,
0,0.992364558,3,145,GO:0048665,neuron fate specification,1,,,,,,,,,,,
0,0.426549964,5,12,GO:0048674,collateral sprouting of injured axon,1,,,,,,,,,,,
0,0.468969527,2,5,GO:0048683,regulation of collateral sprouting of intact axon in response to injury,1,,,,,,,,,,,
0,0.580749972,3,60,GO:0048686;GO:0048690,regulation of sprouting of injured axon,1,,,,,,,,,,,
0,0.798788757,5,45,GO:0048687;GO:0048691,positive regulation of sprouting of injured axon,1,,,,,,,,,,,
0,0.656049044,2,37,GO:0048702,embryonic neurocranium morphogenesis,1,,,,,,,,,,,
0,0.507355332,4,73,GO:0048703,embryonic viscerocranium morphogenesis,1,,,,,,,,,,,
0,0.379717931,3,376,GO:0048704;GO:0048706,embryonic skeletal system development,1,,,,,,,,,,,
0,0.665406608,4,198,GO:0048709,oligodendrocyte differentiation,1,,,,,,,,,,,
0,0.816772549,2,86,GO:0048710,regulation of astrocyte differentiation,1,,,,,,,,,,,
0,0.995109745,6,42,GO:0048712,negative regulation of astrocyte differentiation,1,,,,,,,,,,,
0,0.92194336,2,90,GO:0048713,regulation of oligodendrocyte differentiation,1,,,,,,,,,,,
0,0.978741529,4,46,GO:0048714,positive regulation of oligodendrocyte differentiation,1,,,,,,,,,,,
0,0.634144871,6,36,GO:0048715,negative regulation of oligodendrocyte differentiation,1,,,,,,,,,,,
0,0.725677693,2,133,GO:0048730,epidermis morphogenesis,1,,,,,,,,,,,
0,0.731450953,2,21,GO:0048733,sebaceous gland development,1,,,,,,,,,,,
0,1,2,6,GO:0048734,proboscis morphogenesis,1,,,,,,,,,,,
0,0.929993176,2,21,GO:0048743,positive regulation of skeletal muscle fiber development,1,,,,,,,,,,,
0,0.465079641,3,54,GO:0048745,smooth muscle tissue development,1,,,,,,,,,,,
0,0.998354521,6,69,GO:0048753,pigment granule organization,1,,,,,,,,,,,
0,0.697142685,5,39,GO:0048789,cytoskeletal matrix organization at active zone,1,,,,,,,,,,,
0,0.838201699,2,48,GO:0048790;GO:1990709,presynaptic active zone organization,1,,,,,,,,,,,
0,0.95162315,2,97,GO:0048791,calcium ion-regulated exocytosis of neurotransmitter,1,,,,,,,,,,,
0,0.983687881,3,100,GO:0048793,pronephros development,1,,,,,,,,,,,
0,0.967347535,4,42,GO:0048800,antennal morphogenesis,1,,,,,,,,,,,
0,1,4,15,GO:0048802,notum morphogenesis,1,,,,,,,,,,,
0,0.781124897,2,12,GO:0048804,imaginal disc-derived female genitalia morphogenesis,1,,,,,,,,,,,
0,0.604744518,3,338,GO:0048806,genitalia development,1,,,,,,,,,,,
0,0.705923662,2,20,GO:0048807,female genitalia morphogenesis,1,,,,,,,,,,,
0,0.410355424,3,100,GO:0048808,male genitalia morphogenesis,1,,,,,,,,,,,
0,0.320466357,2,433,GO:0048814,regulation of dendrite morphogenesis,1,,,,,,,,,,,
0,1,2,10,GO:0048818,positive regulation of hair follicle maturation,1,,,,,,,,,,,
0,0.617084583,4,17,GO:0048819,regulation of hair follicle maturation,1,,,,,,,,,,,
0,0.909808028,2,19,GO:0048820,hair follicle maturation,1,,,,,,,,,,,
0,0.858357333,3,39,GO:0048840,otolith development,1,,,,,,,,,,,
0,1,3,7,GO:0048852,diencephalon morphogenesis,1,,,,,,,,,,,
0,0.938635875,2,36,GO:0048853,forebrain morphogenesis,1,,,,,,,,,,,
0,0.739942001,2,107,GO:0048854,brain morphogenesis,1,,,,,,,,,,,
0,0.998372565,2,85,GO:0048857,neural nucleus development,1,,,,,,,,,,,
0,0.666943446,3,163,GO:0048865,stem cell fate commitment,1,,,,,,,,,,,
0,0.632788878,4,45,GO:0048866,stem cell fate specification,1,,,,,,,,,,,
0,0.785696599,3,866,GO:0048871,multicellular organismal homeostasis,1,,,,,,,,,,,
0,0.652936937,2,91,GO:0048873,homeostasis of number of cells within a tissue,1,,,,,,,,,,,
0,1,2,5,GO:0048877,homeostasis of number of retina cells,1,,,,,,,,,,,
0,0.886771312,4,2620,GO:0048878,chemical homeostasis,1,,,,,,,,,,,
0,0.455166368,4,70,GO:0048880;GO:0048925,sensory system development,1,,,,,,,,,,,
0,0.717699932,2,59,GO:0048881;GO:0048882;GO:0048915;GO:0048916,lateral line development,1,,,,,,,,,,,
0,1,4,14,GO:0048883;GO:0048920,neuromast primordium migration,1,,,,,,,,,,,
0,0.957824569,3,25,GO:0048884,neuromast development,1,,,,,,,,,,,
0,0.883805177,4,17,GO:0048919,posterior lateral line neuromast development,1,,,,,,,,,,,
0,0.679980604,7,9,GO:0048923,posterior lateral line neuromast hair cell differentiation,1,,,,,,,,,,,
0,0.883224696,5,63,GO:0048934;GO:0048935,peripheral nervous system neuron development,1,,,,,,,,,,,
0,0.638287218,8,27,GO:0048936,peripheral nervous system neuron axonogenesis,1,,,,,,,,,,,
0,0.939251981,4,156,GO:0050000;GO:0051303,chromosome localization,1,,,,,,,,,,,
0,0.718041534,3,10,GO:0050432,catecholamine secretion,1,,,,,,,,,,,
0,0.997397356,2,159,GO:0050433,regulation of catecholamine secretion,1,,,,,,,,,,,
0,0.95963043,3,40,GO:0050435,amyloid-beta metabolic process,1,,,,,,,,,,,
0,0.995003074,5,478,GO:0050658;GO:0050657;GO:0051236;GO:0015931,nucleobase-containing compound transport,1,,,,,,,,,,,
0,0.86811573,2,16,GO:0050665,hydrogen peroxide biosynthetic process,1,,,,,,,,,,,
0,0.956305705,2,76,GO:0050685,positive regulation of mRNA processing,1,,,,,,,,,,,
0,0.426991058,3,44,GO:0050687,negative regulation of defense response to virus,1,,,,,,,,,,,
0,1,2,5,GO:0050689,negative regulation of defense response to virus by host,1,,,,,,,,,,,
0,0.855849892,2,60,GO:0050690,regulation of defense response to virus by virus,1,,,,,,,,,,,
0,0.869755701,3,82,GO:0050691,regulation of defense response to virus by host,1,,,,,,,,,,,
0,0.836417109,2,643,GO:0050727,regulation of inflammatory response,1,,,,,,,,,,,
0,0.916194697,3,266,GO:0050728,negative regulation of inflammatory response,1,,,,,,,,,,,
0,0.855839463,3,233,GO:0050729,positive regulation of inflammatory response,1,,,,,,,,,,,
0,0.707876179,3,596,GO:0050730;GO:0050731,regulation of peptidyl-tyrosine phosphorylation,1,,,,,,,,,,,
0,0.991465914,2,120,GO:0050732,negative regulation of peptidyl-tyrosine phosphorylation,1,,,,,,,,,,,
0,0.526179364,5,23,GO:0050746,regulation of lipoprotein metabolic process,1,,,,,,,,,,,
0,0.781124897,2,12,GO:0050748,negative regulation of lipoprotein metabolic process,1,,,,,,,,,,,
0,0.468969527,2,5,GO:0050758,regulation of thymidylate synthase biosynthetic process,1,,,,,,,,,,,
0,0.702620627,2,299,GO:0050764;GO:0050766,regulation of phagocytosis,1,,,,,,,,,,,
0,0.478515239,3,63,GO:0050774,negative regulation of dendrite morphogenesis,1,,,,,,,,,,,
0,0.381980339,2,1605,GO:0050776,regulation of immune response,1,,,,,,,,,,,
0,0.4296223,2,308,GO:0050777,negative regulation of immune response,1,,,,,,,,,,,
0,0.51125969,2,1059,GO:0050778,positive regulation of immune response,1,,,,,,,,,,,
0,0.834766,4,58,GO:0050779;GO:0061157,RNA destabilization,1,,,,,,,,,,,
0,0.997748215,3,772,GO:0050795,regulation of behavior,1,,,,,,,,,,,
0,0.999681819,4,616,GO:0050796;GO:0090276,regulation of peptide hormone secretion,1,,,,,,,,,,,
0,0.926677909,5,1902,GO:0050801;GO:0055082;GO:0055080;GO:0098771,ion homeostasis,1,,,,,,,,,,,
0,0.999541921,4,1428,GO:0050804;GO:0099177,regulation of trans-synaptic signaling,1,,,,,,,,,,,
0,0.988266996,2,237,GO:0050805,negative regulation of synaptic transmission,1,,,,,,,,,,,
0,0.985020161,5,559,GO:0050806,positive regulation of synaptic transmission,1,,,,,,,,,,,
0,0.610103929,5,1166,GO:0050807;GO:0050803,regulation of synapse structure or activity,1,,,,,,,,,,,
0,0.678015005,2,252,GO:0050810;GO:0019218,regulation of steroid metabolic process,1,,,,,,,,,,,
0,0.483235962,4,457,GO:0050821,protein stabilization,1,,,,,,,,,,,
0,0.540565622,2,279,GO:0050829,defense response to Gram-negative bacterium,1,,,,,,,,,,,
0,0.736359451,4,215,GO:0050830,defense response to Gram-positive bacterium,1,,,,,,,,,,,
0,0.897628656,3,18,GO:0050847,progesterone receptor signaling pathway,1,,,,,,,,,,,
0,0.364929765,2,121,GO:0050850,positive regulation of calcium-mediated signaling,1,,,,,,,,,,,
0,0.774348928,2,238,GO:0050851;GO:0050852,antigen receptor-mediated signaling pathway,1,,,,,,,,,,,
0,0.931689764,4,59,GO:0050853,B cell receptor signaling pathway,1,,,,,,,,,,,
0,0.889962125,2,115,GO:0050854,regulation of antigen receptor-mediated signaling pathway,1,,,,,,,,,,,
0,0.923055105,3,46,GO:0050855,regulation of B cell receptor signaling pathway,1,,,,,,,,,,,
0,0.834349732,3,78,GO:0050856,regulation of T cell receptor signaling pathway,1,,,,,,,,,,,
0,0.652533491,3,46,GO:0050857,positive regulation of antigen receptor-mediated signaling pathway,1,,,,,,,,,,,
0,0.81271783,2,46,GO:0050858,negative regulation of antigen receptor-mediated signaling pathway,1,,,,,,,,,,,
0,0.850308525,4,15,GO:0050859,negative regulation of B cell receptor signaling pathway,1,,,,,,,,,,,
0,0.768991806,3,33,GO:0050860,negative regulation of T cell receptor signaling pathway,1,,,,,,,,,,,
0,0.850308525,2,15,GO:0050861,positive regulation of B cell receptor signaling pathway,1,,,,,,,,,,,
0,0.485407817,2,30,GO:0050862,positive regulation of T cell receptor signaling pathway,1,,,,,,,,,,,
0,0.496268873,3,627,GO:0050863;GO:1903037,regulation of T cell activation,1,,,,,,,,,,,
0,0.950337626,2,365,GO:0050866,negative regulation of cell activation,1,,,,,,,,,,,
0,0.554146287,4,221,GO:0050868;GO:1903038,negative regulation of leukocyte cell-cell adhesion,1,,,,,,,,,,,
0,0.898893952,3,65,GO:0050869,negative regulation of B cell activation,1,,,,,,,,,,,
0,0.324827245,2,401,GO:0050870;GO:1903039,positive regulation of leukocyte cell-cell adhesion,1,,,,,,,,,,,
0,0.849813078,2,49,GO:0050872,white fat cell differentiation,1,,,,,,,,,,,
0,0.483922471,2,80,GO:0050873,brown fat cell differentiation,1,,,,,,,,,,,
0,0.996544757,3,1028,GO:0050878,regulation of body fluid levels,1,,,,,,,,,,,
0,0.360980976,2,153,GO:0050879;GO:0050881,multicellular organismal movement,1,,,,,,,,,,,
0,0.731450953,4,21,GO:0050882,voluntary musculoskeletal movement,1,,,,,,,,,,,
0,0.441479154,3,160,GO:0050885,neuromuscular process controlling balance,1,,,,,,,,,,,
0,0.738165278,3,116,GO:0050886,endocrine process,1,,,,,,,,,,,
0,0.792943238,2,177,GO:0050891;GO:0030104,water homeostasis,1,,,,,,,,,,,
0,0.99620011,4,91,GO:0050892,intestinal absorption,1,,,,,,,,,,,
0,0.99444874,3,41,GO:0050893,sensory processing,1,,,,,,,,,,,
0,1,4,5,GO:0050894,determination of affect,1,,,,,,,,,,,
0,0.909304439,4,514,GO:0050900,leukocyte migration,1,,,,,,,,,,,
0,0.924579819,6,34,GO:0050901;GO:0061756,leukocyte adhesion to vascular endothelial cell,1,,,,,,,,,,,
0,0.679980604,2,9,GO:0050904,diapedesis,1,,,,,,,,,,,
0,0.739875125,2,322,GO:0050905,neuromuscular process,1,,,,,,,,,,,
0,0.999600908,3,324,GO:0050906,detection of stimulus involved in sensory perception,1,,,,,,,,,,,
0,0.998934,2,89,GO:0050907,detection of chemical stimulus involved in sensory perception,1,,,,,,,,,,,
0,0.92697949,2,91,GO:0050908;GO:0050962,detection of light stimulus involved in sensory perception,1,,,,,,,,,,,
0,0.9998297,2,106,GO:0050909,sensory perception of taste,1,,,,,,,,,,,
0,0.938635875,4,36,GO:0050910,detection of mechanical stimulus involved in sensory perception of sound,1,,,,,,,,,,,
0,0.988948598,2,52,GO:0050911,detection of chemical stimulus involved in sensory perception of smell,1,,,,,,,,,,,
0,0.977617426,7,30,GO:0050913,sensory perception of bitter taste,1,,,,,,,,,,,
0,1,4,9,GO:0050915,sensory perception of sour taste,1,,,,,,,,,,,
0,0.909808028,3,19,GO:0050916,sensory perception of sweet taste,1,,,,,,,,,,,
0,1,3,5,GO:0050917,sensory perception of umami taste,1,,,,,,,,,,,
0,0.395960283,4,693,GO:0050920,regulation of chemotaxis,1,,,,,,,,,,,
0,0.401185061,3,412,GO:0050921,positive regulation of chemotaxis,1,,,,,,,,,,,
0,0.508958394,3,14,GO:0050924;GO:0050929,induction of negative chemotaxis,1,,,,,,,,,,,
0,0.339370278,3,111,GO:0050931,pigment cell differentiation,1,,,,,,,,,,,
0,0.512026324,2,31,GO:0050932,regulation of pigment cell differentiation,1,,,,,,,,,,,
0,1,2,9,GO:0050941,negative regulation of pigment cell differentiation,1,,,,,,,,,,,
0,0.941631815,2,105,GO:0050951;GO:0016048;GO:0050961;GO:0050965,detection of temperature stimulus,1,,,,,,,,,,,
0,1,2,12,GO:0050955,thermoception,1,,,,,,,,,,,
0,0.678399952,5,19,GO:0050957,equilibrioception,1,,,,,,,,,,,
0,1,2,7,GO:0050960,detection of temperature stimulus involved in thermoception,1,,,,,,,,,,,
0,0.76842761,2,43,GO:0050966,detection of mechanical stimulus involved in sensory perception of pain,1,,,,,,,,,,,
0,1,5,5,GO:0050968,detection of chemical stimulus involved in sensory perception of pain,1,,,,,,,,,,,
0,0.963613816,3,101,GO:0050974,detection of mechanical stimulus involved in sensory perception,1,,,,,,,,,,,
0,0.930309303,6,70,GO:0050975,sensory perception of touch,1,,,,,,,,,,,
0,1,4,16,GO:0050976,detection of mechanical stimulus involved in sensory perception of touch,1,,,,,,,,,,,
0,0.617830389,2,141,GO:0050982,detection of mechanical stimulus,1,,,,,,,,,,,
0,0.981694433,2,155,GO:0050994,regulation of lipid catabolic process,1,,,,,,,,,,,
0,0.939831547,2,83,GO:0050995,negative regulation of lipid catabolic process,1,,,,,,,,,,,
0,0.994896461,2,74,GO:0050996,positive regulation of lipid catabolic process,1,,,,,,,,,,,
0,0.492483316,2,47,GO:0051000,positive regulation of nitric-oxide synthase activity,1,,,,,,,,,,,
0,0.786535242,4,34,GO:0051004,regulation of lipoprotein lipase activity,1,,,,,,,,,,,
0,0.751576986,2,11,GO:0051005,negative regulation of lipoprotein lipase activity,1,,,,,,,,,,,
0,1,5,11,GO:0051006;GO:0061365,positive regulation of triglyceride lipase activity,1,,,,,,,,,,,
0,0.526179364,3,23,GO:0051012,microtubule sliding,1,,,,,,,,,,,
0,0.781124897,5,12,GO:0051013,microtubule severing,1,,,,,,,,,,,
0,0.705923662,2,20,GO:0051014,actin filament severing,1,,,,,,,,,,,
0,0.759763523,2,200,GO:0051017;GO:0061572,actin filament bundle organization,1,,,,,,,,,,,
0,1,2,19,GO:0051026,chiasma assembly,1,,,,,,,,,,,
0,1,2,6,GO:0051030,snRNA transport,1,,,,,,,,,,,
0,1,3,11,GO:0051031,tRNA transport,1,,,,,,,,,,,
0,0.860710334,2,50,GO:0051036;GO:0097494,regulation of vesicle size,1,,,,,,,,,,,
0,0.426549964,3,12,GO:0051045,negative regulation of membrane protein ectodomain proteolysis,1,,,,,,,,,,,
0,0.99988341,2,2080,GO:0051046;GO:1903530,regulation of secretion,1,,,,,,,,,,,
0,0.988129377,2,1146,GO:0051047;GO:1903532,positive regulation of secretion,1,,,,,,,,,,,
0,0.687206875,4,2686,GO:0051050,positive regulation of transport,1,,,,,,,,,,,
0,0.852972388,3,1229,GO:0051051,negative regulation of transport,1,,,,,,,,,,,
0,1,4,5,GO:0051066,dihydrobiopterin metabolic process,1,,,,,,,,,,,
0,0.855849892,6,60,GO:0051081;GO:0030397,membrane disassembly,1,,,,,,,,,,,
0,0.784033212,2,44,GO:0051084,'de novo' posttranslational protein folding,1,,,,,,,,,,,
0,0.512026324,4,31,GO:0051085,chaperone cofactor-dependent protein refolding,1,,,,,,,,,,,
0,0.636783715,-1,8,GO:0051088,obsolete PMA-inducible membrane protein ectodomain proteolysis,1,,,,,,,,,,,
0,0.613109299,2,920,GO:0051090,regulation of DNA-binding transcription factor activity,1,,,,,,,,,,,
0,0.610143109,5,604,GO:0051091,positive regulation of DNA-binding transcription factor activity,1,,,,,,,,,,,
0,0.761626459,8,272,GO:0051092,positive regulation of NF-kappaB transcription factor activity,1,,,,,,,,,,,
0,0.91645955,2,33,GO:0051123,RNA polymerase II preinitiation complex assembly,1,,,,,,,,,,,
0,0.351860371,2,80,GO:0051125,regulation of actin nucleation,1,,,,,,,,,,,
0,0.768991806,7,33,GO:0051127,positive regulation of actin nucleation,1,,,,,,,,,,,
0,0.832621626,5,37,GO:0051131,chaperone-mediated protein complex assembly,1,,,,,,,,,,,
0,1,2,13,GO:0051133,regulation of NK T cell activation,1,,,,,,,,,,,
0,1,3,6,GO:0051134,negative regulation of NK T cell activation,1,,,,,,,,,,,
0,1,9,9,GO:0051135;GO:0051140;GO:0051142,regulation of NK T cell proliferation,1,,,,,,,,,,,
0,0.751576986,2,11,GO:0051136;GO:0051138,regulation of NK T cell differentiation,1,,,,,,,,,,,
0,0.351089668,3,136,GO:0051148,negative regulation of muscle cell differentiation,1,,,,,,,,,,,
0,0.832621626,2,37,GO:0051151,negative regulation of smooth muscle cell differentiation,1,,,,,,,,,,,
0,0.537993292,4,32,GO:0051152,positive regulation of smooth muscle cell differentiation,1,,,,,,,,,,,
0,0.751951145,3,42,GO:0051156,glucose 6-phosphate metabolic process,1,,,,,,,,,,,
0,0.998103573,3,332,GO:0051168;GO:0006611,nuclear export,1,,,,,,,,,,,
0,0.834349732,4,78,GO:0051180,vitamin transport,1,,,,,,,,,,,
0,0.768629155,-1,91,GO:0051181,obsolete cofactor transport,1,,,,,,,,,,,
0,0.383990822,-1,50,GO:0051195,obsolete negative regulation of cofactor metabolic process,1,,,,,,,,,,,
0,0.754614468,2,71,GO:0051205,protein insertion into membrane,1,,,,,,,,,,,
0,1,2,12,GO:0051208,sequestering of calcium ion,1,,,,,,,,,,,
0,0.761247828,2,405,GO:0051216,cartilage development,1,,,,,,,,,,,
0,0.553158919,3,1009,GO:0051222;GO:1904951,positive regulation of establishment of protein localization,1,,,,,,,,,,,
0,0.921898758,4,1828,GO:0051223;GO:0070201;GO:0090087,regulation of peptide transport,1,,,,,,,,,,,
0,0.800531924,2,448,GO:0051224;GO:1904950,negative regulation of establishment of protein localization,1,,,,,,,,,,,
0,0.337432237,2,10,GO:0051229;GO:0051230,spindle disassembly,1,,,,,,,,,,,
0,0.850308525,2,15,GO:0051238,sequestering of metal ion,1,,,,,,,,,,,
0,0.500548083,3,224,GO:0051258,protein polymerization,1,,,,,,,,,,,
0,0.432729235,5,118,GO:0051261,protein depolymerization,1,,,,,,,,,,,
0,0.458219008,2,29,GO:0051280,negative regulation of release of sequestered calcium ion into cytosol,1,,,,,,,,,,,
0,0.383341016,3,82,GO:0051281,positive regulation of release of sequestered calcium ion into cytosol,1,,,,,,,,,,,
0,0.816506495,2,143,GO:0051283;GO:0051209;GO:0097553,calcium ion transmembrane import into cytosol,1,,,,,,,,,,,
0,0.697142685,2,39,GO:0051284,positive regulation of sequestering of calcium ion,1,,,,,,,,,,,
0,0.342562528,2,330,GO:0051291,protein heterooligomerization,1,,,,,,,,,,,
0,0.64880604,3,18,GO:0051292,nuclear pore complex assembly,1,,,,,,,,,,,
0,0.784033212,4,44,GO:0051295,establishment of meiotic spindle localization,1,,,,,,,,,,,
0,0.796945718,7,24,GO:0051296,establishment of meiotic spindle orientation,1,,,,,,,,,,,
0,0.34927038,2,64,GO:0051299,centrosome separation,1,,,,,,,,,,,
0,0.716319821,2,40,GO:0051305,chromosome movement towards spindle pole,1,,,,,,,,,,,
0,0.453435446,3,37,GO:0051307,meiotic chromosome separation,1,,,,,,,,,,,
0,1,2,8,GO:0051309,female meiosis chromosome separation,1,,,,,,,,,,,
0,0.976600782,2,107,GO:0051310;GO:0007080,metaphase plate congression,1,,,,,,,,,,,
0,0.945661923,2,23,GO:0051315,attachment of mitotic spindle microtubules to kinetochore,1,,,,,,,,,,,
0,0.557707341,2,773,GO:0051348;GO:0006469;GO:0033673,negative regulation of transferase activity,1,,,,,,,,,,,
0,0.937106898,2,60,GO:0051350;GO:0007194;GO:0031280,negative regulation of lyase activity,1,,,,,,,,,,,
0,0.678399952,2,19,GO:0051351,positive regulation of ligase activity,1,,,,,,,,,,,
0,0.473009693,2,121,GO:0051353,positive regulation of oxidoreductase activity,1,,,,,,,,,,,
0,1,2,7,GO:0051365,cellular response to potassium ion starvation,1,,,,,,,,,,,
0,0.975915666,3,129,GO:0051385,response to mineralocorticoid,1,,,,,,,,,,,
0,0.512026324,2,31,GO:0051386,regulation of neurotrophin TRK receptor signaling pathway,1,,,,,,,,,,,
0,0.382687015,3,11,GO:0051387,negative regulation of neurotrophin TRK receptor signaling pathway,1,,,,,,,,,,,
0,1,3,17,GO:0051388,positive regulation of neurotrophin TRK receptor signaling pathway,1,,,,,,,,,,,
0,1,2,8,GO:0051389,inactivation of MAPKK activity,1,,,,,,,,,,,
0,0.583200448,2,16,GO:0051409,response to nitrosative stress,1,,,,,,,,,,,
0,0.979074229,2,85,GO:0051412,response to corticosterone,1,,,,,,,,,,,
0,0.830097807,4,14,GO:0051414,response to cortisol,1,,,,,,,,,,,
0,1,7,12,GO:0051415,microtubule nucleation by interphase microtubule organizing center,1,,,,,,,,,,,
0,0.938322978,2,22,GO:0051418,microtubule nucleation by microtubule organizing center,1,,,,,,,,,,,
0,0.366829893,3,65,GO:0051443,positive regulation of ubiquitin-protein transferase activity,1,,,,,,,,,,,
0,0.895660051,2,194,GO:0051445,regulation of meiotic cell cycle,1,,,,,,,,,,,
0,0.749360526,5,80,GO:0051446,positive regulation of meiotic cell cycle,1,,,,,,,,,,,
0,0.898893952,3,65,GO:0051447,negative regulation of meiotic cell cycle,1,,,,,,,,,,,
0,0.402521256,5,27,GO:0051451,myoblast migration,1,,,,,,,,,,,
0,0.736599234,2,79,GO:0051452;GO:0045851,pH reduction,1,,,,,,,,,,,
0,0.583200448,6,16,GO:0051454;GO:0045852,intracellular pH elevation,1,,,,,,,,,,,
0,0.880484986,2,52,GO:0051457,maintenance of protein location in nucleus,1,,,,,,,,,,,
0,1,2,5,GO:0051458,corticotropin secretion,1,,,,,,,,,,,
0,0.909808028,6,19,GO:0051459,regulation of corticotropin secretion,1,,,,,,,,,,,
0,0.807159278,3,13,GO:0051461,positive regulation of corticotropin secretion,1,,,,,,,,,,,
0,1,8,11,GO:0051462;GO:0051464,regulation of cortisol secretion,1,,,,,,,,,,,
0,0.468969527,5,5,GO:0051466,positive regulation of corticotropin-releasing hormone secretion,1,,,,,,,,,,,
0,0.547354234,10,41,GO:0051481,negative regulation of cytosolic calcium ion concentration,1,,,,,,,,,,,
0,0.925421749,3,80,GO:0051482,positive regulation of cytosolic calcium ion concentration involved in phospholipase C-activating G protein-coupled signaling pathway,1,,,,,,,,,,,
0,1,2,6,GO:0051541,elastin metabolic process,1,,,,,,,,,,,
0,0.909808028,6,19,GO:0051546,keratinocyte migration,1,,,,,,,,,,,
0,0.967265464,5,27,GO:0051547;GO:0051549,regulation of keratinocyte migration,1,,,,,,,,,,,
0,1,3,5,GO:0051548,negative regulation of keratinocyte migration,1,,,,,,,,,,,
0,0.532117413,3,6,GO:0051552,flavone metabolic process,1,,,,,,,,,,,
0,0.383990822,6,50,GO:0051560,mitochondrial calcium ion homeostasis,1,,,,,,,,,,,
0,0.468969527,2,5,GO:0051562,negative regulation of mitochondrial calcium ion concentration,1,,,,,,,,,,,
0,0.718041534,2,10,GO:0051572,negative regulation of histone H3-K4 methylation,1,,,,,,,,,,,
0,0.979305983,4,60,GO:0051580,regulation of neurotransmitter uptake,1,,,,,,,,,,,
0,0.909808028,3,19,GO:0051581,negative regulation of neurotransmitter uptake,1,,,,,,,,,,,
0,0.920538784,2,20,GO:0051582,positive regulation of neurotransmitter uptake,1,,,,,,,,,,,
0,1,4,22,GO:0051584;GO:0051940,regulation of catecholamine uptake involved in synaptic transmission,1,,,,,,,,,,,
0,1,3,11,GO:0051586;GO:0051944,positive regulation of catecholamine uptake involved in synaptic transmission,1,,,,,,,,,,,
0,0.990338958,2,94,GO:0051589,negative regulation of neurotransmitter transport,1,,,,,,,,,,,
0,0.88894761,2,183,GO:0051590,positive regulation of neurotransmitter transport,1,,,,,,,,,,,
0,0.716964554,3,301,GO:0051591,response to cAMP,1,,,,,,,,,,,
0,0.587758061,2,7,GO:0051598,meiotic recombination checkpoint,1,,,,,,,,,,,
0,0.897628656,3,18,GO:0051599,response to hydrostatic pressure,1,,,,,,,,,,,
0,0.81540649,2,25,GO:0051601,exocyst localization,1,,,,,,,,,,,
0,0.977742894,3,152,GO:0051602,response to electrical stimulus,1,,,,,,,,,,,
0,0.999973023,2,819,GO:0051606,detection of stimulus,1,,,,,,,,,,,
0,0.840703783,5,221,GO:0051607;GO:0140546,defense response to virus,1,,,,,,,,,,,
0,0.971161259,2,28,GO:0051608;GO:0001821,histamine transport,1,,,,,,,,,,,
0,0.679980604,2,9,GO:0051611;GO:0051612,regulation of serotonin uptake,1,,,,,,,,,,,
0,1,2,12,GO:0051638;GO:0051695,actin filament uncapping,1,,,,,,,,,,,
0,0.744232516,3,153,GO:0051642;GO:0061842,microtubule organizing center localization,1,,,,,,,,,,,
0,0.830097807,4,14,GO:0051643,endoplasmic reticulum localization,1,,,,,,,,,,,
0,0.875057532,4,29,GO:0051645,Golgi localization,1,,,,,,,,,,,
0,0.316356653,4,157,GO:0051646,mitochondrion localization,1,,,,,,,,,,,
0,0.997395475,4,778,GO:0051648;GO:0051650,vesicle localization,1,,,,,,,,,,,
0,0.990506071,3,1810,GO:0051656;GO:0051640,organelle localization,1,,,,,,,,,,,
0,0.697142685,4,39,GO:0051657,maintenance of organelle location,1,,,,,,,,,,,
0,1,2,5,GO:0051659,maintenance of mitochondrion location,1,,,,,,,,,,,
0,0.86811573,2,16,GO:0051660,establishment of centrosome localization,1,,,,,,,,,,,
0,0.875057532,2,29,GO:0051661,maintenance of centrosome location,1,,,,,,,,,,,
0,0.679980604,4,9,GO:0051664,nuclear pore localization,1,,,,,,,,,,,
0,0.795323903,3,349,GO:0051668,localization within membrane,1,,,,,,,,,,,
0,0.547147755,4,15,GO:0051683,establishment of Golgi localization,1,,,,,,,,,,,
0,0.718041534,2,10,GO:0051686,establishment of ER localization,1,,,,,,,,,,,
0,1,2,5,GO:0051694,pointed-end actin filament capping,1,,,,,,,,,,,
0,1,2,8,GO:0051697,protein delipidation,1,,,,,,,,,,,
0,0.995967925,3,244,GO:0051701,biological process involved in interaction with host,1,,,,,,,,,,,
0,0.999794353,-1,264,GO:0051705,obsolete multi-organism behavior,1,,,,,,,,,,,
0,0.697142685,4,39,GO:0051709,regulation of killing of cells of other organism,1,,,,,,,,,,,
0,0.847874426,5,27,GO:0051712,positive regulation of killing of cells of other organism,1,,,,,,,,,,,
0,1,6,5,GO:0051758,homologous chromosome movement towards spindle pole in meiosis I anaphase,1,,,,,,,,,,,
0,0.587758061,2,7,GO:0051759,sister chromosome movement towards spindle pole involved in meiotic sister chromatid segregation,1,,,,,,,,,,,
0,0.458219008,4,29,GO:0051764,actin crosslink formation,1,,,,,,,,,,,
0,0.426549964,2,12,GO:0051771,negative regulation of nitric-oxide synthase biosynthetic process,1,,,,,,,,,,,
0,0.33025755,2,32,GO:0051775,response to redox state,1,,,,,,,,,,,
0,0.774401648,2,229,GO:0051781,positive regulation of cell division,1,,,,,,,,,,,
0,0.688776178,6,601,GO:0051783;GO:0007088,regulation of nuclear division,1,,,,,,,,,,,
0,0.49463884,3,215,GO:0051785;GO:0045840,positive regulation of nuclear division,1,,,,,,,,,,,
0,0.468969527,4,5,GO:0051790,short-chain fatty acid biosynthetic process,1,,,,,,,,,,,
0,0.382687015,5,11,GO:0051794,regulation of timing of catagen,1,,,,,,,,,,,
0,1,2,7,GO:0051795,positive regulation of timing of catagen,1,,,,,,,,,,,
0,0.668524094,2,56,GO:0051797,regulation of hair follicle development,1,,,,,,,,,,,
0,1,2,6,GO:0051801;GO:0051715,cytolysis in other organism,1,,,,,,,,,,,
0,0.973633217,2,44,GO:0051823,regulation of synapse structural plasticity,1,,,,,,,,,,,
0,1,2,13,GO:0051835,positive regulation of synapse structural plasticity,1,,,,,,,,,,,
0,0.917522491,4,170,GO:0051865,protein autoubiquitination,1,,,,,,,,,,,
0,1,2,6,GO:0051866,general adaptation syndrome,1,,,,,,,,,,,
0,0.807159278,2,13,GO:0051873,killing by host of symbiont cells,1,,,,,,,,,,,
0,0.468969527,2,5,GO:0051877,pigment granule aggregation in cell center,1,,,,,,,,,,,
0,0.532117413,2,6,GO:0051882,mitochondrial depolarization,1,,,,,,,,,,,
0,0.938322978,3,22,GO:0051883;GO:0051818,killing of cells in other organism involved in symbiotic interaction,1,,,,,,,,,,,
0,1,5,6,GO:0051884,regulation of timing of anagen,1,,,,,,,,,,,
0,0.988123002,3,35,GO:0051890,regulation of cardioblast differentiation,1,,,,,,,,,,,
0,1,2,9,GO:0051891,positive regulation of cardioblast differentiation,1,,,,,,,,,,,
0,0.470883049,3,46,GO:0051895;GO:0150118;GO:1903392,negative regulation of focal adhesion assembly,1,,,,,,,,,,,
0,0.883783021,2,114,GO:0051898,negative regulation of protein kinase B signaling,1,,,,,,,,,,,
0,0.830806794,4,173,GO:0051899,membrane depolarization,1,,,,,,,,,,,
0,0.3458504,2,25,GO:0051902;GO:1904180,negative regulation of membrane depolarization,1,,,,,,,,,,,
0,0.730384553,4,31,GO:0051917;GO:0051918,regulation of fibrinolysis,1,,,,,,,,,,,
0,0.994278358,2,137,GO:0051930;GO:0051931,regulation of sensory perception,1,,,,,,,,,,,
0,1,7,5,GO:0051933;GO:0051935,glutamate reuptake,1,,,,,,,,,,,
0,0.845956206,2,38,GO:0051937,catecholamine transport,1,,,,,,,,,,,
0,0.980281509,2,31,GO:0051938,L-glutamate import,1,,,,,,,,,,,
0,1,2,5,GO:0051939,gamma-aminobutyric acid import,1,,,,,,,,,,,
0,0.999882653,3,342,GO:0051952,regulation of amine transport,1,,,,,,,,,,,
0,0.99853541,2,86,GO:0051953,negative regulation of amine transport,1,,,,,,,,,,,
0,0.986124569,3,181,GO:0051954,positive regulation of amine transport,1,,,,,,,,,,,
0,0.999143401,2,134,GO:0051955,regulation of amino acid transport,1,,,,,,,,,,,
0,0.997055106,5,46,GO:0051956,negative regulation of amino acid transport,1,,,,,,,,,,,
0,0.977676554,2,72,GO:0051957,positive regulation of amino acid transport,1,,,,,,,,,,,
0,0.491215072,3,307,GO:0051964;GO:1901889;GO:1905809,negative regulation of cell junction assembly,1,,,,,,,,,,,
0,0.999171554,2,56,GO:0051969,regulation of transmission of nerve impulse,1,,,,,,,,,,,
0,1,2,30,GO:0051970,negative regulation of transmission of nerve impulse,1,,,,,,,,,,,
0,1,2,15,GO:0051971,positive regulation of transmission of nerve impulse,1,,,,,,,,,,,
0,0.84479715,5,89,GO:0051972,regulation of telomerase activity,1,,,,,,,,,,,
0,0.650586886,2,64,GO:0051973,positive regulation of telomerase activity,1,,,,,,,,,,,
0,0.938322978,3,22,GO:0051974,negative regulation of telomerase activity,1,,,,,,,,,,,
0,1,3,21,GO:0051977,lysophospholipid transport,1,,,,,,,,,,,
0,0.412680281,2,92,GO:0051984,positive regulation of chromosome segregation,1,,,,,,,,,,,
0,1,3,11,GO:0051987,positive regulation of attachment of spindle microtubules to kinetochore,1,,,,,,,,,,,
0,0.81540649,2,25,GO:0051988,regulation of attachment of spindle microtubules to kinetochore,1,,,,,,,,,,,
0,0.883805177,2,17,GO:0052040;GO:0044532,modulation by symbiont of host programmed cell death,1,,,,,,,,,,,
0,0.781124897,3,12,GO:0052173;GO:0052200;GO:0075136,response to host defenses,1,,,,,,,,,,,
0,1,2,7,GO:0052572,response to host immune response,1,,,,,,,,,,,
0,0.99018578,3,81,GO:0052652;GO:0009190;GO:0006182,cyclic nucleotide biosynthetic process,1,,,,,,,,,,,
0,1,3,18,GO:0052695;GO:0052697;GO:0070980,cellular glucuronidation,1,,,,,,,,,,,
0,0.532117413,3,6,GO:0055005,ventricular cardiac myofibril assembly,1,,,,,,,,,,,
0,0.920709039,2,151,GO:0055010;GO:0003229,ventricular cardiac muscle tissue development,1,,,,,,,,,,,
0,1,3,13,GO:0055011;GO:0055014,atrial cardiac muscle cell differentiation,1,,,,,,,,,,,
0,0.504765427,3,56,GO:0055012,ventricular cardiac muscle cell differentiation,1,,,,,,,,,,,
0,0.58770963,2,34,GO:0055015,ventricular cardiac muscle cell development,1,,,,,,,,,,,
0,0.532117413,2,6,GO:0055016,hypochord development,1,,,,,,,,,,,
0,1,5,5,GO:0055060,asymmetric neuroblast division resulting in ganglion mother cell formation,1,,,,,,,,,,,
0,0.924579819,3,34,GO:0055062;GO:0072506;GO:0072505,trivalent inorganic anion homeostasis,1,,,,,,,,,,,
0,0.960746275,2,284,GO:0055067;GO:0030004,monovalent inorganic cation homeostasis,1,,,,,,,,,,,
0,0.951263923,2,51,GO:0055069,zinc ion homeostasis,1,,,,,,,,,,,
0,0.9080545,2,44,GO:0055075;GO:0030007,potassium ion homeostasis,1,,,,,,,,,,,
0,0.336023443,2,264,GO:0055076,transition metal ion homeostasis,1,,,,,,,,,,,
0,0.984169564,2,135,GO:0055081,anion homeostasis,1,,,,,,,,,,,
0,0.659944382,2,406,GO:0055088,lipid homeostasis,1,,,,,,,,,,,
0,0.730384553,3,31,GO:0055089,fatty acid homeostasis,1,,,,,,,,,,,
0,0.505249385,2,115,GO:0055090;GO:0070328,acylglycerol homeostasis,1,,,,,,,,,,,
0,0.938322978,6,22,GO:0055091,phospholipid homeostasis,1,,,,,,,,,,,
0,0.853564587,3,70,GO:0055094;GO:0071402;GO:0071404,cellular response to lipoprotein particle stimulus,1,,,,,,,,,,,
0,0.636783715,2,8,GO:0055095;GO:0055096,lipoprotein particle mediated signaling,1,,,,,,,,,,,
0,0.382687015,2,11,GO:0055113,epiboly involved in gastrulation with mouth forming second,1,,,,,,,,,,,
0,0.636783715,3,8,GO:0055116,entry into reproductive diapause,1,,,,,,,,,,,
0,1,7,13,GO:0055118,negative regulation of cardiac muscle contraction,1,,,,,,,,,,,
0,0.786535242,2,34,GO:0055119,relaxation of cardiac muscle,1,,,,,,,,,,,
0,0.95162315,3,97,GO:0060004,reflex,1,,,,,,,,,,,
0,1,2,10,GO:0060005,vestibular reflex,1,,,,,,,,,,,
0,0.869755701,4,82,GO:0060008,Sertoli cell differentiation,1,,,,,,,,,,,
0,0.54341668,4,58,GO:0060009,Sertoli cell development,1,,,,,,,,,,,
0,0.807159278,3,13,GO:0060011,Sertoli cell proliferation,1,,,,,,,,,,,
0,0.909808028,2,19,GO:0060013,righting reflex,1,,,,,,,,,,,
0,1,4,7,GO:0060014,granulosa cell differentiation,1,,,,,,,,,,,
0,0.897628656,2,18,GO:0060017,parathyroid gland development,1,,,,,,,,,,,
0,0.679980604,2,9,GO:0060018,astrocyte fate commitment,1,,,,,,,,,,,
0,0.858357333,4,39,GO:0060019,radial glial cell differentiation,1,,,,,,,,,,,
0,0.705923662,2,20,GO:0060020,Bergmann glial cell differentiation,1,,,,,,,,,,,
0,0.426549964,2,12,GO:0060023,soft palate development,1,,,,,,,,,,,
0,0.997405828,2,47,GO:0060024,rhythmic synaptic transmission,1,,,,,,,,,,,
0,0.905559827,3,55,GO:0060025,regulation of synaptic activity,1,,,,,,,,,,,
0,0.938322978,2,22,GO:0060028,convergent extension involved in axis elongation,1,,,,,,,,,,,
0,0.862078984,3,28,GO:0060029,convergent extension involved in organogenesis,1,,,,,,,,,,,
0,0.468712327,2,13,GO:0060031,mediolateral intercalation,1,,,,,,,,,,,
0,1,3,6,GO:0060032,notochord regression,1,,,,,,,,,,,
0,0.697039656,2,166,GO:0060033,anatomical structure regression,1,,,,,,,,,,,
0,0.807159278,3,13,GO:0060034,notochord cell differentiation,1,,,,,,,,,,,
0,0.679980604,2,9,GO:0060035,notochord cell development,1,,,,,,,,,,,
0,0.727384633,2,69,GO:0060037,pharyngeal system development,1,,,,,,,,,,,
0,1,6,20,GO:0060040;GO:1905962,retinal bipolar neuron differentiation,1,,,,,,,,,,,
0,0.809186763,2,512,GO:0060041,retina development in camera-type eye,1,,,,,,,,,,,
0,0.788748813,3,222,GO:0060042,retina morphogenesis in camera-type eye,1,,,,,,,,,,,
0,0.847874426,4,27,GO:0060046,regulation of acrosome reaction,1,,,,,,,,,,,
0,0.329069441,2,17,GO:0060050,positive regulation of protein glycosylation,1,,,,,,,,,,,
0,0.678399952,7,19,GO:0060054,positive regulation of epithelial cell proliferation involved in wound healing,1,,,,,,,,,,,
0,0.986518083,4,34,GO:0060055,angiogenesis involved in wound healing,1,,,,,,,,,,,
0,0.832621626,2,37,GO:0060059,embryonic retina morphogenesis in camera-type eye,1,,,,,,,,,,,
0,0.587758061,4,7,GO:0060060,post-embryonic retina morphogenesis in camera-type eye,1,,,,,,,,,,,
0,0.64880604,2,18,GO:0060061,Spemann organizer formation,1,,,,,,,,,,,
0,0.400732874,4,75,GO:0060065,uterus development,1,,,,,,,,,,,
0,1,4,5,GO:0060067,cervix development,1,,,,,,,,,,,
0,0.638287218,2,27,GO:0060068,vagina development,1,,,,,,,,,,,
0,0.931950822,2,35,GO:0060073,micturition,1,,,,,,,,,,,
0,0.849813078,4,49,GO:0060074,synapse maturation,1,,,,,,,,,,,
0,1,4,16,GO:0060075,regulation of resting membrane potential,1,,,,,,,,,,,
0,0.999839446,4,243,GO:0060078;GO:0060079;GO:0099565,regulation of postsynaptic membrane potential,1,,,,,,,,,,,
0,0.977617426,5,30,GO:0060080,inhibitory postsynaptic potential,1,,,,,,,,,,,
0,0.952127845,2,24,GO:0060081,membrane hyperpolarization,1,,,,,,,,,,,
0,0.532117413,2,6,GO:0060082,eye blink reflex,1,,,,,,,,,,,
0,0.547147755,2,15,GO:0060083,smooth muscle contraction involved in micturition,1,,,,,,,,,,,
0,1,2,9,GO:0060084,synaptic transmission involved in micturition,1,,,,,,,,,,,
0,0.632402202,3,151,GO:0060099;GO:1905153;GO:0060100;GO:1905155,regulation of membrane invagination,1,,,,,,,,,,,
0,1,2,6,GO:0060112,generation of ovulation cycle rhythm,1,,,,,,,,,,,
0,1,5,8,GO:0060114;GO:0060118,vestibular receptor cell development,1,,,,,,,,,,,
0,0.725209812,3,151,GO:0060119,inner ear receptor cell development,1,,,,,,,,,,,
0,0.60981525,2,88,GO:0060122,inner ear receptor cell stereocilium organization,1,,,,,,,,,,,
0,0.784033212,5,44,GO:0060123,regulation of growth hormone secretion,1,,,,,,,,,,,
0,0.832349448,3,26,GO:0060124,positive regulation of growth hormone secretion,1,,,,,,,,,,,
0,0.468712327,4,13,GO:0060125,negative regulation of growth hormone secretion,1,,,,,,,,,,,
0,1,4,9,GO:0060126,somatotropin secreting cell differentiation,1,,,,,,,,,,,
0,0.337432237,4,10,GO:0060128;GO:0060129,corticotropin hormone secreting cell differentiation,1,,,,,,,,,,,
0,0.974593535,6,29,GO:0060134,prepulse inhibition,1,,,,,,,,,,,
0,0.920709039,2,151,GO:0060135,maternal process involved in female pregnancy,1,,,,,,,,,,,
0,0.705923662,2,20,GO:0060136,embryonic process involved in female pregnancy,1,,,,,,,,,,,
0,0.945661923,2,23,GO:0060137,maternal process involved in parturition,1,,,,,,,,,,,
0,0.897772323,2,54,GO:0060149;GO:0060967,negative regulation of gene silencing by RNA,1,,,,,,,,,,,
0,1,5,19,GO:0060155,platelet dense granule organization,1,,,,,,,,,,,
0,0.587758061,2,7,GO:0060157,urinary bladder development,1,,,,,,,,,,,
0,1,3,23,GO:0060158,phospholipase C-activating dopamine receptor signaling pathway,1,,,,,,,,,,,
0,0.730384553,2,31,GO:0060159,regulation of dopamine receptor signaling pathway,1,,,,,,,,,,,
0,0.718041534,3,10,GO:0060160,negative regulation of dopamine receptor signaling pathway,1,,,,,,,,,,,
0,0.781124897,3,12,GO:0060161,positive regulation of dopamine receptor signaling pathway,1,,,,,,,,,,,
0,0.382687015,3,11,GO:0060164,regulation of timing of neuron differentiation,1,,,,,,,,,,,
0,1,3,6,GO:0060166,olfactory pit development,1,,,,,,,,,,,
0,0.532117413,3,6,GO:0060167,regulation of adenosine receptor signaling pathway,1,,,,,,,,,,,
0,1,2,9,GO:0060178,regulation of exocyst localization,1,,,,,,,,,,,
0,0.68732738,2,218,GO:0060179,male mating behavior,1,,,,,,,,,,,
0,1,2,5,GO:0060188;GO:0060189,regulation of protein desumoylation,1,,,,,,,,,,,
0,0.700537404,3,193,GO:0060191,regulation of lipase activity,1,,,,,,,,,,,
0,0.532117413,2,6,GO:0060197,cloacal septation,1,,,,,,,,,,,
0,1,3,8,GO:0060214,endocardium formation,1,,,,,,,,,,,
0,0.970830562,3,81,GO:0060216,definitive hemopoiesis,1,,,,,,,,,,,
0,0.97724658,7,84,GO:0060219,camera-type eye photoreceptor cell differentiation,1,,,,,,,,,,,
0,1,2,6,GO:0060220,camera-type eye photoreceptor cell fate commitment,1,,,,,,,,,,,
0,0.781124897,2,12,GO:0060221,retinal rod cell differentiation,1,,,,,,,,,,,
0,0.677051526,5,38,GO:0060231,mesenchymal to epithelial transition,1,,,,,,,,,,,
0,1,2,15,GO:0060235,lens induction in camera-type eye,1,,,,,,,,,,,
0,0.426549964,6,12,GO:0060244,negative regulation of cell proliferation involved in contact inhibition,1,,,,,,,,,,,
0,0.382580052,2,42,GO:0060252,positive regulation of glial cell proliferation,1,,,,,,,,,,,
0,0.986841782,2,307,GO:0060259,regulation of feeding behavior,1,,,,,,,,,,,
0,0.634144871,2,36,GO:0060263,regulation of respiratory burst,1,,,,,,,,,,,
0,1,5,11,GO:0060267,positive regulation of respiratory burst,1,,,,,,,,,,,
0,0.858357333,4,39,GO:0060269,centripetally migrating follicle cell migration,1,,,,,,,,,,,
0,0.838201699,2,48,GO:0060272;GO:0072498,embryonic skeletal joint development,1,,,,,,,,,,,
0,0.485407817,2,30,GO:0060279,positive regulation of ovulation,1,,,,,,,,,,,
0,1,2,6,GO:0060280,negative regulation of ovulation,1,,,,,,,,,,,
0,0.963270214,4,246,GO:0060281;GO:1905879,regulation of oogenesis,1,,,,,,,,,,,
0,0.987045101,2,78,GO:0060282,positive regulation of oocyte development,1,,,,,,,,,,,
0,0.938635875,4,36,GO:0060283;GO:1900194;GO:1905880,negative regulation of oogenesis,1,,,,,,,,,,,
0,0.583200448,5,16,GO:0060287,epithelial cilium movement involved in determination of left/right asymmetry,1,,,,,,,,,,,
0,0.587758061,2,7,GO:0060288,formation of a compartment boundary,1,,,,,,,,,,,
0,0.343395764,3,48,GO:0060290,transdifferentiation,1,,,,,,,,,,,
0,0.950131853,2,139,GO:0060291,long-term synaptic potentiation,1,,,,,,,,,,,
0,0.823311419,2,57,GO:0060292,long-term synaptic depression,1,,,,,,,,,,,
0,0.96320274,3,54,GO:0060295;GO:0003352;GO:1902019,regulation of cilium movement,1,,,,,,,,,,,
0,1,2,13,GO:0060296,regulation of cilium beat frequency involved in ciliary motility,1,,,,,,,,,,,
0,0.6113564,7,35,GO:0060298,positive regulation of sarcomere organization,1,,,,,,,,,,,
0,0.807159278,2,13,GO:0060300,regulation of cytokine activity,1,,,,,,,,,,,
0,1,3,6,GO:0060302,negative regulation of cytokine activity,1,,,,,,,,,,,
0,0.731450953,3,21,GO:0060305,regulation of cell diameter,1,,,,,,,,,,,
0,1,2,8,GO:0060318,definitive erythrocyte differentiation,1,,,,,,,,,,,
0,0.907442701,2,148,GO:0060323,head morphogenesis,1,,,,,,,,,,,
0,0.798014943,3,150,GO:0060324,face development,1,,,,,,,,,,,
0,0.717022668,3,105,GO:0060325,face morphogenesis,1,,,,,,,,,,,
0,0.924931913,3,335,GO:0060326,cell chemotaxis,1,,,,,,,,,,,
0,0.94678519,3,62,GO:0060330;GO:0060334,regulation of response to interferon-gamma,1,,,,,,,,,,,
0,1,5,22,GO:0060331;GO:0060336,negative regulation of interferon-gamma-mediated signaling pathway,1,,,,,,,,,,,
0,0.998226736,2,50,GO:0060338,regulation of type I interferon-mediated signaling pathway,1,,,,,,,,,,,
0,1,5,18,GO:0060339,negative regulation of type I interferon-mediated signaling pathway,1,,,,,,,,,,,
0,0.850308525,2,15,GO:0060340,positive regulation of type I interferon-mediated signaling pathway,1,,,,,,,,,,,
0,0.612760655,2,2532,GO:0060341,regulation of cellular localization,1,,,,,,,,,,,
0,0.734613975,3,170,GO:0060350,endochondral bone morphogenesis,1,,,,,,,,,,,
0,0.829205594,3,97,GO:0060351,cartilage development involved in endochondral bone morphogenesis,1,,,,,,,,,,,
0,1,2,5,GO:0060352,cell adhesion molecule production,1,,,,,,,,,,,
0,0.988912383,2,460,GO:0060359,response to ammonium ion,1,,,,,,,,,,,
0,1,2,6,GO:0060361,flight,1,,,,,,,,,,,
0,0.329069441,2,17,GO:0060368,regulation of Fc receptor mediated stimulatory signaling pathway,1,,,,,,,,,,,
0,1,2,14,GO:0060372,regulation of atrial cardiac muscle cell membrane repolarization,1,,,,,,,,,,,
0,1,3,7,GO:0060374,mast cell differentiation,1,,,,,,,,,,,
0,0.718041534,2,10,GO:0060375,regulation of mast cell differentiation,1,,,,,,,,,,,
0,0.705923662,2,20,GO:0060379,cardiac muscle cell myoblast differentiation,1,,,,,,,,,,,
0,0.590426485,2,78,GO:0060384,innervation,1,,,,,,,,,,,
0,0.584646839,9,25,GO:0060385,axonogenesis involved in innervation,1,,,,,,,,,,,
0,0.750287097,2,32,GO:0060389,pathway-restricted SMAD protein phosphorylation,1,,,,,,,,,,,
0,0.534729879,2,49,GO:0060390,regulation of SMAD protein signal transduction,1,,,,,,,,,,,
0,0.485407817,2,30,GO:0060391,positive regulation of SMAD protein signal transduction,1,,,,,,,,,,,
0,0.587758061,4,7,GO:0060392,negative regulation of SMAD protein signal transduction,1,,,,,,,,,,,
0,0.81540649,6,25,GO:0060394,negative regulation of pathway-restricted SMAD protein phosphorylation,1,,,,,,,,,,,
0,0.704840007,2,140,GO:0060395,SMAD protein signal transduction,1,,,,,,,,,,,
0,0.379717871,7,34,GO:0060396,growth hormone receptor signaling pathway,1,,,,,,,,,,,
0,0.495287212,2,22,GO:0060397,growth hormone receptor signaling pathway via JAK-STAT,1,,,,,,,,,,,
0,0.583200448,2,16,GO:0060398,regulation of growth hormone receptor signaling pathway,1,,,,,,,,,,,
0,0.337432237,3,10,GO:0060399,positive regulation of growth hormone receptor signaling pathway,1,,,,,,,,,,,
0,0.893141849,2,203,GO:0060401;GO:0060402,cytosolic calcium ion transport,1,,,,,,,,,,,
0,0.897694922,2,31,GO:0060405;GO:0060406,regulation of penile erection,1,,,,,,,,,,,
0,1,2,6,GO:0060408;GO:0060409,regulation of acetylcholine metabolic process,1,,,,,,,,,,,
0,0.58770963,4,34,GO:0060413,atrial septum morphogenesis,1,,,,,,,,,,,
0,0.473122459,5,96,GO:0060416,response to growth hormone,1,,,,,,,,,,,
0,0.36331292,2,18,GO:0060426,lung vasculature development,1,,,,,,,,,,,
0,0.757187068,5,90,GO:0060428,lung epithelium development,1,,,,,,,,,,,
0,1,3,5,GO:0060431,primary lung bud formation,1,,,,,,,,,,,
0,0.832349448,2,26,GO:0060433,bronchus development,1,,,,,,,,,,,
0,0.587758061,2,7,GO:0060434,bronchus morphogenesis,1,,,,,,,,,,,
0,1,2,8,GO:0060435,bronchiole development,1,,,,,,,,,,,
0,0.883805177,3,17,GO:0060437,lung growth,1,,,,,,,,,,,
0,0.518894589,2,116,GO:0060438,trachea development,1,,,,,,,,,,,
0,0.650586886,2,64,GO:0060439,trachea morphogenesis,1,,,,,,,,,,,
0,0.458219008,3,29,GO:0060442,branching involved in prostate gland morphogenesis,1,,,,,,,,,,,
0,0.444784071,2,152,GO:0060446,branching involved in open tracheal system development,1,,,,,,,,,,,
0,0.751576986,3,11,GO:0060448;GO:0060488;GO:0060489;GO:0060490,dichotomous subdivision of terminal units involved in lung branching,1,,,,,,,,,,,
0,1,4,28,GO:0060452,positive regulation of cardiac muscle contraction,1,,,,,,,,,,,
0,1,3,24,GO:0060453,regulation of gastric acid secretion,1,,,,,,,,,,,
0,1,2,5,GO:0060454,positive regulation of gastric acid secretion,1,,,,,,,,,,,
0,1,2,14,GO:0060455,negative regulation of gastric acid secretion,1,,,,,,,,,,,
0,0.955142603,2,39,GO:0060456,positive regulation of digestive system process,1,,,,,,,,,,,
0,0.634144871,2,36,GO:0060457,negative regulation of digestive system process,1,,,,,,,,,,,
0,1,3,6,GO:0060458,right lung development,1,,,,,,,,,,,
0,1,3,9,GO:0060459,left lung development,1,,,,,,,,,,,
0,1,3,5,GO:0060460,left lung morphogenesis,1,,,,,,,,,,,
0,0.36701482,3,97,GO:0060465,pharynx development,1,,,,,,,,,,,
0,0.967265464,7,27,GO:0060471,cortical granule exocytosis,1,,,,,,,,,,,
0,1,2,9,GO:0060478,acrosomal vesicle exocytosis,1,,,,,,,,,,,
0,0.616533693,4,62,GO:0060479;GO:0060487,lung cell differentiation,1,,,,,,,,,,,
0,1,2,8,GO:0060480,lung goblet cell differentiation,1,,,,,,,,,,,
0,1,2,12,GO:0060481;GO:0060482,lobar bronchus development,1,,,,,,,,,,,
0,1,3,9,GO:0060486,club cell differentiation,1,,,,,,,,,,,
0,1,2,5,GO:0060492,lung induction,1,,,,,,,,,,,
0,0.468712327,2,13,GO:0060501,positive regulation of epithelial cell proliferation involved in lung morphogenesis,1,,,,,,,,,,,
0,0.587758061,3,7,GO:0060502,epithelial cell proliferation involved in lung morphogenesis,1,,,,,,,,,,,
0,0.705923662,2,20,GO:0060509,type I pneumocyte differentiation,1,,,,,,,,,,,
0,0.468712327,2,13,GO:0060510,type II pneumocyte differentiation,1,,,,,,,,,,,
0,0.830097807,3,14,GO:0060513,prostatic bud formation,1,,,,,,,,,,,
0,0.587758061,2,7,GO:0060516,primary prostatic bud elongation,1,,,,,,,,,,,
0,0.679980604,2,9,GO:0060528,secretory columnal luminar epithelial cell differentiation involved in prostate glandular acinus development,1,,,,,,,,,,,
0,0.468969527,5,5,GO:0060532;GO:0061145,bronchus cartilage development,1,,,,,,,,,,,
0,0.796945718,3,24,GO:0060534,trachea cartilage development,1,,,,,,,,,,,
0,1,3,10,GO:0060535,trachea cartilage morphogenesis,1,,,,,,,,,,,
0,0.950179256,2,38,GO:0060536,cartilage morphogenesis,1,,,,,,,,,,,
0,0.875057532,3,29,GO:0060539,diaphragm development,1,,,,,,,,,,,
0,0.899598503,6,43,GO:0060544;GO:0062098;GO:0060546;GO:0062099;GO:0060547,negative regulation of necrotic cell death,1,,,,,,,,,,,
0,1,3,5,GO:0060545;GO:0062100,positive regulation of necroptotic process,1,,,,,,,,,,,
0,0.938322978,4,22,GO:0060558;GO:0060556,regulation of vitamin D biosynthetic process,1,,,,,,,,,,,
0,0.338191873,3,40,GO:0060561,apoptotic process involved in morphogenesis,1,,,,,,,,,,,
0,0.426663681,2,200,GO:0060563,neuroepithelial cell differentiation,1,,,,,,,,,,,
0,0.517765877,2,99,GO:0060571,morphogenesis of an epithelial fold,1,,,,,,,,,,,
0,0.485407817,3,30,GO:0060572,morphogenesis of an epithelial bud,1,,,,,,,,,,,
0,0.962769483,2,78,GO:0060573,cell fate specification involved in pattern specification,1,,,,,,,,,,,
0,1,2,5,GO:0060574,intestinal epithelial cell maturation,1,,,,,,,,,,,
0,0.845956206,6,38,GO:0060575,intestinal epithelial cell differentiation,1,,,,,,,,,,,
0,0.705923662,2,20,GO:0060576,intestinal epithelial cell development,1,,,,,,,,,,,
0,0.939090775,3,186,GO:0060581,cell fate commitment involved in pattern specification,1,,,,,,,,,,,
0,1,3,5,GO:0060584;GO:0060585,regulation of prostaglandin-endoperoxide synthase activity,1,,,,,,,,,,,
0,0.897628656,3,18,GO:0060586,multicellular organismal iron ion homeostasis,1,,,,,,,,,,,
0,0.862078984,3,28,GO:0060591,chondroblast differentiation,1,,,,,,,,,,,
0,0.458219008,2,29,GO:0060592,mammary gland formation,1,,,,,,,,,,,
0,1,3,15,GO:0060596,mammary placode formation,1,,,,,,,,,,,
0,0.663215178,2,28,GO:0060601,lateral sprouting from an epithelium,1,,,,,,,,,,,
0,0.379051902,3,114,GO:0060603,mammary gland duct morphogenesis,1,,,,,,,,,,,
0,0.64880604,3,18,GO:0060605;GO:0060662,salivary gland cavitation,1,,,,,,,,,,,
0,1,2,18,GO:0060613,fat pad development,1,,,,,,,,,,,
0,1,3,6,GO:0060618;GO:0060658,nipple development,1,,,,,,,,,,,
0,0.587758061,6,7,GO:0060620;GO:2000909,regulation of cholesterol import,1,,,,,,,,,,,
0,1,7,16,GO:0060623,regulation of chromosome condensation,1,,,,,,,,,,,
0,0.938322978,2,22,GO:0060625,regulation of protein deneddylation,1,,,,,,,,,,,
0,0.943482483,4,1600,GO:0060627,regulation of vesicle-mediated transport,1,,,,,,,,,,,
0,0.991879948,2,38,GO:0060628,regulation of ER to Golgi vesicle-mediated transport,1,,,,,,,,,,,
0,0.430554219,2,28,GO:0060631,regulation of meiosis I,1,,,,,,,,,,,
0,0.878349602,5,123,GO:0060632,regulation of microtubule-based movement,1,,,,,,,,,,,
0,0.671587084,4,47,GO:0060644,mammary gland epithelial cell differentiation,1,,,,,,,,,,,
0,0.426549964,4,12,GO:0060648,mammary gland bud morphogenesis,1,,,,,,,,,,,
0,0.430686562,3,20,GO:0060664,epithelial cell proliferation involved in salivary gland morphogenesis,1,,,,,,,,,,,
0,0.329069441,5,17,GO:0060665,regulation of branching involved in salivary gland morphogenesis by mesenchymal-epithelial signaling,1,,,,,,,,,,,
0,0.698143421,3,67,GO:0060669;GO:0060713,embryonic placenta morphogenesis,1,,,,,,,,,,,
0,0.796945718,3,24,GO:0060670,branching involved in labyrinthine layer morphogenesis,1,,,,,,,,,,,
0,0.869755701,2,82,GO:0060674,placenta blood vessel development,1,,,,,,,,,,,
0,0.670830445,5,181,GO:0060675;GO:0072171;GO:0072078;GO:0072088;GO:0072028,nephron morphogenesis,1,,,,,,,,,,,
0,1,2,15,GO:0060676,ureteric bud formation,1,,,,,,,,,,,
0,1,2,15,GO:0060677,ureteric bud elongation,1,,,,,,,,,,,
0,0.329069441,2,17,GO:0060684,epithelial-mesenchymal cell signaling,1,,,,,,,,,,,
0,1,2,16,GO:0060685,regulation of prostatic bud formation,1,,,,,,,,,,,
0,1,3,10,GO:0060686,negative regulation of prostatic bud formation,1,,,,,,,,,,,
0,0.547147755,4,15,GO:0060687,regulation of branching involved in prostate gland morphogenesis,1,,,,,,,,,,,
0,1,2,9,GO:0060689,cell differentiation involved in salivary gland development,1,,,,,,,,,,,
0,0.807159278,3,13,GO:0060696,regulation of phospholipid catabolic process,1,,,,,,,,,,,
0,0.781124897,5,12,GO:0060699;GO:0060700,regulation of ribonuclease activity,1,,,,,,,,,,,
0,0.532117413,5,6,GO:0060701;GO:0060702,negative regulation of endoribonuclease activity,1,,,,,,,,,,,
0,0.977196029,3,59,GO:0060706,cell differentiation involved in embryonic placenta development,1,,,,,,,,,,,
0,0.730384553,4,31,GO:0060707,trophoblast giant cell differentiation,1,,,,,,,,,,,
0,0.638287218,3,27,GO:0060710,chorio-allantoic fusion,1,,,,,,,,,,,
0,0.776319446,4,129,GO:0060711,labyrinthine layer development,1,,,,,,,,,,,
0,0.862078984,2,28,GO:0060712,spongiotrophoblast layer development,1,,,,,,,,,,,
0,1,2,7,GO:0060715,syncytiotrophoblast cell differentiation involved in labyrinthine layer development,1,,,,,,,,,,,
0,0.834766,3,58,GO:0060716,labyrinthine layer blood vessel development,1,,,,,,,,,,,
0,0.731450953,4,21,GO:0060729,intestinal epithelial structure maintenance,1,,,,,,,,,,,
0,1,3,6,GO:0060730,regulation of intestinal epithelial structure maintenance,1,,,,,,,,,,,
0,0.512026324,3,31,GO:0060736,prostate gland growth,1,,,,,,,,,,,
0,1,3,6,GO:0060738,epithelial-mesenchymal signaling involved in prostate gland development,1,,,,,,,,,,,
0,0.636783715,3,8,GO:0060741,prostate gland stromal morphogenesis,1,,,,,,,,,,,
0,0.781124897,2,12,GO:0060745,mammary gland branching involved in pregnancy,1,,,,,,,,,,,
0,1,2,5,GO:0060748,tertiary branching involved in mammary gland duct morphogenesis,1,,,,,,,,,,,
0,0.328262663,3,55,GO:0060749;GO:0061377,mammary gland alveolus development,1,,,,,,,,,,,
0,0.532117413,2,6,GO:0060750,epithelial cell proliferation involved in mammary gland duct elongation,1,,,,,,,,,,,
0,0.679980604,4,9,GO:0060751,branch elongation involved in mammary gland duct branching,1,,,,,,,,,,,
0,1,2,9,GO:0060756,foraging behavior,1,,,,,,,,,,,
0,0.33025755,2,32,GO:0060763,mammary duct terminal end bud growth,1,,,,,,,,,,,
0,0.500311638,3,81,GO:0060765,regulation of androgen receptor signaling pathway,1,,,,,,,,,,,
0,0.612091,2,26,GO:0060766,negative regulation of androgen receptor signaling pathway,1,,,,,,,,,,,
0,1,5,7,GO:0060769,positive regulation of epithelial cell proliferation involved in prostate gland development,1,,,,,,,,,,,
0,1,2,6,GO:0060785,regulation of apoptosis involved in tissue homeostasis,1,,,,,,,,,,,
0,1,2,6,GO:0060786,regulation of cell differentiation involved in tissue homeostasis,1,,,,,,,,,,,
0,0.59487006,2,87,GO:0060788;GO:0071696;GO:0071697,ectodermal placode development,1,,,,,,,,,,,
0,1,3,8,GO:0060789,hair follicle placode formation,1,,,,,,,,,,,
0,0.623212676,4,124,GO:0060795,cell fate commitment involved in formation of primary germ layer,1,,,,,,,,,,,
0,1,2,6,GO:0060800,regulation of cell differentiation involved in embryonic placenta development,1,,,,,,,,,,,
0,1,2,5,GO:0060809,mesodermal to mesenchymal transition involved in gastrulation,1,,,,,,,,,,,
0,0.99752763,2,135,GO:0060811;GO:0060810,intracellular mRNA localization involved in pattern specification process,1,,,,,,,,,,,
0,1,2,6,GO:0060819,inactivation of X chromosome by genetic imprinting,1,,,,,,,,,,,
0,0.718041534,4,10,GO:0060827;GO:0060829,regulation of canonical Wnt signaling pathway involved in neural plate anterior/posterior pattern formation,1,,,,,,,,,,,
0,1,2,6,GO:0060830,ciliary receptor clustering involved in smoothened signaling pathway,1,,,,,,,,,,,
0,1,5,11,GO:0060836,lymphatic endothelial cell differentiation,1,,,,,,,,,,,
0,0.584646839,2,25,GO:0060837;GO:0060842,blood vessel endothelial cell differentiation,1,,,,,,,,,,,
0,0.495287212,2,22,GO:0060839,endothelial cell fate commitment,1,,,,,,,,,,,
0,0.781124897,3,12,GO:0060846;GO:0060844;GO:0060853,blood vessel endothelial cell fate commitment,1,,,,,,,,,,,
0,0.583200448,2,16,GO:0060847,endothelial cell fate specification,1,,,,,,,,,,,
0,0.899598503,-1,43,GO:0060850,obsolete regulation of transcription involved in cell fate commitment,1,,,,,,,,,,,
0,1,8,5,GO:0060855,venous endothelial cell migration involved in lymph vessel development,1,,,,,,,,,,,
0,0.862078984,2,28,GO:0060896;GO:0060897,neural plate pattern specification,1,,,,,,,,,,,
0,1,2,6,GO:0060898,eye field cell fate commitment involved in camera-type eye formation,1,,,,,,,,,,,
0,0.547147755,2,15,GO:0060903,positive regulation of meiosis I,1,,,,,,,,,,,
0,0.42469387,3,52,GO:0060911,cardiac cell fate commitment,1,,,,,,,,,,,
0,0.751576986,2,11,GO:0060913,cardiac cell fate determination,1,,,,,,,,,,,
0,0.403409831,4,59,GO:0060914,heart formation,1,,,,,,,,,,,
0,0.547147755,3,15,GO:0060920;GO:0060926,cardiac pacemaker cell differentiation,1,,,,,,,,,,,
0,0.382687015,4,11,GO:0060921;GO:0060931,sinoatrial node cell differentiation,1,,,,,,,,,,,
0,0.883805177,2,17,GO:0060923,cardiac muscle cell fate commitment,1,,,,,,,,,,,
0,1,3,7,GO:0060932,His-Purkinje system cell differentiation,1,,,,,,,,,,,
0,0.468969527,3,5,GO:0060935;GO:0060936;GO:0060938;GO:0060939,cardiac fibroblast cell development,1,,,,,,,,,,,
0,0.955142603,2,39,GO:0060965,negative regulation of gene silencing by miRNA,1,,,,,,,,,,,
0,0.594178138,4,139,GO:0060972;GO:0070986,left/right pattern formation,1,,,,,,,,,,,
0,0.924579819,3,34,GO:0060986,endocrine hormone secretion,1,,,,,,,,,,,
0,0.64880604,3,18,GO:0060988,lipid tube assembly,1,,,,,,,,,,,
0,0.337432237,6,10,GO:0060990,lipid tube assembly involved in organelle fission,1,,,,,,,,,,,
0,0.99113533,2,54,GO:0060992,response to fungicide,1,,,,,,,,,,,
0,0.652276946,2,275,GO:0060993;GO:0072080,kidney morphogenesis,1,,,,,,,,,,,
0,0.468969527,3,5,GO:0060994,regulation of transcription from RNA polymerase II promoter involved in kidney development,1,,,,,,,,,,,
0,0.390685209,3,123,GO:0060996,dendritic spine development,1,,,,,,,,,,,
0,0.579662664,7,86,GO:0060997,dendritic spine morphogenesis,1,,,,,,,,,,,
0,0.360980976,5,153,GO:0060999,positive regulation of dendritic spine development,1,,,,,,,,,,,
0,0.798788757,2,45,GO:0061000,negative regulation of dendritic spine development,1,,,,,,,,,,,
0,0.557608678,3,136,GO:0061001,regulation of dendritic spine morphogenesis,1,,,,,,,,,,,
0,0.832349448,6,26,GO:0061002,negative regulation of dendritic spine morphogenesis,1,,,,,,,,,,,
0,0.686868582,3,29,GO:0061004;GO:0072048,pattern specification involved in kidney development,1,,,,,,,,,,,
0,0.755067327,4,22,GO:0061009,common bile duct development,1,,,,,,,,,,,
0,0.482714986,2,105,GO:0061014,positive regulation of mRNA catabolic process,1,,,,,,,,,,,
0,0.705861746,2,1926,GO:0061024,membrane organization,1,,,,,,,,,,,
0,0.999981925,2,438,GO:0061025,membrane fusion,1,,,,,,,,,,,
0,0.382687015,4,11,GO:0061026,cardiac muscle tissue regeneration,1,,,,,,,,,,,
0,0.322858381,2,86,GO:0061028,establishment of endothelial barrier,1,,,,,,,,,,,
0,1,2,13,GO:0061030,epithelial cell differentiation involved in mammary gland alveolus development,1,,,,,,,,,,,
0,0.705923662,5,20,GO:0061031,endodermal digestive tract morphogenesis,1,,,,,,,,,,,
0,0.957824569,2,25,GO:0061032,visceral serous pericardium development,1,,,,,,,,,,,
0,1,2,7,GO:0061033,secretion by lung epithelial cell involved in lung growth,1,,,,,,,,,,,
0,1,3,8,GO:0061034,olfactory bulb mitral cell layer development,1,,,,,,,,,,,
0,1,2,10,GO:0061042,vascular wound healing,1,,,,,,,,,,,
0,0.679980604,3,9,GO:0061043,regulation of vascular wound healing,1,,,,,,,,,,,
0,0.715198295,2,141,GO:0061045,negative regulation of wound healing,1,,,,,,,,,,,
0,0.86811573,5,16,GO:0061046,regulation of branching involved in lung morphogenesis,1,,,,,,,,,,,
0,1,2,9,GO:0061047,positive regulation of branching involved in lung morphogenesis,1,,,,,,,,,,,
0,0.532117413,3,6,GO:0061055,myotome development,1,,,,,,,,,,,
0,0.883805177,2,17,GO:0061056,sclerotome development,1,,,,,,,,,,,
0,0.971161259,2,28,GO:0061057,peptidoglycan recognition protein signaling pathway,1,,,,,,,,,,,
0,1,4,8,GO:0061058;GO:0061060,negative regulation of peptidoglycan recognition protein signaling pathway,1,,,,,,,,,,,
0,0.663215178,4,28,GO:0061066,positive regulation of dauer larval development,1,,,,,,,,,,,
0,1,3,21,GO:0061072,iris morphogenesis,1,,,,,,,,,,,
0,0.955597328,2,52,GO:0061074;GO:1902866,regulation of retina development in camera-type eye,1,,,,,,,,,,,
0,1,3,11,GO:0061075;GO:1902868,positive regulation of neural retina development,1,,,,,,,,,,,
0,1,4,7,GO:0061076;GO:1902867;GO:1902870,negative regulation of amacrine cell differentiation,1,,,,,,,,,,,
0,0.679980604,2,9,GO:0061082,myeloid leukocyte cytokine production,1,,,,,,,,,,,
0,0.781124897,5,12,GO:0061083,regulation of protein refolding,1,,,,,,,,,,,
0,0.751576986,2,11,GO:0061087,positive regulation of histone H3-K27 methylation,1,,,,,,,,,,,
0,1,2,15,GO:0061088,regulation of sequestering of zinc ion,1,,,,,,,,,,,
0,0.426549964,2,12,GO:0061091,regulation of phospholipid translocation,1,,,,,,,,,,,
0,1,5,13,GO:0061094;GO:0061096,regulation of turning behavior involved in mating,1,,,,,,,,,,,
0,0.624459187,4,263,GO:0061097,regulation of protein tyrosine kinase activity,1,,,,,,,,,,,
0,0.522858152,4,184,GO:0061098,positive regulation of protein tyrosine kinase activity,1,,,,,,,,,,,
0,0.958764851,2,65,GO:0061099,negative regulation of protein tyrosine kinase activity,1,,,,,,,,,,,
0,0.970652366,3,43,GO:0061101,neuroendocrine cell differentiation,1,,,,,,,,,,,
0,0.636783715,2,8,GO:0061113,pancreas morphogenesis,1,,,,,,,,,,,
0,0.847874426,2,27,GO:0061140,lung secretory cell differentiation,1,,,,,,,,,,,
0,0.468969527,6,5,GO:0061144,alveolar secondary septum development,1,,,,,,,,,,,
0,1,2,10,GO:0061146;GO:0097021,Peyer's patch morphogenesis,1,,,,,,,,,,,
0,1,3,7,GO:0061152;GO:0061153,trachea submucosa development,1,,,,,,,,,,,
0,0.845956206,2,38,GO:0061158,3'-UTR-mediated mRNA destabilization,1,,,,,,,,,,,
0,0.791668879,2,112,GO:0061162;GO:0061339,establishment or maintenance of monopolar cell polarity,1,,,,,,,,,,,
0,0.95887288,6,163,GO:0061178,regulation of insulin secretion involved in cellular response to glucose stimulus,1,,,,,,,,,,,
0,0.563240011,2,33,GO:0061179,negative regulation of insulin secretion involved in cellular response to glucose stimulus,1,,,,,,,,,,,
0,0.508958394,3,14,GO:0061181;GO:0061182,regulation of chondrocyte development,1,,,,,,,,,,,
0,1,4,10,GO:0061183;GO:0061184,regulation of dermatome development,1,,,,,,,,,,,
0,0.532117413,7,6,GO:0061187;GO:0061188,regulation of ribosomal DNA heterochromatin assembly,1,,,,,,,,,,,
0,0.718041534,5,10,GO:0061193,taste bud development,1,,,,,,,,,,,
0,0.532117413,2,6,GO:0061194;GO:0061195,taste bud morphogenesis,1,,,,,,,,,,,
0,0.781124897,3,12,GO:0061196;GO:0061197,fungiform papilla development,1,,,,,,,,,,,
0,1,2,6,GO:0061198,fungiform papilla formation,1,,,,,,,,,,,
0,0.532117413,2,6,GO:0061199,striated muscle contraction involved in embryonic body morphogenesis,1,,,,,,,,,,,
0,1,3,12,GO:0061205,paramesonephric duct development,1,,,,,,,,,,,
0,0.468969527,2,5,GO:0061209;GO:0072138,cell proliferation involved in mesonephros development,1,,,,,,,,,,,
0,0.761578891,2,62,GO:0061213;GO:0061217;GO:0090189;GO:0090190,regulation of mesonephros development,1,,,,,,,,,,,
0,1,2,12,GO:0061218,negative regulation of mesonephros development,1,,,,,,,,,,,
0,0.679980604,2,9,GO:0061300,cerebellum vasculature development,1,,,,,,,,,,,
0,0.963685607,3,41,GO:0061303,cornea development in camera-type eye,1,,,,,,,,,,,
0,0.845605451,3,59,GO:0061311,cell surface receptor signaling pathway involved in heart development,1,,,,,,,,,,,
0,0.830097807,3,14,GO:0061312,BMP signaling pathway involved in heart development,1,,,,,,,,,,,
0,0.374241607,2,26,GO:0061314,Notch signaling involved in heart development,1,,,,,,,,,,,
0,1,5,10,GO:0061316,canonical Wnt signaling pathway involved in heart development,1,,,,,,,,,,,
0,0.832349448,2,26,GO:0061320,pericardial nephrocyte differentiation,1,,,,,,,,,,,
0,0.404447155,4,35,GO:0061331;GO:2001013,epithelial cell proliferation involved in renal tubule morphogenesis,1,,,,,,,,,,,
0,0.761247828,2,405,GO:0061333;GO:0061326,renal tubule development,1,,,,,,,,,,,
0,1,5,5,GO:0061336,cell morphogenesis involved in Malpighian tubule morphogenesis,1,,,,,,,,,,,
0,0.483374555,2,172,GO:0061337,cardiac conduction,1,,,,,,,,,,,
0,1,2,5,GO:0061341;GO:0061346,non-canonical Wnt signaling pathway involved in heart development,1,,,,,,,,,,,
0,0.63692711,3,81,GO:0061343,cell adhesion involved in heart morphogenesis,1,,,,,,,,,,,
0,0.468969527,5,5,GO:0061344;GO:1901189,regulation of cell adhesion involved in heart morphogenesis,1,,,,,,,,,,,
0,0.37493329,2,433,GO:0061351,neural precursor cell proliferation,1,,,,,,,,,,,
0,0.77686618,6,23,GO:0061355,Wnt protein secretion,1,,,,,,,,,,,
0,0.929993176,2,21,GO:0061356;GO:0061357,regulation of Wnt protein secretion,1,,,,,,,,,,,
0,0.807159278,4,13,GO:0061364,apoptotic process involved in luteolysis,1,,,,,,,,,,,
0,1,4,8,GO:0061366;GO:0061368,behavioral response to formalin induced pain,1,,,,,,,,,,,
0,0.718041534,3,10,GO:0061370,testosterone biosynthetic process,1,,,,,,,,,,,
0,1,3,6,GO:0061378;GO:0061379;GO:0061374;GO:0061381,corpora quadrigemina development,1,,,,,,,,,,,
0,0.64880604,3,18,GO:0061382,Malpighian tubule tip cell differentiation,1,,,,,,,,,,,
0,0.86811573,3,16,GO:0061386,closure of optic fissure,1,,,,,,,,,,,
0,1,6,5,GO:0061402,positive regulation of transcription from RNA polymerase II promoter in response to acidic pH,1,,,,,,,,,,,
0,1,9,6,GO:0061408,positive regulation of transcription from RNA polymerase II promoter in response to heat stress,1,,,,,,,,,,,
0,1,4,6,GO:0061433,cellular response to caloric restriction,1,,,,,,,,,,,
0,0.449033255,3,45,GO:0061437;GO:0061440;GO:0072012,kidney vasculature development,1,,,,,,,,,,,
0,0.830097807,2,14,GO:0061438;GO:0061439;GO:0072103;GO:0072104,renal system vasculature morphogenesis,1,,,,,,,,,,,
0,0.455166368,2,70,GO:0061462,protein localization to lysosome,1,,,,,,,,,,,
0,1,2,27,GO:0061469,regulation of type B pancreatic cell proliferation,1,,,,,,,,,,,
0,0.830097807,2,14,GO:0061470,T follicular helper cell differentiation,1,,,,,,,,,,,
0,0.686868582,2,29,GO:0061476,response to anticoagulant,1,,,,,,,,,,,
0,0.802958258,4,35,GO:0061478;GO:1904321;GO:1904322,response to platelet aggregation inhibitor,1,,,,,,,,,,,
0,1,2,18,GO:0061484,hematopoietic stem cell homeostasis,1,,,,,,,,,,,
0,1,3,11,GO:0061502,early endosome to recycling endosome transport,1,,,,,,,,,,,
0,0.638861319,2,90,GO:0061512,protein localization to cilium,1,,,,,,,,,,,
0,0.453053088,2,161,GO:0061515,myeloid cell development,1,,,,,,,,,,,
0,1,4,5,GO:0061526,acetylcholine secretion,1,,,,,,,,,,,
0,1,3,14,GO:0061541,rhabdomere morphogenesis,1,,,,,,,,,,,
0,0.830097807,4,14,GO:0061577,calcium ion transmembrane transport via high voltage-gated calcium channel,1,,,,,,,,,,,
0,1,8,12,GO:0061588;GO:0061590;GO:0061591,calcium activated phospholipid scrambling,1,,,,,,,,,,,
0,1,2,8,GO:0061589,calcium activated phosphatidylserine scrambling,1,,,,,,,,,,,
0,0.636783715,7,8,GO:0061622,glycolytic process through glucose-1-phosphate,1,,,,,,,,,,,
0,0.755067327,2,22,GO:0061626,pharyngeal arch artery morphogenesis,1,,,,,,,,,,,
0,0.755067327,3,22,GO:0061635,regulation of protein complex stability,1,,,,,,,,,,,
0,0.636783715,2,8,GO:0061642,chemoattraction of axon,1,,,,,,,,,,,
0,0.547147755,2,15,GO:0061643,chemorepulsion of axon,1,,,,,,,,,,,
0,1,5,6,GO:0061668,mitochondrial ribosome assembly,1,,,,,,,,,,,
0,0.850308525,3,15,GO:0061669;GO:0098814,spontaneous synaptic transmission,1,,,,,,,,,,,
0,1,6,8,GO:0061670,evoked neurotransmitter secretion,1,,,,,,,,,,,
0,0.807159278,2,13,GO:0061684;GO:0061741,chaperone-mediated autophagy,1,,,,,,,,,,,
0,0.830097807,2,14,GO:0061687;GO:0010273,detoxification of inorganic compound,1,,,,,,,,,,,
0,1,6,32,GO:0061723,glycophagy,1,,,,,,,,,,,
0,0.679980604,2,9,GO:0061734,parkin-mediated stimulation of mitophagy in response to mitochondrial depolarization,1,,,,,,,,,,,
0,1,2,14,GO:0061737,leukotriene signaling pathway,1,,,,,,,,,,,
0,1,2,9,GO:0061738,late endosomal microautophagy,1,,,,,,,,,,,
0,1,7,6,GO:0061739,protein lipidation involved in autophagosome assembly,1,,,,,,,,,,,
0,0.679980604,9,9,GO:0061740,protein targeting to lysosome involved in chaperone-mediated autophagy,1,,,,,,,,,,,
0,1,2,13,GO:0061743,motor learning,1,,,,,,,,,,,
0,0.883805177,2,17,GO:0061744,motor behavior,1,,,,,,,,,,,
0,1,5,7,GO:0061763,multivesicular body-lysosome fusion,1,,,,,,,,,,,
0,0.86811573,3,16,GO:0061771,response to caloric restriction,1,,,,,,,,,,,
0,0.807159278,3,13,GO:0061789;GO:0099069,dense core granule priming,1,,,,,,,,,,,
0,0.796945718,2,24,GO:0061792,secretory granule maturation,1,,,,,,,,,,,
0,1,4,6,GO:0061819;GO:1904505;GO:1904506;GO:1905764;GO:1905765,negative regulation of telomere maintenance in response to DNA damage,1,,,,,,,,,,,
0,1,2,12,GO:0061820;GO:0090657,telomeric loop disassembly,1,,,,,,,,,,,
0,0.87673412,4,93,GO:0061844,antimicrobial humoral immune response mediated by antimicrobial peptide,1,,,,,,,,,,,
0,1,2,7,GO:0061857,endoplasmic reticulum stress-induced pre-emptive quality control,1,,,,,,,,,,,
0,0.58770963,2,34,GO:0061864;GO:0070278,extracellular matrix constituent secretion,1,,,,,,,,,,,
0,0.583200448,3,16,GO:0061865,polarized secretion of basement membrane proteins in epithelium,1,,,,,,,,,,,
0,0.3458504,2,25,GO:0061883,clathrin-dependent endocytosis involved in vitellogenesis,1,,,,,,,,,,,
0,1,2,7,GO:0061884,regulation of mini excitatory postsynaptic potential,1,,,,,,,,,,,
0,0.337432237,2,10,GO:0061888,regulation of astrocyte activation,1,,,,,,,,,,,
0,0.845605451,2,59,GO:0061912,selective autophagy,1,,,,,,,,,,,
0,0.663215178,3,28,GO:0061930;GO:0061931;GO:0090086;GO:1902838,negative regulation of protein deubiquitination,1,,,,,,,,,,,
0,0.850308525,3,15,GO:0061945;GO:1902524,regulation of protein K48-linked ubiquitination,1,,,,,,,,,,,
0,0.837995135,2,98,GO:0061951,establishment of protein localization to plasma membrane,1,,,,,,,,,,,
0,0.336271123,3,79,GO:0061983,meiosis II cell cycle process,1,,,,,,,,,,,
0,0.515225341,4,824,GO:0062012,regulation of small molecule metabolic process,1,,,,,,,,,,,
0,0.6315896,2,376,GO:0062013,positive regulation of small molecule metabolic process,1,,,,,,,,,,,
0,0.443056198,2,185,GO:0062014,negative regulation of small molecule metabolic process,1,,,,,,,,,,,
0,0.54341668,3,58,GO:0062033,positive regulation of mitotic sister chromatid segregation,1,,,,,,,,,,,
0,0.617084583,4,17,GO:0062042;GO:0062043;GO:1905005;GO:1905007,regulation of epithelial to mesenchymal transition involved in endocardial cushion formation,1,,,,,,,,,,,
0,1,2,6,GO:0062044;GO:1905006,negative regulation of cardiac epithelial to mesenchymal transition,1,,,,,,,,,,,
0,0.896961953,2,96,GO:0062149,detection of stimulus involved in sensory perception of pain,1,,,,,,,,,,,
0,0.84479715,6,89,GO:0062237;GO:1903539,protein localization to postsynapse,1,,,,,,,,,,,
0,0.8338027,2,68,GO:0065001,specification of axis polarity,1,,,,,,,,,,,
0,0.818902435,3,115,GO:0065002;GO:0071806,protein transmembrane transport,1,,,,,,,,,,,
0,0.368493743,3,276,GO:0065004,protein-DNA complex assembly,1,,,,,,,,,,,
0,0.562263755,2,59,GO:0065005,protein-lipid complex assembly,1,,,,,,,,,,,
0,0.745848619,4,135,GO:0070050,neuron cellular homeostasis,1,,,,,,,,,,,
0,0.5642093,4,85,GO:0070059,intrinsic apoptotic signaling pathway in response to endoplasmic reticulum stress,1,,,,,,,,,,,
0,0.547147755,3,15,GO:0070070;GO:0070072,vacuolar proton-transporting V-type ATPase complex assembly,1,,,,,,,,,,,
0,0.547147755,2,15,GO:0070092,regulation of glucagon secretion,1,,,,,,,,,,,
0,0.987045101,2,78,GO:0070098,chemokine-mediated signaling pathway,1,,,,,,,,,,,
0,0.453435446,2,37,GO:0070102,interleukin-6-mediated signaling pathway,1,,,,,,,,,,,
0,0.850308525,2,15,GO:0070103,regulation of interleukin-6-mediated signaling pathway,1,,,,,,,,,,,
0,1,2,10,GO:0070104;GO:1902232;GO:1902205;GO:1902206;GO:1902215;GO:1902233,negative regulation of interleukin-6-mediated signaling pathway,1,,,,,,,,,,,
0,0.532117413,4,6,GO:0070105,positive regulation of interleukin-6-mediated signaling pathway,1,,,,,,,,,,,
0,0.886900705,4,30,GO:0070106;GO:0070757,interleukin-27-mediated signaling pathway,1,,,,,,,,,,,
0,1,4,7,GO:0070120,ciliary neurotrophic factor-mediated signaling pathway,1,,,,,,,,,,,
0,0.501253885,3,39,GO:0070121,Kupffer's vesicle development,1,,,,,,,,,,,
0,0.636783715,2,8,GO:0070127,tRNA aminoacylation for mitochondrial protein translation,1,,,,,,,,,,,
0,1,2,44,GO:0070129;GO:0062125,regulation of mitochondrial gene expression,1,,,,,,,,,,,
0,1,3,28,GO:0070131,positive regulation of mitochondrial translation,1,,,,,,,,,,,
0,0.952127845,2,24,GO:0070141,response to UV-A,1,,,,,,,,,,,
0,1,2,16,GO:0070163;GO:0070164,regulation of adiponectin secretion,1,,,,,,,,,,,
0,0.679980604,5,9,GO:0070170,regulation of tooth mineralization,1,,,,,,,,,,,
0,0.751576986,2,11,GO:0070189,kynurenine metabolic process,1,,,,,,,,,,,
0,0.468969527,3,5,GO:0070194,synaptonemal complex disassembly,1,,,,,,,,,,,
0,0.652936937,2,91,GO:0070207,protein homotrimerization,1,,,,,,,,,,,
0,0.468712327,6,13,GO:0070212,protein poly-ADP-ribosylation,1,,,,,,,,,,,
0,0.636783715,3,8,GO:0070213,protein auto-ADP-ribosylation,1,,,,,,,,,,,
0,0.379717871,2,34,GO:0070227;GO:0070231,lymphocyte apoptotic process,1,,,,,,,,,,,
0,0.545856962,2,118,GO:0070228,regulation of lymphocyte apoptotic process,1,,,,,,,,,,,
0,0.897694922,2,31,GO:0070230,positive regulation of lymphocyte apoptotic process,1,,,,,,,,,,,
0,0.779835237,9,73,GO:0070232,regulation of T cell apoptotic process,1,,,,,,,,,,,
0,0.547354234,4,41,GO:0070233,negative regulation of T cell apoptotic process,1,,,,,,,,,,,
0,0.883805177,3,17,GO:0070234,positive regulation of T cell apoptotic process,1,,,,,,,,,,,
0,0.426549964,2,12,GO:0070235,regulation of activation-induced cell death of T cells,1,,,,,,,,,,,
0,0.678399952,10,19,GO:0070243,regulation of thymocyte apoptotic process,1,,,,,,,,,,,
0,0.830097807,2,14,GO:0070244,negative regulation of thymocyte apoptotic process,1,,,,,,,,,,,
0,0.832349448,3,26,GO:0070255;GO:0070257,regulation of mucus secretion,1,,,,,,,,,,,
0,0.862078984,2,28,GO:0070262,peptidyl-serine dephosphorylation,1,,,,,,,,,,,
0,0.965660415,3,79,GO:0070265,necrotic cell death,1,,,,,,,,,,,
0,0.950179256,3,38,GO:0070266,necroptotic process,1,,,,,,,,,,,
0,1,4,22,GO:0070269,pyroptosis,1,,,,,,,,,,,
0,0.997714792,5,48,GO:0070286,axonemal dynein complex assembly,1,,,,,,,,,,,
0,1,2,9,GO:0070291,N-acylethanolamine metabolic process,1,,,,,,,,,,,
0,1,6,5,GO:0070292,N-acylphosphatidylethanolamine metabolic process,1,,,,,,,,,,,
0,0.81271783,4,46,GO:0070293,renal absorption,1,,,,,,,,,,,
0,0.64880604,4,18,GO:0070294,renal sodium ion absorption,1,,,,,,,,,,,
0,0.751576986,2,11,GO:0070295,renal water absorption,1,,,,,,,,,,,
0,0.916902514,3,160,GO:0070301,cellular response to hydrogen peroxide,1,,,,,,,,,,,
0,0.847874426,3,27,GO:0070305;GO:0071321,response to cGMP,1,,,,,,,,,,,
0,0.650586886,4,64,GO:0070306,lens fiber cell differentiation,1,,,,,,,,,,,
0,0.612091,5,26,GO:0070307,lens fiber cell development,1,,,,,,,,,,,
0,1,2,7,GO:0070309,lens fiber cell morphogenesis,1,,,,,,,,,,,
0,0.317496046,2,24,GO:0070314,G1 to G0 transition,1,,,,,,,,,,,
0,1,2,12,GO:0070327,thyroid hormone transport,1,,,,,,,,,,,
0,0.617084583,2,17,GO:0070345,negative regulation of fat cell proliferation,1,,,,,,,,,,,
0,0.718041534,3,10,GO:0070346,positive regulation of fat cell proliferation,1,,,,,,,,,,,
0,0.883805177,3,17,GO:0070358,actin polymerization-dependent cell motility,1,,,,,,,,,,,
0,0.547147755,4,15,GO:0070365,hepatocyte differentiation,1,,,,,,,,,,,
0,0.587758061,3,7,GO:0070366,regulation of hepatocyte differentiation,1,,,,,,,,,,,
0,1,2,5,GO:0070368,positive regulation of hepatocyte differentiation,1,,,,,,,,,,,
0,0.516775433,3,445,GO:0070374,positive regulation of ERK1 and ERK2 cascade,1,,,,,,,,,,,
0,0.532117413,2,6,GO:0070375,ERK5 cascade,1,,,,,,,,,,,
0,0.468712327,2,13,GO:0070384,Harderian gland development,1,,,,,,,,,,,
0,0.458219008,3,29,GO:0070417,cellular response to cold,1,,,,,,,,,,,
0,0.883805177,2,17,GO:0070424,regulation of nucleotide-binding oligomerization domain containing signaling pathway,1,,,,,,,,,,,
0,1,5,5,GO:0070425;GO:0070433,negative regulation of nucleotide-binding oligomerization domain containing 2 signaling pathway,1,,,,,,,,,,,
0,1,8,7,GO:0070426;GO:0070434,positive regulation of nucleotide-binding oligomerization domain containing 2 signaling pathway,1,,,,,,,,,,,
0,1,2,12,GO:0070432,regulation of nucleotide-binding oligomerization domain containing 2 signaling pathway,1,,,,,,,,,,,
0,1,2,29,GO:0070445,regulation of oligodendrocyte progenitor proliferation,1,,,,,,,,,,,
0,1,2,15,GO:0070447,positive regulation of oligodendrocyte progenitor proliferation,1,,,,,,,,,,,
0,1,2,5,GO:0070459,prolactin secretion,1,,,,,,,,,,,
0,0.988123002,2,35,GO:0070472;GO:0070474,regulation of uterine smooth muscle contraction,1,,,,,,,,,,,
0,1,7,6,GO:0070473,negative regulation of uterine smooth muscle contraction,1,,,,,,,,,,,
0,1,4,12,GO:0070475,rRNA base methylation,1,,,,,,,,,,,
0,0.909808028,5,19,GO:0070486,leukocyte aggregation,1,,,,,,,,,,,
0,1,2,9,GO:0070487,monocyte aggregation,1,,,,,,,,,,,
0,0.583200448,2,16,GO:0070493,thrombin-activated receptor signaling pathway,1,,,,,,,,,,,
0,0.790346847,2,93,GO:0070498,interleukin-1-mediated signaling pathway,1,,,,,,,,,,,
0,0.843370967,9,118,GO:0070509,calcium ion import,1,,,,,,,,,,,
0,0.850308525,2,15,GO:0070525,tRNA threonylcarbamoyladenosine metabolic process,1,,,,,,,,,,,
0,0.959567717,5,53,GO:0070527,platelet aggregation,1,,,,,,,,,,,
0,0.400732874,2,75,GO:0070534,protein K63-linked ubiquitination,1,,,,,,,,,,,
0,0.99862402,5,52,GO:0070536,protein K63-linked deubiquitination,1,,,,,,,,,,,
0,0.468969527,2,5,GO:0070537,histone H2A K63-linked deubiquitination,1,,,,,,,,,,,
0,0.808881556,4,225,GO:0070542,response to fatty acid,1,,,,,,,,,,,
0,0.904156812,5,356,GO:0070555;GO:0071347,response to interleukin-1,1,,,,,,,,,,,
0,1,2,7,GO:0070561,vitamin D receptor signaling pathway,1,,,,,,,,,,,
0,0.781124897,2,12,GO:0070562,regulation of vitamin D receptor signaling pathway,1,,,,,,,,,,,
0,1,2,5,GO:0070563,negative regulation of vitamin D receptor signaling pathway,1,,,,,,,,,,,
0,0.800207643,4,65,GO:0070584,mitochondrion morphogenesis,1,,,,,,,,,,,
0,0.99844675,2,482,GO:0070588,calcium ion transmembrane transport,1,,,,,,,,,,,
0,0.869755701,4,82,GO:0070593,dendrite self-avoidance,1,,,,,,,,,,,
0,0.843853252,4,79,GO:0070633,transepithelial transport,1,,,,,,,,,,,
0,1,2,11,GO:0070634,transepithelial ammonium transport,1,,,,,,,,,,,
0,0.430686562,2,20,GO:0070640,vitamin D3 metabolic process,1,,,,,,,,,,,
0,0.998856965,2,1615,GO:0070647,protein modification by small protein conjugation or removal,1,,,,,,,,,,,
0,0.426549964,2,12,GO:0070649;GO:0110009,formin-nucleated actin cable assembly,1,,,,,,,,,,,
0,0.532117413,4,6,GO:0070655;GO:0070656;GO:0070659;GO:0070660,inner ear sensory epithelium regeneration,1,,,,,,,,,,,
0,0.587758061,7,7,GO:0070666;GO:0070668,positive regulation of mast cell proliferation,1,,,,,,,,,,,
0,0.81540649,3,25,GO:0070669;GO:0071352,response to interleukin-2,1,,,,,,,,,,,
0,0.937106898,5,60,GO:0070670;GO:0071353,response to interleukin-4,1,,,,,,,,,,,
0,0.98623833,2,50,GO:0070723,response to cholesterol,1,,,,,,,,,,,
0,0.638861319,5,90,GO:0070741;GO:0071354,response to interleukin-6,1,,,,,,,,,,,
0,0.830097807,3,14,GO:0070777;GO:0070779,D-aspartate import across plasma membrane,1,,,,,,,,,,,
0,0.617084583,3,17,GO:0070778,L-aspartate transmembrane transport,1,,,,,,,,,,,
0,1,5,6,GO:0070781,response to biotin,1,,,,,,,,,,,
0,1,2,6,GO:0070782,phosphatidylserine exposure on apoptotic cell surface,1,,,,,,,,,,,
0,1,3,10,GO:0070816,phosphorylation of RNA polymerase II C-terminal domain,1,,,,,,,,,,,
0,0.382445642,8,90,GO:0070830,bicellular tight junction assembly,1,,,,,,,,,,,
0,1,2,12,GO:0070837,dehydroascorbic acid transport,1,,,,,,,,,,,
0,0.414055414,3,133,GO:0070849;GO:0071364,response to epidermal growth factor,1,,,,,,,,,,,
0,1,3,7,GO:0070859;GO:1904253,positive regulation of bile acid biosynthetic process,1,,,,,,,,,,,
0,0.92968298,3,47,GO:0070861,regulation of protein exit from endoplasmic reticulum,1,,,,,,,,,,,
0,0.617084583,2,17,GO:0070862;GO:1904153,negative regulation of protein exit from endoplasmic reticulum,1,,,,,,,,,,,
0,0.938322978,2,22,GO:0070863,positive regulation of protein exit from endoplasmic reticulum,1,,,,,,,,,,,
0,0.512860496,3,124,GO:0070873;GO:0032881,regulation of polysaccharide metabolic process,1,,,,,,,,,,,
0,0.365666331,2,57,GO:0070875,positive regulation of glycogen metabolic process,1,,,,,,,,,,,
0,1,2,5,GO:0070889,platelet alpha granule organization,1,,,,,,,,,,,
0,0.849813078,4,49,GO:0070897,transcription preinitiation complex assembly,1,,,,,,,,,,,
0,0.751576986,2,11,GO:0070900;GO:1900864,mitochondrial tRNA modification,1,,,,,,,,,,,
0,0.6113564,7,35,GO:0070911,global genome nucleotide-excision repair,1,,,,,,,,,,,
0,0.705923662,6,20,GO:0070914,UV-damage excision repair,1,,,,,,,,,,,
0,0.54341668,2,58,GO:0070920;GO:1903798,regulation of production of small RNA involved in gene silencing by RNA,1,,,,,,,,,,,
0,0.781124897,2,12,GO:0070934,CRD-mediated mRNA stabilization,1,,,,,,,,,,,
0,0.81271783,2,46,GO:0070935,3'-UTR-mediated mRNA stabilization,1,,,,,,,,,,,
0,0.951424562,2,129,GO:0070936,protein K48-linked ubiquitination,1,,,,,,,,,,,
0,0.679980604,5,9,GO:0070940,dephosphorylation of RNA polymerase II C-terminal domain,1,,,,,,,,,,,
0,0.636783715,5,8,GO:0070942;GO:0070943;GO:0070944;GO:0070945,neutrophil-mediated killing of bacterium,1,,,,,,,,,,,
0,1,2,21,GO:0070948;GO:0070949,regulation of neutrophil mediated cytotoxicity,1,,,,,,,,,,,
0,1,6,9,GO:0070950;GO:0070951,regulation of neutrophil mediated killing of bacterium,1,,,,,,,,,,,
0,1,7,7,GO:0070953;GO:0070965,positive regulation of neutrophil mediated killing of fungus,1,,,,,,,,,,,
0,1,3,12,GO:0070960;GO:0070961,positive regulation of neutrophil mediated killing of symbiont cell,1,,,,,,,,,,,
0,1,4,5,GO:0070962;GO:0070963;GO:1900135,positive regulation of renin secretion into blood stream,1,,,,,,,,,,,
0,0.384518396,2,58,GO:0070979,protein K11-linked ubiquitination,1,,,,,,,,,,,
0,1,2,30,GO:0070987,error-free translesion synthesis,1,,,,,,,,,,,
0,0.485407817,3,30,GO:0070989,oxidative demethylation,1,,,,,,,,,,,
0,0.468712327,3,13,GO:0070995,NADPH oxidation,1,,,,,,,,,,,
0,0.802958258,3,35,GO:0071025;GO:0071027,RNA surveillance,1,,,,,,,,,,,
0,0.962843573,3,26,GO:0071028,nuclear mRNA surveillance,1,,,,,,,,,,,
0,1,2,11,GO:0071030,nuclear mRNA surveillance of spliceosomal pre-mRNA splicing,1,,,,,,,,,,,
0,1,2,7,GO:0071033,nuclear retention of pre-mRNA at the site of transcription,1,,,,,,,,,,,
0,1,5,5,GO:0071034;GO:0071043,CUT catabolic process,1,,,,,,,,,,,
0,1,4,8,GO:0071035;GO:0071038,nuclear polyadenylation-dependent rRNA catabolic process,1,,,,,,,,,,,
0,1,3,6,GO:0071042;GO:0071047,nuclear polyadenylation-dependent mRNA catabolic process,1,,,,,,,,,,,
0,0.430686562,3,20,GO:0071044,histone mRNA catabolic process,1,,,,,,,,,,,
0,1,10,10,GO:0071051,polyadenylation-dependent snoRNA 3'-end processing,1,,,,,,,,,,,
0,0.697142685,3,39,GO:0071073,positive regulation of phospholipid biosynthetic process,1,,,,,,,,,,,
0,1,4,9,GO:0071104,response to interleukin-9,1,,,,,,,,,,,
0,1,5,7,GO:0071105,response to interleukin-11,1,,,,,,,,,,,
0,0.6113564,4,35,GO:0071107;GO:0071374,response to parathyroid hormone,1,,,,,,,,,,,
0,0.855849892,8,60,GO:0071108,protein K48-linked deubiquitination,1,,,,,,,,,,,
0,0.513781538,4,48,GO:0071157,negative regulation of cell cycle arrest,1,,,,,,,,,,,
0,0.486895041,4,231,GO:0071158;GO:0071156,regulation of cell cycle arrest,1,,,,,,,,,,,
0,1,2,5,GO:0071163,DNA replication preinitiation complex assembly,1,,,,,,,,,,,
0,0.635198023,2,72,GO:0071168,protein localization to chromatin,1,,,,,,,,,,,
0,0.547147755,3,15,GO:0071169,establishment of protein localization to chromatin,1,,,,,,,,,,,
0,0.329069441,5,17,GO:0071205,protein localization to juxtaparanode region of axon,1,,,,,,,,,,,
0,0.807159278,2,13,GO:0071211,protein targeting to vacuole involved in autophagy,1,,,,,,,,,,,
0,0.376446004,3,822,GO:0071214;GO:0104004,cellular response to environmental stimulus,1,,,,,,,,,,,
0,0.454265102,2,361,GO:0071216;GO:0071219;GO:0071222,cellular response to biotic stimulus,1,,,,,,,,,,,
0,1,2,8,GO:0071224,cellular response to peptidoglycan,1,,,,,,,,,,,
0,0.751576986,3,11,GO:0071225,cellular response to muramyl dipeptide,1,,,,,,,,,,,
0,0.914323311,2,350,GO:0071236,cellular response to antibiotic,1,,,,,,,,,,,
0,0.396923914,4,519,GO:0071241;GO:0071248,cellular response to inorganic substance,1,,,,,,,,,,,
0,0.980812456,2,197,GO:0071242,cellular response to ammonium ion,1,,,,,,,,,,,
0,0.950179256,4,38,GO:0071257,cellular response to electrical stimulus,1,,,,,,,,,,,
0,0.968380472,4,269,GO:0071260,cellular response to mechanical stimulus,1,,,,,,,,,,,
0,1,2,8,GO:0071279,cellular response to cobalt ion,1,,,,,,,,,,,
0,0.36331292,6,18,GO:0071280,cellular response to copper ion,1,,,,,,,,,,,
0,0.750287097,2,32,GO:0071281,cellular response to iron ion,1,,,,,,,,,,,
0,1,2,12,GO:0071283,cellular response to iron(III) ion,1,,,,,,,,,,,
0,0.650586886,2,64,GO:0071285,cellular response to lithium ion,1,,,,,,,,,,,
0,0.374241607,2,26,GO:0071286,cellular response to magnesium ion,1,,,,,,,,,,,
0,0.77686618,6,23,GO:0071287,cellular response to manganese ion,1,,,,,,,,,,,
0,0.875057532,2,29,GO:0071294,cellular response to zinc ion,1,,,,,,,,,,,
0,1,2,6,GO:0071299;GO:0003131,cellular response to vitamin A,1,,,,,,,,,,,
0,0.6113564,2,35,GO:0071305,cellular response to vitamin D,1,,,,,,,,,,,
0,0.940421113,2,94,GO:0071312,cellular response to alkaloid,1,,,,,,,,,,,
0,0.636783715,4,8,GO:0071314,cellular response to cocaine,1,,,,,,,,,,,
0,1,2,13,GO:0071315,cellular response to morphine,1,,,,,,,,,,,
0,0.755067327,2,22,GO:0071316,cellular response to nicotine,1,,,,,,,,,,,
0,1,4,18,GO:0071317,cellular response to isoquinoline alkaloid,1,,,,,,,,,,,
0,0.40449371,3,165,GO:0071320,cellular response to cAMP,1,,,,,,,,,,,
0,1,7,22,GO:0071324;GO:0071329,cellular response to sucrose stimulus,1,,,,,,,,,,,
0,1,5,6,GO:0071336,regulation of hair follicle cell proliferation,1,,,,,,,,,,,
0,0.3458504,2,25,GO:0071360,cellular response to exogenous dsRNA,1,,,,,,,,,,,
0,0.891302697,2,64,GO:0071361,cellular response to ethanol,1,,,,,,,,,,,
0,0.682776631,2,66,GO:0071371,cellular response to gonadotropin stimulus,1,,,,,,,,,,,
0,1,4,10,GO:0071373,cellular response to luteinizing hormone stimulus,1,,,,,,,,,,,
0,0.441438558,3,885,GO:0071375;GO:1901653,cellular response to peptide,1,,,,,,,,,,,
0,0.969568581,4,56,GO:0071377,cellular response to glucagon stimulus,1,,,,,,,,,,,
0,0.785072278,2,54,GO:0071378,cellular response to growth hormone stimulus,1,,,,,,,,,,,
0,0.707573689,5,49,GO:0071379;GO:0071380,cellular response to prostaglandin stimulus,1,,,,,,,,,,,
0,0.767209387,2,228,GO:0071384;GO:0071385,cellular response to corticosteroid stimulus,1,,,,,,,,,,,
0,1,6,8,GO:0071386,cellular response to corticosterone stimulus,1,,,,,,,,,,,
0,0.980281509,7,31,GO:0071389,cellular response to mineralocorticoid stimulus,1,,,,,,,,,,,
0,1,2,31,GO:0071391,cellular response to estrogen stimulus,1,,,,,,,,,,,
0,0.493936466,3,89,GO:0071392,cellular response to estradiol stimulus,1,,,,,,,,,,,
0,0.81540649,2,25,GO:0071393,cellular response to progesterone stimulus,1,,,,,,,,,,,
0,0.886900705,2,30,GO:0071394,cellular response to testosterone stimulus,1,,,,,,,,,,,
0,0.967265464,2,27,GO:0071397,cellular response to cholesterol,1,,,,,,,,,,,
0,0.551912559,2,127,GO:0071398,cellular response to fatty acid,1,,,,,,,,,,,
0,0.468969527,4,5,GO:0071403,cellular response to high density lipoprotein particle stimulus,1,,,,,,,,,,,
0,0.781124897,2,12,GO:0071409,cellular response to cycloheximide,1,,,,,,,,,,,
0,1,3,10,GO:0071418,cellular response to amine stimulus,1,,,,,,,,,,,
0,0.526179364,2,23,GO:0071420,cellular response to histamine,1,,,,,,,,,,,
0,1,2,21,GO:0071421,manganese ion transmembrane transport,1,,,,,,,,,,,
0,1,2,28,GO:0071425,hematopoietic stem cell proliferation,1,,,,,,,,,,,
0,0.532117413,5,6,GO:0071444,cellular response to pheromone,1,,,,,,,,,,,
0,0.731450953,4,21,GO:0071447,cellular response to hydroperoxide,1,,,,,,,,,,,
0,1,2,14,GO:0071454,cellular response to anoxia,1,,,,,,,,,,,
0,0.938322978,4,22,GO:0071455,cellular response to hyperoxia,1,,,,,,,,,,,
0,0.920538784,2,20,GO:0071462,cellular response to water stimulus,1,,,,,,,,,,,
0,0.751576986,3,11,GO:0071464,cellular response to hydrostatic pressure,1,,,,,,,,,,,
0,0.316230966,4,359,GO:0071466,cellular response to xenobiotic stimulus,1,,,,,,,,,,,
0,0.98623833,2,50,GO:0071467,cellular response to pH,1,,,,,,,,,,,
0,0.929993176,5,21,GO:0071468,cellular response to acidic pH,1,,,,,,,,,,,
0,1,5,6,GO:0071469,cellular response to alkaline pH,1,,,,,,,,,,,
0,0.579059877,2,292,GO:0071482,cellular response to light stimulus,1,,,,,,,,,,,
0,1,6,15,GO:0071484,cellular response to light intensity,1,,,,,,,,,,,
0,1,3,11,GO:0071492,cellular response to UV-A,1,,,,,,,,,,,
0,0.909808028,7,19,GO:0071493,cellular response to UV-B,1,,,,,,,,,,,
0,0.751576986,7,11,GO:0071494,cellular response to UV-C,1,,,,,,,,,,,
0,0.570142554,2,911,GO:0071496,cellular response to external stimulus,1,,,,,,,,,,,
0,0.978741529,2,46,GO:0071498,cellular response to fluid shear stress,1,,,,,,,,,,,
0,1,2,14,GO:0071499,cellular response to laminar fluid shear stress,1,,,,,,,,,,,
0,0.679980604,3,9,GO:0071500,cellular response to nitrosative stress,1,,,,,,,,,,,
0,1,2,12,GO:0071502,cellular response to temperature stimulus,1,,,,,,,,,,,
0,0.731450953,2,21,GO:0071503;GO:0071504,response to heparin,1,,,,,,,,,,,
0,0.468969527,2,5,GO:0071529,cementum mineralization,1,,,,,,,,,,,
0,0.968204667,7,68,GO:0071539;GO:1905508,protein localization to microtubule organizing center,1,,,,,,,,,,,
0,0.761590614,2,109,GO:0071542,dopaminergic neuron differentiation,1,,,,,,,,,,,
0,0.471552785,2,196,GO:0071548,response to dexamethasone,1,,,,,,,,,,,
0,0.439244358,4,135,GO:0071549,cellular response to dexamethasone stimulus,1,,,,,,,,,,,
0,1,2,18,GO:0071550,death-inducing signaling complex assembly,1,,,,,,,,,,,
0,1,2,8,GO:0071569;GO:1990564,protein ufmylation,1,,,,,,,,,,,
0,0.468712327,4,13,GO:0071578,zinc ion import across plasma membrane,1,,,,,,,,,,,
0,1,2,9,GO:0071593,lymphocyte aggregation,1,,,,,,,,,,,
0,1,2,5,GO:0071596,ubiquitin-dependent protein catabolic process via the N-end rule pathway,1,,,,,,,,,,,
0,0.633786,2,63,GO:0071599,otic vesicle development,1,,,,,,,,,,,
0,0.534729879,2,49,GO:0071600;GO:0030916,otic vesicle morphogenesis,1,,,,,,,,,,,
0,0.781124897,3,12,GO:0071603,endothelial cell-cell adhesion,1,,,,,,,,,,,
0,0.933524446,6,103,GO:0071622;GO:0090022;GO:1902622,regulation of granulocyte chemotaxis,1,,,,,,,,,,,
0,1,4,13,GO:0071623;GO:0090024;GO:1902623,negative regulation of neutrophil chemotaxis,1,,,,,,,,,,,
0,0.968204667,3,68,GO:0071624;GO:0090023;GO:1902624,positive regulation of neutrophil migration,1,,,,,,,,,,,
0,0.770979963,2,53,GO:0071625,vocalization behavior,1,,,,,,,,,,,
0,1,2,13,GO:0071630,nuclear protein quality control by the ubiquitin-proteasome system,1,,,,,,,,,,,
0,0.971161259,2,28,GO:0071632,optomotor response,1,,,,,,,,,,,
0,0.49697879,2,64,GO:0071634,regulation of transforming growth factor beta production,1,,,,,,,,,,,
0,0.430686562,4,20,GO:0071635,negative regulation of transforming growth factor beta production,1,,,,,,,,,,,
0,0.81830493,3,36,GO:0071636,positive regulation of transforming growth factor beta production,1,,,,,,,,,,,
0,0.430686562,2,20,GO:0071639,positive regulation of monocyte chemotactic protein-1 production,1,,,,,,,,,,,
0,0.920538784,3,20,GO:0071649,regulation of chemokine (C-C motif) ligand 5 production,1,,,,,,,,,,,
0,1,5,6,GO:0071650,negative regulation of chemokine (C-C motif) ligand 5 production,1,,,,,,,,,,,
0,0.830097807,2,14,GO:0071651,positive regulation of chemokine (C-C motif) ligand 5 production,1,,,,,,,,,,,
0,1,5,7,GO:0071670,smooth muscle cell chemotaxis,1,,,,,,,,,,,
0,0.337432237,2,10,GO:0071672,negative regulation of smooth muscle cell chemotaxis,1,,,,,,,,,,,
0,0.587758061,6,7,GO:0071673,positive regulation of smooth muscle cell chemotaxis,1,,,,,,,,,,,
0,0.992364558,2,145,GO:0071674,mononuclear cell migration,1,,,,,,,,,,,
0,0.410355424,2,100,GO:0071677,positive regulation of mononuclear cell migration,1,,,,,,,,,,,
0,0.323281221,2,47,GO:0071684,organism emergence from protective structure,1,,,,,,,,,,,
0,0.849813078,3,49,GO:0071688,striated muscle myosin thick filament assembly,1,,,,,,,,,,,
0,0.883805177,2,17,GO:0071689,muscle thin filament assembly,1,,,,,,,,,,,
0,0.971161259,2,28,GO:0071712,ER-associated misfolded protein catabolic process,1,,,,,,,,,,,
0,0.899598503,3,43,GO:0071715;GO:1901571,icosanoid transport,1,,,,,,,,,,,
0,0.468969527,2,5,GO:0071722,detoxification of arsenic-containing substance,1,,,,,,,,,,,
0,1,3,6,GO:0071728;GO:0071729,beak morphogenesis,1,,,,,,,,,,,
0,0.845605451,3,59,GO:0071731,response to nitric oxide,1,,,,,,,,,,,
0,0.337432237,6,10,GO:0071733;GO:0090202;GO:0090579,dsDNA loop formation,1,,,,,,,,,,,
0,0.501253885,2,39,GO:0071763,nuclear membrane organization,1,,,,,,,,,,,
0,0.612371587,3,44,GO:0071801;GO:0071803,regulation of podosome assembly,1,,,,,,,,,,,
0,0.694140875,2,85,GO:0071827;GO:0071825,protein-lipid complex subunit organization,1,,,,,,,,,,,
0,0.636783715,5,8,GO:0071847,TNFSF11-mediated signaling pathway,1,,,,,,,,,,,
0,0.715492714,5,123,GO:0071867;GO:0071868;GO:0071869;GO:0071870,response to monoamine,1,,,,,,,,,,,
0,0.825846271,2,47,GO:0071871;GO:0071872,response to epinephrine,1,,,,,,,,,,,
0,0.99010079,4,53,GO:0071875;GO:0071880,adenylate cyclase-activating adrenergic receptor signaling pathway,1,,,,,,,,,,,
0,0.718041534,5,10,GO:0071878;GO:0140192;GO:0140199,negative regulation of adenylate cyclase-activating adrenergic receptor signaling pathway,1,,,,,,,,,,,
0,1,2,6,GO:0071879,positive regulation of adenylate cyclase-activating adrenergic receptor signaling pathway,1,,,,,,,,,,,
0,1,4,10,GO:0071881,adenylate cyclase-inhibiting adrenergic receptor signaling pathway,1,,,,,,,,,,,
0,0.632788878,5,45,GO:0071887,leukocyte apoptotic process,1,,,,,,,,,,,
0,1,2,7,GO:0071888,macrophage apoptotic process,1,,,,,,,,,,,
0,0.679980604,6,9,GO:0071895,odontoblast differentiation,1,,,,,,,,,,,
0,0.454299842,2,211,GO:0071897,DNA biosynthetic process,1,,,,,,,,,,,
0,1,3,5,GO:0071898;GO:0071899,regulation of estrogen receptor binding,1,,,,,,,,,,,
0,0.915859196,2,45,GO:0071907,determination of digestive tract left/right asymmetry,1,,,,,,,,,,,
0,1,4,7,GO:0071918,urea transmembrane transport,1,,,,,,,,,,,
0,1,4,10,GO:0071931,positive regulation of transcription involved in G1/S transition of mitotic cell cycle,1,,,,,,,,,,,
0,1,2,6,GO:0071934,thiamine transmembrane transport,1,,,,,,,,,,,
0,1,2,18,GO:0071947,protein deubiquitination involved in ubiquitin-dependent protein catabolic process,1,,,,,,,,,,,
0,0.508958394,2,14,GO:0071965,multicellular organismal locomotion,1,,,,,,,,,,,
0,0.457277392,2,178,GO:0072002,Malpighian tubule development,1,,,,,,,,,,,
0,0.850308525,2,15,GO:0072003,kidney rudiment formation,1,,,,,,,,,,,
0,0.754578788,3,342,GO:0072006;GO:0072009,nephron development,1,,,,,,,,,,,
0,0.532117413,3,6,GO:0072011,glomerular endothelium development,1,,,,,,,,,,,
0,0.886900705,2,30,GO:0072014,proximal tubule development,1,,,,,,,,,,,
0,0.404818045,5,43,GO:0072015;GO:0072310,glomerular epithelial cell development,1,,,,,,,,,,,
0,0.449033255,2,45,GO:0072017,distal tubule development,1,,,,,,,,,,,
0,1,2,7,GO:0072019,proximal convoluted tubule development,1,,,,,,,,,,,
0,1,3,24,GO:0072021;GO:0072218;GO:0072236,metanephric loop of Henle development,1,,,,,,,,,,,
0,1,3,13,GO:0072023;GO:0072233,metanephric thick ascending limb development,1,,,,,,,,,,,
0,1,2,29,GO:0072025;GO:0072221;GO:0072235,metanephric distal tubule development,1,,,,,,,,,,,
0,0.850308525,2,15,GO:0072033,renal vesicle formation,1,,,,,,,,,,,
0,0.587758061,5,7,GO:0072034,renal vesicle induction,1,,,,,,,,,,,
0,1,2,7,GO:0072038,mesenchymal stem cell maintenance involved in nephron morphogenesis,1,,,,,,,,,,,
0,1,6,11,GO:0072039;GO:0072040;GO:1904673,regulation of mesenchymal cell apoptotic process involved in nephron morphogenesis,1,,,,,,,,,,,
0,0.962843573,3,26,GO:0072049;GO:0072050,S-shaped body morphogenesis,1,,,,,,,,,,,
0,0.751951145,2,42,GO:0072070,loop of Henle development,1,,,,,,,,,,,
0,0.426391501,3,374,GO:0072073,kidney epithelium development,1,,,,,,,,,,,
0,0.798788757,2,45,GO:0072074;GO:0072075,kidney mesenchyme development,1,,,,,,,,,,,
0,0.95963043,2,40,GO:0072077;GO:0072087;GO:0072283,renal vesicle development,1,,,,,,,,,,,
0,0.870924015,6,51,GO:0072079,nephron tubule formation,1,,,,,,,,,,,
0,0.781124897,4,12,GO:0072092;GO:0072093,metanephric renal vesicle formation,1,,,,,,,,,,,
0,0.636783715,3,8,GO:0072095,regulation of branch elongation involved in ureteric bud branching,1,,,,,,,,,,,
0,0.751576986,2,11,GO:0072098,anterior/posterior pattern specification involved in kidney development,1,,,,,,,,,,,
0,0.897694922,2,31,GO:0072102,glomerulus morphogenesis,1,,,,,,,,,,,
0,0.679980604,3,9,GO:0072106;GO:0072107;GO:1905278,positive regulation of ureteric bud formation,1,,,,,,,,,,,
0,1,5,9,GO:0072108,positive regulation of mesenchymal to epithelial transition involved in metanephros morphogenesis,1,,,,,,,,,,,
0,0.583200448,5,16,GO:0072109,glomerular mesangium development,1,,,,,,,,,,,
0,0.718041534,4,10,GO:0072110,glomerular mesangial cell proliferation,1,,,,,,,,,,,
0,0.750287097,3,32,GO:0072111;GO:0072203,cell proliferation involved in kidney development,1,,,,,,,,,,,
0,0.830097807,2,14,GO:0072114,pronephros morphogenesis,1,,,,,,,,,,,
0,0.967265464,6,27,GO:0072124,regulation of glomerular mesangial cell proliferation,1,,,,,,,,,,,
0,1,2,10,GO:0072125;GO:0090194,negative regulation of glomerular mesangial cell proliferation,1,,,,,,,,,,,
0,0.883805177,2,17,GO:0072126,positive regulation of glomerular mesangial cell proliferation,1,,,,,,,,,,,
0,0.610753559,2,123,GO:0072132,mesenchyme morphogenesis,1,,,,,,,,,,,
0,1,4,11,GO:0072135;GO:0072136,kidney mesenchymal cell proliferation,1,,,,,,,,,,,
0,0.382687015,4,11,GO:0072156,distal tubule morphogenesis,1,,,,,,,,,,,
0,0.468712327,3,13,GO:0072160,nephron tubule epithelial cell differentiation,1,,,,,,,,,,,
0,0.929993176,5,21,GO:0072161;GO:2001012,mesenchymal cell differentiation involved in renal system development,1,,,,,,,,,,,
0,0.850308525,3,15,GO:0072162,metanephric mesenchymal cell differentiation,1,,,,,,,,,,,
0,0.636783715,5,8,GO:0072166,posterior mesonephric tubule development,1,,,,,,,,,,,
0,0.533282709,4,66,GO:0072170;GO:0072234;GO:0072243,metanephric nephron epithelium development,1,,,,,,,,,,,
0,0.974593535,2,29,GO:0072172,mesonephric tubule formation,1,,,,,,,,,,,
0,0.750287097,3,32,GO:0072173;GO:0072282,metanephric tubule morphogenesis,1,,,,,,,,,,,
0,0.86811573,3,16,GO:0072174,metanephric tubule formation,1,,,,,,,,,,,
0,0.941388384,4,49,GO:0072176,nephric duct development,1,,,,,,,,,,,
0,0.967265464,2,27,GO:0072177,mesonephric duct development,1,,,,,,,,,,,
0,0.924579819,3,34,GO:0072178,nephric duct morphogenesis,1,,,,,,,,,,,
0,1,4,17,GO:0072179,nephric duct formation,1,,,,,,,,,,,
0,0.679980604,4,9,GO:0072180,mesonephric duct morphogenesis,1,,,,,,,,,,,
0,1,2,5,GO:0072181,mesonephric duct formation,1,,,,,,,,,,,
0,0.638287218,4,27,GO:0072182,regulation of nephron tubule epithelial cell differentiation,1,,,,,,,,,,,
0,0.587758061,2,7,GO:0072183,negative regulation of nephron tubule epithelial cell differentiation,1,,,,,,,,,,,
0,0.563240011,2,33,GO:0072189,ureter development,1,,,,,,,,,,,
0,0.807159278,2,13,GO:0072197;GO:0072289,ureter morphogenesis,1,,,,,,,,,,,
0,1,6,13,GO:0072199;GO:2000729,regulation of mesenchymal cell proliferation involved in ureter development,1,,,,,,,,,,,
0,0.547147755,2,15,GO:0072201,negative regulation of mesenchymal cell proliferation,1,,,,,,,,,,,
0,0.36331292,3,18,GO:0072205,metanephric collecting duct development,1,,,,,,,,,,,
0,0.619076155,4,71,GO:0072207,metanephric epithelium development,1,,,,,,,,,,,
0,0.707521445,2,86,GO:0072210,metanephric nephron development,1,,,,,,,,,,,
0,0.969568581,5,56,GO:0072215,regulation of metanephros development,1,,,,,,,,,,,
0,0.81830493,2,36,GO:0072216,positive regulation of metanephros development,1,,,,,,,,,,,
0,1,2,27,GO:0072217,negative regulation of metanephros development,1,,,,,,,,,,,
0,0.679980604,2,9,GO:0072223;GO:0072262;GO:2000491,positive regulation of hepatic stellate cell activation,1,,,,,,,,,,,
0,1,3,9,GO:0072237,metanephric proximal tubule development,1,,,,,,,,,,,
0,0.617084583,2,17,GO:0072239,metanephric glomerulus vasculature development,1,,,,,,,,,,,
0,0.532117413,2,6,GO:0072268,pattern specification involved in metanephros development,1,,,,,,,,,,,
0,1,4,7,GO:0072275;GO:0072276;GO:0072277,metanephric glomerulus morphogenesis,1,,,,,,,,,,,
0,1,4,15,GO:0072278;GO:0072284,metanephric S-shaped body morphogenesis,1,,,,,,,,,,,
0,1,2,5,GO:0072287,metanephric distal tubule morphogenesis,1,,,,,,,,,,,
0,1,5,17,GO:0072298,regulation of metanephric glomerulus development,1,,,,,,,,,,,
0,1,3,5,GO:0072299;GO:0072302;GO:2001074;GO:2001076,positive regulation of metanephric ureteric bud development,1,,,,,,,,,,,
0,1,6,12,GO:0072300,positive regulation of metanephric glomerulus development,1,,,,,,,,,,,
0,1,2,8,GO:0072301,regulation of metanephric glomerular mesangial cell proliferation,1,,,,,,,,,,,
0,1,2,13,GO:0072307,regulation of metanephric nephron tubule epithelial cell differentiation,1,,,,,,,,,,,
0,0.81540649,2,25,GO:0072319;GO:0016191;GO:0072318,vesicle uncoating,1,,,,,,,,,,,
0,0.796945718,2,24,GO:0072321,chaperone-mediated protein transport,1,,,,,,,,,,,
0,0.382580052,3,42,GO:0072325;GO:0072327,vulval cell fate commitment,1,,,,,,,,,,,
0,1,2,7,GO:0072334,UDP-galactose transmembrane transport,1,,,,,,,,,,,
0,0.860710334,5,50,GO:0072337,modified amino acid transport,1,,,,,,,,,,,
0,0.468969527,5,5,GO:0072344,rescue of stalled ribosome,1,,,,,,,,,,,
0,0.964517977,4,364,GO:0072347,response to anesthetic,1,,,,,,,,,,,
0,0.901539696,4,76,GO:0072348,sulfur compound transport,1,,,,,,,,,,,
0,0.468969527,7,5,GO:0072355,histone H3-T3 phosphorylation,1,,,,,,,,,,,
0,0.532117413,2,6,GO:0072356,chromosome passenger complex localization to kinetochore,1,,,,,,,,,,,
0,0.587758061,-1,7,GO:0072361;GO:0098679,obsolete regulation of glycolytic process by regulation of transcription from RNA polymerase II promoter,1,,,,,,,,,,,
0,0.468969527,-1,5,GO:0072363,obsolete regulation of glycolytic process by positive regulation of transcription from RNA polymerase II promoter,1,,,,,,,,,,,
0,0.679980604,-1,9,GO:0072367,obsolete regulation of lipid transport by regulation of transcription from RNA polymerase II promoter,1,,,,,,,,,,,
0,0.468969527,-1,5,GO:0072369,obsolete regulation of lipid transport by positive regulation of transcription from RNA polymerase II promoter,1,,,,,,,,,,,
0,0.524848813,2,91,GO:0072376,protein activation cascade,1,,,,,,,,,,,
0,0.341264061,4,224,GO:0072384,organelle transport along microtubule,1,,,,,,,,,,,
0,1,2,7,GO:0072387,flavin adenine dinucleotide metabolic process,1,,,,,,,,,,,
0,0.730384553,2,31,GO:0072393,microtubule anchoring at microtubule organizing center,1,,,,,,,,,,,
0,0.679980604,6,9,GO:0072396;GO:0072402;GO:0072423,response to DNA damage checkpoint signaling,1,,,,,,,,,,,
0,1,2,5,GO:0072429,response to intra-S DNA damage checkpoint signaling,1,,,,,,,,,,,
0,0.824392573,2,77,GO:0072488,ammonium transmembrane transport,1,,,,,,,,,,,
0,0.908059171,2,77,GO:0072512;GO:0033572,trivalent inorganic cation transport,1,,,,,,,,,,,
0,0.383990822,3,50,GO:0072520,seminiferous tubule development,1,,,,,,,,,,,
0,0.920538784,3,20,GO:0072526,pyridine-containing compound catabolic process,1,,,,,,,,,,,
0,0.987863332,2,150,GO:0072527,pyrimidine-containing compound metabolic process,1,,,,,,,,,,,
0,0.948004188,2,85,GO:0072528,pyrimidine-containing compound biosynthetic process,1,,,,,,,,,,,
0,0.92585354,3,58,GO:0072529,pyrimidine-containing compound catabolic process,1,,,,,,,,,,,
0,0.430554219,2,28,GO:0072530,purine-containing compound transmembrane transport,1,,,,,,,,,,,
0,1,2,21,GO:0072531,pyrimidine-containing compound transmembrane transport,1,,,,,,,,,,,
0,0.337432237,2,10,GO:0072537,fibroblast activation,1,,,,,,,,,,,
0,1,2,17,GO:0072538;GO:0072539,T-helper 17 type immune response,1,,,,,,,,,,,
0,0.516557558,2,82,GO:0072553,terminal button organization,1,,,,,,,,,,,
0,1,4,9,GO:0072554,blood vessel lumenization,1,,,,,,,,,,,
0,1,3,8,GO:0072567,chemokine (C-X-C motif) ligand 2 production,1,,,,,,,,,,,
0,1,3,7,GO:0072574;GO:0072575,epithelial cell proliferation involved in liver morphogenesis,1,,,,,,,,,,,
0,0.463414403,3,21,GO:0072576,liver morphogenesis,1,,,,,,,,,,,
0,0.426549964,3,12,GO:0072577,endothelial cell apoptotic process,1,,,,,,,,,,,
0,0.468969527,3,5,GO:0072592,oxygen metabolic process,1,,,,,,,,,,,
0,0.63692711,2,81,GO:0072595,maintenance of protein localization in organelle,1,,,,,,,,,,,
0,0.771127464,2,156,GO:0072655;GO:0070585,protein localization to mitochondrion,1,,,,,,,,,,,
0,0.372226787,2,639,GO:0072659;GO:1990778,protein localization to cell periphery,1,,,,,,,,,,,
0,0.680792638,2,111,GO:0072665,protein localization to vacuole,1,,,,,,,,,,,
0,0.679980604,2,9,GO:0072672,neutrophil extravasation,1,,,,,,,,,,,
0,0.883805177,2,17,GO:0072673,lamellipodium morphogenesis,1,,,,,,,,,,,
0,0.781124897,2,12,GO:0072674;GO:0072675,multinuclear osteoclast differentiation,1,,,,,,,,,,,
0,0.998934,3,89,GO:0072676,lymphocyte migration,1,,,,,,,,,,,
0,0.996656985,2,45,GO:0072678,T cell migration,1,,,,,,,,,,,
0,1,2,7,GO:0072679,thymocyte migration,1,,,,,,,,,,,
0,0.532117413,3,6,GO:0072683,T cell extravasation,1,,,,,,,,,,,
0,0.6113564,6,35,GO:0072697,protein localization to cell cortex,1,,,,,,,,,,,
0,0.705923662,2,20,GO:0072710;GO:0072711,response to hydroxyurea,1,,,,,,,,,,,
0,0.64880604,2,18,GO:0072718,response to cisplatin,1,,,,,,,,,,,
0,1,2,5,GO:0072720,response to dithiothreitol,1,,,,,,,,,,,
0,1,3,10,GO:0072733;GO:0072734,response to staurosporine,1,,,,,,,,,,,
0,1,2,12,GO:0072741;GO:1905345,protein localization to cell division site,1,,,,,,,,,,,
0,1,3,5,GO:0072757,cellular response to camptothecin,1,,,,,,,,,,,
0,0.337432237,4,10,GO:0075044;GO:0075071,modulation by symbiont of host autophagy,1,,,,,,,,,,,
0,0.77686618,2,23,GO:0075522,IRES-dependent viral translational initiation,1,,,,,,,,,,,
0,1,2,9,GO:0075525,viral translational termination-reinitiation,1,,,,,,,,,,,
0,0.971161259,7,28,GO:0080009,mRNA methylation,1,,,,,,,,,,,
0,1,2,6,GO:0080058,protein deglutathionylation,1,,,,,,,,,,,
0,1,2,11,GO:0080144,amino acid homeostasis,1,,,,,,,,,,,
0,0.933524446,4,103,GO:0080154,regulation of fertilization,1,,,,,,,,,,,
0,0.944693832,2,37,GO:0080182,histone H3-K4 trimethylation,1,,,,,,,,,,,
0,0.495287212,3,22,GO:0080184,response to phenylpropanoid,1,,,,,,,,,,,
0,0.751576986,2,11,GO:0085020,protein K6-linked ubiquitination,1,,,,,,,,,,,
0,0.645293165,2,117,GO:0086004;GO:1903115,regulation of actin filament-based movement,1,,,,,,,,,,,
0,0.650978522,2,55,GO:0086005,ventricular cardiac muscle cell action potential,1,,,,,,,,,,,
0,0.923055105,3,46,GO:0086009;GO:0086011;GO:0086013;GO:0099622,membrane repolarization,1,,,,,,,,,,,
0,0.738165278,5,116,GO:0086010,membrane depolarization during action potential,1,,,,,,,,,,,
0,0.403409831,2,59,GO:0086012,membrane depolarization during cardiac muscle cell action potential,1,,,,,,,,,,,
0,0.697142685,4,39,GO:0086014;GO:0086026;GO:0086066,atrial cardiac muscle cell to AV node cell communication,1,,,,,,,,,,,
0,0.750287097,3,32,GO:0086015;GO:0086018;GO:0086070,SA node cell to atrial cardiac muscle cell communication,1,,,,,,,,,,,
0,0.617084583,2,17,GO:0086016;GO:0086027;GO:0086045,AV node cell action potential,1,,,,,,,,,,,
0,0.337432237,3,10,GO:0086017;GO:0086047,membrane depolarization during Purkinje myocyte cell action potential,1,,,,,,,,,,,
0,0.621747613,2,80,GO:0086019,cell-cell signaling involved in cardiac conduction,1,,,,,,,,,,,
0,1,2,12,GO:0086023,adenylate cyclase-activating adrenergic receptor signaling pathway involved in heart process,1,,,,,,,,,,,
0,0.718041534,2,10,GO:0086028;GO:0086043;GO:0086048,bundle of His cell to Purkinje myocyte signaling,1,,,,,,,,,,,
0,0.612091,2,26,GO:0086029;GO:0086068,Purkinje myocyte to ventricular cardiac muscle cell communication,1,,,,,,,,,,,
0,0.938322978,2,22,GO:0086046,membrane depolarization during SA node cell action potential,1,,,,,,,,,,,
0,0.390685209,2,123,GO:0086065,cell communication involved in cardiac conduction,1,,,,,,,,,,,
0,0.458219008,4,29,GO:0086069,bundle of His cell to Purkinje myocyte communication,1,,,,,,,,,,,
0,0.508958394,2,14,GO:0086073,bundle of His cell-Purkinje myocyte adhesion involved in cell communication,1,,,,,,,,,,,
0,0.680311381,2,102,GO:0086091,regulation of heart rate by cardiac conduction,1,,,,,,,,,,,
0,1,2,6,GO:0086098,angiotensin-activated signaling pathway involved in heart process,1,,,,,,,,,,,
0,1,3,5,GO:0086100,endothelin receptor signaling pathway,1,,,,,,,,,,,
0,0.920538784,2,20,GO:0086103,G protein-coupled receptor signaling pathway involved in heart process,1,,,,,,,,,,,
0,0.636783715,3,8,GO:0089700,protein kinase D signaling,1,,,,,,,,,,,
0,1,3,12,GO:0089709,L-histidine transmembrane transport,1,,,,,,,,,,,
0,0.991879948,2,38,GO:0089718,amino acid import across plasma membrane,1,,,,,,,,,,,
0,1,3,24,GO:0090009,primitive streak formation,1,,,,,,,,,,,
0,0.426549964,3,12,GO:0090027,negative regulation of monocyte chemotaxis,1,,,,,,,,,,,
0,0.42469387,4,52,GO:0090030,regulation of steroid hormone biosynthetic process,1,,,,,,,,,,,
0,0.366829893,2,65,GO:0090036,regulation of protein kinase C signaling,1,,,,,,,,,,,
0,0.374241607,4,26,GO:0090037,positive regulation of protein kinase C signaling,1,,,,,,,,,,,
0,0.86811573,2,16,GO:0090063,positive regulation of microtubule nucleation,1,,,,,,,,,,,
0,0.984696369,2,33,GO:0090069,regulation of ribosome biogenesis,1,,,,,,,,,,,
0,1,6,24,GO:0090070,positive regulation of ribosome biogenesis,1,,,,,,,,,,,
0,1,5,7,GO:0090071,negative regulation of ribosome biogenesis,1,,,,,,,,,,,
0,0.39725779,5,19,GO:0090073,positive regulation of protein homodimerization activity,1,,,,,,,,,,,
0,0.807159278,5,13,GO:0090074,negative regulation of protein homodimerization activity,1,,,,,,,,,,,
0,0.717699932,2,59,GO:0090075,relaxation of muscle,1,,,,,,,,,,,
0,1,2,5,GO:0090076,relaxation of skeletal muscle,1,,,,,,,,,,,
0,0.382687015,2,11,GO:0090080,positive regulation of MAPKKK cascade by fibroblast growth factor receptor signaling pathway,1,,,,,,,,,,,
0,1,5,6,GO:0090081;GO:0090082,positive regulation of heart induction by negative regulation of canonical Wnt signaling pathway,1,,,,,,,,,,,
0,0.944693832,5,37,GO:0090083,regulation of inclusion body assembly,1,,,,,,,,,,,
0,1,2,20,GO:0090084,negative regulation of inclusion body assembly,1,,,,,,,,,,,
0,0.668524094,2,56,GO:0090085,regulation of protein deubiquitination,1,,,,,,,,,,,
0,0.555991266,2,24,GO:0090091,positive regulation of extracellular matrix disassembly,1,,,,,,,,,,,
0,0.352910541,3,315,GO:0090100,positive regulation of transmembrane receptor protein serine/threonine kinase signaling pathway,1,,,,,,,,,,,
0,0.698843771,2,316,GO:0090101,negative regulation of transmembrane receptor protein serine/threonine kinase signaling pathway,1,,,,,,,,,,,
0,1,2,7,GO:0090107,regulation of high-density lipoprotein particle assembly,1,,,,,,,,,,,
0,0.971161259,3,28,GO:0090110,COPII-coated vesicle cargo loading,1,,,,,,,,,,,
0,1,2,9,GO:0090118,receptor-mediated endocytosis involved in cholesterol transport,1,,,,,,,,,,,
0,0.468969527,2,5,GO:0090119,vesicle-mediated cholesterol transport,1,,,,,,,,,,,
0,0.751576986,3,11,GO:0090131,mesenchyme migration,1,,,,,,,,,,,
0,0.905559827,2,55,GO:0090136,epithelial cell-cell adhesion,1,,,,,,,,,,,
0,0.402521256,2,27,GO:0090148,membrane fission,1,,,,,,,,,,,
0,1,4,5,GO:0090149,mitochondrial membrane fission,1,,,,,,,,,,,
0,0.724494632,2,50,GO:0090151;GO:0051204,establishment of protein localization to mitochondrial membrane,1,,,,,,,,,,,
0,0.988123002,3,35,GO:0090153;GO:1905038;GO:2000303,regulation of sphingolipid biosynthetic process,1,,,,,,,,,,,
0,0.945661923,3,23,GO:0090154;GO:2000304,positive regulation of sphingolipid biosynthetic process,1,,,,,,,,,,,
0,1,4,9,GO:0090155;GO:0090156,negative regulation of sphingolipid biosynthetic process,1,,,,,,,,,,,
0,0.329069441,3,17,GO:0090158,endoplasmic reticulum membrane organization,1,,,,,,,,,,,
0,0.617084583,3,17,GO:0090160,Golgi to lysosome transport,1,,,,,,,,,,,
0,0.952127845,2,24,GO:0090161,Golgi ribbon formation,1,,,,,,,,,,,
0,0.432895627,4,151,GO:0090162,establishment of epithelial cell polarity,1,,,,,,,,,,,
0,0.77686618,2,23,GO:0090163,establishment of epithelial cell planar polarity,1,,,,,,,,,,,
0,0.636783715,3,8,GO:0090164,asymmetric Golgi ribbon formation,1,,,,,,,,,,,
0,1,2,13,GO:0090166,Golgi disassembly,1,,,,,,,,,,,
0,1,2,7,GO:0090168,Golgi reassembly,1,,,,,,,,,,,
0,0.958764851,3,65,GO:0090169,regulation of spindle assembly,1,,,,,,,,,,,
0,0.999994092,2,334,GO:0090174;GO:0048284;GO:0006906,organelle fusion,1,,,,,,,,,,,
0,0.559270909,6,213,GO:0090175,regulation of establishment of planar polarity,1,,,,,,,,,,,
0,0.938322978,3,22,GO:0090176,microtubule cytoskeleton organization involved in establishment of planar polarity,1,,,,,,,,,,,
0,1,2,6,GO:0090177,establishment of planar polarity involved in neural tube closure,1,,,,,,,,,,,
0,0.677051526,2,38,GO:0090178;GO:0090179,regulation of establishment of planar polarity involved in neural tube closure,1,,,,,,,,,,,
0,0.879696987,4,133,GO:0090183;GO:0090184,regulation of kidney development,1,,,,,,,,,,,
0,0.997405828,5,47,GO:0090185,negative regulation of kidney development,1,,,,,,,,,,,
0,1,2,5,GO:0090187,positive regulation of pancreatic juice secretion,1,,,,,,,,,,,
0,1,2,8,GO:0090191,negative regulation of branching involved in ureteric bud morphogenesis,1,,,,,,,,,,,
0,0.99369842,5,40,GO:0090192;GO:0090193,regulation of glomerulus development,1,,,,,,,,,,,
0,0.679980604,2,9,GO:0090204,protein localization to nuclear pore,1,,,,,,,,,,,
0,0.878349602,2,123,GO:0090207,regulation of triglyceride metabolic process,1,,,,,,,,,,,
0,0.54341668,6,58,GO:0090208,positive regulation of triglyceride metabolic process,1,,,,,,,,,,,
0,0.944693832,2,37,GO:0090209,negative regulation of triglyceride metabolic process,1,,,,,,,,,,,
0,1,4,8,GO:0090215;GO:0090217,negative regulation of 1-phosphatidylinositol-4-phosphate 5-kinase activity,1,,,,,,,,,,,
0,0.755067327,2,22,GO:0090219,negative regulation of lipid kinase activity,1,,,,,,,,,,,
0,0.950131853,2,139,GO:0090224;GO:0060236,regulation of spindle organization,1,,,,,,,,,,,
0,1,2,9,GO:0090230;GO:0090234,regulation of centromere complex assembly,1,,,,,,,,,,,
0,0.402521256,3,27,GO:0090231;GO:0090266;GO:1903504,regulation of spindle checkpoint,1,,,,,,,,,,,
0,1,2,13,GO:0090232;GO:1901978;GO:0090267,positive regulation of cell cycle checkpoint,1,,,,,,,,,,,
0,0.830097807,2,14,GO:0090235,regulation of metaphase plate congression,1,,,,,,,,,,,
0,0.329069441,2,17,GO:0090237,regulation of arachidonic acid secretion,1,,,,,,,,,,,
0,0.532117413,3,6,GO:0090242,retinoic acid receptor signaling pathway involved in somitogenesis,1,,,,,,,,,,,
0,0.426549964,3,12,GO:0090245,axis elongation involved in somitogenesis,1,,,,,,,,,,,
0,1,2,23,GO:0090251,protein localization involved in establishment of planar polarity,1,,,,,,,,,,,
0,0.320695197,2,720,GO:0090257,regulation of muscle system process,1,,,,,,,,,,,
0,0.555991266,3,24,GO:0090259,regulation of retinal ganglion cell axon guidance,1,,,,,,,,,,,
0,1,2,11,GO:0090260,negative regulation of retinal ganglion cell axon guidance,1,,,,,,,,,,,
0,0.850308525,6,15,GO:0090261,positive regulation of inclusion body assembly,1,,,,,,,,,,,
0,0.897628656,2,18,GO:0090273;GO:0090274,regulation of somatostatin secretion,1,,,,,,,,,,,
0,0.587758061,5,7,GO:0090275,negative regulation of somatostatin secretion,1,,,,,,,,,,,
0,0.96869421,2,289,GO:0090277,positive regulation of peptide hormone secretion,1,,,,,,,,,,,
0,0.752734166,3,163,GO:0090278,negative regulation of peptide hormone secretion,1,,,,,,,,,,,
0,0.382687015,4,11,GO:0090281,negative regulation of calcium ion import,1,,,,,,,,,,,
0,0.532117413,2,6,GO:0090283,regulation of protein glycosylation in Golgi,1,,,,,,,,,,,
0,1,2,5,GO:0090289,regulation of osteoclast proliferation,1,,,,,,,,,,,
0,0.357610133,2,177,GO:0090303,positive regulation of wound healing,1,,,,,,,,,,,
0,0.981448803,4,399,GO:0090305,nucleic acid phosphodiester bond hydrolysis,1,,,,,,,,,,,
0,0.946716012,3,117,GO:0090307,mitotic spindle assembly,1,,,,,,,,,,,
0,0.36331292,2,18,GO:0090309,positive regulation of DNA methylation-dependent heterochromatin assembly,1,,,,,,,,,,,
0,0.891282388,3,135,GO:0090317,negative regulation of intracellular protein transport,1,,,,,,,,,,,
0,0.86811573,3,16,GO:0090324,negative regulation of oxidative phosphorylation,1,,,,,,,,,,,
0,0.912703955,2,67,GO:0090325,regulation of locomotion involved in locomotory behavior,1,,,,,,,,,,,
0,0.91645955,3,33,GO:0090326,positive regulation of locomotion involved in locomotory behavior,1,,,,,,,,,,,
0,1,5,10,GO:0090327,negative regulation of locomotion involved in locomotory behavior,1,,,,,,,,,,,
0,0.845956206,2,38,GO:0090328,regulation of olfactory learning,1,,,,,,,,,,,
0,0.785072278,3,54,GO:0090330;GO:0034111;GO:0090331,regulation of platelet aggregation,1,,,,,,,,,,,
0,0.532117413,2,6,GO:0090361,regulation of platelet-derived growth factor production,1,,,,,,,,,,,
0,1,6,8,GO:0090364,regulation of proteasome assembly,1,,,,,,,,,,,
0,0.718041534,3,10,GO:0090365;GO:0090367,regulation of mRNA modification,1,,,,,,,,,,,
0,1,3,14,GO:0090370,negative regulation of cholesterol efflux,1,,,,,,,,,,,
0,0.495287212,2,22,GO:0090381;GO:1901321,regulation of heart induction,1,,,,,,,,,,,
0,0.973332497,2,70,GO:0090382,phagosome maturation,1,,,,,,,,,,,
0,1,8,11,GO:0090383,phagosome acidification,1,,,,,,,,,,,
0,0.967265464,5,27,GO:0090385,phagosome-lysosome fusion,1,,,,,,,,,,,
0,0.967347535,2,42,GO:0090386,phagosome maturation involved in apoptotic cell clearance,1,,,,,,,,,,,
0,0.962843573,2,26,GO:0090387,phagolysosome assembly involved in apoptotic cell clearance,1,,,,,,,,,,,
0,0.850308525,2,15,GO:0090389,phagosome-lysosome fusion involved in apoptotic cell clearance,1,,,,,,,,,,,
0,0.709253111,3,30,GO:0090394,negative regulation of excitatory postsynaptic potential,1,,,,,,,,,,,
0,0.709253111,4,30,GO:0090435,protein localization to nuclear envelope,1,,,,,,,,,,,
0,0.532117413,2,6,GO:0090472,dibasic protein processing,1,,,,,,,,,,,
0,1,2,5,GO:0090480,purine nucleotide-sugar transmembrane transport,1,,,,,,,,,,,
0,0.382687015,4,11,GO:0090494;GO:0090493,dopamine uptake,1,,,,,,,,,,,
0,0.997156493,2,216,GO:0090501,RNA phosphodiester bond hydrolysis,1,,,,,,,,,,,
0,0.532117413,3,6,GO:0090521,glomerular visceral epithelial cell migration,1,,,,,,,,,,,
0,0.982884526,2,48,GO:0090522;GO:0099022,vesicle tethering,1,,,,,,,,,,,
0,0.532117413,5,6,GO:0090597,nematode male tail mating organ morphogenesis,1,,,,,,,,,,,
0,1,2,10,GO:0090611,ubiquitin-independent protein catabolic process via the multivesicular body sorting pathway,1,,,,,,,,,,,
0,1,2,12,GO:0090615,mitochondrial mRNA processing,1,,,,,,,,,,,
0,1,4,8,GO:0090616;GO:0097222,mitochondrial mRNA polyadenylation,1,,,,,,,,,,,
0,0.929993176,2,21,GO:0090646,mitochondrial tRNA processing,1,,,,,,,,,,,
0,0.678399952,4,19,GO:0090649;GO:0090650,cellular response to oxygen-glucose deprivation,1,,,,,,,,,,,
0,0.751576986,4,11,GO:0090666;GO:0090670;GO:0090685;GO:1904874,RNA localization to nucleus,1,,,,,,,,,,,
0,1,2,9,GO:0090669,telomerase RNA stabilization,1,,,,,,,,,,,
0,0.705923662,2,20,GO:0090676,calcium ion transmembrane transport via low voltage-gated calcium channel,1,,,,,,,,,,,
0,0.559147282,3,119,GO:0097006,regulation of plasma lipoprotein particle levels,1,,,,,,,,,,,
0,0.60981525,2,88,GO:0097009,energy homeostasis,1,,,,,,,,,,,
0,0.532117413,5,6,GO:0097010,eukaryotic translation initiation factor 4F complex assembly,1,,,,,,,,,,,
0,0.3458504,6,25,GO:0097011;GO:0097012,response to granulocyte macrophage colony-stimulating factor,1,,,,,,,,,,,
0,0.468969527,2,5,GO:0097017,renal protein absorption,1,,,,,,,,,,,
0,0.883224696,2,63,GO:0097028,dendritic cell differentiation,1,,,,,,,,,,,
0,0.751576986,3,11,GO:0097029,mature conventional dendritic cell differentiation,1,,,,,,,,,,,
0,1,2,12,GO:0097039,protein linear polyubiquitination,1,,,,,,,,,,,
0,0.636783715,2,8,GO:0097049,motor neuron apoptotic process,1,,,,,,,,,,,
0,0.883805177,3,17,GO:0097050,type B pancreatic cell apoptotic process,1,,,,,,,,,,,
0,1,2,5,GO:0097051,establishment of protein localization to endoplasmic reticulum membrane,1,,,,,,,,,,,
0,0.538841264,3,143,GO:0097061;GO:0106027,neuron projection organization,1,,,,,,,,,,,
0,0.77686618,2,23,GO:0097062,dendritic spine maintenance,1,,,,,,,,,,,
0,0.86811573,2,16,GO:0097064,ncRNA export from nucleus,1,,,,,,,,,,,
0,0.422296687,2,60,GO:0097067,cellular response to thyroid hormone stimulus,1,,,,,,,,,,,
0,0.847874426,2,27,GO:0097068;GO:1904386,response to L-phenylalanine derivative,1,,,,,,,,,,,
0,0.679980604,2,9,GO:0097069;GO:1904387,cellular response to L-phenylalanine derivative,1,,,,,,,,,,,
0,1,2,11,GO:0097070,ductus arteriosus closure,1,,,,,,,,,,,
0,0.781124897,3,12,GO:0097089,methyl-branched fatty acid metabolic process,1,,,,,,,,,,,
0,0.914201625,2,78,GO:0097090;GO:0097105;GO:0099054,presynaptic membrane organization,1,,,,,,,,,,,
0,0.830097807,2,14,GO:0097091,synaptic vesicle clustering,1,,,,,,,,,,,
0,0.679980604,2,9,GO:0097101,blood vessel endothelial cell fate specification,1,,,,,,,,,,,
0,0.532117413,2,6,GO:0097102,endothelial tip cell fate specification,1,,,,,,,,,,,
0,0.946538046,4,50,GO:0097106;GO:0099084,postsynaptic density organization,1,,,,,,,,,,,
0,0.962843573,4,26,GO:0097107;GO:0098698;GO:1904861,excitatory synapse assembly,1,,,,,,,,,,,
0,1,2,21,GO:0097113,AMPA glutamate receptor clustering,1,,,,,,,,,,,
0,0.86811573,2,16,GO:0097114,NMDA glutamate receptor clustering,1,,,,,,,,,,,
0,0.718041534,5,10,GO:0097116,gephyrin clustering involved in postsynaptic density assembly,1,,,,,,,,,,,
0,0.636783715,2,8,GO:0097117,guanylate kinase-associated protein clustering,1,,,,,,,,,,,
0,0.909808028,2,19,GO:0097118,neuroligin clustering involved in postsynaptic membrane assembly,1,,,,,,,,,,,
0,0.64880604,6,18,GO:0097119,postsynaptic density protein 95 clustering,1,,,,,,,,,,,
0,0.988495934,5,92,GO:0097120,receptor localization to synapse,1,,,,,,,,,,,
0,0.977617426,2,30,GO:0097151;GO:0098828,modulation of inhibitory postsynaptic potential,1,,,,,,,,,,,
0,0.951263923,5,51,GO:0097154,GABAergic neuron differentiation,1,,,,,,,,,,,
0,0.426549964,2,12,GO:0097167,circadian regulation of translation,1,,,,,,,,,,,
0,0.468969527,2,5,GO:0097176,epoxide metabolic process,1,,,,,,,,,,,
0,0.847874426,2,27,GO:0097178,ruffle assembly,1,,,,,,,,,,,
0,0.716319821,3,40,GO:0097186,amelogenesis,1,,,,,,,,,,,
0,0.849760083,3,204,GO:0097191,extrinsic apoptotic signaling pathway,1,,,,,,,,,,,
0,0.619993336,2,115,GO:0097194,execution phase of apoptosis,1,,,,,,,,,,,
0,0.679980604,2,9,GO:0097195,pilomotor reflex,1,,,,,,,,,,,
0,1,6,28,GO:0097202,activation of cysteine-type endopeptidase activity,1,,,,,,,,,,,
0,0.994915087,4,59,GO:0097205,renal filtration,1,,,,,,,,,,,
0,0.962843573,2,26,GO:0097206,nephrocyte filtration,1,,,,,,,,,,,
0,0.909808028,2,19,GO:0097210;GO:0097211,response to gonadotropin-releasing hormone,1,,,,,,,,,,,
0,1,4,7,GO:0097212;GO:0097213,regulation of lysosomal membrane permeability,1,,,,,,,,,,,
0,1,4,5,GO:0097214;GO:1904592;GO:1904764;GO:1990832,chaperone-mediated autophagy translocation complex disassembly,1,,,,,,,,,,,
0,0.426549964,4,12,GO:0097240,chromosome attachment to the nuclear envelope,1,,,,,,,,,,,
0,0.730384553,2,31,GO:0097242,amyloid-beta clearance,1,,,,,,,,,,,
0,0.468969527,2,5,GO:0097252,oligodendrocyte apoptotic process,1,,,,,,,,,,,
0,0.39725779,3,19,GO:0097264,self proteolysis,1,,,,,,,,,,,
0,1,2,14,GO:0097267,omega-hydroxylase P450 pathway,1,,,,,,,,,,,
0,1,2,5,GO:0097272,ammonium homeostasis,1,,,,,,,,,,,
0,0.966528293,2,55,GO:0097300,programmed necrotic cell death,1,,,,,,,,,,,
0,0.40232186,4,346,GO:0097327,response to antineoplastic agent,1,,,,,,,,,,,
0,0.81540649,2,25,GO:0097329,response to antimetabolite,1,,,,,,,,,,,
0,0.897628656,4,18,GO:0097332;GO:0097338,response to antipsychotic drug,1,,,,,,,,,,,
0,0.919983683,2,79,GO:0097352,autophagosome maturation,1,,,,,,,,,,,
0,0.86501225,4,169,GO:0097366,response to bronchodilator,1,,,,,,,,,,,
0,1,6,6,GO:0097377;GO:0097378,dorsal spinal cord interneuron axon guidance,1,,,,,,,,,,,
0,1,3,11,GO:0097396;GO:0097398,response to interleukin-17,1,,,,,,,,,,,
0,1,2,8,GO:0097400,interleukin-17-mediated signaling pathway,1,,,,,,,,,,,
0,1,2,7,GO:0097411,hypoxia-inducible factor-1alpha signaling pathway,1,,,,,,,,,,,
0,1,5,12,GO:0097428,protein maturation by iron-sulfur cluster transfer,1,,,,,,,,,,,
0,1,2,12,GO:0097466,ubiquitin-dependent glycoprotein ERAD pathway,1,,,,,,,,,,,
0,1,3,9,GO:0097476;GO:0097477,spinal cord motor neuron migration,1,,,,,,,,,,,
0,0.886900705,2,30,GO:0097484,dendrite extension,1,,,,,,,,,,,
0,0.532117413,4,6,GO:0097498,endothelial tube lumen extension,1,,,,,,,,,,,
0,0.98953692,6,36,GO:0097499,protein localization to non-motile cilium,1,,,,,,,,,,,
0,0.798788757,3,45,GO:0097501,stress response to metal ion,1,,,,,,,,,,,
0,0.982884526,2,48,GO:0097502,mannosylation,1,,,,,,,,,,,
0,1,2,13,GO:0097527,necroptotic signaling pathway,1,,,,,,,,,,,
0,0.955446317,2,182,GO:0097529,myeloid leukocyte migration,1,,,,,,,,,,,
0,0.97752031,3,130,GO:0097530,granulocyte migration,1,,,,,,,,,,,
0,1,4,5,GO:0097534;GO:0097535,lymphoid lineage cell migration,1,,,,,,,,,,,
0,1,2,11,GO:0097623,potassium ion export across plasma membrane,1,,,,,,,,,,,
0,0.781124897,4,12,GO:0097628,distal tip cell migration,1,,,,,,,,,,,
0,0.731450953,2,21,GO:0097646;GO:0097647,calcitonin family receptor signaling pathway,1,,,,,,,,,,,
0,0.587758061,2,7,GO:0097681,double-strand break repair via alternative nonhomologous end joining,1,,,,,,,,,,,
0,0.907522111,6,32,GO:0097688,glutamate receptor clustering,1,,,,,,,,,,,
0,0.347138609,2,176,GO:0097711,ciliary basal body-plasma membrane docking,1,,,,,,,,,,,
0,0.990782561,3,37,GO:0097734;GO:0140112;GO:1990182,extracellular vesicle biogenesis,1,,,,,,,,,,,
0,0.468969527,3,5,GO:0097742;GO:0098535,de novo centriole assembly involved in multi-ciliated epithelial cell differentiation,1,,,,,,,,,,,
0,0.468712327,5,13,GO:0097749,membrane tubulation,1,,,,,,,,,,,
0,0.988542253,-1,162,GO:0097755,obsolete positive regulation of blood vessel diameter,1,,,,,,,,,,,
0,0.826519675,-1,87,GO:0097756,obsolete negative regulation of blood vessel diameter,1,,,,,,,,,,,
0,0.587758061,4,7,GO:0098501,polynucleotide dephosphorylation,1,,,,,,,,,,,
0,1,4,5,GO:0098508,endothelial to hematopoietic transition,1,,,,,,,,,,,
0,0.897628656,8,18,GO:0098532,histone H3-K27 trimethylation,1,,,,,,,,,,,
0,0.934908196,2,1557,GO:0098542,defense response to other organism,1,,,,,,,,,,,
0,0.587758061,2,7,GO:0098582,innate vocalization behavior,1,,,,,,,,,,,
0,0.95162315,3,97,GO:0098586,cellular response to virus,1,,,,,,,,,,,
0,0.980709348,3,917,GO:0098609,cell-cell adhesion,1,,,,,,,,,,,
0,0.999999976,3,997,GO:0098656,anion transmembrane transport,1,,,,,,,,,,,
0,0.692853711,4,103,GO:0098659;GO:0099587,inorganic ion import across plasma membrane,1,,,,,,,,,,,
0,1,2,32,GO:0098664,G protein-coupled serotonin receptor signaling pathway,1,,,,,,,,,,,
0,1,2,20,GO:0098700,neurotransmitter loading into synaptic vesicle,1,,,,,,,,,,,
0,0.64880604,2,18,GO:0098703;GO:1902656,calcium ion import across plasma membrane,1,,,,,,,,,,,
0,0.883805177,3,17,GO:0098712,L-glutamate import across plasma membrane,1,,,,,,,,,,,
0,1,3,9,GO:0098713;GO:1903801,leucine import across plasma membrane,1,,,,,,,,,,,
0,0.931950822,2,35,GO:0098719,sodium ion import across plasma membrane,1,,,,,,,,,,,
0,1,4,5,GO:0098724,symmetric stem cell division,1,,,,,,,,,,,
0,0.850308525,2,15,GO:0098725,symmetric cell division,1,,,,,,,,,,,
0,0.920538784,6,20,GO:0098735,positive regulation of the force of heart contraction,1,,,,,,,,,,,
0,0.964228512,2,155,GO:0098739,import across plasma membrane,1,,,,,,,,,,,
0,0.83635547,4,456,GO:0098742,cell-cell adhesion via plasma-membrane adhesion molecules,1,,,,,,,,,,,
0,0.732916594,2,60,GO:0098751,bone cell development,1,,,,,,,,,,,
0,0.962843573,6,26,GO:0098779;GO:1901526;GO:1904925;GO:1904923,regulation of autophagy of mitochondrion in response to mitochondrial depolarization,1,,,,,,,,,,,
0,0.449033255,2,45,GO:0098780,response to mitochondrial depolarisation,1,,,,,,,,,,,
0,0.769122067,3,174,GO:0098781,ncRNA transcription,1,,,,,,,,,,,
0,0.612091,2,26,GO:0098787;GO:0098789,mRNA cleavage involved in mRNA processing,1,,,,,,,,,,,
0,1,3,9,GO:0098792,xenophagy,1,,,,,,,,,,,
0,0.791668879,5,112,GO:0098801,regulation of renal system process,1,,,,,,,,,,,
0,0.468712327,2,13,GO:0098810,neurotransmitter reuptake,1,,,,,,,,,,,
0,0.819594868,3,134,GO:0098815,modulation of excitatory postsynaptic potential,1,,,,,,,,,,,
0,0.687184374,2,165,GO:0098876,vesicle-mediated transport to the plasma membrane,1,,,,,,,,,,,
0,0.697142685,2,39,GO:0098877;GO:0098969;GO:1903540;GO:0099632,protein transport within plasma membrane,1,,,,,,,,,,,
0,0.962843573,2,26,GO:0098880;GO:0099562,maintenance of postsynaptic specialization structure,1,,,,,,,,,,,
0,0.850308525,4,15,GO:0098881;GO:0098967,exocytic insertion of neurotransmitter receptor to plasma membrane,1,,,,,,,,,,,
0,0.337432237,3,10,GO:0098886,modification of dendritic spine,1,,,,,,,,,,,
0,0.939356814,3,196,GO:0098900,regulation of action potential,1,,,,,,,,,,,
0,0.478297573,2,88,GO:0098901,regulation of cardiac muscle cell action potential,1,,,,,,,,,,,
0,0.952127845,2,24,GO:0098903,regulation of membrane repolarization during action potential,1,,,,,,,,,,,
0,0.39725779,3,19,GO:0098904,regulation of AV node cell action potential,1,,,,,,,,,,,
0,0.468969527,2,5,GO:0098905,regulation of bundle of His cell action potential,1,,,,,,,,,,,
0,0.897628656,4,18,GO:0098907,regulation of SA node cell action potential,1,,,,,,,,,,,
0,0.984696369,3,33,GO:0098908,regulation of neuronal action potential,1,,,,,,,,,,,
0,0.402521256,2,27,GO:0098909,regulation of cardiac muscle cell action potential involved in regulation of contraction,1,,,,,,,,,,,
0,0.862078984,3,28,GO:0098910,regulation of atrial cardiac muscle cell action potential,1,,,,,,,,,,,
0,0.967347535,6,42,GO:0098911,regulation of ventricular cardiac muscle cell action potential,1,,,,,,,,,,,
0,1,3,9,GO:0098912,membrane depolarization during atrial cardiac muscle cell action potential,1,,,,,,,,,,,
0,1,2,10,GO:0098914;GO:0099624,membrane repolarization during atrial cardiac muscle cell action potential,1,,,,,,,,,,,
0,1,2,20,GO:0098915;GO:0099625,ventricular cardiac muscle cell membrane repolarization,1,,,,,,,,,,,
0,0.636783715,5,8,GO:0098917,retrograde trans-synaptic signaling,1,,,,,,,,,,,
0,0.807159278,4,13,GO:0098928;GO:0099526,presynaptic signal transduction,1,,,,,,,,,,,
0,0.828725355,2,182,GO:0098930,axonal transport,1,,,,,,,,,,,
0,0.751576986,5,11,GO:0098953;GO:0098970;GO:0099628,postsynaptic neurotransmitter receptor diffusion trapping,1,,,,,,,,,,,
0,0.587758061,8,7,GO:0098961;GO:0098963;GO:0098964,anterograde dendritic transport of messenger ribonucleoprotein complex,1,,,,,,,,,,,
0,0.382687015,3,11,GO:0098962,regulation of postsynaptic neurotransmitter receptor activity,1,,,,,,,,,,,
0,1,2,5,GO:0098971,anterograde dendritic transport of neurotransmitter receptor complex,1,,,,,,,,,,,
0,1,2,19,GO:0098976,excitatory chemical synaptic transmission,1,,,,,,,,,,,
0,0.382687015,2,11,GO:0098989,NMDA selective glutamate receptor signaling pathway,1,,,,,,,,,,,
0,0.995574159,4,687,GO:0099003;GO:0099504,vesicle-mediated transport in synapse,1,,,,,,,,,,,
0,1,2,7,GO:0099039,sphingolipid translocation,1,,,,,,,,,,,
0,1,2,5,GO:0099050,vesicle scission,1,,,,,,,,,,,
0,0.978741529,2,46,GO:0099068;GO:0097104,postsynapse assembly,1,,,,,,,,,,,
0,0.724494632,2,50,GO:0099072,regulation of postsynaptic membrane neurotransmitter receptor levels,1,,,,,,,,,,,
0,0.532117413,2,6,GO:0099089,establishment of endoplasmic reticulum localization to postsynapse,1,,,,,,,,,,,
0,0.468969527,8,5,GO:0099159;GO:1904266;GO:1904268;GO:1905274,regulation of modification of postsynaptic actin cytoskeleton,1,,,,,,,,,,,
0,0.831188792,2,126,GO:0099172,presynapse organization,1,,,,,,,,,,,
0,0.419275642,6,117,GO:0099174,regulation of presynapse organization,1,,,,,,,,,,,
0,0.366740036,2,186,GO:0099175,regulation of postsynapse organization,1,,,,,,,,,,,
0,1,2,13,GO:0099509,regulation of presynaptic cytosolic calcium ion concentration,1,,,,,,,,,,,
0,0.414055414,3,133,GO:0099518;GO:0047496,vesicle cytoskeletal trafficking,1,,,,,,,,,,,
0,0.781124897,2,12,GO:0099532;GO:0016189,synaptic vesicle endosomal processing,1,,,,,,,,,,,
0,1,3,6,GO:0099538;GO:0099540;GO:0099551,synaptic signaling via neuropeptide,1,,,,,,,,,,,
0,0.718041534,5,10,GO:0099541;GO:0099542;GO:0099552;GO:0099553,trans-synaptic signaling by endocannabinoid,1,,,,,,,,,,,
0,1,4,6,GO:0099545,trans-synaptic signaling by trans-synaptic complex,1,,,,,,,,,,,
0,0.979074229,6,85,GO:0099558,maintenance of synapse structure,1,,,,,,,,,,,
0,1,2,17,GO:0099560,synaptic membrane adhesion,1,,,,,,,,,,,
0,1,2,13,GO:0099566,regulation of postsynaptic cytosolic calcium ion concentration,1,,,,,,,,,,,
0,0.916476523,2,150,GO:0099601;GO:1900449,regulation of neurotransmitter receptor activity,1,,,,,,,,,,,
0,0.724494632,2,50,GO:0099637,neurotransmitter receptor transport,1,,,,,,,,,,,
0,0.832349448,5,26,GO:0099640,axo-dendritic protein transport,1,,,,,,,,,,,
0,1,2,7,GO:0099642,retrograde axonal protein transport,1,,,,,,,,,,,
0,0.850308525,3,15,GO:0099645;GO:0099633,neurotransmitter receptor localization to postsynaptic specialization membrane,1,,,,,,,,,,,
0,1,2,10,GO:0106001,intestinal hexose absorption,1,,,,,,,,,,,
0,1,3,6,GO:0106023;GO:0106024,negative regulation of pupariation,1,,,,,,,,,,,
0,0.636783715,5,8,GO:0106028,neuron projection retraction,1,,,,,,,,,,,
0,0.64880604,2,18,GO:0106036,assembly of apicomedial cortex actomyosin,1,,,,,,,,,,,
0,0.938322978,2,22,GO:0106049;GO:1902218;GO:1902219,regulation of cellular response to osmotic stress,1,,,,,,,,,,,
0,0.862078984,2,28,GO:0106070,regulation of adenylate cyclase-activating G protein-coupled receptor signaling pathway,1,,,,,,,,,,,
0,0.807159278,2,13,GO:0106071,positive regulation of adenylate cyclase-activating G protein-coupled receptor signaling pathway,1,,,,,,,,,,,
0,0.909808028,2,19,GO:0106072,negative regulation of adenylate cyclase-activating G protein-coupled receptor signaling pathway,1,,,,,,,,,,,
0,1,3,9,GO:0106074,aminoacyl-tRNA metabolism involved in translational fidelity,1,,,,,,,,,,,
0,1,5,21,GO:0106104;GO:1904717,regulation of AMPA glutamate receptor clustering,1,,,,,,,,,,,
0,0.77686618,2,23,GO:0110010,basolateral protein secretion,1,,,,,,,,,,,
0,0.501253885,2,39,GO:0110011,regulation of basement membrane organization,1,,,,,,,,,,,
0,0.636783715,6,8,GO:0110022;GO:0110024,regulation of cardiac muscle myoblast proliferation,1,,,,,,,,,,,
0,0.508958394,4,14,GO:0110028;GO:1902846,positive regulation of mitotic spindle organization,1,,,,,,,,,,,
0,0.636783715,2,8,GO:0110104,mRNA alternative polyadenylation,1,,,,,,,,,,,
0,0.823621486,2,106,GO:0110110,positive regulation of animal organ morphogenesis,1,,,,,,,,,,,
0,1,4,8,GO:0110112,regulation of lipid transporter activity,1,,,,,,,,,,,
0,0.862078984,5,28,GO:0110156;GO:0110154,RNA decapping,1,,,,,,,,,,,
0,0.63692711,2,81,GO:0120178,steroid hormone biosynthetic process,1,,,,,,,,,,,
0,0.697142685,3,39,GO:0120252,hydrocarbon metabolic process,1,,,,,,,,,,,
0,1,2,6,GO:0120253,hydrocarbon catabolic process,1,,,,,,,,,,,
0,0.881717048,3,172,GO:0120254,olefinic compound metabolic process,1,,,,,,,,,,,
0,0.952127845,2,24,GO:0120255,olefinic compound biosynthetic process,1,,,,,,,,,,,
0,0.468969527,2,5,GO:0140009,L-aspartate import across plasma membrane,1,,,,,,,,,,,
0,0.320466357,3,433,GO:0140014,mitotic nuclear division,1,,,,,,,,,,,
0,0.992375958,2,255,GO:0140029,exocytic process,1,,,,,,,,,,,
0,1,4,6,GO:0140052,cellular response to oxidised low-density lipoprotein particle stimulus,1,,,,,,,,,,,
0,0.995262222,2,186,GO:0140053,mitochondrial gene expression,1,,,,,,,,,,,
0,0.955142603,2,39,GO:0140115,export across plasma membrane,1,,,,,,,,,,,
0,0.768991806,2,33,GO:0140131;GO:1901623,regulation of lymphocyte chemotaxis,1,,,,,,,,,,,
0,0.958399168,3,88,GO:0140353;GO:0014047,lipid export from cell,1,,,,,,,,,,,
0,0.465079641,2,54,GO:0140354,lipid import into cell,1,,,,,,,,,,,
0,0.731450953,6,21,GO:0150011;GO:0150012,regulation of neuron projection arborization,1,,,,,,,,,,,
0,1,2,6,GO:0150146,cell junction disassembly,1,,,,,,,,,,,
0,0.909808028,2,19,GO:0150172,regulation of phosphatidylcholine metabolic process,1,,,,,,,,,,,
0,1,6,7,GO:1900003;GO:1902571;GO:1900004;GO:1902572,negative regulation of serine-type peptidase activity,1,,,,,,,,,,,
0,0.547147755,4,15,GO:1900016,negative regulation of cytokine production involved in inflammatory response,1,,,,,,,,,,,
0,0.36331292,6,18,GO:1900017,positive regulation of cytokine production involved in inflammatory response,1,,,,,,,,,,,
0,0.634144871,4,36,GO:1900025,negative regulation of substrate adhesion-dependent cell spreading,1,,,,,,,,,,,
0,0.366829893,2,65,GO:1900027,regulation of ruffle assembly,1,,,,,,,,,,,
0,0.508958394,8,14,GO:1900028,negative regulation of ruffle assembly,1,,,,,,,,,,,
0,0.352442705,5,88,GO:1900034,regulation of cellular response to heat,1,,,,,,,,,,,
0,0.404818045,2,43,GO:1900037,regulation of cellular response to hypoxia,1,,,,,,,,,,,
0,0.731450953,2,21,GO:1900044,regulation of protein K63-linked ubiquitination,1,,,,,,,,,,,
0,1,2,7,GO:1900060,negative regulation of ceramide biosynthetic process,1,,,,,,,,,,,
0,0.587758061,2,7,GO:1900063,regulation of peroxisome organization,1,,,,,,,,,,,
0,0.747116764,2,126,GO:1900073,regulation of neuromuscular synaptic transmission,1,,,,,,,,,,,
0,0.909808028,2,19,GO:1900074,negative regulation of neuromuscular synaptic transmission,1,,,,,,,,,,,
0,0.967265464,2,27,GO:1900075,positive regulation of neuromuscular synaptic transmission,1,,,,,,,,,,,
0,0.424866805,2,101,GO:1900078,positive regulation of cellular response to insulin stimulus,1,,,,,,,,,,,
0,0.709760372,2,77,GO:1900101,regulation of endoplasmic reticulum unfolded protein response,1,,,,,,,,,,,
0,0.709253111,3,30,GO:1900103,positive regulation of endoplasmic reticulum unfolded protein response,1,,,,,,,,,,,
0,1,2,6,GO:1900104;GO:1900106,regulation of hyaluranon cable assembly,1,,,,,,,,,,,
0,0.584646839,2,25,GO:1900107,regulation of nodal signaling pathway,1,,,,,,,,,,,
0,1,2,5,GO:1900108,negative regulation of nodal signaling pathway,1,,,,,,,,,,,
0,0.35495458,5,33,GO:1900115;GO:1900116,extracellular regulation of signal transduction,1,,,,,,,,,,,
0,0.458219008,3,29,GO:1900118,negative regulation of execution phase of apoptosis,1,,,,,,,,,,,
0,0.724494632,3,50,GO:1900119,positive regulation of execution phase of apoptosis,1,,,,,,,,,,,
0,0.526179364,3,23,GO:1900125,regulation of hyaluronan biosynthetic process,1,,,,,,,,,,,
0,0.718041534,3,10,GO:1900126,negative regulation of hyaluronan biosynthetic process,1,,,,,,,,,,,
0,0.468712327,3,13,GO:1900127,positive regulation of hyaluronan biosynthetic process,1,,,,,,,,,,,
0,1,2,5,GO:1900128,regulation of G-protein activated inward rectifier potassium channel activity,1,,,,,,,,,,,
0,0.718041534,2,10,GO:1900133,regulation of renin secretion into blood stream,1,,,,,,,,,,,
0,0.679980604,4,9,GO:1900144;GO:2001284,positive regulation of BMP secretion,1,,,,,,,,,,,
0,1,3,14,GO:1900145;GO:1900175,regulation of nodal signaling pathway involved in determination of left/right asymmetry,1,,,,,,,,,,,
0,0.583200448,2,16,GO:1900147,regulation of Schwann cell migration,1,,,,,,,,,,,
0,0.718041534,3,10,GO:1900149,positive regulation of Schwann cell migration,1,,,,,,,,,,,
0,0.426549964,2,12,GO:1900157,regulation of bone mineralization involved in bone maturation,1,,,,,,,,,,,
0,1,2,6,GO:1900159,positive regulation of bone mineralization involved in bone maturation,1,,,,,,,,,,,
0,1,6,5,GO:1900161;GO:1900163;GO:0110113,regulation of phospholipid scramblase activity,1,,,,,,,,,,,
0,0.830097807,2,14,GO:1900169,regulation of glucocorticoid mediated signaling pathway,1,,,,,,,,,,,
0,0.532117413,3,6,GO:1900170,negative regulation of glucocorticoid mediated signaling pathway,1,,,,,,,,,,,
0,0.939563197,3,115,GO:1900181,negative regulation of protein localization to nucleus,1,,,,,,,,,,,
0,1,4,8,GO:1900186,negative regulation of clathrin-dependent endocytosis,1,,,,,,,,,,,
0,0.8338027,2,68,GO:1900193,regulation of oocyte maturation,1,,,,,,,,,,,
0,0.786535242,2,34,GO:1900195,positive regulation of oocyte maturation,1,,,,,,,,,,,
0,1,2,13,GO:1900211;GO:1900212,regulation of mesenchymal cell apoptotic process involved in metanephros development,1,,,,,,,,,,,
0,1,2,5,GO:1900222,negative regulation of amyloid-beta clearance,1,,,,,,,,,,,
0,1,2,7,GO:1900224,positive regulation of nodal signaling pathway involved in determination of lateral mesoderm left/right asymmetry,1,,,,,,,,,,,
0,0.617084583,2,17,GO:1900225,regulation of NLRP3 inflammasome complex assembly,1,,,,,,,,,,,
0,0.426549964,3,12,GO:1900227,positive regulation of NLRP3 inflammasome complex assembly,1,,,,,,,,,,,
0,0.426549964,4,12,GO:1900239,regulation of phenotypic switching,1,,,,,,,,,,,
0,0.468969527,5,5,GO:1900241,positive regulation of phenotypic switching,1,,,,,,,,,,,
0,0.547147755,2,15,GO:1900247,regulation of cytoplasmic translational elongation,1,,,,,,,,,,,
0,1,4,13,GO:1900262;GO:1900264,regulation of DNA-directed DNA polymerase activity,1,,,,,,,,,,,
0,0.983687881,5,100,GO:1900271,regulation of long-term synaptic potentiation,1,,,,,,,,,,,
0,0.984574517,2,63,GO:1900273,positive regulation of long-term synaptic potentiation,1,,,,,,,,,,,
0,0.992235968,2,109,GO:1900274;GO:0010863,regulation of phospholipase C activity,1,,,,,,,,,,,
0,0.679980604,3,9,GO:1900275,negative regulation of phospholipase C activity,1,,,,,,,,,,,
0,0.988123002,9,35,GO:1900363,regulation of mRNA polyadenylation,1,,,,,,,,,,,
0,0.679980604,2,9,GO:1900365,positive regulation of mRNA polyadenylation,1,,,,,,,,,,,
0,0.468969527,6,5,GO:1900370,positive regulation of RNA interference,1,,,,,,,,,,,
0,0.402521256,-1,27,GO:1900402,obsolete regulation of carbohydrate metabolic process by regulation of transcription from RNA polymerase II promoter,1,,,,,,,,,,,
0,0.383990822,3,50,GO:1900409;GO:1902884,positive regulation of response to oxidative stress,1,,,,,,,,,,,
0,0.979297474,2,120,GO:1900424,regulation of defense response to bacterium,1,,,,,,,,,,,
0,0.730384553,3,31,GO:1900425,negative regulation of defense response to bacterium,1,,,,,,,,,,,
0,0.756192355,6,52,GO:1900426,positive regulation of defense response to bacterium,1,,,,,,,,,,,
0,0.532117413,3,6,GO:1900450;GO:1904782,negative regulation of glutamate receptor signaling pathway,1,,,,,,,,,,,
0,0.973633217,3,44,GO:1900451,positive regulation of glutamate receptor signaling pathway,1,,,,,,,,,,,
0,0.537993292,2,32,GO:1900452,regulation of long-term synaptic depression,1,,,,,,,,,,,
0,1,3,5,GO:1900453,negative regulation of long-term synaptic depression,1,,,,,,,,,,,
0,0.36331292,6,18,GO:1900454,positive regulation of long-term synaptic depression,1,,,,,,,,,,,
0,1,3,6,GO:1900623;GO:1900625,regulation of monocyte aggregation,1,,,,,,,,,,,
0,1,2,9,GO:1900736,regulation of phospholipase C-activating G protein-coupled receptor signaling pathway,1,,,,,,,,,,,
0,1,4,5,GO:1900738,positive regulation of phospholipase C-activating G protein-coupled receptor signaling pathway,1,,,,,,,,,,,
0,1,2,6,GO:1900923,regulation of glycine import across plasma membrane,1,,,,,,,,,,,
0,0.582124895,2,138,GO:1901016,regulation of potassium ion transmembrane transporter activity,1,,,,,,,,,,,
0,0.891302697,2,64,GO:1901018,positive regulation of potassium ion transmembrane transporter activity,1,,,,,,,,,,,
0,0.44991638,4,111,GO:1901021,positive regulation of calcium ion transmembrane transporter activity,1,,,,,,,,,,,
0,0.584646839,6,25,GO:1901029,negative regulation of mitochondrial outer membrane permeabilization involved in apoptotic signaling pathway,1,,,,,,,,,,,
0,0.747542259,3,61,GO:1901032;GO:1903206,negative regulation of hydrogen peroxide-induced cell death,1,,,,,,,,,,,
0,0.64880604,3,18,GO:1901033,positive regulation of response to reactive oxygen species,1,,,,,,,,,,,
0,1,2,9,GO:1901044,protein polyubiquitination involved in nucleus-associated proteasomal ubiquitin-dependent protein catabolic process,1,,,,,,,,,,,
0,0.587758061,2,7,GO:1901047,insulin receptor signaling pathway involved in determination of adult lifespan,1,,,,,,,,,,,
0,0.715375893,6,150,GO:1901068,guanosine-containing compound metabolic process,1,,,,,,,,,,,
0,0.584646839,8,25,GO:1901069,guanosine-containing compound catabolic process,1,,,,,,,,,,,
0,0.555991266,6,24,GO:1901070;GO:0006183,guanosine-containing compound biosynthetic process,1,,,,,,,,,,,
0,0.468712327,4,13,GO:1901072,glucosamine-containing compound catabolic process,1,,,,,,,,,,,
0,0.351089668,2,136,GO:1901074;GO:2000425,regulation of apoptotic cell clearance,1,,,,,,,,,,,
0,0.861509807,2,91,GO:1901076;GO:2000427,positive regulation of engulfment of apoptotic cell,1,,,,,,,,,,,
0,1,5,8,GO:1901078,negative regulation of relaxation of muscle,1,,,,,,,,,,,
0,0.532117413,2,6,GO:1901079,positive regulation of relaxation of muscle,1,,,,,,,,,,,
0,0.58770963,3,34,GO:1901096,regulation of autophagosome maturation,1,,,,,,,,,,,
0,1,2,13,GO:1901097,negative regulation of autophagosome maturation,1,,,,,,,,,,,
0,0.495287212,3,22,GO:1901098,positive regulation of autophagosome maturation,1,,,,,,,,,,,
0,0.602582504,6,70,GO:1901099,negative regulation of signal transduction in absence of ligand,1,,,,,,,,,,,
0,0.99552744,3,2158,GO:1901135,carbohydrate derivative metabolic process,1,,,,,,,,,,,
0,0.955449211,2,1238,GO:1901137,carbohydrate derivative biosynthetic process,1,,,,,,,,,,,
0,0.832349448,2,26,GO:1901142,insulin metabolic process,1,,,,,,,,,,,
0,0.755067327,3,22,GO:1901163,regulation of trophoblast cell migration,1,,,,,,,,,,,
0,0.426549964,2,12,GO:1901164,negative regulation of trophoblast cell migration,1,,,,,,,,,,,
0,1,2,8,GO:1901165,positive regulation of trophoblast cell migration,1,,,,,,,,,,,
0,1,2,6,GO:1901207,regulation of heart looping,1,,,,,,,,,,,
0,0.768991806,3,33,GO:1901213,regulation of transcription from RNA polymerase II promoter involved in heart development,1,,,,,,,,,,,
0,1,3,6,GO:1901219;GO:1901220,negative regulation of cardiac chamber morphogenesis,1,,,,,,,,,,,
0,0.370657594,2,219,GO:1901222,regulation of NIK/NF-kappaB signaling,1,,,,,,,,,,,
0,0.756192355,4,52,GO:1901223,negative regulation of NIK/NF-kappaB signaling,1,,,,,,,,,,,
0,0.316356653,2,157,GO:1901224,positive regulation of NIK/NF-kappaB signaling,1,,,,,,,,,,,
0,0.781124897,4,12,GO:1901228,positive regulation of transcription from RNA polymerase II promoter involved in heart development,1,,,,,,,,,,,
0,0.998522442,2,141,GO:1901264,carbohydrate derivative transport,1,,,,,,,,,,,
0,1,3,7,GO:1901295;GO:1905066,regulation of canonical Wnt signaling pathway involved in heart development,1,,,,,,,,,,,
0,0.64880604,2,18,GO:1901298,regulation of hydrogen peroxide-mediated programmed cell death,1,,,,,,,,,,,
0,0.426549964,4,12,GO:1901299,negative regulation of hydrogen peroxide-mediated programmed cell death,1,,,,,,,,,,,
0,1,2,6,GO:1901300,positive regulation of hydrogen peroxide-mediated programmed cell death,1,,,,,,,,,,,
0,1,6,6,GO:1901301;GO:1901303,regulation of cargo loading into COPII-coated vesicle,1,,,,,,,,,,,
0,0.802958258,2,35,GO:1901317;GO:1902093;GO:0003353;GO:2000155,regulation of flagellated sperm motility,1,,,,,,,,,,,
0,1,3,8,GO:1901329,regulation of odontoblast differentiation,1,,,,,,,,,,,
0,0.537993292,2,32,GO:1901339,regulation of store-operated calcium channel activity,1,,,,,,,,,,,
0,0.317496046,4,24,GO:1901374;GO:0015870,acetate ester transport,1,,,,,,,,,,,
0,0.504765427,2,56,GO:1901380;GO:1901017,negative regulation of potassium ion transmembrane transport,1,,,,,,,,,,,
0,0.974593535,5,29,GO:1901386,negative regulation of voltage-gated calcium channel activity,1,,,,,,,,,,,
0,1,3,8,GO:1901388,regulation of transforming growth factor beta activation,1,,,,,,,,,,,
0,1,5,19,GO:1901407,regulation of phosphorylation of RNA polymerase II C-terminal domain,1,,,,,,,,,,,
0,1,4,14,GO:1901409,positive regulation of phosphorylation of RNA polymerase II C-terminal domain,1,,,,,,,,,,,
0,0.679980604,4,9,GO:1901419;GO:1901421,regulation of response to alcohol,1,,,,,,,,,,,
0,1,5,8,GO:1901423,response to benzene,1,,,,,,,,,,,
0,0.495287212,5,22,GO:1901490,regulation of lymphangiogenesis,1,,,,,,,,,,,
0,0.718041534,2,10,GO:1901491,negative regulation of lymphangiogenesis,1,,,,,,,,,,,
0,0.426549964,2,12,GO:1901492,positive regulation of lymphangiogenesis,1,,,,,,,,,,,
0,1,2,7,GO:1901509,regulation of endothelial tube morphogenesis,1,,,,,,,,,,,
0,1,5,9,GO:1901523,icosanoid catabolic process,1,,,,,,,,,,,
0,0.838201699,4,48,GO:1901524,regulation of mitophagy,1,,,,,,,,,,,
0,1,4,7,GO:1901529,positive regulation of anion channel activity,1,,,,,,,,,,,
0,0.64880604,3,18,GO:1901533,negative regulation of hematopoietic progenitor cell differentiation,1,,,,,,,,,,,
0,0.850308525,2,15,GO:1901534,positive regulation of hematopoietic progenitor cell differentiation,1,,,,,,,,,,,
0,0.468969527,3,5,GO:1901558,response to metformin,1,,,,,,,,,,,
0,0.718041534,3,10,GO:1901562,response to paraquat,1,,,,,,,,,,,
0,0.850308525,2,15,GO:1901563,response to camptothecin,1,,,,,,,,,,,
0,0.998853424,2,1929,GO:1901565,organonitrogen compound catabolic process,1,,,,,,,,,,,
0,0.846418829,3,222,GO:1901568,fatty acid derivative metabolic process,1,,,,,,,,,,,
0,1,2,18,GO:1901569,fatty acid derivative catabolic process,1,,,,,,,,,,,
0,0.66501327,3,154,GO:1901570,fatty acid derivative biosynthetic process,1,,,,,,,,,,,
0,1,3,15,GO:1901608,regulation of vesicle transport along microtubule,1,,,,,,,,,,,
0,1,2,11,GO:1901610;GO:1901951;GO:1901953,positive regulation of vesicle transport along microtubule,1,,,,,,,,,,,
0,0.88791383,3,989,GO:1901615,organic hydroxy compound metabolic process,1,,,,,,,,,,,
0,0.98084679,2,98,GO:1901616,organic hydroxy compound catabolic process,1,,,,,,,,,,,
0,0.811136867,2,334,GO:1901617,organic hydroxy compound biosynthetic process,1,,,,,,,,,,,
0,0.850308525,2,15,GO:1901620;GO:1901621,regulation of smoothened signaling pathway involved in dorsal/ventral neural tube patterning,1,,,,,,,,,,,
0,0.784033212,4,44,GO:1901626;GO:1903909,regulation of postsynaptic membrane organization,1,,,,,,,,,,,
0,0.532117413,4,6,GO:1901627,negative regulation of postsynaptic membrane organization,1,,,,,,,,,,,
0,0.897628656,2,18,GO:1901628;GO:1903911,positive regulation of receptor clustering,1,,,,,,,,,,,
0,1,2,7,GO:1901629,regulation of presynaptic membrane organization,1,,,,,,,,,,,
0,1,3,6,GO:1901656,glycoside transport,1,,,,,,,,,,,
0,0.862078984,2,28,GO:1901660;GO:0070839,divalent metal ion export,1,,,,,,,,,,,
0,0.404818045,2,43,GO:1901661,quinone metabolic process,1,,,,,,,,,,,
0,1,3,5,GO:1901664;GO:1901666,regulation of NAD+ ADP-ribosyltransferase activity,1,,,,,,,,,,,
0,0.95963043,2,40,GO:1901673,regulation of mitotic spindle assembly,1,,,,,,,,,,,
0,0.6113564,6,35,GO:1901679,nucleotide transmembrane transport,1,,,,,,,,,,,
0,0.991879948,2,38,GO:1901722,regulation of cell proliferation involved in kidney development,1,,,,,,,,,,,
0,1,6,14,GO:1901723,negative regulation of cell proliferation involved in kidney development,1,,,,,,,,,,,
0,0.952127845,2,24,GO:1901724,positive regulation of cell proliferation involved in kidney development,1,,,,,,,,,,,
0,0.840546434,9,108,GO:1901799,negative regulation of proteasomal protein catabolic process,1,,,,,,,,,,,
0,0.440984976,4,326,GO:1901800;GO:1903052,positive regulation of proteolysis involved in cellular protein catabolic process,1,,,,,,,,,,,
0,0.458219008,3,29,GO:1901836,regulation of transcription of nucleolar large rRNA by RNA polymerase I,1,,,,,,,,,,,
0,0.679980604,2,9,GO:1901837,negative regulation of transcription of nucleolar large rRNA by RNA polymerase I,1,,,,,,,,,,,
0,0.430686562,2,20,GO:1901838,positive regulation of transcription of nucleolar large rRNA by RNA polymerase I,1,,,,,,,,,,,
0,0.686868582,5,29,GO:1901841,regulation of high voltage-gated calcium channel activity,1,,,,,,,,,,,
0,0.807159278,2,13,GO:1901843,positive regulation of high voltage-gated calcium channel activity,1,,,,,,,,,,,
0,0.755067327,6,22,GO:1901857,positive regulation of cellular respiration,1,,,,,,,,,,,
0,1,2,5,GO:1901859,negative regulation of mitochondrial DNA metabolic process,1,,,,,,,,,,,
0,0.453824736,7,186,GO:1901880;GO:0043242,negative regulation of protein-containing complex disassembly,1,,,,,,,,,,,
0,0.984650319,2,49,GO:1901881,positive regulation of protein depolymerization,1,,,,,,,,,,,
0,0.957824569,5,25,GO:1901894;GO:1901896,regulation of ATPase-coupled calcium transmembrane transporter activity,1,,,,,,,,,,,
0,1,3,7,GO:1901963,regulation of cell proliferation involved in outflow tract morphogenesis,1,,,,,,,,,,,
0,0.823144907,2,67,GO:1901976,regulation of cell cycle checkpoint,1,,,,,,,,,,,
0,0.929993176,5,21,GO:1901977;GO:2000002,negative regulation of cell cycle checkpoint,1,,,,,,,,,,,
0,1,2,15,GO:1901979,regulation of inward rectifier potassium channel activity,1,,,,,,,,,,,
0,0.920538784,2,20,GO:1901993;GO:1902102;GO:1905132,regulation of meiotic cell cycle phase transition,1,,,,,,,,,,,
0,1,2,8,GO:1901994,negative regulation of meiotic cell cycle phase transition,1,,,,,,,,,,,
0,0.781124897,2,12,GO:1901995;GO:1902104;GO:1905134,positive regulation of meiotic cell cycle phase transition,1,,,,,,,,,,,
0,0.887302459,4,74,GO:1901998,toxin transport,1,,,,,,,,,,,
0,0.948004188,3,85,GO:1902001,fatty acid transmembrane transport,1,,,,,,,,,,,
0,0.3458504,2,25,GO:1902018,negative regulation of cilium assembly,1,,,,,,,,,,,
0,1,4,5,GO:1902023;GO:1903400,L-arginine transport,1,,,,,,,,,,,
0,0.468969527,2,5,GO:1902026,regulation of cartilage condensation,1,,,,,,,,,,,
0,0.751576986,2,11,GO:1902033,regulation of hematopoietic stem cell proliferation,1,,,,,,,,,,,
0,1,7,7,GO:1902035,positive regulation of hematopoietic stem cell proliferation,1,,,,,,,,,,,
0,1,2,7,GO:1902037,negative regulation of hematopoietic stem cell differentiation,1,,,,,,,,,,,
0,1,2,7,GO:1902038,positive regulation of hematopoietic stem cell differentiation,1,,,,,,,,,,,
0,0.862918176,2,140,GO:1902041,regulation of extrinsic apoptotic signaling pathway via death domain receptors,1,,,,,,,,,,,
0,0.540081577,2,92,GO:1902042,negative regulation of extrinsic apoptotic signaling pathway via death domain receptors,1,,,,,,,,,,,
0,1,4,43,GO:1902043,positive regulation of extrinsic apoptotic signaling pathway via death domain receptors,1,,,,,,,,,,,
0,1,2,5,GO:1902044,regulation of Fas signaling pathway,1,,,,,,,,,,,
0,0.532117413,5,6,GO:1902064,regulation of transcription from RNA polymerase II promoter involved in spermatogenesis,1,,,,,,,,,,,
0,0.697142685,2,39,GO:1902065,response to L-glutamate,1,,,,,,,,,,,
0,0.980747485,2,121,GO:1902074,response to salt,1,,,,,,,,,,,
0,0.76842761,2,43,GO:1902075,cellular response to salt,1,,,,,,,,,,,
0,0.671587084,2,47,GO:1902101;GO:1905820,positive regulation of chromosome separation,1,,,,,,,,,,,
0,0.730691799,3,557,GO:1902105,regulation of leukocyte differentiation,1,,,,,,,,,,,
0,0.612172778,3,296,GO:1902107,positive regulation of leukocyte differentiation,1,,,,,,,,,,,
0,1,4,7,GO:1902119;GO:1902120,negative regulation of meiotic spindle elongation,1,,,,,,,,,,,
0,1,4,8,GO:1902159,regulation of cyclic nucleotide-gated ion channel activity,1,,,,,,,,,,,
0,0.707573689,5,49,GO:1902170;GO:0071732,cellular response to reactive nitrogen species,1,,,,,,,,,,,
0,0.587758061,4,7,GO:1902174,positive regulation of keratinocyte apoptotic process,1,,,,,,,,,,,
0,0.869302957,2,92,GO:1902186,regulation of viral release from host cell,1,,,,,,,,,,,
0,0.562263755,2,59,GO:1902187,negative regulation of viral release from host cell,1,,,,,,,,,,,
0,0.832621626,3,37,GO:1902188,positive regulation of viral release from host cell,1,,,,,,,,,,,
0,1,2,12,GO:1902202,regulation of hepatocyte growth factor receptor signaling pathway,1,,,,,,,,,,,
0,1,2,14,GO:1902214,regulation of interleukin-4-mediated signaling pathway,1,,,,,,,,,,,
0,1,4,7,GO:1902216,positive regulation of interleukin-4-mediated signaling pathway,1,,,,,,,,,,,
0,0.862078984,3,28,GO:1902224,ketone body metabolic process,1,,,,,,,,,,,
0,1,2,11,GO:1902226;GO:1902227;GO:1903970;GO:1903973,regulation of macrophage colony-stimulating factor signaling pathway,1,,,,,,,,,,,
0,0.585734945,3,69,GO:1902235,regulation of endoplasmic reticulum stress-induced intrinsic apoptotic signaling pathway,1,,,,,,,,,,,
0,0.547354234,3,41,GO:1902236,negative regulation of endoplasmic reticulum stress-induced intrinsic apoptotic signaling pathway,1,,,,,,,,,,,
0,0.663215178,2,28,GO:1902237,positive regulation of endoplasmic reticulum stress-induced intrinsic apoptotic signaling pathway,1,,,,,,,,,,,
0,1,2,6,GO:1902256,regulation of apoptotic process involved in outflow tract morphogenesis,1,,,,,,,,,,,
0,0.512026324,3,31,GO:1902259,regulation of delayed rectifier potassium channel activity,1,,,,,,,,,,,
0,0.617084583,2,17,GO:1902260,negative regulation of delayed rectifier potassium channel activity,1,,,,,,,,,,,
0,0.426549964,4,12,GO:1902262,apoptotic process involved in blood vessel morphogenesis,1,,,,,,,,,,,
0,0.468969527,4,5,GO:1902263,apoptotic process involved in embryonic digit morphogenesis,1,,,,,,,,,,,
0,1,4,7,GO:1902267,regulation of polyamine transmembrane transport,1,,,,,,,,,,,
0,0.382687015,4,11,GO:1902308;GO:1902309,regulation of peptidyl-serine dephosphorylation,1,,,,,,,,,,,
0,0.995692064,3,43,GO:1902337,regulation of apoptotic process involved in morphogenesis,1,,,,,,,,,,,
0,1,2,17,GO:1902338,negative regulation of apoptotic process involved in morphogenesis,1,,,,,,,,,,,
0,0.952127845,4,24,GO:1902339,positive regulation of apoptotic process involved in morphogenesis,1,,,,,,,,,,,
0,1,2,5,GO:1902362,melanocyte apoptotic process,1,,,,,,,,,,,
0,0.679980604,3,9,GO:1902366;GO:1902367,regulation of Notch signaling pathway involved in somitogenesis,1,,,,,,,,,,,
0,1,2,5,GO:1902380,positive regulation of endoribonuclease activity,1,,,,,,,,,,,
0,0.39725779,3,19,GO:1902412;GO:1903436,regulation of mitotic cytokinesis,1,,,,,,,,,,,
0,0.463414403,5,21,GO:1902416;GO:1905216,positive regulation of RNA binding,1,,,,,,,,,,,
0,0.909808028,7,19,GO:1902430,negative regulation of amyloid-beta formation,1,,,,,,,,,,,
0,1,2,18,GO:1902435;GO:1902436,regulation of male mating behavior,1,,,,,,,,,,,
0,1,2,7,GO:1902442;GO:1902443,regulation of ripoptosome assembly involved in necroptotic process,1,,,,,,,,,,,
0,0.532117413,4,6,GO:1902445,regulation of mitochondrial membrane permeability involved in programmed necrotic cell death,1,,,,,,,,,,,
0,0.929993176,2,21,GO:1902455,negative regulation of stem cell population maintenance,1,,,,,,,,,,,
0,0.997071557,2,133,GO:1902476,chloride transmembrane transport,1,,,,,,,,,,,
0,0.382687015,2,11,GO:1902512;GO:1903626,positive regulation of DNA catabolic process,1,,,,,,,,,,,
0,0.825846271,2,47,GO:1902513,regulation of organelle transport along microtubule,1,,,,,,,,,,,
0,1,2,5,GO:1902523,positive regulation of protein K63-linked ubiquitination,1,,,,,,,,,,,
0,0.337432237,2,10,GO:1902525,regulation of protein monoubiquitination,1,,,,,,,,,,,
0,0.587758061,2,7,GO:1902527,positive regulation of protein monoubiquitination,1,,,,,,,,,,,
0,1,5,14,GO:1902566,regulation of eosinophil activation,1,,,,,,,,,,,
0,1,2,7,GO:1902567,negative regulation of eosinophil activation,1,,,,,,,,,,,
0,1,3,6,GO:1902569,negative regulation of activation of Janus kinase activity,1,,,,,,,,,,,
0,1,6,11,GO:1902570,protein localization to nucleolus,1,,,,,,,,,,,
0,0.587758061,2,7,GO:1902576,negative regulation of nuclear cell cycle DNA replication,1,,,,,,,,,,,
0,0.468969527,2,5,GO:1902581;GO:1902583,multi-organism cellular localization,1,,,,,,,,,,,
0,0.532117413,2,6,GO:1902595,regulation of DNA replication origin binding,1,,,,,,,,,,,
0,0.999963116,5,167,GO:1902600,proton transmembrane transport,1,,,,,,,,,,,
0,1,4,8,GO:1902606;GO:1902608,positive regulation of large conductance calcium-activated potassium channel activity,1,,,,,,,,,,,
0,0.526179364,4,23,GO:1902617,response to fluoride,1,,,,,,,,,,,
0,0.532117413,4,6,GO:1902626,assembly of large subunit precursor of preribosome,1,,,,,,,,,,,
0,0.883805177,3,17,GO:1902630,regulation of membrane hyperpolarization,1,,,,,,,,,,,
0,0.468969527,2,5,GO:1902632,positive regulation of membrane hyperpolarization,1,,,,,,,,,,,
0,0.426549964,2,12,GO:1902644,tertiary alcohol metabolic process,1,,,,,,,,,,,
0,0.468969527,3,5,GO:1902659;GO:1902661,positive regulation of glucose mediated signaling pathway,1,,,,,,,,,,,
0,0.360761462,2,316,GO:1902667,regulation of axon guidance,1,,,,,,,,,,,
0,0.532117413,3,6,GO:1902721,negative regulation of prolactin secretion,1,,,,,,,,,,,
0,1,2,9,GO:1902722,positive regulation of prolactin secretion,1,,,,,,,,,,,
0,1,2,6,GO:1902731,negative regulation of chondrocyte proliferation,1,,,,,,,,,,,
0,1,2,5,GO:1902732,positive regulation of chondrocyte proliferation,1,,,,,,,,,,,
0,1,4,7,GO:1902733;GO:1902738;GO:1903041;GO:1903042,regulation of growth plate cartilage chondrocyte differentiation,1,,,,,,,,,,,
0,0.726300286,2,124,GO:1902742,apoptotic process involved in development,1,,,,,,,,,,,
0,0.945157155,7,168,GO:1902743;GO:0010591,regulation of lamellipodium organization,1,,,,,,,,,,,
0,0.971161259,2,28,GO:1902744;GO:0010593,negative regulation of lamellipodium organization,1,,,,,,,,,,,
0,0.36331292,3,18,GO:1902746,regulation of lens fiber cell differentiation,1,,,,,,,,,,,
0,1,2,6,GO:1902747,negative regulation of lens fiber cell differentiation,1,,,,,,,,,,,
0,1,2,6,GO:1902769,regulation of choline O-acetyltransferase activity,1,,,,,,,,,,,
0,0.532117413,5,6,GO:1902774,late endosome to lysosome transport,1,,,,,,,,,,,
0,0.401485589,2,132,GO:1902803,regulation of synaptic vesicle transport,1,,,,,,,,,,,
0,0.526179364,4,23,GO:1902804,negative regulation of synaptic vesicle transport,1,,,,,,,,,,,
0,0.537993292,2,32,GO:1902805,positive regulation of synaptic vesicle transport,1,,,,,,,,,,,
0,1,4,10,GO:1902809;GO:1902811,positive regulation of skeletal muscle fiber differentiation,1,,,,,,,,,,,
0,0.883805177,2,17,GO:1902816;GO:1902817,regulation of protein localization to microtubule,1,,,,,,,,,,,
0,0.636783715,2,8,GO:1902841,regulation of netrin-activated signaling pathway,1,,,,,,,,,,,
0,0.607829007,3,484,GO:1902850,microtubule cytoskeleton organization involved in mitosis,1,,,,,,,,,,,
0,0.477527945,3,38,GO:1902857,positive regulation of non-motile cilium assembly,1,,,,,,,,,,,
0,1,3,12,GO:1902869,regulation of amacrine cell differentiation,1,,,,,,,,,,,
0,1,5,5,GO:1902896,terminal web assembly,1,,,,,,,,,,,
0,0.730384553,2,31,GO:1902902,negative regulation of autophagosome assembly,1,,,,,,,,,,,
0,0.534729879,2,49,GO:1902914,regulation of protein polyubiquitination,1,,,,,,,,,,,
0,0.730384553,3,31,GO:1902916,positive regulation of protein polyubiquitination,1,,,,,,,,,,,
0,0.725209812,2,151,GO:1902930,regulation of alcohol biosynthetic process,1,,,,,,,,,,,
0,0.512026324,2,31,GO:1902931,negative regulation of alcohol biosynthetic process,1,,,,,,,,,,,
0,0.823311419,6,57,GO:1902932,positive regulation of alcohol biosynthetic process,1,,,,,,,,,,,
0,1,2,6,GO:1902938,regulation of intracellular calcium activated chloride channel activity,1,,,,,,,,,,,
0,0.830097807,7,14,GO:1902946,protein localization to early endosome,1,,,,,,,,,,,
0,0.374241607,2,26,GO:1902947,regulation of tau-protein kinase activity,1,,,,,,,,,,,
0,0.36331292,5,18,GO:1902949,positive regulation of tau-protein kinase activity,1,,,,,,,,,,,
0,1,3,6,GO:1902952,positive regulation of dendritic spine maintenance,1,,,,,,,,,,,
0,1,2,6,GO:1902953,positive regulation of ER to Golgi vesicle-mediated transport,1,,,,,,,,,,,
0,0.468969527,2,5,GO:1902969,mitotic DNA replication,1,,,,,,,,,,,
0,0.402521256,2,27,GO:1902992,negative regulation of amyloid precursor protein catabolic process,1,,,,,,,,,,,
0,1,2,5,GO:1902994;GO:1902995,regulation of phospholipid efflux,1,,,,,,,,,,,
0,0.532117413,2,6,GO:1902996,regulation of neurofibrillary tangle assembly,1,,,,,,,,,,,
0,0.77686618,2,23,GO:1903003,positive regulation of protein deubiquitination,1,,,,,,,,,,,
0,1,4,6,GO:1903004;GO:1903006,regulation of protein K63-linked deubiquitination,1,,,,,,,,,,,
0,0.94916853,5,149,GO:1903008,organelle disassembly,1,,,,,,,,,,,
0,0.945661923,2,23,GO:1903012,positive regulation of bone development,1,,,,,,,,,,,
0,0.463414403,2,21,GO:1903026,negative regulation of RNA polymerase II regulatory region sequence-specific DNA binding,1,,,,,,,,,,,
0,0.468969527,3,5,GO:1903027,regulation of opsonization,1,,,,,,,,,,,
0,0.704610482,2,630,GO:1903050;GO:1903362,regulation of cellular protein catabolic process,1,,,,,,,,,,,
0,0.636670177,2,195,GO:1903051;GO:1903363,negative regulation of cellular protein catabolic process,1,,,,,,,,,,,
0,0.807159278,2,13,GO:1903069,regulation of ER-associated ubiquitin-dependent protein catabolic process,1,,,,,,,,,,,
0,0.532117413,2,6,GO:1903070,negative regulation of ER-associated ubiquitin-dependent protein catabolic process,1,,,,,,,,,,,
0,1,2,9,GO:1903071,positive regulation of ER-associated ubiquitin-dependent protein catabolic process,1,,,,,,,,,,,
0,0.32302719,2,222,GO:1903078;GO:1904377,positive regulation of protein localization to cell periphery,1,,,,,,,,,,,
0,0.468969527,8,5,GO:1903093,regulation of protein K48-linked deubiquitination,1,,,,,,,,,,,
0,1,2,7,GO:1903108,regulation of mitochondrial transcription,1,,,,,,,,,,,
0,1,3,5,GO:1903109,positive regulation of mitochondrial transcription,1,,,,,,,,,,,
0,1,2,10,GO:1903116,positive regulation of actin filament-based movement,1,,,,,,,,,,,
0,1,2,6,GO:1903119,protein localization to actin cytoskeleton,1,,,,,,,,,,,
0,0.718041534,3,10,GO:1903121;GO:1903984,regulation of TRAIL-activated apoptotic signaling pathway,1,,,,,,,,,,,
0,0.654341479,3,100,GO:1903146,regulation of autophagy of mitochondrion,1,,,,,,,,,,,
0,0.49010121,3,72,GO:1903170;GO:1901020,negative regulation of calcium ion transmembrane transport,1,,,,,,,,,,,
0,0.532117413,3,6,GO:1903179;GO:1903181,regulation of dopamine biosynthetic process,1,,,,,,,,,,,
0,0.382687015,4,11,GO:1903207;GO:1903208,negative regulation of hydrogen peroxide-induced neuron death,1,,,,,,,,,,,
0,0.587758061,4,7,GO:1903215,negative regulation of protein targeting to mitochondrion,1,,,,,,,,,,,
0,1,2,5,GO:1903233,regulation of calcium ion-dependent exocytosis of neurotransmitter,1,,,,,,,,,,,
0,0.718041534,2,10,GO:1903238,positive regulation of leukocyte tethering or rolling,1,,,,,,,,,,,
0,0.718041534,3,10,GO:1903279;GO:1903281,regulation of calcium:sodium antiporter activity,1,,,,,,,,,,,
0,0.430686562,5,20,GO:1903286;GO:1903288,regulation of potassium ion import,1,,,,,,,,,,,
0,0.972517595,2,341,GO:1903305,regulation of regulated secretory pathway,1,,,,,,,,,,,
0,0.892386363,3,145,GO:1903307,positive regulation of regulated secretory pathway,1,,,,,,,,,,,
0,0.624452698,2,692,GO:1903311,regulation of mRNA metabolic process,1,,,,,,,,,,,
0,0.855456922,2,205,GO:1903312,negative regulation of mRNA metabolic process,1,,,,,,,,,,,
0,0.807840571,7,179,GO:1903313,positive regulation of mRNA metabolic process,1,,,,,,,,,,,
0,0.885993246,2,578,GO:1903320;GO:0031396,regulation of protein modification by small protein conjugation or removal,1,,,,,,,,,,,
0,0.524605145,2,218,GO:1903321;GO:0031397,negative regulation of protein modification by small protein conjugation or removal,1,,,,,,,,,,,
0,0.936334206,3,311,GO:1903322;GO:0031398,positive regulation of protein modification by small protein conjugation or removal,1,,,,,,,,,,,
0,1,2,5,GO:1903326,regulation of tRNA metabolic process,1,,,,,,,,,,,
0,0.612091,3,26,GO:1903332,regulation of protein folding,1,,,,,,,,,,,
0,1,2,11,GO:1903334,positive regulation of protein folding,1,,,,,,,,,,,
0,1,2,6,GO:1903348,positive regulation of bicellular tight junction assembly,1,,,,,,,,,,,
0,0.632788878,3,45,GO:1903350;GO:1903351,response to dopamine,1,,,,,,,,,,,
0,0.901539696,6,76,GO:1903354;GO:1903356,regulation of distal tip cell migration,1,,,,,,,,,,,
0,0.31619155,2,39,GO:1903361,protein localization to basolateral plasma membrane,1,,,,,,,,,,,
0,0.43158312,2,383,GO:1903364,positive regulation of cellular protein catabolic process,1,,,,,,,,,,,
0,0.678399952,2,19,GO:1903365;GO:2000822,regulation of fear response,1,,,,,,,,,,,
0,0.382687015,2,11,GO:1903367,positive regulation of fear response,1,,,,,,,,,,,
0,0.337432237,2,10,GO:1903371;GO:1903373,regulation of endoplasmic reticulum tubular network organization,1,,,,,,,,,,,
0,0.532117413,6,6,GO:1903378,positive regulation of oxidative stress-induced neuron intrinsic apoptotic signaling pathway,1,,,,,,,,,,,
0,0.547147755,4,15,GO:1903386,negative regulation of homophilic cell adhesion,1,,,,,,,,,,,
0,0.532117413,2,6,GO:1903408,positive regulation of sodium:potassium-exchanging ATPase activity,1,,,,,,,,,,,
0,0.897772323,2,54,GO:1903409,reactive oxygen species biosynthetic process,1,,,,,,,,,,,
0,0.508958394,4,14,GO:1903416,response to glycoside,1,,,,,,,,,,,
0,0.830097807,2,14,GO:1903422,negative regulation of synaptic vesicle recycling,1,,,,,,,,,,,
0,0.423978321,5,208,GO:1903426,regulation of reactive oxygen species biosynthetic process,1,,,,,,,,,,,
0,0.619076155,2,71,GO:1903427,negative regulation of reactive oxygen species biosynthetic process,1,,,,,,,,,,,
0,0.929929629,6,280,GO:1903429,regulation of cell maturation,1,,,,,,,,,,,
0,0.770979963,4,53,GO:1903430,negative regulation of cell maturation,1,,,,,,,,,,,
0,0.939563197,2,115,GO:1903431,positive regulation of cell maturation,1,,,,,,,,,,,
0,0.718041534,3,10,GO:1903438;GO:1903490,positive regulation of mitotic cytokinetic process,1,,,,,,,,,,,
0,0.883805177,6,17,GO:1903441;GO:0097500,protein localization to ciliary membrane,1,,,,,,,,,,,
0,0.587758061,4,7,GO:1903445,protein transport from ciliary membrane to plasma membrane,1,,,,,,,,,,,
0,1,2,5,GO:1903450,regulation of G1 to G0 transition,1,,,,,,,,,,,
0,1,4,8,GO:1903487;GO:1903488,regulation of lactation,1,,,,,,,,,,,
0,0.52113752,4,243,GO:1903510,mucopolysaccharide metabolic process,1,,,,,,,,,,,
0,0.468969527,5,5,GO:1903516,regulation of single strand break repair,1,,,,,,,,,,,
0,1,5,14,GO:1903519;GO:1903521;GO:0060058,regulation of mammary gland involution,1,,,,,,,,,,,
0,0.98721683,2,225,GO:1903524,positive regulation of blood circulation,1,,,,,,,,,,,
0,0.36331292,2,18,GO:1903525,regulation of membrane tubulation,1,,,,,,,,,,,
0,0.751576986,2,11,GO:1903527,positive regulation of membrane tubulation,1,,,,,,,,,,,
0,0.891624111,5,589,GO:1903531;GO:0051048,negative regulation of secretion,1,,,,,,,,,,,
0,0.938322978,4,22,GO:1903538,regulation of meiotic cell cycle process involved in oocyte maturation,1,,,,,,,,,,,
0,0.81540649,2,25,GO:1903541;GO:1903543,regulation of exosomal secretion,1,,,,,,,,,,,
0,1,2,6,GO:1903544,response to butyrate,1,,,,,,,,,,,
0,1,2,10,GO:1903546,protein localization to photoreceptor outer segment,1,,,,,,,,,,,
0,0.636783715,2,8,GO:1903551;GO:1903553,regulation of extracellular exosome assembly,1,,,,,,,,,,,
0,0.508958394,2,14,GO:1903564;GO:1903566,regulation of protein localization to cilium,1,,,,,,,,,,,
0,0.397545539,2,91,GO:1903573,negative regulation of response to endoplasmic reticulum stress,1,,,,,,,,,,,
0,0.718041534,2,10,GO:1903576,response to L-arginine,1,,,,,,,,,,,
0,0.329469421,4,247,GO:1903578;GO:0006140;GO:1900542,regulation of nucleotide metabolic process,1,,,,,,,,,,,
0,1,8,14,GO:1903588,negative regulation of blood vessel endothelial cell proliferation involved in sprouting angiogenesis,1,,,,,,,,,,,
0,0.751576986,3,11,GO:1903593;GO:1903595,positive regulation of histamine secretion by mast cell,1,,,,,,,,,,,
0,0.532117413,6,6,GO:1903596,regulation of gap junction assembly,1,,,,,,,,,,,
0,0.890447045,4,42,GO:1903599,positive regulation of autophagy of mitochondrion,1,,,,,,,,,,,
0,0.86811573,3,16,GO:1903608,protein localization to cytoplasmic stress granule,1,,,,,,,,,,,
0,1,3,6,GO:1903609,negative regulation of inward rectifier potassium channel activity,1,,,,,,,,,,,
0,0.617084583,4,17,GO:1903616,MAPK cascade involved in axon regeneration,1,,,,,,,,,,,
0,0.89867251,6,86,GO:1903649,regulation of cytoplasmic transport,1,,,,,,,,,,,
0,1,2,14,GO:1903650,negative regulation of cytoplasmic transport,1,,,,,,,,,,,
0,0.94678519,6,62,GO:1903651,positive regulation of cytoplasmic transport,1,,,,,,,,,,,
0,1,2,7,GO:1903659,regulation of complement-dependent cytotoxicity,1,,,,,,,,,,,
0,0.34927038,2,64,GO:1903671,negative regulation of sprouting angiogenesis,1,,,,,,,,,,,
0,0.380947209,2,335,GO:1903707,negative regulation of hemopoiesis,1,,,,,,,,,,,
0,0.579303812,2,420,GO:1903708,positive regulation of hemopoiesis,1,,,,,,,,,,,
0,0.617084583,2,17,GO:1903715,regulation of aerobic respiration,1,,,,,,,,,,,
0,1,6,8,GO:1903719;GO:1903721,positive regulation of I-kappaB phosphorylation,1,,,,,,,,,,,
0,1,2,8,GO:1903722,regulation of centriole elongation,1,,,,,,,,,,,
0,0.499648186,2,123,GO:1903727,positive regulation of phospholipid metabolic process,1,,,,,,,,,,,
0,0.429048636,5,36,GO:1903729,regulation of plasma membrane organization,1,,,,,,,,,,,
0,1,2,9,GO:1903742,regulation of anterograde synaptic vesicle transport,1,,,,,,,,,,,
0,1,2,5,GO:1903744,positive regulation of anterograde synaptic vesicle transport,1,,,,,,,,,,,
0,0.751576986,2,11,GO:1903745,negative regulation of pharyngeal pumping,1,,,,,,,,,,,
0,1,2,8,GO:1903760;GO:1905024;GO:1905031,regulation of membrane repolarization during cardiac muscle cell action potential,1,,,,,,,,,,,
0,1,8,6,GO:1903764,regulation of potassium ion export across plasma membrane,1,,,,,,,,,,,
0,1,5,13,GO:1903772,regulation of viral budding via host ESCRT complex,1,,,,,,,,,,,
0,1,3,9,GO:1903774,positive regulation of viral budding via host ESCRT complex,1,,,,,,,,,,,
0,0.499648186,2,123,GO:1903779,regulation of cardiac conduction,1,,,,,,,,,,,
0,1,4,5,GO:1903781;GO:1903949,positive regulation of atrial cardiac muscle cell action potential,1,,,,,,,,,,,
0,0.873189555,3,912,GO:1903792;GO:0043271,negative regulation of ion transport,1,,,,,,,,,,,
0,0.547147755,3,15,GO:1903795,regulation of inorganic anion transmembrane transport,1,,,,,,,,,,,
0,0.77686618,2,23,GO:1903799,negative regulation of production of miRNAs involved in gene silencing by miRNA,1,,,,,,,,,,,
0,0.430554219,2,28,GO:1903800,positive regulation of production of miRNAs involved in gene silencing by miRNA,1,,,,,,,,,,,
0,0.77686618,2,23,GO:1903817,negative regulation of voltage-gated potassium channel activity,1,,,,,,,,,,,
0,0.638287218,4,27,GO:1903818,positive regulation of voltage-gated potassium channel activity,1,,,,,,,,,,,
0,1,5,18,GO:1903830,magnesium ion transmembrane transport,1,,,,,,,,,,,
0,0.482714986,2,105,GO:1903859,regulation of dendrite extension,1,,,,,,,,,,,
0,0.824392573,2,77,GO:1903861,positive regulation of dendrite extension,1,,,,,,,,,,,
0,0.847874426,6,27,GO:1903862,positive regulation of oxidative phosphorylation,1,,,,,,,,,,,
0,0.850308525,4,15,GO:1903863,P granule assembly,1,,,,,,,,,,,
0,1,3,10,GO:1903891,regulation of ATF6-mediated unfolded protein response,1,,,,,,,,,,,
0,0.705923662,3,20,GO:1903894,regulation of IRE1-mediated unfolded protein response,1,,,,,,,,,,,
0,1,2,9,GO:1903895,negative regulation of IRE1-mediated unfolded protein response,1,,,,,,,,,,,
0,0.81540649,3,25,GO:1903897,regulation of PERK-mediated unfolded protein response,1,,,,,,,,,,,
0,0.382687015,2,11,GO:1903898;GO:1903912,negative regulation of PERK-mediated unfolded protein response,1,,,,,,,,,,,
0,1,5,13,GO:1903899,positive regulation of PERK-mediated unfolded protein response,1,,,,,,,,,,,
0,0.519091074,5,285,GO:1903900,regulation of viral life cycle,1,,,,,,,,,,,
0,0.559147282,2,119,GO:1903902,positive regulation of viral life cycle,1,,,,,,,,,,,
0,0.468712327,6,13,GO:1903903,regulation of establishment of T cell polarity,1,,,,,,,,,,,
0,0.587758061,3,7,GO:1903905,positive regulation of establishment of T cell polarity,1,,,,,,,,,,,
0,0.532117413,4,6,GO:1903929,primary palate development,1,,,,,,,,,,,
0,1,2,19,GO:1903935,response to sodium arsenite,1,,,,,,,,,,,
0,1,5,9,GO:1903936,cellular response to sodium arsenite,1,,,,,,,,,,,
0,0.636783715,2,8,GO:1903937;GO:0033693,response to acrylamide,1,,,,,,,,,,,
0,0.547147755,7,15,GO:1903939,regulation of TORC2 signaling,1,,,,,,,,,,,
0,1,5,6,GO:1903940,negative regulation of TORC2 signaling,1,,,,,,,,,,,
0,1,8,7,GO:1903943;GO:1903944,regulation of hepatocyte apoptotic process,1,,,,,,,,,,,
0,0.39725779,2,19,GO:1903955,positive regulation of protein targeting to mitochondrion,1,,,,,,,,,,,
0,0.901962848,3,107,GO:1903960,negative regulation of anion transmembrane transport,1,,,,,,,,,,,
0,1,3,5,GO:1903964,monounsaturated fatty acid metabolic process,1,,,,,,,,,,,
0,1,6,5,GO:1903971;GO:1903974,positive regulation of response to macrophage colony-stimulating factor,1,,,,,,,,,,,
0,1,2,14,GO:1903972;GO:1903969,regulation of cellular response to macrophage colony-stimulating factor stimulus,1,,,,,,,,,,,
0,0.858357333,3,39,GO:1903975,regulation of glial cell migration,1,,,,,,,,,,,
0,0.426549964,2,12,GO:1903976,negative regulation of glial cell migration,1,,,,,,,,,,,
0,0.909808028,2,19,GO:1903977,positive regulation of glial cell migration,1,,,,,,,,,,,
0,0.920538784,5,20,GO:1903995;GO:1903997,regulation of non-membrane spanning protein tyrosine kinase activity,1,,,,,,,,,,,
0,0.705923662,6,20,GO:1903999,negative regulation of eating behavior,1,,,,,,,,,,,
0,0.751576986,2,11,GO:1904000,positive regulation of eating behavior,1,,,,,,,,,,,
0,1,2,9,GO:1904008,response to monosodium glutamate,1,,,,,,,,,,,
0,1,2,5,GO:1904009,cellular response to monosodium glutamate,1,,,,,,,,,,,
0,0.663215178,2,28,GO:1904016,response to Thyroglobulin triiodothyronine,1,,,,,,,,,,,
0,0.36331292,4,18,GO:1904017,cellular response to Thyroglobulin triiodothyronine,1,,,,,,,,,,,
0,0.91534671,6,189,GO:1904029;GO:0000079,regulation of cyclin-dependent protein kinase activity,1,,,,,,,,,,,
0,0.579662664,6,86,GO:1904031;GO:0045737,positive regulation of cyclin-dependent protein kinase activity,1,,,,,,,,,,,
0,0.391311431,2,172,GO:1904035,regulation of epithelial cell apoptotic process,1,,,,,,,,,,,
0,0.502989763,8,98,GO:1904036,negative regulation of epithelial cell apoptotic process,1,,,,,,,,,,,
0,0.419868303,2,68,GO:1904037,positive regulation of epithelial cell apoptotic process,1,,,,,,,,,,,
0,0.532117413,2,6,GO:1904048,regulation of spontaneous neurotransmitter secretion,1,,,,,,,,,,,
0,1,2,6,GO:1904057,negative regulation of sensory perception of pain,1,,,,,,,,,,,
0,0.907522111,3,32,GO:1904058,positive regulation of sensory perception of pain,1,,,,,,,,,,,
0,0.955142603,2,39,GO:1904059,regulation of locomotor rhythm,1,,,,,,,,,,,
0,0.477487232,2,364,GO:1904064,positive regulation of cation transmembrane transport,1,,,,,,,,,,,
0,0.938322978,4,22,GO:1904081,positive regulation of transcription from RNA polymerase II promoter involved in neuron differentiation,1,,,,,,,,,,,
0,0.468969527,2,5,GO:1904092,regulation of autophagic cell death,1,,,,,,,,,,,
0,0.718041534,2,10,GO:1904106,protein localization to microvillus,1,,,,,,,,,,,
0,0.587758061,2,7,GO:1904107,protein localization to microvillus membrane,1,,,,,,,,,,,
0,1,3,5,GO:1904109;GO:2000911,positive regulation of cholesterol import,1,,,,,,,,,,,
0,1,6,6,GO:1904139,regulation of microglial cell migration,1,,,,,,,,,,,
0,0.587758061,3,7,GO:1904145,negative regulation of meiotic cell cycle process involved in oocyte maturation,1,,,,,,,,,,,
0,1,2,9,GO:1904146,positive regulation of meiotic cell cycle process involved in oocyte maturation,1,,,,,,,,,,,
0,0.587758061,8,7,GO:1904192;GO:1904193,regulation of cholangiocyte apoptotic process,1,,,,,,,,,,,
0,0.587758061,2,7,GO:1904217;GO:1904219;GO:1904220;GO:1904222,regulation of serine C-palmitoyltransferase activity,1,,,,,,,,,,,
0,0.329069441,3,17,GO:1904238,pericyte cell differentiation,1,,,,,,,,,,,
0,0.64880604,5,18,GO:1904251;GO:0070857,regulation of bile acid metabolic process,1,,,,,,,,,,,
0,0.346898946,2,56,GO:1904262,negative regulation of TORC1 signaling,1,,,,,,,,,,,
0,1,2,8,GO:1904289;GO:1904290,regulation of mitotic DNA damage checkpoint,1,,,,,,,,,,,
0,0.98623833,3,50,GO:1904292,regulation of ERAD pathway,1,,,,,,,,,,,
0,0.796945718,4,24,GO:1904293,negative regulation of ERAD pathway,1,,,,,,,,,,,
0,1,2,23,GO:1904294,positive regulation of ERAD pathway,1,,,,,,,,,,,
0,0.929993176,2,21,GO:1904304,regulation of gastro-intestinal system smooth muscle contraction,1,,,,,,,,,,,
0,0.636783715,5,8,GO:1904305;GO:1904348,negative regulation of gastro-intestinal system smooth muscle contraction,1,,,,,,,,,,,
0,1,5,13,GO:1904306,positive regulation of gastro-intestinal system smooth muscle contraction,1,,,,,,,,,,,
0,0.636783715,4,8,GO:1904313,response to methamphetamine hydrochloride,1,,,,,,,,,,,
0,0.81830493,3,36,GO:1904338,regulation of dopaminergic neuron differentiation,1,,,,,,,,,,,
0,0.718041534,2,10,GO:1904339,negative regulation of dopaminergic neuron differentiation,1,,,,,,,,,,,
0,0.883805177,4,17,GO:1904340,positive regulation of dopaminergic neuron differentiation,1,,,,,,,,,,,
0,0.830097807,5,14,GO:1904347,regulation of small intestine smooth muscle contraction,1,,,,,,,,,,,
0,1,2,6,GO:1904349,positive regulation of small intestine smooth muscle contraction,1,,,,,,,,,,,
0,0.3458504,2,25,GO:1904350;GO:1905165,regulation of protein catabolic process in the vacuole,1,,,,,,,,,,,
0,1,5,5,GO:1904351;GO:1905166,negative regulation of lysosomal protein catabolic process,1,,,,,,,,,,,
0,0.329069441,3,17,GO:1904352;GO:1905167,positive regulation of protein catabolic process in the vacuole,1,,,,,,,,,,,
0,0.508958394,4,14,GO:1904354,negative regulation of telomere capping,1,,,,,,,,,,,
0,0.338191873,6,40,GO:1904357,negative regulation of telomere maintenance via telomere lengthening,1,,,,,,,,,,,
0,0.751576986,5,11,GO:1904373,response to kainic acid,1,,,,,,,,,,,
0,1,5,5,GO:1904378,maintenance of unfolded protein involved in ERAD pathway,1,,,,,,,,,,,
0,0.730384553,2,31,GO:1904380,endoplasmic reticulum mannose trimming,1,,,,,,,,,,,
0,0.434148189,6,77,GO:1904385;GO:1990776,response to angiotensin,1,,,,,,,,,,,
0,0.468969527,2,5,GO:1904395,positive regulation of skeletal muscle acetylcholine-gated channel clustering,1,,,,,,,,,,,
0,0.337432237,3,10,GO:1904400;GO:1904401,response to Thyroid stimulating hormone,1,,,,,,,,,,,
0,1,2,6,GO:1904412,regulation of cardiac ventricle development,1,,,,,,,,,,,
0,0.850308525,4,15,GO:1904415;GO:1904417,regulation of xenophagy,1,,,,,,,,,,,
0,0.31619155,2,39,GO:1904424,regulation of GTP binding,1,,,,,,,,,,,
0,0.468969527,4,5,GO:1904425,negative regulation of GTP binding,1,,,,,,,,,,,
0,0.636783715,2,8,GO:1904426,positive regulation of GTP binding,1,,,,,,,,,,,
0,0.699315898,2,184,GO:1904427,positive regulation of calcium ion transmembrane transport,1,,,,,,,,,,,
0,1,2,7,GO:1904429,regulation of t-circle formation,1,,,,,,,,,,,
0,1,2,17,GO:1904456,negative regulation of neuronal action potential,1,,,,,,,,,,,
0,0.636783715,2,8,GO:1904464,regulation of matrix metallopeptidase secretion,1,,,,,,,,,,,
0,0.718041534,3,10,GO:1904475;GO:2001106,regulation of Rho guanyl-nucleotide exchange factor activity,1,,,,,,,,,,,
0,0.830097807,3,14,GO:1904478,regulation of intestinal absorption,1,,,,,,,,,,,
0,1,2,5,GO:1904479,negative regulation of intestinal absorption,1,,,,,,,,,,,
0,0.751576986,7,11,GO:1904491,protein localization to ciliary transition zone,1,,,,,,,,,,,
0,1,4,18,GO:1904502;GO:1904504,regulation of lipophagy,1,,,,,,,,,,,
0,0.781124897,7,12,GO:1904508,regulation of protein localization to basolateral plasma membrane,1,,,,,,,,,,,
0,0.636783715,5,8,GO:1904527,negative regulation of microtubule binding,1,,,,,,,,,,,
0,1,3,11,GO:1904576,response to tunicamycin,1,,,,,,,,,,,
0,1,2,5,GO:1904577,cellular response to tunicamycin,1,,,,,,,,,,,
0,0.718041534,2,10,GO:1904578;GO:1904579,response to thapsigargin,1,,,,,,,,,,,
0,0.64880604,3,18,GO:1904582;GO:0045856;GO:1902877,positive regulation of intracellular mRNA localization,1,,,,,,,,,,,
0,0.847874426,2,27,GO:1904587,response to glycoprotein,1,,,,,,,,,,,
0,0.508958394,3,14,GO:1904588,cellular response to glycoprotein,1,,,,,,,,,,,
0,1,4,5,GO:1904621,regulation of actin-dependent ATPase activity,1,,,,,,,,,,,
0,0.337432237,2,10,GO:1904627;GO:1904628,response to phorbol 13-acetate 12-myristate,1,,,,,,,,,,,
0,0.468712327,2,13,GO:1904647,response to rotenone,1,,,,,,,,,,,
0,0.584646839,6,25,GO:1904668,positive regulation of ubiquitin protein ligase activity,1,,,,,,,,,,,
0,0.850308525,2,15,GO:1904672,regulation of somatic stem cell population maintenance,1,,,,,,,,,,,
0,0.636783715,2,8,GO:1904685,positive regulation of metalloendopeptidase activity,1,,,,,,,,,,,
0,0.636783715,3,8,GO:1904688,regulation of cytoplasmic translational initiation,1,,,,,,,,,,,
0,1,2,6,GO:1904690;GO:1903677;GO:1903679,positive regulation of cytoplasmic translational initiation,1,,,,,,,,,,,
0,1,4,7,GO:1904692,positive regulation of type B pancreatic cell proliferation,1,,,,,,,,,,,
0,0.569621016,7,42,GO:1904706,negative regulation of vascular associated smooth muscle cell proliferation,1,,,,,,,,,,,
0,1,3,11,GO:1904714,regulation of chaperone-mediated autophagy,1,,,,,,,,,,,
0,1,3,8,GO:1904719,positive regulation of AMPA glutamate receptor clustering,1,,,,,,,,,,,
0,0.636783715,2,8,GO:1904729,regulation of intestinal lipid absorption,1,,,,,,,,,,,
0,0.468969527,2,5,GO:1904732,regulation of electron transfer activity,1,,,,,,,,,,,
0,1,2,5,GO:1904742,regulation of telomeric DNA binding,1,,,,,,,,,,,
0,1,2,33,GO:1904746,negative regulation of apoptotic process involved in development,1,,,,,,,,,,,
0,0.595067555,2,52,GO:1904747,positive regulation of apoptotic process involved in development,1,,,,,,,,,,,
0,0.975710184,2,95,GO:1904748,regulation of apoptotic process involved in development,1,,,,,,,,,,,
0,0.751576986,7,11,GO:1904749;GO:1904751,regulation of protein localization to nucleolus,1,,,,,,,,,,,
0,0.883805177,2,17,GO:1904753,negative regulation of vascular associated smooth muscle cell migration,1,,,,,,,,,,,
0,1,3,8,GO:1904766,negative regulation of macroautophagy by TORC1 signaling,1,,,,,,,,,,,
0,0.453435446,2,37,GO:1904776,regulation of protein localization to cell cortex,1,,,,,,,,,,,
0,0.850308525,2,15,GO:1904778,positive regulation of protein localization to cell cortex,1,,,,,,,,,,,
0,0.430554219,2,28,GO:1904779,regulation of protein localization to centrosome,1,,,,,,,,,,,
0,0.718041534,3,10,GO:1904780,negative regulation of protein localization to centrosome,1,,,,,,,,,,,
0,1,4,7,GO:1904783,positive regulation of NMDA glutamate receptor activity,1,,,,,,,,,,,
0,1,4,13,GO:1904796;GO:1904798,regulation of core promoter binding,1,,,,,,,,,,,
0,0.363651766,2,49,GO:1904799,regulation of neuron remodeling,1,,,,,,,,,,,
0,0.709253111,2,30,GO:1904801,positive regulation of neuron remodeling,1,,,,,,,,,,,
0,1,7,8,GO:1904806,regulation of protein oxidation,1,,,,,,,,,,,
0,1,2,26,GO:1904809;GO:1904811,regulation of dense core granule transport,1,,,,,,,,,,,
0,1,2,10,GO:1904810,negative regulation of dense core granule transport,1,,,,,,,,,,,
0,1,5,9,GO:1904823,purine nucleobase transmembrane transport,1,,,,,,,,,,,
0,1,2,8,GO:1904862,inhibitory synapse assembly,1,,,,,,,,,,,
0,0.830097807,2,14,GO:1904872,regulation of telomerase RNA localization to Cajal body,1,,,,,,,,,,,
0,1,2,22,GO:1904896,ESCRT complex disassembly,1,,,,,,,,,,,
0,1,2,11,GO:1904903,ESCRT III complex disassembly,1,,,,,,,,,,,
0,0.532117413,7,6,GO:1904920;GO:1904922,regulation of MAPK cascade involved in axon regeneration,1,,,,,,,,,,,
0,0.768991806,2,33,GO:1904948;GO:1904953,midbrain dopaminergic neuron differentiation,1,,,,,,,,,,,
0,1,8,7,GO:1904954,canonical Wnt signaling pathway involved in midbrain dopaminergic neuron differentiation,1,,,,,,,,,,,
0,0.86811573,2,16,GO:1904956;GO:1904958,regulation of midbrain dopaminergic neuron differentiation,1,,,,,,,,,,,
0,0.379717871,7,34,GO:1904994;GO:1904996,regulation of leukocyte adhesion to vascular endothelial cell,1,,,,,,,,,,,
0,1,2,6,GO:1904997,regulation of leukocyte adhesion to arterial endothelial cell,1,,,,,,,,,,,
0,0.999996,2,376,GO:1905039;GO:1903825,organic acid transmembrane transport,1,,,,,,,,,,,
0,0.686868582,7,29,GO:1905063,regulation of vascular associated smooth muscle cell differentiation,1,,,,,,,,,,,
0,0.36331292,2,18,GO:1905064,negative regulation of vascular associated smooth muscle cell differentiation,1,,,,,,,,,,,
0,1,2,11,GO:1905065,positive regulation of vascular associated smooth muscle cell differentiation,1,,,,,,,,,,,
0,1,2,5,GO:1905069,allantois development,1,,,,,,,,,,,
0,0.547147755,3,15,GO:1905073;GO:1905075,regulation of tight junction disassembly,1,,,,,,,,,,,
0,1,5,7,GO:1905089,regulation of parkin-mediated stimulation of mitophagy in response to mitochondrial depolarization,1,,,,,,,,,,,
0,1,3,13,GO:1905098,negative regulation of guanyl-nucleotide exchange factor activity,1,,,,,,,,,,,
0,0.587758061,6,7,GO:1905126,regulation of axo-dendritic protein transport,1,,,,,,,,,,,
0,0.337432237,5,10,GO:1905150,regulation of voltage-gated sodium channel activity,1,,,,,,,,,,,
0,1,2,8,GO:1905168,positive regulation of double-strand break repair via homologous recombination,1,,,,,,,,,,,
0,1,2,6,GO:1905169;GO:1905171,regulation of protein localization to phagocytic vesicle,1,,,,,,,,,,,
0,0.532117413,2,6,GO:1905174,regulation of vascular associated smooth muscle cell dedifferentiation,1,,,,,,,,,,,
0,1,4,12,GO:1905206;GO:2001040,positive regulation of cellular response to drug,1,,,,,,,,,,,
0,0.382090216,2,163,GO:1905207,regulation of cardiocyte differentiation,1,,,,,,,,,,,
0,0.483922471,5,80,GO:1905208,negative regulation of cardiocyte differentiation,1,,,,,,,,,,,
0,0.400732874,3,75,GO:1905209,positive regulation of cardiocyte differentiation,1,,,,,,,,,,,
0,0.468969527,5,5,GO:1905217,response to astaxanthin,1,,,,,,,,,,,
0,1,5,6,GO:1905225,response to thyrotropin-releasing hormone,1,,,,,,,,,,,
0,0.508958394,4,14,GO:1905232,cellular response to L-glutamate,1,,,,,,,,,,,
0,0.39725779,2,19,GO:1905244,regulation of modification of synaptic structure,1,,,,,,,,,,,
0,0.671587084,2,47,GO:1905276,regulation of epithelial tube formation,1,,,,,,,,,,,
0,1,5,6,GO:1905277,negative regulation of epithelial tube formation,1,,,,,,,,,,,
0,0.426549964,3,12,GO:1905289,regulation of CAMKK-AMPK signaling cascade,1,,,,,,,,,,,
0,0.587758061,6,7,GO:1905292;GO:1905294;GO:1905310;GO:1905312,regulation of cardiac neural crest cell migration involved in outflow tract morphogenesis,1,,,,,,,,,,,
0,1,2,10,GO:1905323,telomerase holoenzyme complex assembly,1,,,,,,,,,,,
0,0.998787928,5,53,GO:1905331,negative regulation of morphogenesis of an epithelium,1,,,,,,,,,,,
0,0.455166368,2,70,GO:1905332,positive regulation of morphogenesis of an epithelium,1,,,,,,,,,,,
0,1,3,6,GO:1905333,regulation of gastric motility,1,,,,,,,,,,,
0,0.679980604,2,9,GO:1905340,regulation of protein localization to kinetochore,1,,,,,,,,,,,
0,0.532117413,6,6,GO:1905342,positive regulation of protein localization to kinetochore,1,,,,,,,,,,,
0,1,3,5,GO:1905371,ceramide phosphoethanolamine metabolic process,1,,,,,,,,,,,
0,0.751576986,2,11,GO:1905383;GO:0099641,protein localization to presynapse,1,,,,,,,,,,,
0,1,4,10,GO:1905395;GO:1990910,response to flavonoid,1,,,,,,,,,,,
0,0.468969527,3,5,GO:1905407;GO:1905408,regulation of creatine transmembrane transporter activity,1,,,,,,,,,,,
0,0.636783715,6,8,GO:1905424;GO:1905426,regulation of Wnt-mediated midbrain dopaminergic neuron differentiation,1,,,,,,,,,,,
0,1,3,6,GO:1905443;GO:1905445,positive regulation of clathrin coat assembly,1,,,,,,,,,,,
0,0.679980604,2,9,GO:1905446;GO:1905448,regulation of mitochondrial ATP synthesis coupled electron transport,1,,,,,,,,,,,
0,0.468969527,7,5,GO:1905458,positive regulation of lymphoid progenitor cell differentiation,1,,,,,,,,,,,
0,0.382687015,2,11,GO:1905461,positive regulation of vascular associated smooth muscle cell apoptotic process,1,,,,,,,,,,,
0,0.929993176,4,21,GO:1905483;GO:1905485,regulation of motor neuron migration,1,,,,,,,,,,,
0,1,2,7,GO:1905484,negative regulation of motor neuron migration,1,,,,,,,,,,,
0,1,6,7,GO:1905486;GO:1905488;GO:1905491,regulation of anterior/posterior axon guidance,1,,,,,,,,,,,
0,1,2,13,GO:1905503,regulation of motile cilium assembly,1,,,,,,,,,,,
0,0.472695002,2,71,GO:1905515,non-motile cilium assembly,1,,,,,,,,,,,
0,0.907522111,3,32,GO:1905517;GO:0048246,macrophage migration,1,,,,,,,,,,,
0,0.86811573,5,16,GO:1905518,regulation of presynaptic active zone assembly,1,,,,,,,,,,,
0,1,3,11,GO:1905519,negative regulation of presynaptic active zone assembly,1,,,,,,,,,,,
0,0.468969527,2,5,GO:1905520,positive regulation of presynaptic active zone assembly,1,,,,,,,,,,,
0,0.382687015,3,11,GO:1905522,negative regulation of macrophage migration,1,,,,,,,,,,,
0,0.426549964,2,12,GO:1905563,negative regulation of vascular endothelial cell proliferation,1,,,,,,,,,,,
0,1,3,5,GO:1905600;GO:1905602,regulation of receptor-mediated endocytosis involved in cholesterol transport,1,,,,,,,,,,,
0,0.58770963,2,34,GO:1905606,regulation of presynapse assembly,1,,,,,,,,,,,
0,0.850308525,2,15,GO:1905607,negative regulation of presynapse assembly,1,,,,,,,,,,,
0,0.587758061,4,7,GO:1905608,positive regulation of presynapse assembly,1,,,,,,,,,,,
0,0.468712327,5,13,GO:1905651,regulation of artery morphogenesis,1,,,,,,,,,,,
0,0.426549964,2,12,GO:1905664;GO:1905665,regulation of calcium ion import across plasma membrane,1,,,,,,,,,,,
0,1,2,8,GO:1905787,regulation of detection of mechanical stimulus involved in sensory perception of touch,1,,,,,,,,,,,
0,0.430686562,3,20,GO:1905812;GO:1905815,regulation of dorsal/ventral axon guidance,1,,,,,,,,,,,
0,0.751576986,4,11,GO:1905832,positive regulation of spindle assembly,1,,,,,,,,,,,
0,1,2,8,GO:1905833,negative regulation of microtubule nucleation,1,,,,,,,,,,,
0,1,5,19,GO:1905852,positive regulation of backward locomotion,1,,,,,,,,,,,
0,1,2,16,GO:1905868,regulation of 3'-UTR-mediated mRNA stabilization,1,,,,,,,,,,,
0,1,3,10,GO:1905870,positive regulation of 3'-UTR-mediated mRNA stabilization,1,,,,,,,,,,,
0,0.814660987,2,105,GO:1905881,positive regulation of oogenesis,1,,,,,,,,,,,
0,0.792943238,2,177,GO:1905897,regulation of response to endoplasmic reticulum stress,1,,,,,,,,,,,
0,0.681187909,3,75,GO:1905898,positive regulation of response to endoplasmic reticulum stress,1,,,,,,,,,,,
0,0.967265464,2,27,GO:1905909,regulation of dauer entry,1,,,,,,,,,,,
0,0.850308525,2,15,GO:1905910,negative regulation of dauer entry,1,,,,,,,,,,,
0,0.532117413,3,6,GO:1905912,regulation of calcium ion export across plasma membrane,1,,,,,,,,,,,
0,0.587758061,4,7,GO:1905933,regulation of cell fate determination,1,,,,,,,,,,,
0,0.679980604,2,9,GO:1905938,positive regulation of germ cell proliferation,1,,,,,,,,,,,
0,0.403409831,4,59,GO:1905939,regulation of gonad development,1,,,,,,,,,,,
0,0.705923662,5,20,GO:1905940;GO:2000195,negative regulation of gonad development,1,,,,,,,,,,,
0,0.404818045,2,43,GO:1905941,positive regulation of gonad development,1,,,,,,,,,,,
0,0.989255135,2,529,GO:1905952,regulation of lipid localization,1,,,,,,,,,,,
0,0.999289438,4,175,GO:1905953,negative regulation of lipid localization,1,,,,,,,,,,,
0,0.942442882,2,304,GO:1905954,positive regulation of lipid localization,1,,,,,,,,,,,
0,1,2,10,GO:1990009,retinal cell apoptotic process,1,,,,,,,,,,,
0,0.508958394,2,14,GO:1990048,anterograde neuronal dense core vesicle transport,1,,,,,,,,,,,
0,0.547147755,4,15,GO:1990049,retrograde neuronal dense core vesicle transport,1,,,,,,,,,,,
0,0.781124897,3,12,GO:1990086,lens fiber cell apoptotic process,1,,,,,,,,,,,
0,0.850308525,2,15,GO:1990170,stress response to cadmium ion,1,,,,,,,,,,,
0,1,2,5,GO:1990180,mitochondrial tRNA 3'-end processing,1,,,,,,,,,,,
0,0.583200448,2,16,GO:1990255,subsynaptic reticulum organization,1,,,,,,,,,,,
0,1,3,5,GO:1990267;GO:1990268,response to transition metal nanoparticle,1,,,,,,,,,,,
0,0.971161259,5,28,GO:1990314,cellular response to insulin-like growth factor stimulus,1,,,,,,,,,,,
0,1,2,6,GO:1990359,stress response to zinc ion,1,,,,,,,,,,,
0,0.781124897,5,12,GO:1990402,embryonic liver development,1,,,,,,,,,,,
0,0.847874426,2,27,GO:1990403,embryonic brain development,1,,,,,,,,,,,
0,0.636783715,4,8,GO:1990408,calcitonin gene-related peptide receptor signaling pathway,1,,,,,,,,,,,
0,0.679980604,4,9,GO:1990410,adrenomedullin receptor signaling pathway,1,,,,,,,,,,,
0,1,2,7,GO:1990414,replication-born double-strand break repair via sister chromatid exchange,1,,,,,,,,,,,
0,0.952127845,5,24,GO:1990440,positive regulation of transcription from RNA polymerase II promoter in response to endoplasmic reticulum stress,1,,,,,,,,,,,
0,0.532117413,3,6,GO:1990478,response to ultrasound,1,,,,,,,,,,,
0,0.781124897,3,12,GO:1990502,dense core granule maturation,1,,,,,,,,,,,
0,0.663215178,2,28,GO:1990504,dense core granule exocytosis,1,,,,,,,,,,,
0,1,4,10,GO:1990511,piRNA biosynthetic process,1,,,,,,,,,,,
0,0.636783715,3,8,GO:1990523,bone regeneration,1,,,,,,,,,,,
0,0.753417356,2,154,GO:1990542,mitochondrial transmembrane transport,1,,,,,,,,,,,
0,0.897628656,2,18,GO:1990573,potassium ion import across plasma membrane,1,,,,,,,,,,,
0,0.532117413,3,6,GO:1990636,reproductive senescence,1,,,,,,,,,,,
0,0.751576986,5,11,GO:1990637;GO:1990646,response to prolactin,1,,,,,,,,,,,
0,1,5,11,GO:1990668,vesicle fusion with endoplasmic reticulum-Golgi intermediate compartment (ERGIC) membrane,1,,,,,,,,,,,
0,1,3,8,GO:1990785,response to water-immersion restraint stress,1,,,,,,,,,,,
0,1,2,5,GO:1990798,pancreas regeneration,1,,,,,,,,,,,
0,0.337432237,2,10,GO:1990809,endoplasmic reticulum tubular network membrane organization,1,,,,,,,,,,,
0,0.589658001,4,259,GO:1990823,response to leukemia inhibitory factor,1,,,,,,,,,,,
0,0.31619663,3,173,GO:1990830,cellular response to leukemia inhibitory factor,1,,,,,,,,,,,
0,0.798788757,3,45,GO:1990834,response to odorant,1,,,,,,,,,,,
0,1,5,12,GO:1990839,response to endothelin,1,,,,,,,,,,,
0,0.950179256,2,38,GO:1990845,adaptive thermogenesis,1,,,,,,,,,,,
0,1,2,8,GO:1990859,cellular response to endothelin,1,,,,,,,,,,,
0,0.938322978,4,22,GO:1990868;GO:1990869,response to chemokine,1,,,,,,,,,,,
0,1,3,5,GO:1990893,mitotic chromosome centromere condensation,1,,,,,,,,,,,
0,0.532117413,2,6,GO:1990926,short-term synaptic potentiation,1,,,,,,,,,,,
0,1,2,7,GO:1990927,calcium ion regulated lysosome exocytosis,1,,,,,,,,,,,
0,0.95963043,4,40,GO:2000001,regulation of DNA damage checkpoint,1,,,,,,,,,,,
0,0.838201699,2,48,GO:2000010,positive regulation of protein localization to cell surface,1,,,,,,,,,,,
0,0.426549964,4,12,GO:2000015,regulation of determination of dorsal identity,1,,,,,,,,,,,
0,1,2,5,GO:2000016,negative regulation of determination of dorsal identity,1,,,,,,,,,,,
0,0.430915378,4,85,GO:2000036,regulation of stem cell population maintenance,1,,,,,,,,,,,
0,0.337432237,5,10,GO:2000040,regulation of planar cell polarity pathway involved in axis elongation,1,,,,,,,,,,,
0,1,2,6,GO:2000041,negative regulation of planar cell polarity pathway involved in axis elongation,1,,,,,,,,,,,
0,0.755067327,2,22,GO:2000042,negative regulation of double-strand break repair via homologous recombination,1,,,,,,,,,,,
0,0.945661923,3,23,GO:2000043;GO:0042686,regulation of cardiac cell fate specification,1,,,,,,,,,,,
0,0.508958394,2,14,GO:2000048,negative regulation of cell-cell adhesion mediated by cadherin,1,,,,,,,,,,,
0,1,2,14,GO:2000049,positive regulation of cell-cell adhesion mediated by cadherin,1,,,,,,,,,,,
0,0.507355332,2,73,GO:2000050,regulation of non-canonical Wnt signaling pathway,1,,,,,,,,,,,
0,1,4,12,GO:2000051,negative regulation of non-canonical Wnt signaling pathway,1,,,,,,,,,,,
0,0.656049044,7,37,GO:2000052,positive regulation of non-canonical Wnt signaling pathway,1,,,,,,,,,,,
0,0.909808028,2,19,GO:2000053,regulation of Wnt signaling pathway involved in dorsal/ventral axis specification,1,,,,,,,,,,,
0,1,3,10,GO:2000054,negative regulation of Wnt signaling pathway involved in dorsal/ventral axis specification,1,,,,,,,,,,,
0,1,4,6,GO:2000055,positive regulation of Wnt signaling pathway involved in dorsal/ventral axis specification,1,,,,,,,,,,,
0,0.718041534,4,10,GO:2000056;GO:2000057,negative regulation of Wnt signaling pathway involved in digestive tract morphogenesis,1,,,,,,,,,,,
0,0.835051522,9,136,GO:2000059,negative regulation of ubiquitin-dependent protein catabolic process,1,,,,,,,,,,,
0,0.426549964,2,12,GO:2000064,regulation of cortisol biosynthetic process,1,,,,,,,,,,,
0,0.862078984,3,28,GO:2000074,regulation of type B pancreatic cell development,1,,,,,,,,,,,
0,0.718041534,2,10,GO:2000077,negative regulation of type B pancreatic cell development,1,,,,,,,,,,,
0,1,2,7,GO:2000078,positive regulation of type B pancreatic cell development,1,,,,,,,,,,,
0,0.679980604,7,9,GO:2000097,regulation of smooth muscle cell-matrix adhesion,1,,,,,,,,,,,
0,0.575409053,3,51,GO:2000108,positive regulation of leukocyte apoptotic process,1,,,,,,,,,,,
0,0.547147755,2,15,GO:2000109,regulation of macrophage apoptotic process,1,,,,,,,,,,,
0,1,3,9,GO:2000110,negative regulation of macrophage apoptotic process,1,,,,,,,,,,,
0,1,2,8,GO:2000118,regulation of sodium-dependent phosphate transport,1,,,,,,,,,,,
0,1,3,5,GO:2000120,positive regulation of sodium-dependent phosphate transport,1,,,,,,,,,,,
0,0.64880604,3,18,GO:2000121,regulation of removal of superoxide radicals,1,,,,,,,,,,,
0,0.532117413,6,6,GO:2000137,negative regulation of cell proliferation involved in heart morphogenesis,1,,,,,,,,,,,
0,1,2,6,GO:2000158,positive regulation of ubiquitin-specific protease activity,1,,,,,,,,,,,
0,0.773564677,3,82,GO:2000171,negative regulation of dendrite development,1,,,,,,,,,,,
0,0.587758061,3,7,GO:2000182,regulation of progesterone biosynthetic process,1,,,,,,,,,,,
0,0.985746079,6,202,GO:2000191;GO:0032890,regulation of organic acid transport,1,,,,,,,,,,,
0,0.984650319,2,49,GO:2000192,negative regulation of fatty acid transport,1,,,,,,,,,,,
0,0.63692711,2,81,GO:2000193,positive regulation of fatty acid transport,1,,,,,,,,,,,
0,0.95963043,2,40,GO:2000194,regulation of female gonad development,1,,,,,,,,,,,
0,1,3,17,GO:2000196,positive regulation of female gonad development,1,,,,,,,,,,,
0,0.897628656,3,18,GO:2000197;GO:0010793,regulation of ribonucleoprotein complex localization,1,,,,,,,,,,,
0,0.92585354,7,58,GO:2000209,regulation of anoikis,1,,,,,,,,,,,
0,1,3,14,GO:2000210,positive regulation of anoikis,1,,,,,,,,,,,
0,0.587758061,2,7,GO:2000211,regulation of glutamate metabolic process,1,,,,,,,,,,,
0,1,4,5,GO:2000224,regulation of testosterone biosynthetic process,1,,,,,,,,,,,
0,0.532117413,3,6,GO:2000226,regulation of pancreatic A cell differentiation,1,,,,,,,,,,,
0,0.897628656,4,18,GO:2000232,regulation of rRNA processing,1,,,,,,,,,,,
0,1,2,8,GO:2000234,positive regulation of rRNA processing,1,,,,,,,,,,,
0,0.71816389,2,918,GO:2000241,regulation of reproductive process,1,,,,,,,,,,,
0,0.920236223,4,229,GO:2000242,negative regulation of reproductive process,1,,,,,,,,,,,
0,0.624692337,2,418,GO:2000243,positive regulation of reproductive process,1,,,,,,,,,,,
0,0.931689764,6,59,GO:2000249,regulation of actin cytoskeleton reorganization,1,,,,,,,,,,,
0,0.786535242,4,34,GO:2000251,positive regulation of actin cytoskeleton reorganization,1,,,,,,,,,,,
0,0.784033212,2,44,GO:2000252,negative regulation of feeding behavior,1,,,,,,,,,,,
0,0.707573689,5,49,GO:2000253,positive regulation of feeding behavior,1,,,,,,,,,,,
0,0.534729879,4,49,GO:2000257,regulation of protein activation cascade,1,,,,,,,,,,,
0,0.537993292,2,32,GO:2000269,regulation of fibroblast apoptotic process,1,,,,,,,,,,,
0,0.508958394,8,14,GO:2000270,negative regulation of fibroblast apoptotic process,1,,,,,,,,,,,
0,0.679980604,2,9,GO:2000271,positive regulation of fibroblast apoptotic process,1,,,,,,,,,,,
0,0.811950744,2,66,GO:2000272,negative regulation of signaling receptor activity,1,,,,,,,,,,,
0,0.351685709,3,217,GO:2000278,regulation of DNA biosynthetic process,1,,,,,,,,,,,
0,0.650586886,3,64,GO:2000279,negative regulation of DNA biosynthetic process,1,,,,,,,,,,,
0,1,7,8,GO:2000286,receptor internalization involved in canonical Wnt signaling pathway,1,,,,,,,,,,,
0,1,4,6,GO:2000290,regulation of myotome development,1,,,,,,,,,,,
0,0.847874426,4,27,GO:2000292,regulation of defecation,1,,,,,,,,,,,
0,0.532117413,2,6,GO:2000294,positive regulation of defecation,1,,,,,,,,,,,
0,0.532117413,2,6,GO:2000297,negative regulation of synapse maturation,1,,,,,,,,,,,
0,0.384518396,3,58,GO:2000310,regulation of NMDA receptor activity,1,,,,,,,,,,,
0,0.987045101,3,78,GO:2000311,regulation of AMPA receptor activity,1,,,,,,,,,,,
0,0.468969527,3,5,GO:2000313,regulation of fibroblast growth factor receptor signaling pathway involved in neural plate anterior/posterior pattern formation,1,,,,,,,,,,,
0,0.463414403,3,21,GO:2000317;GO:2000320,negative regulation of T-helper 17 type immune response,1,,,,,,,,,,,
0,0.468969527,3,5,GO:2000321,positive regulation of T-helper 17 cell differentiation,1,,,,,,,,,,,
0,0.563240011,3,33,GO:2000322,regulation of glucocorticoid receptor signaling pathway,1,,,,,,,,,,,
0,0.830097807,2,14,GO:2000324,positive regulation of glucocorticoid receptor signaling pathway,1,,,,,,,,,,,
0,0.781124897,-1,12,GO:2000325,obsolete regulation of nuclear receptor coactivator activity,1,,,,,,,,,,,
0,1,-1,8,GO:2000327,obsolete positive regulation of nuclear receptor transcription coactivator activity,1,,,,,,,,,,,
0,1,4,6,GO:2000332;GO:2000334,regulation of blood microparticle formation,1,,,,,,,,,,,
0,0.317496046,3,24,GO:2000341,regulation of chemokine (C-X-C motif) ligand 2 production,1,,,,,,,,,,,
0,1,2,5,GO:2000342,negative regulation of chemokine (C-X-C motif) ligand 2 production,1,,,,,,,,,,,
0,0.337432237,5,10,GO:2000344,positive regulation of acrosome reaction,1,,,,,,,,,,,
0,0.312124541,3,101,GO:2000351,regulation of endothelial cell apoptotic process,1,,,,,,,,,,,
0,0.686868582,2,29,GO:2000353,positive regulation of endothelial cell apoptotic process,1,,,,,,,,,,,
0,0.751576986,4,11,GO:2000354;GO:2000386,regulation of ovarian follicle development,1,,,,,,,,,,,
0,1,3,17,GO:2000359,regulation of binding of sperm to zona pellucida,1,,,,,,,,,,,
0,0.470883049,2,46,GO:2000370,positive regulation of clathrin-dependent endocytosis,1,,,,,,,,,,,
0,0.617084583,3,17,GO:2000371;GO:2000373,regulation of DNA topoisomerase (ATP-hydrolyzing) activity,1,,,,,,,,,,,
0,1,2,5,GO:2000374,regulation of oxygen metabolic process,1,,,,,,,,,,,
0,0.463627024,5,404,GO:2000377,regulation of reactive oxygen species metabolic process,1,,,,,,,,,,,
0,0.88452676,2,124,GO:2000378,negative regulation of reactive oxygen species metabolic process,1,,,,,,,,,,,
0,0.938322978,5,22,GO:2000381,negative regulation of mesoderm development,1,,,,,,,,,,,
0,0.730384553,3,31,GO:2000382,positive regulation of mesoderm development,1,,,,,,,,,,,
0,0.426549964,4,12,GO:2000383;GO:2000384,regulation of ectoderm development,1,,,,,,,,,,,
0,0.751576986,2,11,GO:2000389;GO:2000391,regulation of neutrophil extravasation,1,,,,,,,,,,,
0,0.731450953,3,21,GO:2000392,regulation of lamellipodium morphogenesis,1,,,,,,,,,,,
0,0.427827234,6,93,GO:2000401;GO:2000404,regulation of lymphocyte migration,1,,,,,,,,,,,
0,0.533282709,2,66,GO:2000403,positive regulation of lymphocyte migration,1,,,,,,,,,,,
0,0.751576986,3,11,GO:2000407,regulation of T cell extravasation,1,,,,,,,,,,,
0,1,4,6,GO:2000409;GO:2000451,positive regulation of T cell extravasation,1,,,,,,,,,,,
0,1,5,11,GO:2000416,regulation of eosinophil migration,1,,,,,,,,,,,
0,1,2,8,GO:2000417,negative regulation of eosinophil migration,1,,,,,,,,,,,
0,0.779835237,3,73,GO:2000463,positive regulation of excitatory postsynaptic potential,1,,,,,,,,,,,
0,0.86811573,2,16,GO:2000465,regulation of glycogen (starch) synthase activity,1,,,,,,,,,,,
0,0.751576986,3,11,GO:2000466,negative regulation of glycogen (starch) synthase activity,1,,,,,,,,,,,
0,1,5,9,GO:2000467,positive regulation of glycogen (starch) synthase activity,1,,,,,,,,,,,
0,0.383990822,5,50,GO:2000479,regulation of cAMP-dependent protein kinase activity,1,,,,,,,,,,,
0,0.636783715,8,8,GO:2000480,negative regulation of cAMP-dependent protein kinase activity,1,,,,,,,,,,,
0,0.920538784,5,20,GO:2000489,regulation of hepatic stellate cell activation,1,,,,,,,,,,,
0,1,2,9,GO:2000501;GO:2000503,regulation of natural killer cell chemotaxis,1,,,,,,,,,,,
0,1,3,21,GO:2000508;GO:2000510,regulation of dendritic cell chemotaxis,1,,,,,,,,,,,
0,0.468969527,3,5,GO:2000523,regulation of T cell costimulation,1,,,,,,,,,,,
0,1,3,6,GO:2000535,regulation of entry of bacterium into host cell,1,,,,,,,,,,,
0,0.663215178,3,28,GO:2000542,negative regulation of gastrulation,1,,,,,,,,,,,
0,0.591305617,2,43,GO:2000543,positive regulation of gastrulation,1,,,,,,,,,,,
0,0.731450953,2,21,GO:2000551,regulation of T-helper 2 cell cytokine production,1,,,,,,,,,,,
0,1,6,5,GO:2000553,positive regulation of T-helper 2 cell cytokine production,1,,,,,,,,,,,
0,1,4,9,GO:2000554;GO:2000556,positive regulation of T-helper 1 cell cytokine production,1,,,,,,,,,,,
0,0.363064937,2,137,GO:2000573,positive regulation of DNA biosynthetic process,1,,,,,,,,,,,
0,1,3,8,GO:2000583,regulation of platelet-derived growth factor receptor-alpha signaling pathway,1,,,,,,,,,,,
0,0.430686562,3,20,GO:2000586,regulation of platelet-derived growth factor receptor-beta signaling pathway,1,,,,,,,,,,,
0,1,2,11,GO:2000587,negative regulation of platelet-derived growth factor receptor-beta signaling pathway,1,,,,,,,,,,,
0,0.532117413,2,6,GO:2000609;GO:2000611,regulation of thyroid hormone generation,1,,,,,,,,,,,
0,1,2,7,GO:2000625;GO:2000627,regulation of miRNA catabolic process,1,,,,,,,,,,,
0,0.468969527,2,5,GO:2000629,negative regulation of miRNA metabolic process,1,,,,,,,,,,,
0,0.468712327,2,13,GO:2000630,positive regulation of miRNA metabolic process,1,,,,,,,,,,,
0,1,2,6,GO:2000631,regulation of pre-miRNA processing,1,,,,,,,,,,,
0,1,5,6,GO:2000634;GO:2000635,regulation of primary miRNA processing,1,,,,,,,,,,,
0,0.587758061,2,7,GO:2000638,regulation of SREBP signaling pathway,1,,,,,,,,,,,
0,0.468969527,2,5,GO:2000639,negative regulation of SREBP signaling pathway,1,,,,,,,,,,,
0,0.740699586,2,51,GO:2000641,regulation of early endosome to late endosome transport,1,,,,,,,,,,,
0,0.508958394,2,14,GO:2000643,positive regulation of early endosome to late endosome transport,1,,,,,,,,,,,
0,0.612091,5,26,GO:2000644,regulation of receptor catabolic process,1,,,,,,,,,,,
0,0.718041534,2,10,GO:2000646,positive regulation of receptor catabolic process,1,,,,,,,,,,,
0,0.587758061,5,7,GO:2000653,regulation of genetic imprinting,1,,,,,,,,,,,
0,0.636783715,2,8,GO:2000670,positive regulation of dendritic cell apoptotic process,1,,,,,,,,,,,
0,0.495287212,2,22,GO:2000671,regulation of motor neuron apoptotic process,1,,,,,,,,,,,
0,0.952127845,3,24,GO:2000674,regulation of type B pancreatic cell apoptotic process,1,,,,,,,,,,,
0,0.807159278,2,13,GO:2000675,negative regulation of type B pancreatic cell apoptotic process,1,,,,,,,,,,,
0,1,3,5,GO:2000676,positive regulation of type B pancreatic cell apoptotic process,1,,,,,,,,,,,
0,0.771935675,2,110,GO:2000677,regulation of transcription regulatory region DNA binding,1,,,,,,,,,,,
0,0.770979963,5,53,GO:2000678,negative regulation of transcription regulatory region DNA binding,1,,,,,,,,,,,
0,0.81271783,3,46,GO:2000679,positive regulation of transcription regulatory region DNA binding,1,,,,,,,,,,,
0,0.587758061,4,7,GO:2000683,regulation of cellular response to X-ray,1,,,,,,,,,,,
0,0.869873888,2,40,GO:2000696,regulation of epithelial cell differentiation involved in kidney development,1,,,,,,,,,,,
0,0.807159278,4,13,GO:2000697;GO:0003340,negative regulation of epithelial cell differentiation involved in kidney development,1,,,,,,,,,,,
0,0.678399952,2,19,GO:2000698,positive regulation of epithelial cell differentiation involved in kidney development,1,,,,,,,,,,,
0,0.532117413,5,6,GO:2000705,regulation of dense core granule biogenesis,1,,,,,,,,,,,
0,1,3,8,GO:2000721,positive regulation of transcription from RNA polymerase II promoter involved in smooth muscle cell differentiation,1,,,,,,,,,,,
0,1,2,8,GO:2000722,regulation of cardiac vascular smooth muscle cell differentiation,1,,,,,,,,,,,
0,0.343395764,3,48,GO:2000727,positive regulation of cardiac muscle cell differentiation,1,,,,,,,,,,,
0,0.462565714,3,87,GO:2000737,negative regulation of stem cell differentiation,1,,,,,,,,,,,
0,0.328262663,2,55,GO:2000738,positive regulation of stem cell differentiation,1,,,,,,,,,,,
0,1,3,7,GO:2000742;GO:2000744,regulation of anterior head development,1,,,,,,,,,,,
0,0.95963043,2,40,GO:2000765,regulation of cytoplasmic translation,1,,,,,,,,,,,
0,0.781124897,4,12,GO:2000766,negative regulation of cytoplasmic translation,1,,,,,,,,,,,
0,1,3,9,GO:2000767,positive regulation of cytoplasmic translation,1,,,,,,,,,,,
0,0.92697949,4,91,GO:2000779,regulation of double-strand break repair,1,,,,,,,,,,,
0,0.458219008,2,29,GO:2000781,positive regulation of double-strand break repair,1,,,,,,,,,,,
0,0.417444677,6,76,GO:2000785,regulation of autophagosome assembly,1,,,,,,,,,,,
0,1,3,11,GO:2000786,positive regulation of autophagosome assembly,1,,,,,,,,,,,
0,0.36331292,2,18,GO:2000794,regulation of epithelial cell proliferation involved in lung morphogenesis,1,,,,,,,,,,,
0,0.750287097,3,32,GO:2000807,regulation of synaptic vesicle clustering,1,,,,,,,,,,,
0,0.329069441,2,17,GO:2000809,positive regulation of synaptic vesicle clustering,1,,,,,,,,,,,
0,0.35495458,2,33,GO:2000810,regulation of bicellular tight junction assembly,1,,,,,,,,,,,
0,0.731450953,2,21,GO:2000811,negative regulation of anoikis,1,,,,,,,,,,,
0,0.883805177,6,17,GO:2000812,regulation of barbed-end actin filament capping,1,,,,,,,,,,,
0,1,6,7,GO:2000820,negative regulation of transcription from RNA polymerase II promoter involved in smooth muscle cell differentiation,1,,,,,,,,,,,
0,1,4,9,GO:2000821,regulation of grooming behavior,1,,,,,,,,,,,
0,0.891302697,3,64,GO:2000831,regulation of steroid hormone secretion,1,,,,,,,,,,,
0,0.337432237,4,10,GO:2000832,negative regulation of steroid hormone secretion,1,,,,,,,,,,,
0,0.924579819,5,34,GO:2000833,positive regulation of steroid hormone secretion,1,,,,,,,,,,,
0,0.587758061,4,7,GO:2000843,regulation of testosterone secretion,1,,,,,,,,,,,
0,0.95963043,2,40,GO:2000846,regulation of corticosteroid hormone secretion,1,,,,,,,,,,,
0,0.587758061,5,7,GO:2000847;GO:2000850,negative regulation of corticosteroid hormone secretion,1,,,,,,,,,,,
0,0.945661923,2,23,GO:2000848,positive regulation of corticosteroid hormone secretion,1,,,,,,,,,,,
0,0.847874426,3,27,GO:2000849,regulation of glucocorticoid secretion,1,,,,,,,,,,,
0,0.850308525,2,15,GO:2000851,positive regulation of glucocorticoid secretion,1,,,,,,,,,,,
0,0.617084583,6,17,GO:2000852,regulation of corticosterone secretion,1,,,,,,,,,,,
0,1,4,13,GO:2000855;GO:2000858,regulation of aldosterone secretion,1,,,,,,,,,,,
0,1,2,8,GO:2000857,positive regulation of mineralocorticoid secretion,1,,,,,,,,,,,
0,0.547147755,2,15,GO:2000864,regulation of estradiol secretion,1,,,,,,,,,,,
0,0.718041534,2,10,GO:2000870,regulation of progesterone secretion,1,,,,,,,,,,,
0,1,2,5,GO:2000872,positive regulation of progesterone secretion,1,,,,,,,,,,,
0,0.862078984,6,28,GO:2000969,positive regulation of AMPA receptor activity,1,,,,,,,,,,,
0,0.426549964,3,12,GO:2000977,regulation of forebrain neuron differentiation,1,,,,,,,,,,,
0,0.508958394,4,14,GO:2000981;GO:0045632,negative regulation of mechanoreceptor differentiation,1,,,,,,,,,,,
0,1,2,6,GO:2000983,regulation of ATP citrate synthase activity,1,,,,,,,,,,,
0,0.636783715,2,8,GO:2000987,positive regulation of behavioral fear response,1,,,,,,,,,,,
0,0.39725779,3,19,GO:2001016,positive regulation of skeletal muscle cell differentiation,1,,,,,,,,,,,
0,0.99845283,4,292,GO:2001023,regulation of response to drug,1,,,,,,,,,,,
0,0.853344475,2,90,GO:2001024,negative regulation of response to drug,1,,,,,,,,,,,
0,0.973332497,2,70,GO:2001025,positive regulation of response to drug,1,,,,,,,,,,,
0,0.468969527,4,5,GO:2001027,negative regulation of endothelial cell chemotaxis,1,,,,,,,,,,,
0,1,2,7,GO:2001029,regulation of cellular glucuronidation,1,,,,,,,,,,,
0,0.920538784,2,20,GO:2001032,regulation of double-strand break repair via nonhomologous end joining,1,,,,,,,,,,,
0,0.718041534,3,10,GO:2001034,positive regulation of double-strand break repair via nonhomologous end joining,1,,,,,,,,,,,
0,0.941631815,2,105,GO:2001038;GO:1901031;GO:1903205,regulation of response to reactive oxygen species,1,,,,,,,,,,,
0,0.430554219,2,28,GO:2001039,negative regulation of cellular response to drug,1,,,,,,,,,,,
0,0.485407817,2,30,GO:2001044,regulation of integrin-mediated signaling pathway,1,,,,,,,,,,,
0,0.426549964,3,12,GO:2001046,positive regulation of integrin-mediated signaling pathway,1,,,,,,,,,,,
0,0.99284672,2,39,GO:2001053,regulation of mesenchymal cell apoptotic process,1,,,,,,,,,,,
0,0.974593535,3,29,GO:2001054,negative regulation of mesenchymal cell apoptotic process,1,,,,,,,,,,,
0,1,3,7,GO:2001055,positive regulation of mesenchymal cell apoptotic process,1,,,,,,,,,,,
0,0.468969527,6,5,GO:2001109;GO:2001111,regulation of lens epithelial cell proliferation,1,,,,,,,,,,,
0,0.751951145,2,42,GO:2001135,regulation of endocytic recycling,1,,,,,,,,,,,
0,1,2,5,GO:2001137,positive regulation of endocytic recycling,1,,,,,,,,,,,
0,0.755067327,4,22,GO:2001138;GO:2001140,positive regulation of phospholipid transport,1,,,,,,,,,,,
0,0.679980604,4,9,GO:2001166;GO:2001168,regulation of histone H2B ubiquitination,1,,,,,,,,,,,
0,0.329069441,4,17,GO:2001170,negative regulation of ATP biosynthetic process,1,,,,,,,,,,,
0,1,2,7,GO:2001188,regulation of T cell activation via T cell receptor contact with antigen bound to MHC molecule on antigen presenting cell,1,,,,,,,,,,,
0,0.755067327,3,22,GO:2001204,regulation of osteoclast development,1,,,,,,,,,,,
0,0.430686562,2,20,GO:2001223,negative regulation of neuron migration,1,,,,,,,,,,,
0,1,2,10,GO:2001225,regulation of chloride transport,1,,,,,,,,,,,
0,0.306855637,2,309,GO:2001235,positive regulation of apoptotic signaling pathway,1,,,,,,,,,,,
0,0.499249216,2,350,GO:2001236,regulation of extrinsic apoptotic signaling pathway,1,,,,,,,,,,,
0,0.670830445,2,181,GO:2001237,negative regulation of extrinsic apoptotic signaling pathway,1,,,,,,,,,,,
0,0.999815746,3,88,GO:2001238,positive regulation of extrinsic apoptotic signaling pathway,1,,,,,,,,,,,
0,0.854508798,2,100,GO:2001239,regulation of extrinsic apoptotic signaling pathway in absence of ligand,1,,,,,,,,,,,
0,0.988123002,2,35,GO:2001240,negative regulation of extrinsic apoptotic signaling pathway in absence of ligand,1,,,,,,,,,,,
0,1,4,7,GO:2001241,positive regulation of extrinsic apoptotic signaling pathway in absence of ligand,1,,,,,,,,,,,
0,1,2,12,GO:2001245,regulation of phosphatidylcholine biosynthetic process,1,,,,,,,,,,,
0,0.632852589,4,402,GO:2001257,regulation of cation channel activity,1,,,,,,,,,,,
0,0.761681996,2,81,GO:2001258,negative regulation of cation channel activity,1,,,,,,,,,,,
0,0.684617358,3,147,GO:2001259,positive regulation of cation channel activity,1,,,,,,,,,,,
0,0.532117413,2,6,GO:2001293,malonyl-CoA metabolic process,1,,,,,,,,,,,
0,0.60981525,-1,88,GO:0000060,obsolete protein import into nucleus,,,,,,,,,,,,
0,0.002420186,2,2762,GO:0000122;GO:0045892,negative regulation of transcription,,,,,,,,,,,,
0,2.03E-22,3,207,GO:0000184,nuclear-transcribed mRNA catabolic process,,,,,,,,,,,,
0,0.818902435,3,115,GO:0000288,nuclear-transcribed mRNA catabolic process,,,,,,,,,,,,
0,0.845605451,3,59,GO:0000291;GO:0043928,nuclear-transcribed mRNA catabolic process,,,,,,,,,,,,
0,1,3,8,GO:0000294,nuclear-transcribed mRNA catabolic process,,,,,,,,,,,,
0,0.382687015,2,11,GO:0000301,retrograde transport,,,,,,,,,,,,
0,0.781124897,4,12,GO:0000335;GO:0000337,regulation of transposition,,,,,,,,,,,,
0,0.07105588,8,44,GO:0000380,alternative mRNA splicing,,,,,,,,,,,,
0,0.187006779,2,260,GO:0000381,regulation of alternative mRNA splicing,,,,,,,,,,,,
0,1,3,19,GO:0000394;GO:0006388,RNA splicing,,,,,,,,,,,,
0,0.850308525,9,15,GO:0000447,endonucleolytic cleavage in ITS1 to separate SSU-rRNA from 5.8S rRNA and LSU-rRNA from tricistronic rRNA transcript (SSU-rRNA,,,,,,,,,,,,
0,1,3,5,GO:0000448,cleavage in ITS2 between 5.8S rRNA and LSU-rRNA of tricistronic rRNA transcript (SSU-rRNA,,,,,,,,,,,,
0,1,4,10,GO:0000459;GO:0000467,exonucleolytic trimming to generate mature 3'-end of 5.8S rRNA from tricistronic rRNA transcript (SSU-rRNA,,,,,,,,,,,,
0,0.468969527,3,5,GO:0000461,endonucleolytic cleavage to generate mature 3'-end of SSU-rRNA from (SSU-rRNA,,,,,,,,,,,,
0,0.504765427,3,56,GO:0000462,maturation of SSU-rRNA from tricistronic rRNA transcript (SSU-rRNA,,,,,,,,,,,,
0,0.430686562,2,20,GO:0000463,maturation of LSU-rRNA from tricistronic rRNA transcript (SSU-rRNA,,,,,,,,,,,,
0,0.990782561,2,37,GO:0000466,maturation of 5.8S rRNA from tricistronic rRNA transcript (SSU-rRNA,,,,,,,,,,,,
0,1,2,7,GO:0000480,endonucleolytic cleavage in 5'-ETS of tricistronic rRNA transcript (SSU-rRNA,,,,,,,,,,,,
0,0.970652366,4,43,GO:0000715,nucleotide-excision repair,,,,,,,,,,,,
0,1,2,8,GO:0001867,complement activation,,,,,,,,,,,,
0,0.337432237,4,10,GO:0001868;GO:0001869,regulation of complement activation,,,,,,,,,,,,
0,0.938635875,2,36,GO:0001963,synaptic transmission,,,,,,,,,,,,
0,1,7,5,GO:0002304;GO:0002305,CD8-positive,,,,,,,,,,,,
0,1,3,9,GO:0002361;GO:0045066,CD4-positive,,,,,,,,,,,,
0,0.751576986,3,11,GO:0006003,fructose 2,,,,,,,,,,,,
0,0.982980225,3,62,GO:0006120,mitochondrial electron transport,,,,,,,,,,,,
0,1,6,12,GO:0006121,mitochondrial electron transport,,,,,,,,,,,,
0,0.875057532,6,29,GO:0006122,mitochondrial electron transport,,,,,,,,,,,,
0,0.458219008,4,29,GO:0006123;GO:0019646,mitochondrial electron transport,,,,,,,,,,,,
0,0.587758061,5,7,GO:0006269,DNA replication,,,,,,,,,,,,
0,0.807159278,5,13,GO:0006285;GO:0045008,base-excision repair,,,,,,,,,,,,
0,0.636783715,2,8,GO:0006287,base-excision repair,,,,,,,,,,,,
0,0.537993292,3,32,GO:0006293,nucleotide-excision repair,,,,,,,,,,,,
0,0.751951145,4,42,GO:0006294,nucleotide-excision repair,,,,,,,,,,,,
0,1,6,5,GO:0006295,nucleotide-excision repair,,,,,,,,,,,,
0,0.798481654,2,55,GO:0006296;GO:0033683,nucleotide-excision repair,,,,,,,,,,,,
0,0.982628587,2,32,GO:0006297,nucleotide-excision repair,,,,,,,,,,,,
0,0.909509171,3,404,GO:0006352;GO:0006367,DNA-templated transcription,,,,,,,,,,,,
0,0.968274764,3,114,GO:0006353,DNA-templated transcription,,,,,,,,,,,,
0,0.933256653,3,134,GO:0006354;GO:0006368,DNA-templated transcription,,,,,,,,,,,,
0,0.2947789,2,16,GO:0006616,SRP-dependent cotranslational protein targeting to membrane,,,,,,,,,,,,
0,0.983239833,5,178,GO:0006890,retrograde vesicle-mediated transport,,,,,,,,,,,,
0,0.730384553,2,31,GO:0006910,phagocytosis,,,,,,,,,,,,
0,0.382090216,5,163,GO:0006911,phagocytosis,,,,,,,,,,,,
0,0.062865476,2,43,GO:0006930,substrate-dependent cell migration,,,,,,,,,,,,
0,0.807159278,5,13,GO:0006957,complement activation,,,,,,,,,,,,
0,0.86811573,7,16,GO:0006958,complement activation,,,,,,,,,,,,
0,0.030329223,5,32,GO:0006978;GO:0042772,DNA damage response,,,,,,,,,,,,
0,0.999999971,2,513,GO:0007187;GO:0007188,G protein-coupled receptor signaling pathway,,,,,,,,,,,,
0,4.70E-07,2,87,GO:0007223,Wnt signaling pathway,,,,,,,,,,,,
0,0.481522745,2,130,GO:0007271,synaptic transmission,,,,,,,,,,,,
0,0.569621016,2,42,GO:0007303,cytoplasmic transport,,,,,,,,,,,,
0,0.532117413,3,6,GO:0007311,maternal specification of dorsal/ventral axis,,,,,,,,,,,,
0,0.329069441,2,17,GO:0007313,maternal specification of dorsal/ventral axis,,,,,,,,,,,,
0,0.985759859,2,244,GO:0007314;GO:0008358,maternal determination of anterior/posterior axis,,,,,,,,,,,,
0,0.579662664,2,86,GO:0007354,zygotic determination of anterior/posterior axis,,,,,,,,,,,,
0,0.404447155,4,35,GO:0007380,specification of segmental identity,,,,,,,,,,,,
0,0.587758061,2,7,GO:0007381,specification of segmental identity,,,,,,,,,,,,
0,0.009393027,5,8,GO:0007382,specification of segmental identity,,,,,,,,,,,,
0,1,5,16,GO:0007385;GO:0035292,specification of segmental identity,,,,,,,,,,,,
0,0.99444874,3,41,GO:0007394,dorsal closure,,,,,,,,,,,,
0,0.199857879,3,77,GO:0007395,dorsal closure,,,,,,,,,,,,
0,0.583200448,5,16,GO:0007421;GO:0008071,maternal determination of dorsal/ventral axis,,,,,,,,,,,,
0,0.547147755,3,15,GO:0007425,epithelial cell fate determination,,,,,,,,,,,,
0,0.04025992,2,105,GO:0007426,tracheal outgrowth,,,,,,,,,,,,
0,0.194939731,6,137,GO:0007427,epithelial cell migration,,,,,,,,,,,,
0,0.955142603,3,39,GO:0007428,primary branching,,,,,,,,,,,,
0,0.587758061,3,7,GO:0007429,secondary branching,,,,,,,,,,,,
0,0.870924015,3,51,GO:0007430,terminal branching,,,,,,,,,,,,
0,0.54341668,2,58,GO:0007448,anterior/posterior pattern specification,,,,,,,,,,,,
0,0.382445642,2,90,GO:0007449;GO:0007479;GO:0035223,proximal/distal pattern formation,,,,,,,,,,,,
0,0.044044517,2,198,GO:0007450;GO:0048190,dorsal/ventral pattern formation,,,,,,,,,,,,
0,0.294424955,4,38,GO:0007451,dorsal/ventral lineage restriction,,,,,,,,,,,,
0,0.945661923,2,23,GO:0007487;GO:0048099,anterior/posterior lineage restriction,,,,,,,,,,,,
0,1,5,17,GO:0007539,primary sex determination,,,,,,,,,,,,
0,1,3,8,GO:0007541,sex determination,,,,,,,,,,,,
0,0.569621016,5,42,GO:0007542,primary sex determination,,,,,,,,,,,,
0,0.20730149,3,177,GO:0007591,molting cycle,,,,,,,,,,,,
0,0.663215178,3,28,GO:0007597,blood coagulation,,,,,,,,,,,,
0,1,3,9,GO:0007598,blood coagulation,,,,,,,,,,,,
0,0.993443822,2,111,GO:0007603,phototransduction,,,,,,,,,,,,
0,0.580749972,4,60,GO:0008069,dorsal/ventral axis specification,,,,,,,,,,,,
0,1,2,9,GO:0008591;GO:0045813,regulation of Wnt signaling pathway,,,,,,,,,,,,
0,1,2,6,GO:0009051,pentose-phosphate shunt,,,,,,,,,,,,
0,0.382687015,3,11,GO:0009052,pentose-phosphate shunt,,,,,,,,,,,,
0,0.862698444,3,71,GO:0009794,regulation of mitotic cell cycle,,,,,,,,,,,,
0,1,3,17,GO:0010840,regulation of circadian sleep/wake cycle,,,,,,,,,,,,
0,1,2,11,GO:0010841,positive regulation of circadian sleep/wake cycle,,,,,,,,,,,,
0,0.887302459,2,74,GO:0014056;GO:0014057,regulation of acetylcholine secretion,,,,,,,,,,,,
0,0.6113564,2,35,GO:0015014,heparan sulfate proteoglycan biosynthetic process,,,,,,,,,,,,
0,0.962843573,2,26,GO:0015015,heparan sulfate proteoglycan biosynthetic process,,,,,,,,,,,,
0,1,2,41,GO:0015985;GO:0015986,energy coupled proton transport,,,,,,,,,,,,
0,0.915859196,2,45,GO:0015988,energy coupled proton transmembrane transport,,,,,,,,,,,,
0,1,8,7,GO:0016267,O-glycan processing,,,,,,,,,,,,
0,0.158562904,6,38,GO:0016545;GO:0048065;GO:0045433,male courtship behavior,,,,,,,,,,,,
0,1,2,8,GO:0016560,protein import into peroxisome matrix,,,,,,,,,,,,
0,0.718041534,3,10,GO:0018990,ecdysis,,,,,,,,,,,,
0,0.167426887,2,67,GO:0018996,molting cycle,,,,,,,,,,,,
0,0.000128092,3,6,GO:0019254,carnitine metabolic process,,,,,,,,,,,,
0,0.194656969,7,13,GO:0019367;GO:0019368;GO:0034625;GO:0034626,fatty acid elongation,,,,,,,,,,,,
0,0.244578479,3,8,GO:0019418;GO:0070221,sulfide oxidation,,,,,,,,,,,,
0,0.532117413,3,6,GO:0019749,cytoskeleton-dependent cytoplasmic transport,,,,,,,,,,,,
0,0.532117413,3,6,GO:0019918,peptidyl-arginine methylation,,,,,,,,,,,,
0,1,3,18,GO:0019919,peptidyl-arginine methylation,,,,,,,,,,,,
0,0.317496046,3,24,GO:0030388,fructose 1,,,,,,,,,,,,
0,0.920538784,3,20,GO:0031086,nuclear-transcribed mRNA catabolic process,,,,,,,,,,,,
0,0.883805177,2,17,GO:0031585,regulation of inositol 1,,,,,,,,,,,,
0,1,5,9,GO:0031587;GO:0021990;GO:0031454;GO:0033697;GO:1905335;GO:1905337;GO:1905505,positive regulation of inositol 1,,,,,,,,,,,,
0,0.589837198,2,130,GO:0032222,regulation of synaptic transmission,,,,,,,,,,,,
0,0.547147755,2,15,GO:0032223,negative regulation of synaptic transmission,,,,,,,,,,,,
0,0.652936937,2,91,GO:0032224,positive regulation of synaptic transmission,,,,,,,,,,,,
0,0.880484986,3,52,GO:0032225,regulation of synaptic transmission,,,,,,,,,,,,
0,0.526179364,2,23,GO:0032226,positive regulation of synaptic transmission,,,,,,,,,,,,
0,1,2,8,GO:0032227,negative regulation of synaptic transmission,,,,,,,,,,,,
0,0.90910307,3,168,GO:0032228,regulation of synaptic transmission,,,,,,,,,,,,
0,0.495287212,2,22,GO:0032229,negative regulation of synaptic transmission,,,,,,,,,,,,
0,0.717699932,2,59,GO:0032230,positive regulation of synaptic transmission,,,,,,,,,,,,
0,0.539005141,2,126,GO:0032784;GO:0034243,regulation of DNA-templated transcription,,,,,,,,,,,,
0,0.709253111,2,30,GO:0032785;GO:0034244,negative regulation of DNA-templated transcription,,,,,,,,,,,,
0,0.417444677,2,76,GO:0032786;GO:0032968,positive regulation of DNA-templated transcription,,,,,,,,,,,,
0,0.920538784,3,20,GO:0032829;GO:0032831,regulation of CD4-positive,,,,,,,,,,,,
0,0.183364918,-1,61,GO:0033158,obsolete regulation of protein import into nucleus,,,,,,,,,,,,
0,1,-1,8,GO:0033159,obsolete negative regulation of protein import into nucleus,,,,,,,,,,,,
0,0.158562904,-1,38,GO:0033160,obsolete positive regulation of protein import into nucleus,,,,,,,,,,,,
0,1,3,7,GO:0033567;GO:0043137,DNA replication,,,,,,,,,,,,
0,0.547147755,4,15,GO:0034427,nuclear-transcribed mRNA catabolic process,,,,,,,,,,,,
0,0.441136601,8,61,GO:0034501;GO:0071459,protein localization to chromosome,,,,,,,,,,,,
0,0.033562565,2,16,GO:0034721,histone H3-K4 demethylation,,,,,,,,,,,,
0,0.952127845,2,24,GO:0035002,liquid clearance,,,,,,,,,,,,
0,0.751576986,2,11,GO:0035042,fertilization,,,,,,,,,,,,
0,1,2,10,GO:0035093,spermatogenesis,,,,,,,,,,,,
0,0.019772063,3,47,GO:0035146;GO:0035147,branch fusion,,,,,,,,,,,,
0,0.225275256,3,64,GO:0035149,lumen formation,,,,,,,,,,,,
0,0.453053088,2,161,GO:0035151,regulation of tube size,,,,,,,,,,,,
0,0.045482955,3,294,GO:0035152,regulation of tube architecture,,,,,,,,,,,,
0,0.231342169,2,35,GO:0035153,epithelial cell type specification,,,,,,,,,,,,
0,0.547147755,4,15,GO:0035154,terminal cell fate specification,,,,,,,,,,,,
0,0.686868582,5,29,GO:0035155,negative regulation of terminal cell fate specification,,,,,,,,,,,,
0,0.537993292,3,32,GO:0035158,regulation of tube diameter,,,,,,,,,,,,
0,0.716067492,2,114,GO:0035159,regulation of tube length,,,,,,,,,,,,
0,0.205352564,2,70,GO:0035160,maintenance of epithelial integrity,,,,,,,,,,,,
0,0.99788492,2,124,GO:0035249,synaptic transmission,,,,,,,,,,,,
0,0.572293537,3,120,GO:0035277,spiracle morphogenesis,,,,,,,,,,,,
0,0.807159278,2,13,GO:0035291,specification of segmental identity,,,,,,,,,,,,
0,0.08017079,2,26,GO:0035313,wound healing,,,,,,,,,,,,
0,1,8,19,GO:0036037;GO:0043374,CD8-positive,,,,,,,,,,,,
0,0.76842761,4,43,GO:0036507;GO:0036508,protein alpha-1,,,,,,,,,,,,
0,6.95E-08,2,672,GO:0040029,regulation of gene expression,,,,,,,,,,,,
0,0.013942615,2,5,GO:0040030,regulation of molecular function,,,,,,,,,,,,
0,0.074857109,4,113,GO:0040034,regulation of development,,,,,,,,,,,,
0,0.999919359,2,159,GO:0042147,retrograde transport,,,,,,,,,,,,
0,1,2,18,GO:0042320,regulation of circadian sleep/wake cycle,,,,,,,,,,,,
0,0.875057532,2,29,GO:0042321,negative regulation of circadian sleep/wake cycle,,,,,,,,,,,,
0,1,4,12,GO:0042322,negative regulation of circadian sleep/wake cycle,,,,,,,,,,,,
0,0.468969527,6,5,GO:0042323;GO:0070256,negative regulation of circadian sleep/wake cycle,,,,,,,,,,,,
0,0.463414403,3,21,GO:0042395,ecdysis,,,,,,,,,,,,
0,1,4,6,GO:0042747,circadian sleep/wake cycle,,,,,,,,,,,,
0,0.580749972,2,60,GO:0042769,DNA damage response,,,,,,,,,,,,
0,0.935330072,2,82,GO:0043367;GO:0035710,CD4-positive,,,,,,,,,,,,
0,1,4,27,GO:0043369,CD4-positive or CD8-positive,,,,,,,,,,,,
0,0.727260598,2,115,GO:0043370;GO:2000514,regulation of CD4-positive,,,,,,,,,,,,
0,0.891302697,2,64,GO:0043372;GO:2000516,positive regulation of CD4-positive,,,,,,,,,,,,
0,1,2,13,GO:0043376;GO:0043378;GO:2001187,regulation of CD8-positive,,,,,,,,,,,,
0,0.04858282,2,80,GO:0043516,regulation of DNA damage response,,,,,,,,,,,,
0,0.047683981,3,23,GO:0043517,positive regulation of DNA damage response,,,,,,,,,,,,
0,0.158980671,4,52,GO:0043518,negative regulation of DNA damage response,,,,,,,,,,,,
0,0.974593535,2,29,GO:0045188,regulation of circadian sleep/wake cycle,,,,,,,,,,,,
0,0.663215178,2,28,GO:0045292,mRNA cis splicing,,,,,,,,,,,,
0,0.621747613,2,80,GO:0045448,mitotic cell cycle,,,,,,,,,,,,
0,0.008331949,4,128,GO:0045815,positive regulation of gene expression,,,,,,,,,,,,
0,0.755067327,2,22,GO:0045977,positive regulation of mitotic cell cycle,,,,,,,,,,,,
0,1,3,5,GO:0046005,positive regulation of circadian sleep/wake cycle,,,,,,,,,,,,
0,1,3,19,GO:0046010,positive regulation of circadian sleep/wake cycle,,,,,,,,,,,,
0,0.995843833,2,76,GO:0046664,dorsal closure,,,,,,,,,,,,
0,0.686868582,2,29,GO:0046845,branched duct epithelial cell fate determination,,,,,,,,,,,,
0,0.955597328,3,52,GO:0048026,positive regulation of mRNA splicing,,,,,,,,,,,,
0,1,4,33,GO:0048047,mating behavior,,,,,,,,,,,,
0,1,2,8,GO:0048203,vesicle targeting,,,,,,,,,,,,
0,1,2,17,GO:0048209;GO:0003400;GO:0090113,regulation of vesicle targeting,,,,,,,,,,,,
0,1,2,5,GO:0050653,chondroitin sulfate proteoglycan biosynthetic process,,,,,,,,,,,,
0,1,3,14,GO:0050883;GO:0021750,musculoskeletal movement,,,,,,,,,,,,
0,0.718041534,4,10,GO:0051728;GO:0060184;GO:0051729,germline cell cycle switching,,,,,,,,,,,,
0,0.92585354,2,58,GO:0051932,synaptic transmission,,,,,,,,,,,,
0,0.996509316,2,213,GO:0051966,regulation of synaptic transmission,,,,,,,,,,,,
0,0.862078984,3,28,GO:0051967,negative regulation of synaptic transmission,,,,,,,,,,,,
0,0.948004188,2,85,GO:0051968,positive regulation of synaptic transmission,,,,,,,,,,,,
0,1,2,30,GO:0060012,synaptic transmission,,,,,,,,,,,,
0,0.39725779,2,19,GO:0060069,Wnt signaling pathway,,,,,,,,,,,,
0,0.569931935,7,137,GO:0060071,Wnt signaling pathway,,,,,,,,,,,,
0,0.532117413,4,6,GO:0060097,cytoskeletal rearrangement involved in phagocytosis,,,,,,,,,,,,
0,0.587758061,3,7,GO:0061534;GO:0061535,gamma-aminobutyric acid secretion,,,,,,,,,,,,
0,0.148556964,7,24,GO:0070198,protein localization to chromosome,,,,,,,,,,,,
0,1,7,25,GO:0070202;GO:0070203;GO:1904814;GO:1904816;GO:1904851,regulation of protein localization to chromosome,,,,,,,,,,,,
0,0.110631173,2,5,GO:0070478,nuclear-transcribed mRNA catabolic process,,,,,,,,,,,,
0,1,3,6,GO:0070966,nuclear-transcribed mRNA catabolic process,,,,,,,,,,,,
0,0.291208603,2,9,GO:0071106,adenosine 3',,,,,,,,,,,,
0,0.595067555,3,52,GO:0072378,blood coagulation,,,,,,,,,,,,
0,0.965987509,3,113,GO:0090502,RNA phosphodiester bond hydrolysis,,,,,,,,,,,,
0,1,3,64,GO:0090503,RNA phosphodiester bond hydrolysis,,,,,,,,,,,,
0,1,2,5,GO:0098746,fast,,,,,,,,,,,,
0,0.830097807,2,14,GO:0098887;GO:0099639,neurotransmitter receptor transport,,,,,,,,,,,,
0,1,5,20,GO:0099550,trans-synaptic signaling,,,,,,,,,,,,
0,0.638287218,3,27,GO:0099638;GO:1990126,retrograde transport,,,,,,,,,,,,
0,0.034836996,2,51,GO:1900151;GO:1900153,regulation of nuclear-transcribed mRNA catabolic process,,,,,,,,,,,,
0,0.337432237,3,10,GO:1902646;GO:1902647;GO:1905749,negative regulation of 1-phosphatidyl-1D-myo-inositol 4,,,,,,,,,,,,
0,0.617084583,2,17,GO:1903294,regulation of glutamate secretion,,,,,,,,,,,,
0,0.198273524,4,7,GO:1903296,positive regulation of glutamate secretion,,,,,,,,,,,,
0,0.583200448,6,16,GO:1903689;GO:1903690,regulation of wound healing,,,,,,,,,,,,
0,0.731450953,2,21,GO:1904152,regulation of retrograde protein transport,,,,,,,,,,,,
0,0.636783715,5,8,GO:1904235;GO:1904237,positive regulation of substrate-dependent cell migration,,,,,,,,,,,,
0,1,5,6,GO:1904612;GO:1905957;GO:1905959,response to 2,,,,,,,,,,,,
0,1,3,16,GO:1905242,response to 3,,,,,,,,,,,,
0,1,4,10,GO:1905243,cellular response to 3,,,,,,,,,,,,
0,0.272973053,2,37,GO:2000095,regulation of Wnt signaling pathway,,,,,,,,,,,,
0,0.547147755,5,15,GO:2000096,positive regulation of Wnt signaling pathway,,,,,,,,,,,,
0,0.518894589,4,116,GO:2000142;GO:0060260,regulation of DNA-templated transcription,,,,,,,,,,,,
0,0.973332497,7,70,GO:2000144;GO:0060261,positive regulation of DNA-templated transcription,,,,,,,,,,,,
0,0.430686562,2,20,GO:2000274,regulation of epithelial cell migration,,,,,,,,,,,,
0,0.468969527,4,5,GO:2000431;GO:2000433,positive regulation of cytokinesis,,,,,,,,,,,,
0,1,4,8,GO:2000449,regulation of CD8-positive,,,,,,,,,,,,
0,1,5,5,GO:2000452,regulation of CD8-positive,,,,,,,,,,,,
0,0.255083232,3,66,GO:2000515;GO:0046639;GO:0043371,negative regulation of CD4-positive,,,,,,,,,,,,
0,0.909808028,2,19,GO:2000561,regulation of CD4-positive,,,,,,,,,,,,
0,1,3,14,GO:2000562,negative regulation of CD4-positive,,,,,,,,,,,,
0,0.718041534,3,10,GO:2000563,positive regulation of CD4-positive,,,,,,,,,,,,
0,0.751576986,2,11,GO:2000564,regulation of CD8-positive,,,,,,,,,,,,
0,0.426549964,2,12,GO:2000577,regulation of ATP-dependent microtubule motor activity,,,,,,,,,,,,
0,0.075200809,2,14,GO:2000580,regulation of ATP-dependent microtubule motor activity,,,,,,,,,,,,
0,1,2,8,GO:2000622,regulation of nuclear-transcribed mRNA catabolic process,,,,,,,,,,,,
0,0.957824569,2,25,GO:2001185,regulation of CD8-positive,,,,,,,,,,,,